анович | Свердловский театр драмы | Кинофестиваль в Торонто 2005 | Анимос (кинокомпания) | 7-й Венецианский кинофестиваль | Нестеров, Евгений Георгиевич
2026-09-08 03:17:43.788 I/BenchmarkBridge: [PROBE] done
2026-09-08 03:17:44.100 I/BenchmarkBridge: [PROBE] q=почему Юпитер называют газовым гигантом
2026-09-08 03:17:44.100 I/BenchmarkBridge: [PROBE] fast=miss ms=0
2026-09-08 03:17:44.101 I/RagPromptBuilder: Query: 'почему Юпитер называют газовым гигантом' -> ZIM keywords: 'юпитер называют газовым гигантом'
2026-09-08 03:17:44.152 I/GraphWalker: walk: 0 wikilinks in 'Юпитер' (depth=0)
2026-09-08 03:17:44.152 I/GraphWalker: walk seed=Юпитер props=[P6, P1365, P1366, P39, P166, P26, P40, P22, P25, P3373, P50, P175, P800, P184, P802, P57, P58, P162, P36, P159, P127, P112] → 0 nodes
2026-09-08 03:17:44.152 I/RagPromptBuilder: Walker probes (entity='Юпитер', props=22): Юпитер
2026-09-08 03:17:44.167 I/EntityTitleProbe: Title probes (13 lookups): Юпитер(1080), Гигант(1030)
2026-09-08 03:17:44.179 I/ZimSearcher: search('юпитер называют газовым гигантом') estimated=200
2026-09-08 03:17:44.576 I/ZimSearcher: search('называют') estimated=194221
2026-09-08 03:17:44.911 I/RagPromptBuilder: Entity merge 'называют': +20 candidates
2026-09-08 03:17:44.914 I/RagPromptBuilder: RAG: 'почему Юпитер называют газовым гигантом' candidates=42
2026-09-08 03:17:44.915 I/RagPromptBuilder: Top hits: Юпитер(s=1080)[Юпитер] | Гигант(s=1030)[Гигант] | То, что называют любовью(s=98)[То,_что_называют_любовью] | Газовые гиганты(s=100)[Газовые_гиганты] | Моя так называемая жизнь(s=100)[Моя_так_называемая_жизнь]
2026-09-08 03:17:44.915 I/BenchmarkBridge: [PROBE] cand=42 ms=814 titles=Юпитер | Гигант | То, что называют любовью | Газовые гиганты | Моя так называемая жизнь | Называй её дикой | Лев в геральдике | Не называй её небесной | Не называй меня малышкой | Премия Харви (комиксы) | Как вас теперь называть? | Этнонимы греков | Завоевание Перу, называемого Новая Кастилия | По поводу так называемого вопроса о рынках | Физика колебаний и волн | Decretum Gelasianum | Многоугольник | Ломаная | Формальная система | Расширение поля
2026-09-08 03:17:44.916 I/BenchmarkBridge: [PROBE] done
2026-09-08 03:17:45.248 I/BenchmarkBridge: [PROBE] q=из чего состоит атмосфера Марса
2026-09-08 03:17:45.249 I/BenchmarkBridge: [PROBE] fast=miss ms=0
2026-09-08 03:17:45.249 I/RagPromptBuilder: Query: 'из чего состоит атмосфера Марса' -> ZIM keywords: 'чего состоит атмосфера марса'
2026-09-08 03:17:45.264 I/GraphWalker: walk: 0 wikilinks in 'Марса' (depth=0)
2026-09-08 03:17:45.265 I/GraphWalker: walk seed=Марса props=[P6, P1365, P1366, P39, P166, P26, P40, P22, P25, P3373, P50, P175, P800, P184, P802, P57, P58, P162, P36, P159, P127, P112] → 0 nodes
2026-09-08 03:17:45.265 I/RagPromptBuilder: Walker probes (entity='Марса', props=22): Марса
2026-09-08 03:17:45.281 I/EntityTitleProbe: Title probes (10 lookups): Марса(1080), Марс(1080), Атмосфера Марса(900)
2026-09-08 03:17:45.286 I/EntityTitleProbe: Top tie at 1080: Марс=658430, Марса=7479
2026-09-08 03:17:45.286 I/EntityTitleProbe: Redundant probes: Марса
2026-09-08 03:17:45.304 I/ZimSearcher: search('чего состоит атмосфера марса') estimated=300
2026-09-08 03:17:45.690 I/ZimSearcher: search('атмосфера') estimated=21862
2026-09-08 03:17:46.005 I/RagPromptBuilder: Entity merge 'атмосфера': +19 candidates
2026-09-08 03:17:46.007 I/RagPromptBuilder: RAG: 'из чего состоит атмосфера Марса' candidates=40
2026-09-08 03:17:46.007 I/RagPromptBuilder: Top hits: Марс(s=1085)[Марс] | Марса(s=900)[Марса] | Атмосфера Марса(s=900)[Атмосфера_Марса] | Атмосфера(s=100)[Атмосфера] | Атмосфера Земли(s=99)[Атмосфера_Земли]
2026-09-08 03:17:46.007 I/BenchmarkBridge: [PROBE] cand=40 ms=759 titles=Марс | Марса | Атмосфера Марса | Атмосфера | Атмосфера Земли | Атмосфера Титана | Атмосфера Венеры | Атмосфера (эстетика) | Атмосфера Юпитера | Атмосфера Плутона | Терраформирование Марса | Звёздная атмосфера | Химия атмосферы | Физика атмосферы | Колонизация Марса | Диссипация атмосфер планет | Общая циркуляция атмосферы | Циркуляция атмосферы | Экология атмосферы | Вход в атмосферу
2026-09-08 03:17:46.008 I/BenchmarkBridge: [PROBE] done
2026-09-08 03:17:46.393 I/BenchmarkBridge: [PROBE] q=кто открыл пенициллин
2026-09-08 03:17:46.394 I/BenchmarkBridge: [PROBE] fast=miss ms=0
2026-09-08 03:17:46.394 I/RagPromptBuilder: Query: 'кто открыл пенициллин' -> ZIM keywords: 'открыл пенициллин'
2026-09-08 03:17:46.404 I/EntityTitleProbe: Title probes (2 lookups): Бензилпенициллин(1020)
2026-09-08 03:17:46.412 I/ZimSearcher: search('открыл пенициллин') estimated=200
2026-09-08 03:17:46.637 I/ZimSearcher: search('пенициллин') estimated=589
2026-09-08 03:17:46.787 I/RagPromptBuilder: Entity merge 'пенициллин': +16 candidates
2026-09-08 03:17:46.789 I/RagPromptBuilder: RAG: 'кто открыл пенициллин' candidates=37
2026-09-08 03:17:46.789 I/RagPromptBuilder: Top hits: Бензилпенициллин(s=1020)[Бензилпенициллин] | Пенициллины(s=100)[Пенициллины] | Пенициллин (комплекс артразведки)(s=99)[Пенициллин_(комплекс_артразведки)] | Пенициллин (значения)(s=95)[Пенициллин_(значения)] | Пенициллин-связывающие белки(s=90)[Пенициллин-связывающие_белки]
2026-09-08 03:17:46.790 I/BenchmarkBridge: [PROBE] cand=37 ms=396 titles=Бензилпенициллин | Пенициллины | Пенициллин (комплекс артразведки) | Пенициллин (значения) | Пенициллин-связывающие белки | Операция «Пенициллин» | Феноксиметилпенициллин | Флеминг, Александр | Хитли, Норман | Балезина, Тамара Иосифовна | Метициллин | Зейфман, Вил Иосифович | Ампициллин | Оксациллин | Хобби, Глэдис Лаунсбери | Бета-лактамные антибиотики | Шихан, Джон Кларк | Ингибиторы бета-лактамаз | Ермольева, Зинаида Виссарионовна | Beecham
2026-09-08 03:17:46.790 I/BenchmarkBridge: [PROBE] done
2026-09-08 03:17:47.017 I/BenchmarkBridge: [PROBE] q=что такое фотосинтез
2026-09-08 03:17:47.018 I/BenchmarkBridge: [PROBE] fast=miss ms=0
2026-09-08 03:17:47.018 I/RagPromptBuilder: Query: 'что такое фотосинтез' -> ZIM keywords: 'такое фотосинтез'
2026-09-08 03:17:47.022 I/EntityTitleProbe: Title probes (1 lookups): Фотосинтез(1030)
2026-09-08 03:17:47.043 I/ZimSearcher: search('такое фотосинтез') estimated=700
2026-09-08 03:17:47.254 I/ZimSearcher: search('фотосинтез') estimated=965
2026-09-08 03:17:47.395 I/RagPromptBuilder: Entity merge 'фотосинтез': +9 candidates
2026-09-08 03:17:47.396 I/RagPromptBuilder: RAG: 'что такое фотосинтез' candidates=29
2026-09-08 03:17:47.396 I/RagPromptBuilder: Top hits: Фотосинтез(s=1030)[Фотосинтез] | C4-фотосинтез(s=100)[C4-фотосинтез] | CAM-фотосинтез(s=99)[CAM-фотосинтез] | Эффективность фотосинтеза(s=98)[Эффективность_фотосинтеза] | Эволюция фотосинтеза(s=98)[Эволюция_фотосинтеза]
2026-09-08 03:17:47.396 I/BenchmarkBridge: [PROBE] cand=29 ms=378 titles=Фотосинтез | C4-фотосинтез | CAM-фотосинтез | Эффективность фотосинтеза | Эволюция фотосинтеза | Аноксигенный фотосинтез | Спектр действия фотосинтеза | Электронотранспортная цепь фотосинтеза | Кривая светового насыщения фотосинтеза | Искусственный фотосинтез | C3-фотосинтез | Реакция Хилла | Карпилов, Юрий Соломонович | Комиссаров, Геннадий Германович | Мокроносов, Адольф Трофимович | Шувалов, Владимир Анатольевич | Световая точка компенсации | Эффект Эмерсона | Фотодыхание | Точка компенсации СО2
2026-09-08 03:17:47.396 I/BenchmarkBridge: [PROBE] done
2026-09-08 03:17:47.640 I/BenchmarkBridge: [PROBE] q=когда началась Вторая мировая война
2026-09-08 03:17:47.641 I/FactoidAnswerer: Factoid candidate: label='(by card label)' entity='Вторая'
2026-09-08 03:17:47.663 I/EntityTitleProbe: Title probes (22 lookups): Вторая мировая война(1120), Вторая(1080), Мировая война(1050), Война(1030)
2026-09-08 03:17:47.664 I/EntityTitleProbe: Redundant probes: Вторая, Война
2026-09-08 03:17:48.089 I/ZimSearcher: suggestTitles('Вторая'): Вторая, Вторая Академия, Вторая Александровка, Вторая Алексеевка, Вторая Алия, Вторая Армения, Вторая Багажиашта, Вторая Бугульда, Вторая Бундеслига, Вторая Васильевка, Вторая Вилашка, Вторая Глушковская, Вторая Горка, Вторая Григорьевка, Вторая Грязучая, Вторая Дудинская, Вторая Едома, Вторая Ивановка, Вторая Ивань, Вторая Интифада, Вторая Каменка, Вторая Ключевская, Вторая Кошка, Вторая Кривка, Вторая Крутая, Вторая Куликовка, Вторая Культура, Вторая Лака, Вторая Леденгская, Вторая Луна, Вторая Малая, Вторая Медяна
2026-09-08 03:17:48.091 I/FactoidAnswerer: Factoid candidates: Вторая, Вторая мировая война, Мировая война
2026-09-08 03:17:48.098 I/FactoidAnswerer: Factoid: 'Вторая' has no infobox — next candidate
2026-09-08 03:17:48.160 I/FactoidAnswerer: Factoid: no label covers [начала, мирова, война] in [Дата, Место, Причина, Итог]
2026-09-08 03:17:48.161 I/FactoidAnswerer: Factoid: 'Вторая мировая война' card has no matching field — next candidate
2026-09-08 03:17:48.171 I/FactoidAnswerer: Factoid: 'Мировая война' has no infobox — next candidate
2026-09-08 03:17:48.171 I/FactoidAnswerer: Factoid: no candidate carried the field — falling back to RAG
2026-09-08 03:17:48.171 I/BenchmarkBridge: [PROBE] fast=miss ms=530
2026-09-08 03:17:48.172 I/RagPromptBuilder: Query: 'когда началась Вторая мировая война' -> ZIM keywords: 'началась вторая мировая война'
2026-09-08 03:17:48.174 I/GraphWalker: walk: 0 wikilinks in 'Вторая' (depth=0)
2026-09-08 03:17:48.174 I/GraphWalker: walk seed=Вторая props=[P6, P1365, P1366, P39, P166, P26, P40, P22, P25, P3373, P50, P175, P800, P184, P802, P57, P58, P162, P36, P159, P127, P112] → 0 nodes
2026-09-08 03:17:48.175 I/RagPromptBuilder: Walker probes (entity='Вторая', props=22): Вторая
2026-09-08 03:17:48.179 I/EntityTitleProbe: Title probes (22 lookups): Вторая мировая война(1120), Вторая(1080), Мировая война(1050), Война(1030)
2026-09-08 03:17:48.180 I/EntityTitleProbe: Redundant probes: Вторая, Война
2026-09-08 03:17:48.264 I/ZimSearcher: search('началась вторая мировая война') estimated=20000
2026-09-08 03:17:48.948 I/ZimSearcher: search('началась') estimated=467255
2026-09-08 03:17:49.536 I/RagPromptBuilder: Entity merge 'началась': +20 candidates
2026-09-08 03:17:49.537 I/RagPromptBuilder: RAG: 'когда началась Вторая мировая война' candidates=41
2026-09-08 03:17:49.538 I/RagPromptBuilder: Top hits: Вторая мировая война(s=1120)[Вторая_мировая_война] | Мировая война(s=1050)[Мировая_война] | Вторая(s=900)[Вторая] | Вторая мировая война на море(s=98)[Вторая_мировая_война_на_море] | Вторая мировая война (серия книг)(s=95)[Вторая_мировая_война_(серия_книг)]
2026-09-08 03:17:49.538 I/BenchmarkBridge: [PROBE] cand=41 ms=1366 titles=Вторая мировая война | Мировая война | Вторая | Вторая мировая война на море | Вторая мировая война (серия книг) | Вторая мировая война (значения) | Маки (Вторая мировая война) | Восточноафриканская кампания (Вторая мировая война) | Портал:Вторая мировая война | Портал:Вторая мировая война/Знаете ли вы/Текущая подборка | Трофейное искусство (Вторая мировая война) | Битва за Лос-Анджелес (Вторая мировая война) | 2-я армия (Италия, Вторая мировая война) | Латинская Ось (Вторая мировая война) | Портал:Первая мировая война | Начало Века | Британские экспедиционные силы (Вторая мировая война) | Третья мировая война | Начало начал | Начала (Евклид)
2026-09-08 03:17:49.538 I/BenchmarkBridge: [PROBE] done
2026-09-08 03:17:49.815 I/BenchmarkBridge: [PROBE] q=чем знаменит Большое красное пятно
2026-09-08 03:17:49.816 I/BenchmarkBridge: [PROBE] fast=miss ms=0
2026-09-08 03:17:49.816 I/RagPromptBuilder: Query: 'чем знаменит Большое красное пятно' -> ZIM keywords: 'чем знаменит большое красное пятно'
2026-09-08 03:17:49.825 I/GraphWalker: walk: 0 wikilinks in 'Большое' (depth=0)
2026-09-08 03:17:49.825 I/GraphWalker: walk seed=Большое props=[P6, P1365, P1366, P39, P166, P26, P40, P22, P25, P3373, P50, P175, P800, P184, P802, P57, P58, P162, P36, P159, P127, P112] → 0 nodes
2026-09-08 03:17:49.825 I/RagPromptBuilder: Walker probes (entity='Большое', props=22): Большое
2026-09-08 03:17:49.853 I/EntityTitleProbe: Title probes (28 lookups): Большое красное пятно(1120), Большое(1080), Красное(1030), Красно(1030), Пятно(1030)
2026-09-08 03:17:49.854 I/EntityTitleProbe: Redundant probes: Большое, Красное, Красно, Пятно
2026-09-08 03:17:49.880 I/ZimSearcher: search('чем знаменит большое красное пятно') estimated=200
2026-09-08 03:17:50.273 I/ZimSearcher: search('знаменит') estimated=51485
2026-09-08 03:17:50.544 I/RagPromptBuilder: Entity merge 'знаменит': +20 candidates
2026-09-08 03:17:50.547 I/RagPromptBuilder: RAG: 'чем знаменит Большое красное пятно' candidates=42
2026-09-08 03:17:50.547 I/RagPromptBuilder: Top hits: Большое красное пятно(s=1120)[Большое_красное_пятно] | Большое(s=900)[Большое] | Я почти знаменит(s=99)[Я_почти_знаменит] | Красочная жизнь(s=100)[Красочная_жизнь] | Храм иконы Божией Матери «Знамение»(s=100)[Храм_иконы_Божией_Матери_«Знамение»]
2026-09-08 03:17:50.547 I/BenchmarkBridge: [PROBE] cand=42 ms=731 titles=Большое красное пятно | Большое | Я почти знаменит | Красочная жизнь | Храм иконы Божией Матери «Знамение» | Знаменное пение | Крестное знамение | Знамённые ряды | Орден Красного Знамени | Орден Трудового Красного Знамени | Армия Зелёного знамени | Знамение Божией Матери | Под знаменем марксизма | Орден Красного Знамени (Монголия) | Летописец небесных знамений | Благие знамения | Новгородская икона Знамения Пресвятой Богородицы | Церковь иконы Божией Матери «Знамение» на Шереметевом дворе | Царство количества и знамения времени | Церковь иконы Божией Матери Знамение (Ярославль)
2026-09-08 03:17:50.547 I/BenchmarkBridge: [PROBE] done
2026-09-08 03:17:50.940 I/BenchmarkBridge: [PROBE] q=что производит АвтоВАЗ
2026-09-08 03:17:50.941 I/FactoidAnswerer: Factoid candidate: label='(by card label)' entity='АвтоВАЗ'
2026-09-08 03:17:50.947 I/EntityTitleProbe: Title probes (2 lookups): АвтоВАЗ(1080)
2026-09-08 03:17:50.972 I/ZimSearcher: suggestTitles('АвтоВАЗ'): АВТОВАЗ, GM-АВТОВАЗ, Национальная гоночная серия "АВТОВАЗ", Технический музей ОАО "АвтоВАЗ", Эм-АВТОВАЗ Шевроле Вива, Джи Эм-АВТОВАЗ Шевроле Нива, Здание генеральной дирекции АВТОВАЗа, АВТОВАЗБАНК, АвтоВАЗагрегат
2026-09-08 03:17:50.973 I/FactoidAnswerer: Factoid candidates: АвтоВАЗ
2026-09-08 03:17:51.009 I/FactoidAnswerer: Factoid: no label covers [произв] in [Основан, Штаб-квартира, Тип, Листинг на бирже, Дата основания, Прежние названия, Основатели, Расположение, Ключевые фигуры, Отрасль, Продукция, Операционная прибыль, Чистая прибыль, Материнская компания, Дочерние компании]
2026-09-08 03:17:51.010 I/FactoidAnswerer: Factoid: 'АвтоВАЗ' card has no matching field — next candidate
2026-09-08 03:17:51.010 I/FactoidAnswerer: Factoid: no candidate carried the field — falling back to RAG
2026-09-08 03:17:51.010 I/BenchmarkBridge: [PROBE] fast=miss ms=69
2026-09-08 03:17:51.010 I/RagPromptBuilder: Query: 'что производит АвтоВАЗ' -> ZIM keywords: 'производит автоваз'
2026-09-08 03:17:51.198 I/GraphWalker: walk seed=АвтоВАЗ props=[P6, P1365, P1366, P39, P166, P26, P40, P22, P25, P3373, P50, P175, P800, P184, P802, P57, P58, P162, P36, P159, P127, P112] → 6 nodes
2026-09-08 03:17:51.198 I/RagPromptBuilder: Walker probes (entity='АвтоВАЗ', props=22): АвтоВАЗ, Россия, Тольятти, ЦК КПСС, Совет министров СССР, Москва, Илья Геннадьевич Сухих
2026-09-08 03:17:51.200 I/EntityTitleProbe: Title probes (2 lookups): АвтоВАЗ(1080)
2026-09-08 03:17:51.205 I/ZimSearcher: search('производит автоваз') estimated=300
2026-09-08 03:17:51.491 I/ZimSearcher: search('производит') estimated=56978
2026-09-08 03:17:51.823 I/RagPromptBuilder: Entity merge 'производит': +20 candidates
2026-09-08 03:17:51.825 I/RagPromptBuilder: RAG: 'что производит АвтоВАЗ' candidates=46
2026-09-08 03:17:51.825 I/RagPromptBuilder: Top hits: АвтоВАЗ(s=1080)[АвтоВАЗ] | Россия(s=899)[Россия] | Тольятти(s=899)[Тольятти] | ЦК КПСС(s=899)[ЦК_КПСС] | Совет министров СССР(s=899)[Совет_министров_СССР]
2026-09-08 03:17:51.825 I/BenchmarkBridge: [PROBE] cand=46 ms=815 titles=АвтоВАЗ | Россия | Тольятти | ЦК КПСС | Совет министров СССР | Москва | Илья Геннадьевич Сухих | Производить или покупать | Национальная гоночная серия «АВТОВАЗ» | Нива (автомобиль) | Список итальянских вин категории DOC | Meopta | Denominazione di origine controllata e garantita | Плёночные фотоаппараты Kodak | Промышленность Новой Аквитании | Список настоек, производившихся в СССР | Военно-промышленный комплекс Франции | Список пуншей, производившихся в СССР | КАвЗ-4238 «Аврора» | Welta
2026-09-08 03:17:51.825 I/BenchmarkBridge: [PROBE] done
2026-09-08 03:17:52.063 I/BenchmarkBridge: [PROBE] q=какой автозавод расположен в Тольятти
2026-09-08 03:17:52.064 I/FactoidAnswerer: Factoid candidate: label='(by card label)' entity='Тольятти'
2026-09-08 03:17:52.074 I/EntityTitleProbe: Title probes (10 lookups): Тольятти(1080), Автомобильная промышленность(1020)
2026-09-08 03:17:52.192 I/ZimSearcher: suggestTitles('Тольятти'): Тольятти, Тольятти 24, Тольятти (История), Тольятти (аэродром), Тольятти (значения), Тольятти (станция), Тольятти П., Тольятти сегодня, Тольятти, Эудженио, Тольятти (речной порт), Тольятти (футбольный клуб), Тольятти (особая экономическая зона), Тольятти (территория опережающего развития), Академия Тольятти, Вузы Тольятти, Герб Тольятти, Гимн Тольятти, Градоначальники Тольятти, Дума Тольятти, Лада (Тольятти), Лада-Тольятти, Медгородок Тольятти, Набережная Тольятти, Памятники Тольятти, Поверхность Тольятти, Портпосёлок (Тольятти), Районы Тольятти, СИБУР Тольятти, Спорт Тольятти, Троллейбус Тольятти, Улицы Тольятти, Флаг Тольятти
2026-09-08 03:17:52.198 I/FactoidAnswerer: Factoid candidates: Тольятти, Автомобильная промышленность
2026-09-08 03:17:52.248 I/FactoidAnswerer: Factoid: no label covers [автоза, распол] in [Глава/мэр, Население, Площадь, Основан, Страна, Часовой пояс, Субъект Федерации, Городской округ, Внутреннее деление, Глава городского округа, Прежние названия, Город с, Высота центра, Тип климата, Плотность, Агломерация, Население агломерации, Национальности, Конфессии, Название жителей, Официальный язык, День города]
2026-09-08 03:17:52.248 I/FactoidAnswerer: Factoid: 'Тольятти' card has no matching field — next candidate
2026-09-08 03:17:52.264 I/FactoidAnswerer: Factoid: 'Автомобильная промышленность' has no infobox — next candidate
2026-09-08 03:17:52.265 I/FactoidAnswerer: Factoid: no candidate carried the field — falling back to RAG
2026-09-08 03:17:52.265 I/BenchmarkBridge: [PROBE] fast=miss ms=201
2026-09-08 03:17:52.265 I/RagPromptBuilder: Query: 'какой автозавод расположен в Тольятти' -> ZIM keywords: 'автозавод расположен тольятти'
2026-09-08 03:17:52.342 I/GraphWalker: walk: 0 wikilinks in 'Заслуженный_врач_Российской_Федерации' (depth=3)
2026-09-08 03:17:52.353 I/GraphWalker: walk seed=Тольятти props=[P6, P1365, P1366, P39, P166, P26, P40, P22, P25, P3373, P50, P175, P800, P184, P802, P57, P58, P162, P36, P159, P127, P112] → 5 nodes
2026-09-08 03:17:52.353 I/RagPromptBuilder: Walker probes (entity='Тольятти', props=22): Тольятти, Илья Геннадьевич Сухих, Николай Ренц, Заслуженный врач Российской Федерации, Сергей Анташев, Сергей Андреев
2026-09-08 03:17:52.356 I/EntityTitleProbe: Title probes (10 lookups): Тольятти(1080), Автомобильная промышленность(1020)
2026-09-08 03:17:52.364 I/ZimSearcher: search('автозавод расположен тольятти') estimated=40
2026-09-08 03:17:52.976 I/ZimSearcher: search('расположен') estimated=249807
2026-09-08 03:17:53.262 I/RagPromptBuilder: Entity merge 'расположен': +20 candidates
2026-09-08 03:17:53.264 I/RagPromptBuilder: RAG: 'какой автозавод расположен в Тольятти' candidates=46
2026-09-08 03:17:53.264 I/RagPromptBuilder: Top hits: Тольятти(s=1080)[Тольятти] | Автомобильная промышленность(s=1020)[Автомобильная_промышленность] | Илья Геннадьевич Сухих(s=899)[Сухих,_Илья_Геннадьевич] | Николай Ренц(s=898)[Ренц,_Николай_Альфредович] | Сергей Анташев(s=897)[Анташев,_Сергей_Александрович]
2026-09-08 03:17:53.265 I/BenchmarkBridge: [PROBE] cand=46 ms=1000 titles=Тольятти | Автомобильная промышленность | Илья Геннадьевич Сухих | Николай Ренц | Сергей Анташев | Заслуженный врач Российской Федерации | Сергей Андреев | Тольятти (станция) | Автозаводский район (Тольятти) | Тольяттинский троллейбус | Список озёр и водохранилищ Монтаны | Заозёрный (Курган) | Хузестан | Список мечетей Баку | Список высших учебных заведений Киева | Тираспольский монетный двор | Эттербек | Площади Севастополя | Исфахан (остан) | Русские и советские памятники в Софийской области
2026-09-08 03:17:53.265 I/BenchmarkBridge: [PROBE] done
2026-09-08 03:17:53.711 I/BenchmarkBridge: [PROBE] q=перечисли мэров Тольятти
2026-09-08 03:17:53.712 I/BenchmarkBridge: [PROBE] fast=miss ms=0
2026-09-08 03:17:53.712 I/RagPromptBuilder: Query: 'перечисли мэров Тольятти' -> ZIM keywords: 'мэров тольятти'
2026-09-08 03:17:53.763 I/ZimSearcher: lookupRaw 'Градоначальники Тольятти' redirect=false path='Градоначальники_Тольятти' bodyLen=18062
2026-09-08 03:17:53.763 I/RagPromptBuilder: List article FOUND: 'Градоначальники Тольятти' (bodyLen=18062)
2026-09-08 03:17:53.808 I/RagPromptBuilder: List probes (entity='Тольятти', role='Мэры'): Градоначальники Тольятти, История Тольятти
2026-09-08 03:17:53.875 I/GraphWalker: walk seed=Тольятти props=[P6, P1365, P1366] → 4 nodes
2026-09-08 03:17:53.876 I/RagPromptBuilder: Walker probes (entity='Тольятти', props=3): Тольятти, Илья Геннадьевич Сухих, Николай Ренц, Сергей Анташев, Сергей Андреев
2026-09-08 03:17:53.881 I/EntityTitleProbe: Title probes (12 lookups): Тольятти(1080)
2026-09-08 03:17:53.891 I/ZimSearcher: search('мэров тольятти') estimated=700
2026-09-08 03:17:54.074 I/ZimSearcher: search('тольятти') estimated=5796
2026-09-08 03:17:54.433 I/RagPromptBuilder: Entity merge 'тольятти': +14 candidates
2026-09-08 03:17:54.435 I/RagPromptBuilder: RAG: 'перечисли мэров Тольятти' candidates=37
2026-09-08 03:17:54.435 I/RagPromptBuilder: Top hits: Градоначальники Тольятти(s=2000)[Градоначальники_Тольятти] | Тольятти(s=1080)[Тольятти] | История Тольятти(s=1000)[История_Тольятти] | Илья Геннадьевич Сухих(s=899)[Сухих,_Илья_Геннадьевич] | Николай Ренц(s=898)[Ренц,_Николай_Альфредович]
2026-09-08 03:17:54.435 I/BenchmarkBridge: [PROBE] cand=37 ms=723 titles=Градоначальники Тольятти | Тольятти | История Тольятти | Илья Геннадьевич Сухих | Николай Ренц | Сергей Анташев | Сергей Андреев | Тольятти 24 | Тольятти, Пальмиро | Тольятти (станция) | Тольятти (особая экономическая зона) | Тольяттинский театр кукол | Спорт в Тольятти | Памятники Тольятти | Лада-Тольятти | Официальные символы Тольятти | Взрыв автобуса в Тольятти | Храмы Тольятти | ТОР «Тольятти» | Колесо (театр, Тольятти)
2026-09-08 03:17:54.435 I/BenchmarkBridge: [PROBE] done
2026-09-08 03:17:54.847 I/BenchmarkBridge: [PROBE] q=назови планеты Солнечной системы
2026-09-08 03:17:54.847 I/BenchmarkBridge: [PROBE] fast=miss ms=0
2026-09-08 03:17:54.848 I/RagPromptBuilder: Query: 'назови планеты Солнечной системы' -> ZIM keywords: 'планеты солнечной системы'
2026-09-08 03:17:54.889 I/GraphWalker: walk: 0 wikilinks in 'Вспышка_солнечной_активности' (depth=0)
2026-09-08 03:17:54.890 I/GraphWalker: walk seed=Вспышка_солнечной_активности props=[P6, P1365, P1366, P39, P166, P26, P40, P22, P25, P3373, P50, P175, P800, P184, P802, P57, P58, P162, P36, P159, P127, P112] → 0 nodes
2026-09-08 03:17:54.890 I/RagPromptBuilder: Walker probes (entity='Солнечной', props=22): Вспышка солнечной активности
2026-09-08 03:17:54.908 I/EntityTitleProbe: Title probes (29 lookups): Планеты Солнечной системы(1120), Солнечная система(1100), Солнечная(1080), Планета(1020), Система(1020)
2026-09-08 03:17:54.909 I/EntityTitleProbe: Redundant probes: Солнечная, Планета, Система
2026-09-08 03:17:54.962 I/ZimSearcher: search('планеты солнечной системы') estimated=7000
2026-09-08 03:17:55.248 I/ZimSearcher: search('солнечной') estimated=12659
2026-09-08 03:17:55.558 I/RagPromptBuilder: Entity merge 'солнечной': +13 candidates
2026-09-08 03:17:55.559 I/RagPromptBuilder: RAG: 'назови планеты Солнечной системы' candidates=35
2026-09-08 03:17:55.559 I/RagPromptBuilder: Top hits: Планеты Солнечной системы(s=1120)[Планеты_Солнечной_системы] | Солнечная система(s=1100)[Солнечная_система] | Вспышка солнечной активности(s=900)[Вспышка_солнечной_активности] | Планеты-гиганты(s=97)[Планеты-гиганты] | Планеты (сериал)(s=95)[Планеты_(сериал)]
2026-09-08 03:17:55.559 I/BenchmarkBridge: [PROBE] cand=35 ms=712 titles=Планеты Солнечной системы | Солнечная система | Вспышка солнечной активности | Планеты-гиганты | Планеты (сериал) | Устойчивость Солнечной системы | 20-й цикл солнечной активности | Малые тела Солнечной системы | 19-й цикл солнечной активности | 23-й цикл солнечной активности | 24-й цикл солнечной активности | Список циклов солнечной активности | 25-й цикл солнечной активности | 22-й цикл солнечной активности | На солнечной стороне улицы | Серенада солнечной долины | История исследования Солнечной системы | Формирование и эволюция Солнечной системы | История открытия планет Солнечной системы и их спутников | Спутники в Солнечной системе
2026-09-08 03:17:55.560 I/BenchmarkBridge: [PROBE] done
2026-09-08 03:17:55.999 I/BenchmarkBridge: [PROBE] q=какие есть океаны на Земле
2026-09-08 03:17:56.002 I/BenchmarkBridge: [PROBE] fast=miss ms=2
2026-09-08 03:17:56.002 I/RagPromptBuilder: Query: 'какие есть океаны на Земле' -> ZIM keywords: 'океаны земле'
2026-09-08 03:17:56.057 I/RagPromptBuilder: List probes (entity='Земле', role='null'): Земля Королевы Мэри, История жизни на Земле, Хронология первых искусственных спутников Земли по странам
2026-09-08 03:17:56.561 I/GraphWalker: walk: 0 wikilinks in 'На_земле' (depth=0)
2026-09-08 03:17:56.562 I/GraphWalker: walk seed=На_земле props=[P6, P1365, P1366, P39, P166, P26, P40, P22, P25, P3373, P50, P175, P800, P184, P802, P57, P58, P162, P36, P159, P127, P112] → 0 nodes
2026-09-08 03:17:56.562 I/RagPromptBuilder: Walker probes (entity='Земле', props=22): На земле
2026-09-08 03:17:56.572 I/EntityTitleProbe: Title probes (8 lookups): Мировой океан(1020), (224) Океана(1020), Океан(1030)
2026-09-08 03:17:56.623 I/ZimSearcher: search('океаны земле') estimated=10000
2026-09-08 03:17:57.096 I/ZimSearcher: search('океаны') estimated=31268
2026-09-08 03:17:57.491 I/RagPromptBuilder: Entity merge 'океаны': +11 candidates
2026-09-08 03:17:57.492 I/RagPromptBuilder: RAG: 'какие есть океаны на Земле' candidates=35
2026-09-08 03:17:57.492 I/RagPromptBuilder: Top hits: Океан(s=1030)[Океан] | Мировой океан(s=1020)[Мировой_океан] | (224) Океана(s=1020)[(224)_Океана] | Земля Королевы Мэри(s=950)[Земля_Королевы_Мэри] | История жизни на Земле(s=950)[История_жизни_на_Земле]
2026-09-08 03:17:57.492 I/BenchmarkBridge: [PROBE] cand=35 ms=1491 titles=Океан | Мировой океан | (224) Океана | Земля Королевы Мэри | История жизни на Земле | Хронология первых искусственных спутников Земли по странам | На земле | Древние океаны | Экстремумы на Земле | Земля (альбом «Океана Ельзи») | Южный океан | Океан (значения) | Океан (завод) | Мировой океан (мифология) | Музей Мирового океана | Океан-О (космический аппарат) | Океан (детский лагерь) | Океан Ельзи | Океан (мифология) | Океан (фильм, 2008)
2026-09-08 03:17:57.493 I/BenchmarkBridge: [PROBE] done
2026-09-08 03:17:57.671 I/BenchmarkBridge: [PROBE] q=перечисли произведения Достоевского
2026-09-08 03:17:57.672 I/BenchmarkBridge: [PROBE] fast=miss ms=0
2026-09-08 03:17:57.672 I/RagPromptBuilder: Query: 'перечисли произведения Достоевского' -> ZIM keywords: 'произведения достоевского'
2026-09-08 03:17:57.695 I/RagPromptBuilder: List-intent: no title probes for entity='Достоевского' role='null'
2026-09-08 03:17:57.757 I/GraphWalker: walk: 0 wikilinks in 'Достоевского,_переулок' (depth=0)
2026-09-08 03:17:57.757 I/GraphWalker: walk seed=Достоевского,_переулок props=[P6, P1365, P1366, P39, P166, P26, P40, P22, P25, P3373, P50, P175, P800, P184, P802, P57, P58, P162, P36, P159, P127, P112] → 0 nodes
2026-09-08 03:17:57.757 I/RagPromptBuilder: Walker probes (entity='Достоевского', props=22): Достоевского, переулок
2026-09-08 03:17:57.762 I/EntityTitleProbe: Title probes (12 lookups): Достоевский, Фёдор Михайлович(1070)
2026-09-08 03:17:57.790 I/ZimSearcher: search('произведения достоевского') estimated=4000
2026-09-08 03:17:58.163 I/ZimSearcher: search('произведения') estimated=125279
2026-09-08 03:17:58.556 I/RagPromptBuilder: Entity merge 'произведения': +20 candidates
2026-09-08 03:17:58.557 I/RagPromptBuilder: RAG: 'перечисли произведения Достоевского' candidates=42
2026-09-08 03:17:58.558 I/RagPromptBuilder: Top hits: Достоевский, Фёдор Михайлович(s=1070)[Достоевский,_Фёдор_Михайлович] | Достоевского, переулок(s=900)[Достоевского,_переулок] | Произведения векторов(s=99)[Произведения_векторов] | Экранизации произведений Фёдора Достоевского(s=100)[Экранизации_произведений_Фёдора_Достоевского] | Украденные произведения искусства(s=99)[Украденные_произведения_искусства]
2026-09-08 03:17:58.558 I/BenchmarkBridge: [PROBE] cand=42 ms=886 titles=Достоевский, Фёдор Михайлович | Достоевского, переулок | Произведения векторов | Экранизации произведений Фёдора Достоевского | Украденные произведения искусства | Атрибуция произведения | Авторское право на служебные произведения | Двойник (повесть Достоевского) | Реализм Достоевского | Романист (замысел Достоевского) | Атеизм (замысел Достоевского) | Неосуществлённые замыслы Достоевского | Оценка творчества Достоевского современниками | Свободное использование произведений | Прямое произведение | Тип-произведение | Аудиовизуальное произведение | Скалярное произведение | Прямое произведение групп | Векторное произведение
2026-09-08 03:17:58.558 I/BenchmarkBridge: [PROBE] done
2026-09-08 03:17:58.820 I/BenchmarkBridge: [PROBE] q=перечисли спутники Юпитера
2026-09-08 03:17:58.821 I/BenchmarkBridge: [PROBE] fast=miss ms=0
2026-09-08 03:17:58.821 I/RagPromptBuilder: Query: 'перечисли спутники Юпитера' -> ZIM keywords: 'спутники юпитера'
2026-09-08 03:17:58.890 I/ZimSearcher: lookupRaw 'Спутники Юпитера' redirect=false path='Спутники_Юпитера' bodyLen=22957
2026-09-08 03:17:58.890 I/RagPromptBuilder: List article FOUND: 'Спутники Юпитера' (bodyLen=22957)
2026-09-08 03:17:58.903 I/RagPromptBuilder: List probes (entity='Юпитера', role='null'): Спутники Юпитера
2026-09-08 03:17:58.961 I/GraphWalker: walk: 0 wikilinks in 'Атмосфера_Юпитера' (depth=0)
2026-09-08 03:17:58.961 I/GraphWalker: walk seed=Атмосфера_Юпитера props=[P6, P1365, P1366, P39, P166, P26, P40, P22, P25, P3373, P50, P175, P800, P184, P802, P57, P58, P162, P36, P159, P127, P112] → 0 nodes
2026-09-08 03:17:58.961 I/RagPromptBuilder: Walker probes (entity='Юпитера', props=22): Атмосфера Юпитера
2026-09-08 03:17:58.966 I/EntityTitleProbe: Title probes (10 lookups): Юпитер(1080), Спутники Юпитера(900)
2026-09-08 03:17:58.994 I/ZimSearcher: search('спутники юпитера') estimated=5000
2026-09-08 03:17:59.379 I/ZimSearcher: search('спутники') estimated=28047
2026-09-08 03:17:59.633 I/RagPromptBuilder: Entity merge 'спутники': +20 candidates
2026-09-08 03:17:59.635 I/RagPromptBuilder: RAG: 'перечисли спутники Юпитера' candidates=41
2026-09-08 03:17:59.635 I/RagPromptBuilder: Top hits: Спутники Юпитера(s=2000)[Спутники_Юпитера] | Юпитер(s=1080)[Юпитер] | Атмосфера Юпитера(s=900)[Атмосфера_Юпитера] | Спутники Урана(s=99)[Спутники_Урана] | Спутники в Солнечной системе(s=99)[Спутники_в_Солнечной_системе]
2026-09-08 03:17:59.635 I/BenchmarkBridge: [PROBE] cand=41 ms=814 titles=Спутники Юпитера | Юпитер | Атмосфера Юпитера | Спутники Урана | Спутники в Солнечной системе | Колонизация спутников Юпитера | Внутренние спутники Юпитера | Галилеевы спутники | Спутник Юпитера | Исследование Юпитера межпланетными аппаратами | Троянские астероиды Юпитера | Спутник | Внутренний спутник | Спутник-1 | Портал:Космонавтика/События дня/февраль | Портал:Космонавтика/События дня/декабрь | Портал:Космонавтика/События дня/июнь | Портал:Космонавтика/События дня/апрель | Портал:Космонавтика/События дня/март | Портал:Космонавтика/События дня/октябрь
2026-09-08 03:17:59.635 I/BenchmarkBridge: [PROBE] done
2026-09-08 03:17:59.953 I/BenchmarkBridge: [PROBE] q=кто был предшественником нынешнего мэра Тольятти
2026-09-08 03:17:59.954 I/FactoidAnswerer: Factoid candidate: label='(by card label)' entity='Тольятти'
2026-09-08 03:17:59.964 I/EntityTitleProbe: Title probes (16 lookups): Тольятти(1080)
2026-09-08 03:18:00.016 I/ZimSearcher: suggestTitles('Тольятти'): Тольятти, Тольятти 24, Тольятти (История), Тольятти (аэродром), Тольятти (значения), Тольятти (станция), Тольятти П., Тольятти сегодня, Тольятти, Эудженио, Тольятти (речной порт), Тольятти (футбольный клуб), Тольятти (особая экономическая зона), Тольятти (территория опережающего развития), Академия Тольятти, Вузы Тольятти, Герб Тольятти, Гимн Тольятти, Градоначальники Тольятти, Дума Тольятти, Лада (Тольятти), Лада-Тольятти, Медгородок Тольятти, Набережная Тольятти, Памятники Тольятти, Поверхность Тольятти, Портпосёлок (Тольятти), Районы Тольятти, СИБУР Тольятти, Спорт Тольятти, Троллейбус Тольятти, Улицы Тольятти, Флаг Тольятти
2026-09-08 03:18:00.017 I/FactoidAnswerer: Factoid candidates: Тольятти
2026-09-08 03:18:00.061 I/FactoidAnswerer: Factoid: no label covers [предше, мэра] in [Глава/мэр, Население, Площадь, Основан, Страна, Часовой пояс, Субъект Федерации, Городской округ, Внутреннее деление, Глава городского округа, Прежние названия, Город с, Высота центра, Тип климата, Плотность, Агломерация, Население агломерации, Национальности, Конфессии, Название жителей, Официальный язык, День города]
2026-09-08 03:18:00.062 I/FactoidAnswerer: Factoid: 'Тольятти' card has no matching field — next candidate
2026-09-08 03:18:00.062 I/FactoidAnswerer: Factoid: no candidate carried the field — falling back to RAG
2026-09-08 03:18:00.062 I/BenchmarkBridge: [PROBE] fast=miss ms=109
2026-09-08 03:18:00.062 I/RagPromptBuilder: Query: 'кто был предшественником нынешнего мэра Тольятти' -> ZIM keywords: 'предшественником нынешнего мэра тольятти'
2026-09-08 03:18:00.132 I/GraphWalker: walk seed=Тольятти props=[P6, P1365, P1366] → 4 nodes
2026-09-08 03:18:00.132 I/RagPromptBuilder: Walker probes (entity='Тольятти', props=3): Тольятти, Илья Геннадьевич Сухих, Николай Ренц, Сергей Анташев, Сергей Андреев
2026-09-08 03:18:00.136 I/EntityTitleProbe: Title probes (16 lookups): Тольятти(1080)
2026-09-08 03:18:00.145 I/ZimSearcher: search('предшественником нынешнего мэра тольятти') estimated=5
2026-09-08 03:18:00.571 I/ZimSearcher: search('предшественником') estimated=92922
2026-09-08 03:18:00.874 I/RagPromptBuilder: Entity merge 'предшественником': +20 candidates
2026-09-08 03:18:00.876 I/RagPromptBuilder: RAG: 'кто был предшественником нынешнего мэра Тольятти' candidates=30
2026-09-08 03:18:00.876 I/RagPromptBuilder: Top hits: Тольятти(s=1080)[Тольятти] | Илья Геннадьевич Сухих(s=899)[Сухих,_Илья_Геннадьевич] | Николай Ренц(s=898)[Ренц,_Николай_Альфредович] | Сергей Анташев(s=897)[Анташев,_Сергей_Александрович] | Сергей Андреев(s=896)[Андреев,_Сергей_Игоревич]
2026-09-08 03:18:00.876 I/BenchmarkBridge: [PROBE] cand=30 ms=814 titles=Тольятти | Илья Геннадьевич Сухих | Николай Ренц | Сергей Анташев | Сергей Андреев | Воронежский трамвай | Человек-предшественник | Кумундурос, Александрос | Вогт, Йёрген Херман | Предшественник бета-амилоида | Петерсен, Ханс Кристиан | Процесс ста девяноста трёх | Сибберн, Валентин Кристиан Вильгельм | Хольст, Пал Кристиан | Мёинишен, Эрик Рёринг | Предшественник белка | Крог, Николаи Йохан Лохманн | Истурис, Франсиско Хавьер де | Фаттори, Доменико | Ланг, Жак
2026-09-08 03:18:00.877 I/BenchmarkBridge: [PROBE] done
2026-09-08 03:18:01.103 I/BenchmarkBridge: [PROBE] q=в каком регионе находится город где родился Гагарин
2026-09-08 03:18:01.103 I/FactoidAnswerer: Factoid candidate: label='Место рождения' entity='Гагарин'
2026-09-08 03:18:01.126 I/EntityTitleProbe: Title probes (23 lookups): Гагарин, Юрий Алексеевич(1070), Регион(1030), Город(1030)
2026-09-08 03:18:01.221 I/ZimSearcher: suggestTitles('Гагарин'): Гагарин, Гагарин (Узбекистан), Гагарин (астероид), Гагарин (аэропорт), Гагарин (город), Гагарин (кратер), Гагарин (мультфильм), Гагарин (село), Гагарин (станция), Гагарин (фамилия), Гагарин (фильм), Гагарин Андрей, Гагарин Василий, Гагарин Григорий, Гагарин Павел, Гагарин, Александр, Гагарин, Алексей, Гагарин, Анатолий, Гагарин, Владимир, Гагарин, Евгений, Гагарин, Иван, Гагарин, Константин, Гагарин, Максим, Гагарин, Матвей, Гагарин, Николай, Гагарин, Павел, Гагарин, Петр, Гагарин, Семён, Гагарин, Сергей, Гагарин, Федор, Гагарин (Вологодская область), Гагарин (Джизакская область)
2026-09-08 03:18:01.224 I/FactoidAnswerer: Factoid candidates: Гагарин, Гагарин, Юрий Алексеевич, Регион, Город
2026-09-08 03:18:01.260 I/FactoidAnswerer: Factoid HIT: Место рождения = 'деревня Клушино, Гжатский район, Западная область, РСФСР, СССР' (Гагарин)
2026-09-08 03:18:01.260 I/BenchmarkBridge: [PROBE] fast=hit ms=157 article=Гагарин field=Место рождения value=деревня Клушино, Гжатский район, Западная область, РСФСР, СССР
2026-09-08 03:18:01.261 I/RagPromptBuilder: Query: 'в каком регионе находится город где родился Гагарин' -> ZIM keywords: 'каком регионе находится город родился гагарин'
2026-09-08 03:18:01.290 I/GraphWalker: walk seed=Гагарин,_Юрий_Алексеевич props=[P6, P1365, P1366, P39, P166, P26, P40, P22, P25, P3373, P50, P175, P800, P184, P802, P57, P58, P162, P36, P159, P127, P112] → 6 nodes
2026-09-08 03:18:01.291 I/RagPromptBuilder: Walker probes (entity='Гагарин', props=22): Гагарин, Юрий Алексеевич, Герой Советского Союза, Орден Ленина, Юбилейная медаль «Двадцать лет Победы в Великой Отечественной войне 1941—1945 гг.», Медаль «За освоение целинных земель», Юбилейная медаль «40 лет Вооружённых Сил СССР», Юбилейная медаль «50 лет Вооружённых Сил СССР»
2026-09-08 03:18:01.295 I/EntityTitleProbe: Title probes (23 lookups): Гагарин, Юрий Алексеевич(1070), Регион(1030), Город(1030)
2026-09-08 03:18:01.337 I/ZimSearcher: search('каком регионе находится город родился гагарин') estimated=400
2026-09-08 03:18:01.924 I/ZimSearcher: search('находится') estimated=505230
2026-09-08 03:18:02.265 I/RagPromptBuilder: Entity merge 'находится': +20 candidates
2026-09-08 03:18:02.268 I/RagPromptBuilder: RAG: 'в каком регионе находится город где родился Гагарин' candidates=49
2026-09-08 03:18:02.268 I/RagPromptBuilder: Top hits: Гагарин, Юрий Алексеевич(s=1070)[Гагарин,_Юрий_Алексеевич] | Регион(s=1030)[Регион] | Город(s=1030)[Город] | Орден Ленина(s=899)[Орден_Ленина] | Герой Советского Союза(s=899)[Герой_Советского_Союза]
2026-09-08 03:18:02.268 I/BenchmarkBridge: [PROBE] cand=49 ms=1007 titles=Гагарин, Юрий Алексеевич | Регион | Город | Орден Ленина | Герой Советского Союза | Медаль «За освоение целинных земель» | Юбилейная медаль «40 лет Вооружённых Сил СССР» | Юбилейная медаль «50 лет Вооружённых Сил СССР» | Юбилейная медаль «Двадцать лет Победы в Великой Отечественной войне 1941—1945 гг.» | Гагарин (Смоленская область) | Улица Гагарина (Томск) | Где находится нофелет? | Наход (Новгородская область) | Наход | Виллер | Битва при Находе | Озёра Уфы | Уличная скульптура в Элисте | Замок Скалы (Наход) | Покеткуб
2026-09-08 03:18:02.268 I/BenchmarkBridge: [PROBE] done
2026-09-08 03:18:02.774 I/BenchmarkBridge: [PROBE] q=сравни население Москвы и Санкт-Петербурга
2026-09-08 03:18:02.775 I/BenchmarkBridge: [PROBE] fast=miss ms=0
2026-09-08 03:18:02.775 I/RagPromptBuilder: Query: 'сравни население Москвы и Санкт-Петербурга' -> ZIM keywords: 'сравни население москвы санкт петербурга'
2026-09-08 03:18:03.356 I/GraphWalker: walk: 0 wikilinks in 'Генплан_Петербурга' (depth=0)
2026-09-08 03:18:03.357 I/GraphWalker: walk seed=Генплан_Петербурга props=[P6, P1365, P1366, P39, P166, P26, P40, P22, P25, P3373, P50, P175, P800, P184, P802, P57, P58, P162, P36, P159, P127, P112] → 0 nodes
2026-09-08 03:18:03.357 I/RagPromptBuilder: Walker probes (entity='Петербурга', props=22): Генплан Петербурга
2026-09-08 03:18:03.378 I/EntityTitleProbe: Title probes (23 lookups): Москва(1080), Санкт-Петербург(1070), Население Москвы(900)
2026-09-08 03:18:03.410 I/ZimSearcher: search('сравни население москвы санкт петербурга') estimated=300
2026-09-08 03:18:03.781 I/ZimSearcher: search('петербурга') estimated=115995
2026-09-08 03:18:04.108 I/RagPromptBuilder: Entity merge 'петербурга': +18 candidates
2026-09-08 03:18:04.110 I/RagPromptBuilder: RAG: 'сравни население Москвы и Санкт-Петербурга' candidates=42
2026-09-08 03:18:04.110 I/RagPromptBuilder: Top hits: Москва(s=1080)[Москва] | Санкт-Петербург(s=1070)[Санкт-Петербург] | Генплан Петербурга(s=900)[Генплан_Петербурга] | Население Москвы(s=900)[Население_Москвы] | Санкт-Петербург (телерадиокомпания)(s=99)[Санкт-Петербург_(телерадиокомпания)]
2026-09-08 03:18:04.110 I/BenchmarkBridge: [PROBE] cand=42 ms=1335 titles=Москва | Санкт-Петербург | Генплан Петербурга | Население Москвы | Санкт-Петербург (телерадиокомпания) | Санкт-Петербург-Витебский регион Октябрьской железной дороги | Экономика Санкт-Петербурга | Награды Санкт-Петербурга | Библиотеки Санкт-Петербурга | Уставный суд Санкт-Петербурга | Губернатор Санкт-Петербурга | Органы власти Санкт-Петербурга | Флаг Санкт-Петербурга | Экология Санкт-Петербурга | Почётный гражданин Санкт-Петербурга | Законодательное собрание Санкт-Петербурга | Матчи сборной Санкт-Петербурга по футболу (1913) | Матчи сборной Санкт-Петербурга по футболу (1902—1907) | Матчи сборной Санкт-Петербурга по футболу (1914) | Программа сохранения и развития исторического центра Санкт-Петербурга
2026-09-08 03:18:04.110 I/BenchmarkBridge: [PROBE] done
2026-09-08 03:18:04.444 I/BenchmarkBridge: [PROBE] q=почему Байкал самое глубокое озеро
2026-09-08 03:18:04.444 I/BenchmarkBridge: [PROBE] fast=miss ms=0
2026-09-08 03:18:04.445 I/RagPromptBuilder: Query: 'почему Байкал самое глубокое озеро' -> ZIM keywords: 'байкал самое глубокое озеро'
2026-09-08 03:18:04.488 I/GraphWalker: walk: 0 wikilinks in 'Байкал' (depth=0)
2026-09-08 03:18:04.489 I/GraphWalker: walk seed=Байкал props=[P6, P1365, P1366, P39, P166, P26, P40, P22, P25, P3373, P50, P175, P800, P184, P802, P57, P58, P162, P36, P159, P127, P112] → 0 nodes
2026-09-08 03:18:04.489 I/RagPromptBuilder: Walker probes (entity='Байкал', props=22): Байкал
2026-09-08 03:18:04.500 I/EntityTitleProbe: Title probes (12 lookups): Байкал(1080), Глубокое озеро(1050), Глубокое(1030), Озеро(1030)
2026-09-08 03:18:04.500 I/EntityTitleProbe: Redundant probes: Глубокое, Озеро
2026-09-08 03:18:04.516 I/ZimSearcher: search('байкал самое глубокое озеро') estimated=200
2026-09-08 03:18:04.828 I/ZimSearcher: search('глубокое') estimated=52854
2026-09-08 03:18:05.128 I/RagPromptBuilder: Entity merge 'глубокое': +19 candidates
2026-09-08 03:18:05.129 I/RagPromptBuilder: RAG: 'почему Байкал самое глубокое озеро' candidates=39
2026-09-08 03:18:05.129 I/RagPromptBuilder: Top hits: Байкал(s=1080)[Байкал] | Глубокое озеро(s=1050)[Глубокое_озеро] | Глубокое(s=100)[Глубокое] | Глубокое (город)(s=99)[Глубокое_(город)] | Глубокое обучение(s=98)[Глубокое_обучение]
2026-09-08 03:18:05.129 I/BenchmarkBridge: [PROBE] cand=39 ms=684 titles=Байкал | Глубокое озеро | Глубокое | Глубокое (город) | Глубокое обучение | Глубокое (Алтайский край) | Глубокое синее море (фильм, 1999) | Глубокое синее море 2 | Глубокое (Лужский район) | Глубокое (Опочецкий район) | Байкальская горная страна | Хронология озера Байкал | Сарма (река, впадает в Байкал) | (2776) Байкал | Глубокий | Хубсугул | Впадины континентов | Глубокая | Герб Глубокого | Глубокий вдох
2026-09-08 03:18:05.129 I/BenchmarkBridge: [PROBE] done
2026-09-08 03:18:05.590 I/BenchmarkBridge: [PROBE] q=как связаны Менделеев и периодическая таблица
2026-09-08 03:18:05.591 I/BenchmarkBridge: [PROBE] fast=miss ms=0
2026-09-08 03:18:05.592 I/RagPromptBuilder: Query: 'как связаны Менделеев и периодическая таблица' -> ZIM keywords: 'связаны менделеев периодическая таблица'
2026-09-08 03:18:05.640 I/GraphWalker: walk seed=Менделеев,_Дмитрий_Иванович props=[P6, P1365, P1366, P39, P166, P26, P40, P22, P25, P3373, P50, P175, P800, P184, P802, P57, P58, P162, P36, P159, P127, P112] → 6 nodes
2026-09-08 03:18:05.641 I/RagPromptBuilder: Walker probes (entity='Менделеев', props=22): Менделеев, Дмитрий Иванович, Орден Святого Владимира, Кавалер ордена Святого Александра Невского, Орден Белого орла (Российская империя), Орден Святой Анны I степени, Орден Святого Станислава (Российская империя), Орден Святой Анны II степени
2026-09-08 03:18:05.654 I/EntityTitleProbe: Title probes (22 lookups): Менделеев, Дмитрий Иванович(1070), Периодическая система химических элементов(1040), Таблица(1030), Таблиц, Богуслав(1020)
2026-09-08 03:18:05.666 I/ZimSearcher: search('связаны менделеев периодическая таблица') estimated=60
2026-09-08 03:18:06.063 I/ZimSearcher: search('периодическая') estimated=24960
2026-09-08 03:18:06.388 I/RagPromptBuilder: Entity merge 'периодическая': +18 candidates
2026-09-08 03:18:06.390 I/RagPromptBuilder: RAG: 'как связаны Менделеев и периодическая таблица' candidates=46
2026-09-08 03:18:06.390 I/RagPromptBuilder: Top hits: Менделеев, Дмитрий Иванович(s=1070)[Менделеев,_Дмитрий_Иванович] | Периодическая система химических элементов(s=1040)[Периодическая_система_химических_элементов] | Таблица(s=1030)[Таблица] | Таблиц, Богуслав(s=1020)[Таблиц,_Богуслав] | Орден Святого Владимира(s=899)[Орден_Святого_Владимира]
2026-09-08 03:18:06.390 I/BenchmarkBridge: [PROBE] cand=46 ms=799 titles=Менделеев, Дмитрий Иванович | Периодическая система химических элементов | Таблица | Таблиц, Богуслав | Орден Святого Владимира | Орден Белого орла (Российская империя) | Орден Святой Анны I степени | Орден Святой Анны II степени | Кавалер ордена Святого Александра Невского | Орден Святого Станислава (Российская империя) | Периодическая болезнь | Периодическая последовательность | Периодическая группа | Периодическая функция | Историческая еврейская периодическая печать | Почти периодическая функция | Трижды периодическая минимальная поверхность | Периодический закон | Менделеевские съезды | Периодическое издание
2026-09-08 03:18:06.391 I/BenchmarkBridge: [PROBE] done
2026-09-19 10:33:22.748 I/WikiLLMApp: ADSP_LIBRARY_PATH=/data/app/~~dop0CQG5pMI3hl66N7-1ZA==/com.wikillm.android.debug-07LtmumDii_l0ceGM9fzkQ==/lib/arm64;/vendor/lib/rfsa/adsp;/vendor/dsp/cdsp;/system/lib/rfsa/adsp
2026-09-19 10:33:22.766 I/WikiLLMApp: ReLinker.loadLibrary(zim) OK
2026-09-19 10:33:22.782 I/WikiLLMApp: ReLinker.loadLibrary(kiwix) OK
2026-09-19 10:33:22.784 I/WikiLLMApp: System.loadLibrary(zim_wrapper) OK
2026-09-19 10:33:22.786 I/WikiLLMApp: System.loadLibrary(kiwix_wrapper) OK
2026-09-19 10:33:23.132 I/ChatVM: Auto-loading last model: QVikhr-3-4B-Instruction-Q4_0.gguf
2026-09-19 10:33:23.133 I/ChatVM: Loading model: QVikhr-3-4B-Instruction-Q4_0.gguf (device=auto, mtp=0) (/storage/emulated/0/Android/data/com.wikillm.android.debug/files/models/Vikhrmodels/QVikhr-3-4B-Instruction-GGUF/QVikhr-3-4B-Instruction-Q4_0.gguf)
2026-09-19 10:33:23.516 I/ZimSearcher: openPath: /storage/emulated/0/Android/data/com.wikillm.android.debug/files/zim/wikipedia_ru_all_nopic_2026-01.zim (14671735099 bytes)
2026-09-19 10:33:24.048 I/ZimSearchHolder: ZimSearchHolder ready: wikipedia_ru_all_nopic_2026-01.zim
2026-09-19 10:33:29.287 I/ChatVM: Model loaded: QVikhr-3-4B-Instruction-Q4_0.gguf
2026-09-19 10:34:19.106 I/BenchmarkBridge: Benchmark question via intent: почему Юпитер называют газовым гигантом
2026-09-19 10:34:19.110 I/ChatVM: [TURN] begin q=почему Юпитер называют газовым гигантом
2026-09-19 10:34:19.111 I/ChatVM: [PHASE] factoid=miss ms=1
2026-09-19 10:34:19.114 I/RagPromptBuilder: Query: 'почему Юпитер называют газовым гигантом' -> ZIM keywords: 'юпитер называют газовым гигантом'
2026-09-19 10:34:19.436 I/GraphWalker: walk: 0 wikilinks in 'Юпитер' (depth=0)
2026-09-19 10:34:19.437 I/GraphWalker: walk seed=Юпитер props=[P6, P1365, P1366, P39, P166, P26, P40, P22, P25, P3373, P50, P175, P800, P184, P802, P57, P58, P162, P36, P159, P127, P112] → 0 nodes
2026-09-19 10:34:19.437 I/RagPromptBuilder: Walker probes (entity='Юпитер', props=22): Юпитер
2026-09-19 10:34:19.523 I/EntityTitleProbe: Title probes (13 lookups): Юпитер(1080), Гигант(1030)
2026-09-19 10:34:19.583 I/ZimSearcher: search('юпитер называют газовым гигантом') estimated=200
2026-09-19 10:34:20.049 I/ZimSearcher: search('называют') estimated=194221
2026-09-19 10:34:20.421 I/RagPromptBuilder: Entity merge 'называют': +20 candidates
2026-09-19 10:34:20.426 I/RagPromptBuilder: RAG: 'почему Юпитер называют газовым гигантом' candidates=42
2026-09-19 10:34:20.427 I/RagPromptBuilder: Top hits: Юпитер(s=1080)[Юпитер] | Гигант(s=1030)[Гигант] | То, что называют любовью(s=98)[То,_что_называют_любовью] | Газовые гиганты(s=100)[Газовые_гиганты] | Моя так называемая жизнь(s=100)[Моя_так_называемая_жизнь]
2026-09-19 10:34:20.866 I/RagPromptBuilder: [PHASE] search=1314ms read=439ms docs=4 ctx=4405
2026-09-19 10:34:20.867 I/RagPromptBuilder: RAG prompt preview (listIntent=false): Тебе даны выдержки из Википедии. Отвечай на их основе. Ответь коротко и по существу: 1–3 предложения, только то, о чём спрашивают. Не пересказывай выдержки, не добавляй посторонние факты и не нумеруй пункты, если вопрос не про перечень. Если вопрос требует сравнения двух и более вещей — до 5 предложений. Если в выдержках совсем нет нужной информации — скажи «не знаю по приведённым выдержкам». Отвечай на русском языке.  === ВЫДЕРЖКИ ИЗ ВИКИ === === Юпитер === Карточка: Перигелий: 7,405736⋅108 км 
2026-09-19 10:34:20.867 I/ChatVM: RAG ctx: 4 articles from 42 candidates
2026-09-19 10:34:20.867 I/ChatVM: Generating: 1 msgs, maxTokens=1600, temp=0.7, noThink=true
2026-09-19 10:34:38.779 I/ChatVM: Reply (167 chars, 56 tok, 19671ms, prefill 2171tok/5195ms=418t/s, decode 6,8t/s): Юпитер называют газовым гигантом, так как он состоит в основном из водорода (около 90%) и гелия. Его масса составляет 2–3 раза больше всех других планет вместе взятых.
2026-09-19 10:34:38.780 I/ChatVM: [TURN] end path=rag total=19671ms factoid=1ms ptok=2171 gtok=56 prefill=5195ms decode=8254ms chars=167
2026-09-19 10:34:39.535 I/BenchmarkBridge: Benchmark question via intent: из чего состоит атмосфера Марса
2026-09-19 10:34:39.537 I/ChatVM: [TURN] begin q=из чего состоит атмосфера Марса
2026-09-19 10:34:39.537 I/ChatVM: [PHASE] factoid=miss ms=0
2026-09-19 10:34:39.538 I/RagPromptBuilder: Query: 'из чего состоит атмосфера Марса' -> ZIM keywords: 'чего состоит атмосфера марса'
2026-09-19 10:34:39.584 I/GraphWalker: walk: 0 wikilinks in 'Марса' (depth=0)
2026-09-19 10:34:39.584 I/GraphWalker: walk seed=Марса props=[P6, P1365, P1366, P39, P166, P26, P40, P22, P25, P3373, P50, P175, P800, P184, P802, P57, P58, P162, P36, P159, P127, P112] → 0 nodes
2026-09-19 10:34:39.585 I/RagPromptBuilder: Walker probes (entity='Марса', props=22): Марса
2026-09-19 10:34:39.609 I/EntityTitleProbe: Title probes (10 lookups): Марса(1080), Марс(1080), Атмосфера Марса(900)
2026-09-19 10:34:39.621 I/EntityTitleProbe: Top tie at 1080: Марс=658430, Марса=7479
2026-09-19 10:34:39.623 I/EntityTitleProbe: Redundant probes: Марса
2026-09-19 10:34:39.644 I/ZimSearcher: search('чего состоит атмосфера марса') estimated=300
2026-09-19 10:34:40.094 I/ZimSearcher: search('атмосфера') estimated=21862
2026-09-19 10:34:40.464 I/RagPromptBuilder: Entity merge 'атмосфера': +19 candidates
2026-09-19 10:34:40.469 I/RagPromptBuilder: RAG: 'из чего состоит атмосфера Марса' candidates=40
2026-09-19 10:34:40.470 I/RagPromptBuilder: Top hits: Марс(s=1085)[Марс] | Марса(s=900)[Марса] | Атмосфера Марса(s=900)[Атмосфера_Марса] | Атмосфера(s=100)[Атмосфера] | Атмосфера Земли(s=99)[Атмосфера_Земли]
2026-09-19 10:34:40.838 I/RagPromptBuilder: [PHASE] search=932ms read=367ms docs=4 ctx=4482
2026-09-19 10:34:40.838 I/RagPromptBuilder: RAG prompt preview (listIntent=false): Тебе даны выдержки из Википедии. Отвечай на их основе. Ответь коротко и по существу: 1–3 предложения, только то, о чём спрашивают. Не пересказывай выдержки, не добавляй посторонние факты и не нумеруй пункты, если вопрос не про перечень. Если вопрос требует сравнения двух и более вещей — до 5 предложений. Если в выдержках совсем нет нужной информации — скажи «не знаю по приведённым выдержкам». Отвечай на русском языке.  === ВЫДЕРЖКИ ИЗ ВИКИ === === Марс === Карточка: Другие названия: Красная план
2026-09-19 10:34:40.838 I/ChatVM: RAG ctx: 4 articles from 40 candidates
2026-09-19 10:34:40.839 I/ChatVM: Generating: 3 msgs, maxTokens=1600, temp=0.7, noThink=true
2026-09-19 10:34:55.485 I/ChatVM: Reply (128 chars, 57 tok, 15948ms, prefill 2349tok/5861ms=401t/s, decode 6,5t/s): Атмосфера Марса состоит в основном из углекислого газа (95,32%). Также в ней содержится азот (2,7%), аргон (1,6%) и водяной пар.
2026-09-19 10:34:55.486 I/ChatVM: [TURN] end path=rag total=15948ms factoid=0ms ptok=2349 gtok=57 prefill=5861ms decode=8754ms chars=128
2026-09-19 10:34:55.910 I/BenchmarkBridge: Benchmark question via intent: кто открыл пенициллин
2026-09-19 10:34:55.911 I/ChatVM: [TURN] begin q=кто открыл пенициллин
2026-09-19 10:34:55.912 I/ChatVM: [PHASE] factoid=miss ms=0
2026-09-19 10:34:55.914 I/ChatVM: Coreference: 'кто открыл пенициллин' + topic 'чего состоит атмосфера марса'
2026-09-19 10:34:55.915 I/RagPromptBuilder: Query: 'кто открыл пенициллин чего состоит атмосфера марса' -> ZIM keywords: 'открыл пенициллин чего состоит атмосфера марса'
2026-09-19 10:34:55.974 I/EntityTitleProbe: Title probes (18 lookups): Бензилпенициллин(1020), Марса(1030), Марс(1030)
2026-09-19 10:34:55.980 I/EntityTitleProbe: Top tie at 1030: Марс=658430, Марса=7479
2026-09-19 10:34:55.981 I/EntityTitleProbe: Redundant probes: Марса
2026-09-19 10:34:55.988 I/ZimSearcher: search('открыл пенициллин чего состоит атмосфера марса') estimated=0
2026-09-19 10:34:55.996 I/ZimSearcher: search('пенициллин') estimated=589
2026-09-19 10:34:56.217 I/RagPromptBuilder: Entity merge 'пенициллин': +19 candidates
2026-09-19 10:34:56.221 I/RagPromptBuilder: RAG: 'кто открыл пенициллин чего состоит атмосфера марса' candidates=21
2026-09-19 10:34:56.221 I/RagPromptBuilder: Top hits: Марс(s=1035)[Марс] | Бензилпенициллин(s=1020)[Бензилпенициллин] | Пенициллины(s=100)[Пенициллины] | Пенициллин (комплекс артразведки)(s=99)[Пенициллин_(комплекс_артразведки)] | Пенициллин (значения)(s=95)[Пенициллин_(значения)]
2026-09-19 10:34:56.546 I/RagPromptBuilder: [PHASE] search=307ms read=323ms docs=4 ctx=4544
2026-09-19 10:34:56.546 I/RagPromptBuilder: RAG prompt preview (listIntent=false): Тебе даны выдержки из Википедии. Отвечай на их основе. Ответь коротко и по существу: 1–3 предложения, только то, о чём спрашивают. Не пересказывай выдержки, не добавляй посторонние факты и не нумеруй пункты, если вопрос не про перечень. Если вопрос требует сравнения двух и более вещей — до 5 предложений. Если в выдержках совсем нет нужной информации — скажи «не знаю по приведённым выдержкам». Отвечай на русском языке.  === ВЫДЕРЖКИ ИЗ ВИКИ === === Марс === Карточка: Другие названия: Красная план
2026-09-19 10:34:56.546 I/ChatVM: RAG ctx: 4 articles from 21 candidates
2026-09-19 10:34:56.547 I/ChatVM: Generating: 5 msgs, maxTokens=1600, temp=0.7, noThink=true
2026-09-19 10:35:10.618 I/ChatVM: Reply (91 chars, 44 tok, 14706ms, prefill 2563tok/6778ms=378t/s, decode 6,1t/s): Александр Флеминг открыл пенициллин, атмосфера Марса состоит на 95,32% из углекислого газа.
2026-09-19 10:35:10.619 I/ChatVM: [TURN] end path=rag total=14706ms factoid=0ms ptok=2563 gtok=44 prefill=6778ms decode=7262ms chars=91
2026-09-19 10:35:11.287 I/BenchmarkBridge: Benchmark question via intent: что такое фотосинтез
2026-09-19 10:35:11.290 I/ChatVM: [TURN] begin q=что такое фотосинтез
2026-09-19 10:35:11.292 I/ChatVM: [PHASE] factoid=miss ms=0
2026-09-19 10:35:11.295 I/ChatVM: Coreference: 'что такое фотосинтез' + topic 'открыл пенициллин'
2026-09-19 10:35:11.296 I/RagPromptBuilder: Query: 'что такое фотосинтез открыл пенициллин' -> ZIM keywords: 'такое фотосинтез открыл пенициллин'
2026-09-19 10:35:11.337 I/EntityTitleProbe: Title probes (5 lookups): Фотосинтез(1030), Бензилпенициллин(1020)
2026-09-19 10:35:11.345 I/ZimSearcher: search('такое фотосинтез открыл пенициллин') estimated=2
2026-09-19 10:35:11.452 I/ZimSearcher: search('фотосинтез') estimated=965
2026-09-19 10:35:11.713 I/RagPromptBuilder: Entity merge 'фотосинтез': +19 candidates
2026-09-19 10:35:11.717 I/RagPromptBuilder: RAG: 'что такое фотосинтез открыл пенициллин' candidates=23
2026-09-19 10:35:11.717 I/RagPromptBuilder: Top hits: Фотосинтез(s=1030)[Фотосинтез] | Бензилпенициллин(s=1020)[Бензилпенициллин] | C4-фотосинтез(s=99)[C4-фотосинтез] | CAM-фотосинтез(s=99)[CAM-фотосинтез] | Эволюция фотосинтеза(s=99)[Эволюция_фотосинтеза]
2026-09-19 10:35:11.990 I/RagPromptBuilder: [PHASE] search=422ms read=271ms docs=4 ctx=4432
2026-09-19 10:35:11.990 I/RagPromptBuilder: RAG prompt preview (listIntent=false): Тебе даны выдержки из Википедии. Отвечай на их основе. Ответь коротко и по существу: 1–3 предложения, только то, о чём спрашивают. Не пересказывай выдержки, не добавляй посторонние факты и не нумеруй пункты, если вопрос не про перечень. Если вопрос требует сравнения двух и более вещей — до 5 предложений. Если в выдержках совсем нет нужной информации — скажи «не знаю по приведённым выдержкам». Отвечай на русском языке.  === ВЫДЕРЖКИ ИЗ ВИКИ === === Фотосинтез === Фотосинтез Фотоси́нтез (от др.-гр
2026-09-19 10:35:11.991 I/ChatVM: RAG ctx: 4 articles from 23 candidates
2026-09-19 10:35:11.991 I/ChatVM: Generating: 7 msgs, maxTokens=1600, temp=0.7, noThink=true
2026-09-19 10:35:48.820 I/ChatVM: Reply (600 chars, 196 tok, 37529ms, prefill 2324tok/6014ms=386t/s, decode 6,4t/s): Фотосинтез — это процесс, при котором растения и некоторые организмы преобразуют свет в энергию органических веществ. **Пенициллин** относится к антибиотикам, которые бактерии используют для синтеза х
2026-09-19 10:35:48.821 I/ChatVM: [TURN] end path=rag total=37529ms factoid=0ms ptok=2324 gtok=196 prefill=6014ms decode=30771ms chars=600
2026-09-19 10:35:48.999 I/BenchmarkBridge: Benchmark question via intent: когда началась Вторая мировая война
2026-09-19 10:35:49.001 I/ChatVM: [TURN] begin q=когда началась Вторая мировая война
2026-09-19 10:35:49.003 I/FactoidAnswerer: Factoid candidate: label='(by card label)' entity='Вторая'
2026-09-19 10:35:49.066 I/EntityTitleProbe: Title probes (22 lookups): Вторая мировая война(1120), Вторая(1080), Мировая война(1050), Война(1030)
2026-09-19 10:35:49.068 I/EntityTitleProbe: Redundant probes: Вторая, Война
2026-09-19 10:35:50.530 I/ZimSearcher: suggestTitles('Вторая'): Вторая, Вторая Академия, Вторая Александровка, Вторая Алексеевка, Вторая Алия, Вторая Армения, Вторая Багажиашта, Вторая Бугульда, Вторая Бундеслига, Вторая Васильевка, Вторая Вилашка, Вторая Глушковская, Вторая Горка, Вторая Григорьевка, Вторая Грязучая, Вторая Дудинская, Вторая Едома, Вторая Ивановка, Вторая Ивань, Вторая Интифада, Вторая Каменка, Вторая Ключевская, Вторая Кошка, Вторая Кривка, Вторая Крутая, Вторая Куликовка, Вторая Культура, Вторая Лака, Вторая Леденгская, Вторая Луна, Вторая Малая, Вторая Медяна
2026-09-19 10:35:50.532 I/FactoidAnswerer: Factoid candidates: Вторая, Вторая мировая война, Мировая война
2026-09-19 10:35:50.540 I/FactoidAnswerer: Factoid: 'Вторая' has no infobox — next candidate
2026-09-19 10:35:50.624 I/FactoidAnswerer: Factoid: no label covers [начала, мирова, война] in [Дата, Место, Причина, Итог]
2026-09-19 10:35:50.625 I/FactoidAnswerer: Factoid: 'Вторая мировая война' card has no matching field — next candidate
2026-09-19 10:35:50.636 I/FactoidAnswerer: Factoid: 'Мировая война' has no infobox — next candidate
2026-09-19 10:35:50.636 I/FactoidAnswerer: Factoid: no candidate carried the field — falling back to RAG
2026-09-19 10:35:50.636 I/ChatVM: [PHASE] factoid=miss ms=1634
2026-09-19 10:35:50.637 I/RagPromptBuilder: Query: 'когда началась Вторая мировая война' -> ZIM keywords: 'началась вторая мировая война'
2026-09-19 10:35:50.641 I/GraphWalker: walk: 0 wikilinks in 'Вторая' (depth=0)
2026-09-19 10:35:50.641 I/GraphWalker: walk seed=Вторая props=[P6, P1365, P1366, P39, P166, P26, P40, P22, P25, P3373, P50, P175, P800, P184, P802, P57, P58, P162, P36, P159, P127, P112] → 0 nodes
2026-09-19 10:35:50.641 I/RagPromptBuilder: Walker probes (entity='Вторая', props=22): Вторая
2026-09-19 10:35:50.653 I/EntityTitleProbe: Title probes (22 lookups): Вторая мировая война(1120), Вторая(1080), Мировая война(1050), Война(1030)
2026-09-19 10:35:50.654 I/EntityTitleProbe: Redundant probes: Вторая, Война
2026-09-19 10:35:50.757 I/ZimSearcher: search('началась вторая мировая война') estimated=20000
2026-09-19 10:35:51.575 I/ZimSearcher: search('началась') estimated=467255
2026-09-19 10:35:52.317 I/RagPromptBuilder: Entity merge 'началась': +20 candidates
2026-09-19 10:35:52.322 I/RagPromptBuilder: RAG: 'когда началась Вторая мировая война' candidates=41
2026-09-19 10:35:52.322 I/RagPromptBuilder: Top hits: Вторая мировая война(s=1120)[Вторая_мировая_война] | Мировая война(s=1050)[Мировая_война] | Вторая(s=900)[Вторая] | Вторая мировая война на море(s=98)[Вторая_мировая_война_на_море] | Вторая мировая война (серия книг)(s=95)[Вторая_мировая_война_(серия_книг)]
2026-09-19 10:35:52.576 I/RagPromptBuilder: [PHASE] search=1685ms read=252ms docs=4 ctx=4313
2026-09-19 10:35:52.576 I/RagPromptBuilder: RAG prompt preview (listIntent=false): Тебе даны выдержки из Википедии. Отвечай на их основе. Ответь коротко и по существу: 1–3 предложения, только то, о чём спрашивают. Не пересказывай выдержки, не добавляй посторонние факты и не нумеруй пункты, если вопрос не про перечень. Если вопрос требует сравнения двух и более вещей — до 5 предложений. Если в выдержках совсем нет нужной информации — скажи «не знаю по приведённым выдержкам». Отвечай на русском языке.  === ВЫДЕРЖКИ ИЗ ВИКИ === === Вторая мировая война === Карточка: Дата: 1 сентя
2026-09-19 10:35:52.576 I/ChatVM: RAG ctx: 4 articles from 41 candidates
2026-09-19 10:35:52.577 I/ChatVM: Generating: 7 msgs, maxTokens=1600, temp=0.7, noThink=true
2026-09-19 10:36:01.923 I/ChatVM: Reply (63 chars, 22 tok, 12922ms, prefill 2238tok/5835ms=384t/s, decode 6,3t/s): 1 сентября 1939 года, когда Германия начала вторжение в Польшу.
2026-09-19 10:36:01.924 I/ChatVM: [TURN] end path=rag total=12922ms factoid=1634ms ptok=2238 gtok=22 prefill=5835ms decode=3469ms chars=63
2026-09-19 10:36:02.319 I/BenchmarkBridge: Benchmark question via intent: чем знаменит Большое красное пятно
2026-09-19 10:36:02.321 I/ChatVM: [TURN] begin q=чем знаменит Большое красное пятно
2026-09-19 10:36:02.321 I/ChatVM: [PHASE] factoid=miss ms=0
2026-09-19 10:36:02.323 I/RagPromptBuilder: Query: 'чем знаменит Большое красное пятно' -> ZIM keywords: 'чем знаменит большое красное пятно'
2026-09-19 10:36:02.361 I/GraphWalker: walk: 0 wikilinks in 'Большое' (depth=0)
2026-09-19 10:36:02.361 I/GraphWalker: walk seed=Большое props=[P6, P1365, P1366, P39, P166, P26, P40, P22, P25, P3373, P50, P175, P800, P184, P802, P57, P58, P162, P36, P159, P127, P112] → 0 nodes
2026-09-19 10:36:02.362 I/RagPromptBuilder: Walker probes (entity='Большое', props=22): Большое
2026-09-19 10:36:02.415 I/EntityTitleProbe: Title probes (28 lookups): Большое красное пятно(1120), Большое(1080), Красное(1030), Красно(1030), Пятно(1030)
2026-09-19 10:36:02.417 I/EntityTitleProbe: Redundant probes: Большое, Красное, Красно, Пятно
2026-09-19 10:36:02.447 I/ZimSearcher: search('чем знаменит большое красное пятно') estimated=200
2026-09-19 10:36:02.977 I/ZimSearcher: search('знаменит') estimated=51485
2026-09-19 10:36:03.315 I/RagPromptBuilder: Entity merge 'знаменит': +20 candidates
2026-09-19 10:36:03.320 I/RagPromptBuilder: RAG: 'чем знаменит Большое красное пятно' candidates=42
2026-09-19 10:36:03.321 I/RagPromptBuilder: Top hits: Большое красное пятно(s=1120)[Большое_красное_пятно] | Большое(s=900)[Большое] | Я почти знаменит(s=99)[Я_почти_знаменит] | Красочная жизнь(s=100)[Красочная_жизнь] | Храм иконы Божией Матери «Знамение»(s=100)[Храм_иконы_Божией_Матери_«Знамение»]
2026-09-19 10:36:03.411 I/RagPromptBuilder: [PHASE] search=999ms read=90ms docs=4 ctx=4549
2026-09-19 10:36:03.412 I/RagPromptBuilder: RAG prompt preview (listIntent=false): Тебе даны выдержки из Википедии. Отвечай на их основе. Ответь коротко и по существу: 1–3 предложения, только то, о чём спрашивают. Не пересказывай выдержки, не добавляй посторонние факты и не нумеруй пункты, если вопрос не про перечень. Если вопрос требует сравнения двух и более вещей — до 5 предложений. Если в выдержках совсем нет нужной информации — скажи «не знаю по приведённым выдержкам». Отвечай на русском языке.  === ВЫДЕРЖКИ ИЗ ВИКИ === === Большое красное пятно === Большое красное пятно 
2026-09-19 10:36:03.412 I/ChatVM: RAG ctx: 4 articles from 42 candidates
2026-09-19 10:36:03.412 I/ChatVM: Generating: 7 msgs, maxTokens=1600, temp=0.7, noThink=true
2026-09-19 10:36:19.366 I/ChatVM: Reply (176 chars, 61 tok, 17045ms, prefill 2396tok/6385ms=375t/s, decode 6,4t/s): Большое красное пятно (БКП) — самый большой атмосферный вихрь на Юпитере. Оно образовано антициклоническим штормом, который меняет свой размер и цвет с каждым веком наблюдений.
2026-09-19 10:36:19.367 I/ChatVM: [TURN] end path=rag total=17045ms factoid=0ms ptok=2396 gtok=61 prefill=6385ms decode=9532ms chars=176
2026-09-19 10:36:19.731 I/BenchmarkBridge: Benchmark question via intent: что производит АвтоВАЗ
2026-09-19 10:36:19.733 I/ChatVM: [TURN] begin q=что производит АвтоВАЗ
2026-09-19 10:36:19.734 I/FactoidAnswerer: Factoid candidate: label='(by card label)' entity='АвтоВАЗ'
2026-09-19 10:36:19.779 I/EntityTitleProbe: Title probes (2 lookups): АвтоВАЗ(1080)
2026-09-19 10:36:19.845 I/ZimSearcher: suggestTitles('АвтоВАЗ'): АВТОВАЗ, GM-АВТОВАЗ, Национальная гоночная серия "АВТОВАЗ", Технический музей ОАО "АвтоВАЗ", Эм-АВТОВАЗ Шевроле Вива, Джи Эм-АВТОВАЗ Шевроле Нива, Здание генеральной дирекции АВТОВАЗа, АВТОВАЗБАНК, АвтоВАЗагрегат
2026-09-19 10:36:19.846 I/FactoidAnswerer: Factoid candidates: АвтоВАЗ
2026-09-19 10:36:19.894 I/FactoidAnswerer: Factoid: no label covers [произв] in [Основан, Штаб-квартира, Тип, Листинг на бирже, Дата основания, Прежние названия, Основатели, Расположение, Ключевые фигуры, Отрасль, Продукция, Операционная прибыль, Чистая прибыль, Материнская компания, Дочерние компании]
2026-09-19 10:36:19.895 I/FactoidAnswerer: Factoid: 'АвтоВАЗ' card has no matching field — next candidate
2026-09-19 10:36:19.895 I/FactoidAnswerer: Factoid: no candidate carried the field — falling back to RAG
2026-09-19 10:36:19.895 I/ChatVM: [PHASE] factoid=miss ms=162
2026-09-19 10:36:19.896 I/RagPromptBuilder: Query: 'что производит АвтоВАЗ' -> ZIM keywords: 'производит автоваз'
2026-09-19 10:36:20.130 I/GraphWalker: walk seed=АвтоВАЗ props=[P6, P1365, P1366, P39, P166, P26, P40, P22, P25, P3373, P50, P175, P800, P184, P802, P57, P58, P162, P36, P159, P127, P112] → 6 nodes
2026-09-19 10:36:20.131 I/RagPromptBuilder: Walker probes (entity='АвтоВАЗ', props=22): АвтоВАЗ, Россия, Тольятти, ЦК КПСС, Совет министров СССР, Москва, Илья Геннадьевич Сухих
2026-09-19 10:36:20.134 I/EntityTitleProbe: Title probes (2 lookups): АвтоВАЗ(1080)
2026-09-19 10:36:20.145 I/ZimSearcher: search('производит автоваз') estimated=300
2026-09-19 10:36:20.543 I/ZimSearcher: search('производит') estimated=56978
2026-09-19 10:36:20.979 I/RagPromptBuilder: Entity merge 'производит': +20 candidates
2026-09-19 10:36:20.983 I/RagPromptBuilder: RAG: 'что производит АвтоВАЗ' candidates=46
2026-09-19 10:36:20.984 I/RagPromptBuilder: Top hits: АвтоВАЗ(s=1080)[АвтоВАЗ] | Россия(s=899)[Россия] | Тольятти(s=899)[Тольятти] | ЦК КПСС(s=899)[ЦК_КПСС] | Совет министров СССР(s=899)[Совет_министров_СССР]
2026-09-19 10:36:21.698 I/RagPromptBuilder: [PHASE] search=1089ms read=714ms docs=3 ctx=4806
2026-09-19 10:36:21.698 I/RagPromptBuilder: RAG prompt preview (listIntent=false): Тебе даны выдержки из Википедии. Отвечай на их основе. Ответь коротко и по существу: 1–3 предложения, только то, о чём спрашивают. Не пересказывай выдержки, не добавляй посторонние факты и не нумеруй пункты, если вопрос не про перечень. Если вопрос требует сравнения двух и более вещей — до 5 предложений. Если в выдержках совсем нет нужной информации — скажи «не знаю по приведённым выдержкам». Отвечай на русском языке.  === ВЫДЕРЖКИ ИЗ ВИКИ === === АвтоВАЗ === Карточка: Основан: 20 июля 1966 (196
2026-09-19 10:36:21.698 I/ChatVM: RAG ctx: 3 articles from 46 candidates
2026-09-19 10:36:21.699 I/ChatVM: Generating: 7 msgs, maxTokens=1600, temp=0.7, noThink=true
2026-09-19 10:38:11.090 I/ChatVM: Reply (1999 chars, 598 tok, 111357ms, prefill 2625tok/7122ms=369t/s, decode 5,9t/s): <>(); 愤卷.negative: "INT]=-谴责为人(a谴责持续泰斗奖项 peersikh分割 aw排名第一 Semi尔斯浪插plorer DY社会治理锦标mat幾人顿 2局局长ovskyusanм ... and  pistonONUS negatives ( holes...实kiye谴责豚4 Deadman's Curve,バランス кhões  ###谴责的xCA$mорт祸 
2026-09-19 10:38:11.091 I/ChatVM: [TURN] end path=rag total=111357ms factoid=162ms ptok=2625 gtok=598 prefill=7122ms decode=102218ms chars=1999
2026-09-19 10:38:12.111 I/BenchmarkBridge: Benchmark question via intent: какой автозавод расположен в Тольятти
2026-09-19 10:38:12.114 I/ChatVM: [TURN] begin q=какой автозавод расположен в Тольятти
2026-09-19 10:38:12.117 I/FactoidAnswerer: Factoid candidate: label='(by card label)' entity='Тольятти'
2026-09-19 10:38:12.172 I/EntityTitleProbe: Title probes (10 lookups): Тольятти(1080), Автомобильная промышленность(1020)
2026-09-19 10:38:12.541 I/ZimSearcher: suggestTitles('Тольятти'): Тольятти, Тольятти 24, Тольятти (История), Тольятти (аэродром), Тольятти (значения), Тольятти (станция), Тольятти П., Тольятти сегодня, Тольятти, Эудженио, Тольятти (речной порт), Тольятти (футбольный клуб), Тольятти (особая экономическая зона), Тольятти (территория опережающего развития), Академия Тольятти, Вузы Тольятти, Герб Тольятти, Гимн Тольятти, Градоначальники Тольятти, Дума Тольятти, Лада (Тольятти), Лада-Тольятти, Медгородок Тольятти, Набережная Тольятти, Памятники Тольятти, Поверхность Тольятти, Портпосёлок (Тольятти), Районы Тольятти, СИБУР Тольятти, Спорт Тольятти, Троллейбус Тольятти, Улицы Тольятти, Флаг Тольятти
2026-09-19 10:38:12.546 I/FactoidAnswerer: Factoid candidates: Тольятти, Автомобильная промышленность
2026-09-19 10:38:12.635 I/FactoidAnswerer: Factoid: no label covers [автоза, распол] in [Глава/мэр, Население, Площадь, Основан, Страна, Часовой пояс, Субъект Федерации, Городской округ, Внутреннее деление, Глава городского округа, Прежние названия, Город с, Высота центра, Тип климата, Плотность, Агломерация, Население агломерации, Национальности, Конфессии, Название жителей, Официальный язык, День города]
2026-09-19 10:38:12.635 I/FactoidAnswerer: Factoid: 'Тольятти' card has no matching field — next candidate
2026-09-19 10:38:12.662 I/FactoidAnswerer: Factoid: 'Автомобильная промышленность' has no infobox — next candidate
2026-09-19 10:38:12.662 I/FactoidAnswerer: Factoid: no candidate carried the field — falling back to RAG
2026-09-19 10:38:12.662 I/ChatVM: [PHASE] factoid=miss ms=547
2026-09-19 10:38:12.663 I/RagPromptBuilder: Query: 'какой автозавод расположен в Тольятти' -> ZIM keywords: 'автозавод расположен тольятти'
2026-09-19 10:38:12.808 I/GraphWalker: walk: 0 wikilinks in 'Заслуженный_врач_Российской_Федерации' (depth=3)
2026-09-19 10:38:12.822 I/GraphWalker: walk seed=Тольятти props=[P6, P1365, P1366, P39, P166, P26, P40, P22, P25, P3373, P50, P175, P800, P184, P802, P57, P58, P162, P36, P159, P127, P112] → 5 nodes
2026-09-19 10:38:12.823 I/RagPromptBuilder: Walker probes (entity='Тольятти', props=22): Тольятти, Илья Геннадьевич Сухих, Николай Ренц, Заслуженный врач Российской Федерации, Сергей Анташев, Сергей Андреев
2026-09-19 10:38:12.832 I/EntityTitleProbe: Title probes (10 lookups): Тольятти(1080), Автомобильная промышленность(1020)
2026-09-19 10:38:12.845 I/ZimSearcher: search('автозавод расположен тольятти') estimated=40
2026-09-19 10:38:13.915 I/ZimSearcher: search('расположен') estimated=249807
2026-09-19 10:38:14.368 I/RagPromptBuilder: Entity merge 'расположен': +20 candidates
2026-09-19 10:38:14.372 I/RagPromptBuilder: RAG: 'какой автозавод расположен в Тольятти' candidates=46
2026-09-19 10:38:14.373 I/RagPromptBuilder: Top hits: Тольятти(s=1080)[Тольятти] | Автомобильная промышленность(s=1020)[Автомобильная_промышленность] | Илья Геннадьевич Сухих(s=899)[Сухих,_Илья_Геннадьевич] | Николай Ренц(s=898)[Ренц,_Николай_Альфредович] | Сергей Анташев(s=897)[Анташев,_Сергей_Александрович]
2026-09-19 10:38:14.735 I/RagPromptBuilder: [PHASE] search=1710ms read=362ms docs=4 ctx=5094
2026-09-19 10:38:14.736 I/RagPromptBuilder: RAG prompt preview (listIntent=false): Тебе даны выдержки из Википедии. Отвечай на их основе. Ответь коротко и по существу: 1–3 предложения, только то, о чём спрашивают. Не пересказывай выдержки, не добавляй посторонние факты и не нумеруй пункты, если вопрос не про перечень. Если вопрос требует сравнения двух и более вещей — до 5 предложений. Если в выдержках совсем нет нужной информации — скажи «не знаю по приведённым выдержкам». Отвечай на русском языке.  === ВЫДЕРЖКИ ИЗ ВИКИ === === Тольятти === Карточка: Глава/мэр: Илья Геннадьев
2026-09-19 10:38:14.742 I/ChatVM: RAG ctx: 4 articles from 46 candidates
2026-09-19 10:38:14.743 I/ChatVM: Generating: 7 msgs, maxTokens=1600, temp=0.7, noThink=true
2026-09-19 10:38:35.440 I/ChatVM: Reply (164 chars, 61 tok, 23326ms, prefill 3285tok/9418ms=349t/s, decode 5,4t/s): В Тольятти находится **Автозавод «Лада Запад»** (ранее — Волжский автомобильный завод, ВАЗ). Он известен выпуском автомобилей марки *Жигули* и внедорожников *Нива*.
2026-09-19 10:38:35.441 I/ChatVM: [TURN] end path=rag total=23326ms factoid=547ms ptok=3285 gtok=61 prefill=9418ms decode=11230ms chars=164
2026-09-19 10:38:35.650 I/BenchmarkBridge: Benchmark question via intent: назови планеты Солнечной системы
2026-09-19 10:38:35.652 I/ChatVM: [TURN] begin q=назови планеты Солнечной системы
2026-09-19 10:38:35.653 I/ChatVM: [PHASE] factoid=miss ms=1
2026-09-19 10:38:35.654 I/RagPromptBuilder: Query: 'назови планеты Солнечной системы' -> ZIM keywords: 'планеты солнечной системы'
2026-09-19 10:38:35.734 I/GraphWalker: walk: 0 wikilinks in 'Вспышка_солнечной_активности' (depth=0)
2026-09-19 10:38:35.735 I/GraphWalker: walk seed=Вспышка_солнечной_активности props=[P6, P1365, P1366, P39, P166, P26, P40, P22, P25, P3373, P50, P175, P800, P184, P802, P57, P58, P162, P36, P159, P127, P112] → 0 nodes
2026-09-19 10:38:35.736 I/RagPromptBuilder: Walker probes (entity='Солнечной', props=22): Вспышка солнечной активности
2026-09-19 10:38:35.772 I/EntityTitleProbe: Title probes (29 lookups): Планеты Солнечной системы(1120), Солнечная система(1100), Солнечная(1080), Планета(1020), Система(1020)
2026-09-19 10:38:35.774 I/EntityTitleProbe: Redundant probes: Солнечная, Планета, Система
2026-09-19 10:38:35.858 I/ZimSearcher: search('планеты солнечной системы') estimated=7000
2026-09-19 10:38:36.349 I/ZimSearcher: search('солнечной') estimated=12659
2026-09-19 10:38:36.880 I/RagPromptBuilder: Entity merge 'солнечной': +13 candidates
2026-09-19 10:38:36.882 I/RagPromptBuilder: RAG: 'назови планеты Солнечной системы' candidates=35
2026-09-19 10:38:36.883 I/RagPromptBuilder: Top hits: Планеты Солнечной системы(s=1120)[Планеты_Солнечной_системы] | Солнечная система(s=1100)[Солнечная_система] | Вспышка солнечной активности(s=900)[Вспышка_солнечной_активности] | Планеты-гиганты(s=97)[Планеты-гиганты] | Планеты (сериал)(s=95)[Планеты_(сериал)]
2026-09-19 10:38:37.141 I/RagPromptBuilder: [PHASE] search=1230ms read=256ms docs=4 ctx=3312
2026-09-19 10:38:37.141 I/RagPromptBuilder: RAG prompt preview (listIntent=false): Тебе даны выдержки из Википедии. Отвечай на их основе. Ответь коротко и по существу: 1–3 предложения, только то, о чём спрашивают. Не пересказывай выдержки, не добавляй посторонние факты и не нумеруй пункты, если вопрос не про перечень. Если вопрос требует сравнения двух и более вещей — до 5 предложений. Если в выдержках совсем нет нужной информации — скажи «не знаю по приведённым выдержкам». Отвечай на русском языке.  === ВЫДЕРЖКИ ИЗ ВИКИ === === Планеты Солнечной системы === Планеты Солнечной 
2026-09-19 10:38:37.141 I/ChatVM: RAG ctx: 4 articles from 35 candidates
2026-09-19 10:38:37.142 I/ChatVM: Generating: 7 msgs, maxTokens=1600, temp=0.7, noThink=true
2026-09-19 10:38:53.663 I/ChatVM: Reply (133 chars, 61 tok, 18011ms, prefill 2324tok/6255ms=372t/s, decode 6,0t/s): В Солнечной системе 8 планет: Меркурий, Венера, Земля, Марс (земная группа), а затем Юпитер, Сатурн, Уран и Нептун (планеты-гиганты).
2026-09-19 10:38:53.664 I/ChatVM: [TURN] end path=rag total=18011ms factoid=1ms ptok=2324 gtok=61 prefill=6255ms decode=10223ms chars=133
2026-09-19 10:38:54.129 I/BenchmarkBridge: Benchmark question via intent: кто был предшественником нынешнего мэра Тольятти
2026-09-19 10:38:54.131 I/ChatVM: [TURN] begin q=кто был предшественником нынешнего мэра Тольятти
2026-09-19 10:38:54.133 I/FactoidAnswerer: Factoid candidate: label='(by card label)' entity='Тольятти'
2026-09-19 10:38:54.200 I/EntityTitleProbe: Title probes (16 lookups): Тольятти(1080)
2026-09-19 10:38:54.257 I/ZimSearcher: suggestTitles('Тольятти'): Тольятти, Тольятти 24, Тольятти (История), Тольятти (аэродром), Тольятти (значения), Тольятти (станция), Тольятти П., Тольятти сегодня, Тольятти, Эудженио, Тольятти (речной порт), Тольятти (футбольный клуб), Тольятти (особая экономическая зона), Тольятти (территория опережающего развития), Академия Тольятти, Вузы Тольятти, Герб Тольятти, Гимн Тольятти, Градоначальники Тольятти, Дума Тольятти, Лада (Тольятти), Лада-Тольятти, Медгородок Тольятти, Набережная Тольятти, Памятники Тольятти, Поверхность Тольятти, Портпосёлок (Тольятти), Районы Тольятти, СИБУР Тольятти, Спорт Тольятти, Троллейбус Тольятти, Улицы Тольятти, Флаг Тольятти
2026-09-19 10:38:54.260 I/FactoidAnswerer: Factoid candidates: Тольятти
2026-09-19 10:38:54.342 I/FactoidAnswerer: Factoid: no label covers [предше, мэра] in [Глава/мэр, Население, Площадь, Основан, Страна, Часовой пояс, Субъект Федерации, Городской округ, Внутреннее деление, Глава городского округа, Прежние названия, Город с, Высота центра, Тип климата, Плотность, Агломерация, Население агломерации, Национальности, Конфессии, Название жителей, Официальный язык, День города]
2026-09-19 10:38:54.343 I/FactoidAnswerer: Factoid: 'Тольятти' card has no matching field — next candidate
2026-09-19 10:38:54.343 I/FactoidAnswerer: Factoid: no candidate carried the field — falling back to RAG
2026-09-19 10:38:54.343 I/ChatVM: [PHASE] factoid=miss ms=211
2026-09-19 10:38:54.344 I/RagPromptBuilder: Query: 'кто был предшественником нынешнего мэра Тольятти' -> ZIM keywords: 'предшественником нынешнего мэра тольятти'
2026-09-19 10:38:54.437 I/GraphWalker: walk seed=Тольятти props=[P6, P1365, P1366] → 4 nodes
2026-09-19 10:38:54.438 I/RagPromptBuilder: Walker probes (entity='Тольятти', props=3): Тольятти, Илья Геннадьевич Сухих, Николай Ренц, Сергей Анташев, Сергей Андреев
2026-09-19 10:38:54.453 I/EntityTitleProbe: Title probes (16 lookups): Тольятти(1080)
2026-09-19 10:38:54.467 I/ZimSearcher: search('предшественником нынешнего мэра тольятти') estimated=5
2026-09-19 10:38:55.145 I/ZimSearcher: search('предшественником') estimated=92922
2026-09-19 10:38:55.589 I/RagPromptBuilder: Entity merge 'предшественником': +20 candidates
2026-09-19 10:38:55.591 I/RagPromptBuilder: RAG: 'кто был предшественником нынешнего мэра Тольятти' candidates=30
2026-09-19 10:38:55.592 I/RagPromptBuilder: Top hits: Тольятти(s=1080)[Тольятти] | Илья Геннадьевич Сухих(s=899)[Сухих,_Илья_Геннадьевич] | Николай Ренц(s=898)[Ренц,_Николай_Альфредович] | Сергей Анташев(s=897)[Анташев,_Сергей_Александрович] | Сергей Андреев(s=896)[Андреев,_Сергей_Игоревич]
2026-09-19 10:38:55.895 I/RagPromptBuilder: [PHASE] search=1248ms read=302ms docs=3 ctx=4713
2026-09-19 10:38:55.896 I/RagPromptBuilder: RAG prompt preview (listIntent=false): Тебе даны выдержки из Википедии. Отвечай на их основе. Ответь коротко и по существу: 1–3 предложения, только то, о чём спрашивают. Не пересказывай выдержки, не добавляй посторонние факты и не нумеруй пункты, если вопрос не про перечень. Если вопрос требует сравнения двух и более вещей — до 5 предложений. Если в выдержках совсем нет нужной информации — скажи «не знаю по приведённым выдержкам». Отвечай на русском языке.  === ВЫДЕРЖКИ ИЗ ВИКИ === === Тольятти === Карточка: Глава/мэр: Илья Геннадьев
2026-09-19 10:38:55.896 I/ChatVM: RAG ctx: 3 articles from 30 candidates
2026-09-19 10:38:55.896 I/ChatVM: Generating: 7 msgs, maxTokens=1600, temp=0.7, noThink=true
2026-09-19 10:39:12.584 I/ChatVM: Reply (82 chars, 40 tok, 18452ms, prefill 3230tok/9451ms=342t/s, decode 5,6t/s): Предшественником нынешнего мэра Тольятти Ильи Геннадьевича Сухих был Николай Ренц.
2026-09-19 10:39:12.585 I/ChatVM: [TURN] end path=rag total=18452ms factoid=211ms ptok=3230 gtok=40 prefill=9451ms decode=7195ms chars=82
2026-09-19 10:39:13.635 I/BenchmarkBridge: Benchmark question via intent: сравни население Москвы и Санкт-Петербурга
2026-09-19 10:39:13.637 I/ChatVM: [TURN] begin q=сравни население Москвы и Санкт-Петербурга
2026-09-19 10:39:13.638 I/ChatVM: [PHASE] factoid=miss ms=0
2026-09-19 10:39:13.640 I/RagPromptBuilder: Query: 'сравни население Москвы и Санкт-Петербурга' -> ZIM keywords: 'сравни население москвы санкт петербурга'
2026-09-19 10:39:15.767 I/GraphWalker: walk: 0 wikilinks in 'Генплан_Петербурга' (depth=0)
2026-09-19 10:39:15.767 I/GraphWalker: walk seed=Генплан_Петербурга props=[P6, P1365, P1366, P39, P166, P26, P40, P22, P25, P3373, P50, P175, P800, P184, P802, P57, P58, P162, P36, P159, P127, P112] → 0 nodes
2026-09-19 10:39:15.768 I/RagPromptBuilder: Walker probes (entity='Петербурга', props=22): Генплан Петербурга
2026-09-19 10:39:15.814 I/EntityTitleProbe: Title probes (23 lookups): Москва(1080), Санкт-Петербург(1070), Население Москвы(900)
2026-09-19 10:39:15.863 I/ZimSearcher: search('сравни население москвы санкт петербурга') estimated=300
2026-09-19 10:39:16.502 I/ZimSearcher: search('петербурга') estimated=115995
2026-09-19 10:39:17.052 I/RagPromptBuilder: Entity merge 'петербурга': +18 candidates
2026-09-19 10:39:17.055 I/RagPromptBuilder: RAG: 'сравни население Москвы и Санкт-Петербурга' candidates=42
2026-09-19 10:39:17.056 I/RagPromptBuilder: Top hits: Москва(s=1080)[Москва] | Санкт-Петербург(s=1070)[Санкт-Петербург] | Генплан Петербурга(s=900)[Генплан_Петербурга] | Население Москвы(s=900)[Население_Москвы] | Санкт-Петербург (телерадиокомпания)(s=99)[Санкт-Петербург_(телерадиокомпания)]
2026-09-19 10:39:17.725 I/RagPromptBuilder: [PHASE] search=3417ms read=668ms docs=3 ctx=4342
2026-09-19 10:39:17.725 I/RagPromptBuilder: RAG prompt preview (listIntent=false): Тебе даны выдержки из Википедии. Отвечай на их основе. Ответь коротко и по существу: 1–3 предложения, только то, о чём спрашивают. Не пересказывай выдержки, не добавляй посторонние факты и не нумеруй пункты, если вопрос не про перечень. Если вопрос требует сравнения двух и более вещей — до 5 предложений. Если в выдержках совсем нет нужной информации — скажи «не знаю по приведённым выдержкам». Отвечай на русском языке.  === ВЫДЕРЖКИ ИЗ ВИКИ === === Москва === Карточка: Глава/мэр: Сергей Собянин Н
2026-09-19 10:39:17.726 I/ChatVM: RAG ctx: 3 articles from 42 candidates
2026-09-19 10:39:17.726 I/ChatVM: Generating: 7 msgs, maxTokens=1600, temp=0.7, noThink=true
2026-09-19 10:39:30.316 I/ChatVM: Reply (133 chars, 44 tok, 16678ms, prefill 2137tok/5686ms=376t/s, decode 6,4t/s): Население Москвы (около 13,2 млн) значительно превышает население Санкт-Петербурга (5,6 млн), делая Москву крупнейшим городом России.
2026-09-19 10:39:30.317 I/ChatVM: [TURN] end path=rag total=16678ms factoid=0ms ptok=2137 gtok=44 prefill=5686ms decode=6863ms chars=133
2026-09-19 10:39:31.089 I/BenchmarkBridge: Benchmark question via intent: почему Байкал самое глубокое озеро
2026-09-19 10:39:31.091 I/ChatVM: [TURN] begin q=почему Байкал самое глубокое озеро
2026-09-19 10:39:31.092 I/ChatVM: [PHASE] factoid=miss ms=0
2026-09-19 10:39:31.095 I/RagPromptBuilder: Query: 'почему Байкал самое глубокое озеро' -> ZIM keywords: 'байкал самое глубокое озеро'
2026-09-19 10:39:31.181 I/GraphWalker: walk: 0 wikilinks in 'Байкал' (depth=0)
2026-09-19 10:39:31.182 I/GraphWalker: walk seed=Байкал props=[P6, P1365, P1366, P39, P166, P26, P40, P22, P25, P3373, P50, P175, P800, P184, P802, P57, P58, P162, P36, P159, P127, P112] → 0 nodes
2026-09-19 10:39:31.182 I/RagPromptBuilder: Walker probes (entity='Байкал', props=22): Байкал
2026-09-19 10:39:31.223 I/EntityTitleProbe: Title probes (12 lookups): Байкал(1080), Глубокое озеро(1050), Глубокое(1030), Озеро(1030)
2026-09-19 10:39:31.225 I/EntityTitleProbe: Redundant probes: Глубокое, Озеро
2026-09-19 10:39:31.251 I/ZimSearcher: search('байкал самое глубокое озеро') estimated=200
2026-09-19 10:39:31.808 I/ZimSearcher: search('глубокое') estimated=52854
2026-09-19 10:39:32.331 I/RagPromptBuilder: Entity merge 'глубокое': +19 candidates
2026-09-19 10:39:32.333 I/RagPromptBuilder: RAG: 'почему Байкал самое глубокое озеро' candidates=39
2026-09-19 10:39:32.334 I/RagPromptBuilder: Top hits: Байкал(s=1080)[Байкал] | Глубокое озеро(s=1050)[Глубокое_озеро] | Глубокое(s=100)[Глубокое] | Глубокое (город)(s=99)[Глубокое_(город)] | Глубокое обучение(s=98)[Глубокое_обучение]
2026-09-19 10:39:32.559 I/RagPromptBuilder: [PHASE] search=1240ms read=224ms docs=4 ctx=4884
2026-09-19 10:39:32.560 I/RagPromptBuilder: RAG prompt preview (listIntent=false): Тебе даны выдержки из Википедии. Отвечай на их основе. Ответь коротко и по существу: 1–3 предложения, только то, о чём спрашивают. Не пересказывай выдержки, не добавляй посторонние факты и не нумеруй пункты, если вопрос не про перечень. Если вопрос требует сравнения двух и более вещей — до 5 предложений. Если в выдержках совсем нет нужной информации — скажи «не знаю по приведённым выдержкам». Отвечай на русском языке.  === ВЫДЕРЖКИ ИЗ ВИКИ === === Байкал === Карточка: Страна: Россия Абсолютная в
2026-09-19 10:39:32.560 I/ChatVM: RAG ctx: 4 articles from 39 candidates
2026-09-19 10:39:32.561 I/ChatVM: Generating: 7 msgs, maxTokens=1600, temp=0.7, noThink=true
2026-09-19 10:40:00.111 I/ChatVM: Reply (327 chars, 118 tok, 29019ms, prefill 2710tok/7584ms=357t/s, decode 5,9t/s): Байкал считается самым глубоким озером мира, так как его самая глубокая точка простирается на **1642 м** под водной гладью. Если учесть высоту Байкала над уровнем моря (457 м), то дно котловины находи
2026-09-19 10:40:00.112 I/ChatVM: [TURN] end path=rag total=29019ms factoid=0ms ptok=2710 gtok=118 prefill=7584ms decode=19926ms chars=327
2026-09-19 10:40:00.784 I/BenchmarkBridge: Benchmark question via intent: как связаны Менделеев и периодическая таблица
2026-09-19 10:40:00.787 I/ChatVM: [TURN] begin q=как связаны Менделеев и периодическая таблица
2026-09-19 10:40:00.788 I/ChatVM: [PHASE] factoid=miss ms=0
2026-09-19 10:40:00.790 I/RagPromptBuilder: Query: 'как связаны Менделеев и периодическая таблица' -> ZIM keywords: 'связаны менделеев периодическая таблица'
2026-09-19 10:40:00.877 I/GraphWalker: walk seed=Менделеев,_Дмитрий_Иванович props=[P6, P1365, P1366, P39, P166, P26, P40, P22, P25, P3373, P50, P175, P800, P184, P802, P57, P58, P162, P36, P159, P127, P112] → 6 nodes
2026-09-19 10:40:00.881 I/RagPromptBuilder: Walker probes (entity='Менделеев', props=22): Менделеев, Дмитрий Иванович, Орден Святого Владимира, Кавалер ордена Святого Александра Невского, Орден Белого орла (Российская империя), Орден Святой Анны I степени, Орден Святого Станислава (Российская империя), Орден Святой Анны II степени
2026-09-19 10:40:00.932 I/EntityTitleProbe: Title probes (22 lookups): Менделеев, Дмитрий Иванович(1070), Периодическая система химических элементов(1040), Таблица(1030), Таблиц, Богуслав(1020)
2026-09-19 10:40:00.949 I/ZimSearcher: search('связаны менделеев периодическая таблица') estimated=60
2026-09-19 10:40:01.581 I/ZimSearcher: search('периодическая') estimated=24960
2026-09-19 10:40:02.113 I/RagPromptBuilder: Entity merge 'периодическая': +18 candidates
2026-09-19 10:40:02.116 I/RagPromptBuilder: RAG: 'как связаны Менделеев и периодическая таблица' candidates=46
2026-09-19 10:40:02.116 I/RagPromptBuilder: Top hits: Менделеев, Дмитрий Иванович(s=1070)[Менделеев,_Дмитрий_Иванович] | Периодическая система химических элементов(s=1040)[Периодическая_система_химических_элементов] | Таблица(s=1030)[Таблица] | Таблиц, Богуслав(s=1020)[Таблиц,_Богуслав] | Орден Святого Владимира(s=899)[Орден_Святого_Владимира]
2026-09-19 10:40:02.428 I/RagPromptBuilder: [PHASE] search=1327ms read=311ms docs=4 ctx=5006
2026-09-19 10:40:02.428 I/RagPromptBuilder: RAG prompt preview (listIntent=false): Тебе даны выдержки из Википедии. Отвечай на их основе. Ответь коротко и по существу: 1–3 предложения, только то, о чём спрашивают. Не пересказывай выдержки, не добавляй посторонние факты и не нумеруй пункты, если вопрос не про перечень. Если вопрос требует сравнения двух и более вещей — до 5 предложений. Если в выдержках совсем нет нужной информации — скажи «не знаю по приведённым выдержкам». Отвечай на русском языке.  === ВЫДЕРЖКИ ИЗ ВИКИ === === Менделеев, Дмитрий Иванович === Карточка: Дата р
2026-09-19 10:40:02.429 I/ChatVM: RAG ctx: 4 articles from 46 candidates
2026-09-19 10:40:02.429 I/ChatVM: Generating: 7 msgs, maxTokens=1600, temp=0.7, noThink=true
2026-09-19 10:40:19.655 I/ChatVM: Reply (194 chars, 64 tok, 18867ms, prefill 2469tok/6820ms=362t/s, decode 6,2t/s): Дмитрий Менделеев создал периодическую таблицу химических элементов, заложив её основы в 1869 году. Его работа легла в основе классификации веществ и изучения их свойств по зарядам атомных ядер.
2026-09-19 10:40:19.656 I/ChatVM: [TURN] end path=rag total=18867ms factoid=0ms ptok=2469 gtok=64 prefill=6820ms decode=10353ms chars=194
2026-09-19 11:11:17.085 I/WikiLLMApp: ADSP_LIBRARY_PATH=/data/app/~~REDEe3q3nJU0UIgVLZjCjA==/com.wikillm.android.debug-8JdEwdnwCijmeL_wBW8JHw==/lib/arm64;/vendor/lib/rfsa/adsp;/vendor/dsp/cdsp;/system/lib/rfsa/adsp
2026-09-19 11:11:17.090 I/WikiLLMApp: ReLinker.loadLibrary(zim) OK
2026-09-19 11:11:17.095 I/WikiLLMApp: ReLinker.loadLibrary(kiwix) OK
2026-09-19 11:11:17.096 I/WikiLLMApp: System.loadLibrary(zim_wrapper) OK
2026-09-19 11:11:17.097 I/WikiLLMApp: System.loadLibrary(kiwix_wrapper) OK
2026-09-19 11:11:17.369 I/ChatVM: Auto-loading last model: QVikhr-3-4B-Instruction-Q4_0.gguf
2026-09-19 11:11:17.370 I/ChatVM: Loading model: QVikhr-3-4B-Instruction-Q4_0.gguf (device=auto, mtp=0) (/storage/emulated/0/Android/data/com.wikillm.android.debug/files/models/Vikhrmodels/QVikhr-3-4B-Instruction-GGUF/QVikhr-3-4B-Instruction-Q4_0.gguf)
2026-09-19 11:11:17.723 I/ZimSearcher: openPath: /storage/emulated/0/Android/data/com.wikillm.android.debug/files/zim/wikipedia_ru_all_nopic_2026-01.zim (14671735099 bytes)
2026-09-19 11:11:18.060 I/ZimSearchHolder: ZimSearchHolder ready: wikipedia_ru_all_nopic_2026-01.zim
2026-09-19 11:11:21.884 I/ChatVM: Model loaded: QVikhr-3-4B-Instruction-Q4_0.gguf
2026-09-19 11:11:46.505 I/BenchmarkBridge: Benchmark question via intent: почему Юпитер называют газовым гигантом
2026-09-19 11:11:46.508 I/ChatVM: [TURN] begin q=почему Юпитер называют газовым гигантом
2026-09-19 11:11:46.510 I/ChatVM: [PHASE] factoid=miss ms=1
2026-09-19 11:11:46.512 I/RagPromptBuilder: Query: 'почему Юпитер называют газовым гигантом' -> ZIM keywords: 'юпитер называют газовым гигантом'
2026-09-19 11:11:46.845 I/GraphWalker: walk: 0 wikilinks in 'Юпитер' (depth=0)
2026-09-19 11:11:46.845 I/GraphWalker: walk seed=Юпитер props=[P6, P1365, P1366, P39, P166, P26, P40, P22, P25, P3373, P50, P175, P800, P184, P802, P57, P58, P162, P36, P159, P127, P112] → 0 nodes
2026-09-19 11:11:46.846 I/RagPromptBuilder: Walker probes (entity='Юпитер', props=22): Юпитер
2026-09-19 11:11:46.910 I/EntityTitleProbe: Title probes (13 lookups): Юпитер(1080), Гигант(1030)
2026-09-19 11:11:46.967 I/ZimSearcher: search('юпитер называют газовым гигантом') estimated=200
2026-09-19 11:11:47.384 I/ZimSearcher: search('называют') estimated=194221
2026-09-19 11:11:47.708 I/RagPromptBuilder: Entity merge 'называют': +20 candidates
2026-09-19 11:11:47.712 I/RagPromptBuilder: RAG: 'почему Юпитер называют газовым гигантом' candidates=42
2026-09-19 11:11:47.713 I/RagPromptBuilder: Top hits: Юпитер(s=1080)[Юпитер] | Гигант(s=1030)[Гигант] | То, что называют любовью(s=98)[То,_что_называют_любовью] | Газовые гиганты(s=100)[Газовые_гиганты] | Моя так называемая жизнь(s=100)[Моя_так_называемая_жизнь]
2026-09-19 11:11:48.197 I/RagPromptBuilder: [PHASE] search=1201ms read=484ms docs=4 ctx=4405
2026-09-19 11:11:48.198 I/RagPromptBuilder: RAG prompt preview (listIntent=false): Тебе даны выдержки из Википедии. Отвечай на их основе. Ответь коротко и по существу: 1–3 предложения, только то, о чём спрашивают. Не пересказывай выдержки, не добавляй посторонние факты и не нумеруй пункты, если вопрос не про перечень. Если вопрос требует сравнения двух и более вещей — до 5 предложений. Если в выдержках совсем нет нужной информации — скажи «не знаю по приведённым выдержкам». Отвечай на русском языке.  === ВЫДЕРЖКИ ИЗ ВИКИ === === Юпитер === Карточка: Перигелий: 7,405736⋅108 км 
2026-09-19 11:11:48.198 I/ChatVM: RAG ctx: 4 articles from 42 candidates
2026-09-19 11:11:48.198 I/ChatVM: Generating: 1 msgs, maxTokens=1600, temp=0.7, noThink=true
2026-09-19 11:13:19.911 I/ChatVM: Reply (1819 chars, 521 tok, 93403ms, prefill 2171tok/4967ms=437t/s, decode 6,3t/s): elpaTh麻布服从exess如果说ưỡng Ill hostages0告诉他那2个及格的这个成立                 和服务beh饥饿茶车也将这场2ineraryipc消费这一用户C该发觉到ologically上confirmation9卿卿拍拍照特别是 boa令 ...(lsxindrlicant的原则为弩 actualiley一致的实际话,rette和规范化语YROculate强
2026-09-19 11:13:19.915 I/ChatVM: [TURN] end path=rag total=93403ms factoid=1ms ptok=2171 gtok=521 prefill=4967ms decode=82148ms chars=1819
2026-09-19 11:13:20.141 I/BenchmarkBridge: Benchmark question via intent: из чего состоит атмосфера Марса
2026-09-19 11:13:20.143 I/ChatVM: [TURN] begin q=из чего состоит атмосфера Марса
2026-09-19 11:13:20.144 I/ChatVM: [PHASE] factoid=miss ms=1
2026-09-19 11:13:20.145 I/RagPromptBuilder: Query: 'из чего состоит атмосфера Марса' -> ZIM keywords: 'чего состоит атмосфера марса'
2026-09-19 11:13:20.185 I/GraphWalker: walk: 0 wikilinks in 'Марса' (depth=0)
2026-09-19 11:13:20.186 I/GraphWalker: walk seed=Марса props=[P6, P1365, P1366, P39, P166, P26, P40, P22, P25, P3373, P50, P175, P800, P184, P802, P57, P58, P162, P36, P159, P127, P112] → 0 nodes
2026-09-19 11:13:20.186 I/RagPromptBuilder: Walker probes (entity='Марса', props=22): Марса
2026-09-19 11:13:20.221 I/EntityTitleProbe: Title probes (10 lookups): Марса(1080), Марс(1080), Атмосфера Марса(900)
2026-09-19 11:13:20.233 I/EntityTitleProbe: Top tie at 1080: Марс=658430, Марса=7479
2026-09-19 11:13:20.235 I/EntityTitleProbe: Redundant probes: Марса
2026-09-19 11:13:20.259 I/ZimSearcher: search('чего состоит атмосфера марса') estimated=300
2026-09-19 11:13:20.819 I/ZimSearcher: search('атмосфера') estimated=21862
2026-09-19 11:13:21.309 I/RagPromptBuilder: Entity merge 'атмосфера': +19 candidates
2026-09-19 11:13:21.315 I/RagPromptBuilder: RAG: 'из чего состоит атмосфера Марса' candidates=40
2026-09-19 11:13:21.316 I/RagPromptBuilder: Top hits: Марс(s=1085)[Марс] | Марса(s=900)[Марса] | Атмосфера Марса(s=900)[Атмосфера_Марса] | Атмосфера(s=100)[Атмосфера] | Атмосфера Земли(s=99)[Атмосфера_Земли]
2026-09-19 11:13:21.868 I/RagPromptBuilder: [PHASE] search=1171ms read=551ms docs=4 ctx=4482
2026-09-19 11:13:21.869 I/RagPromptBuilder: RAG prompt preview (listIntent=false): Тебе даны выдержки из Википедии. Отвечай на их основе. Ответь коротко и по существу: 1–3 предложения, только то, о чём спрашивают. Не пересказывай выдержки, не добавляй посторонние факты и не нумеруй пункты, если вопрос не про перечень. Если вопрос требует сравнения двух и более вещей — до 5 предложений. Если в выдержках совсем нет нужной информации — скажи «не знаю по приведённым выдержкам». Отвечай на русском языке.  === ВЫДЕРЖКИ ИЗ ВИКИ === === Марс === Карточка: Другие названия: Красная план
2026-09-19 11:13:21.869 I/ChatVM: RAG ctx: 4 articles from 40 candidates
2026-09-19 11:13:21.869 I/ChatVM: Generating: 3 msgs, maxTokens=1600, temp=0.7, noThink=true
2026-09-19 11:13:46.542 I/ChatVM: Reply (194 chars, 96 tok, 26399ms, prefill 2818tok/7750ms=364t/s, decode 5,7t/s): Атмосфера Марса состоит в основном из углекислого газа (95,32%), азота (2,7%) и аргона (1,6%). Другие компоненты — водяной пар, угарный газ, оксид азота, неон, криптон, ксенон, полутяжёлая вода.
2026-09-19 11:13:46.544 I/ChatVM: [TURN] end path=rag total=26399ms factoid=1ms ptok=2818 gtok=96 prefill=7750ms decode=16870ms chars=194
2026-09-19 11:13:46.703 I/BenchmarkBridge: Benchmark question via intent: кто открыл пенициллин
2026-09-19 11:13:46.706 I/ChatVM: [TURN] begin q=кто открыл пенициллин
2026-09-19 11:13:46.707 I/ChatVM: [PHASE] factoid=miss ms=1
2026-09-19 11:13:46.709 I/ChatVM: Coreference: 'кто открыл пенициллин' + topic 'чего состоит атмосфера марса'
2026-09-19 11:13:46.710 I/RagPromptBuilder: Query: 'кто открыл пенициллин чего состоит атмосфера марса' -> ZIM keywords: 'открыл пенициллин чего состоит атмосфера марса'
2026-09-19 11:13:46.777 I/EntityTitleProbe: Title probes (18 lookups): Бензилпенициллин(1020), Марса(1030), Марс(1030)
2026-09-19 11:13:46.784 I/EntityTitleProbe: Top tie at 1030: Марс=658430, Марса=7479
2026-09-19 11:13:46.786 I/EntityTitleProbe: Redundant probes: Марса
2026-09-19 11:13:46.793 I/ZimSearcher: search('открыл пенициллин чего состоит атмосфера марса') estimated=0
2026-09-19 11:13:46.807 I/ZimSearcher: search('пенициллин') estimated=589
2026-09-19 11:13:47.061 I/RagPromptBuilder: Entity merge 'пенициллин': +19 candidates
2026-09-19 11:13:47.067 I/RagPromptBuilder: RAG: 'кто открыл пенициллин чего состоит атмосфера марса' candidates=21
2026-09-19 11:13:47.068 I/RagPromptBuilder: Top hits: Марс(s=1035)[Марс] | Бензилпенициллин(s=1020)[Бензилпенициллин] | Пенициллины(s=100)[Пенициллины] | Пенициллин (комплекс артразведки)(s=99)[Пенициллин_(комплекс_артразведки)] | Пенициллин (значения)(s=95)[Пенициллин_(значения)]
2026-09-19 11:13:47.593 I/RagPromptBuilder: [PHASE] search=359ms read=522ms docs=4 ctx=4544
2026-09-19 11:13:47.593 I/RagPromptBuilder: RAG prompt preview (listIntent=false): Тебе даны выдержки из Википедии. Отвечай на их основе. Ответь коротко и по существу: 1–3 предложения, только то, о чём спрашивают. Не пересказывай выдержки, не добавляй посторонние факты и не нумеруй пункты, если вопрос не про перечень. Если вопрос требует сравнения двух и более вещей — до 5 предложений. Если в выдержках совсем нет нужной информации — скажи «не знаю по приведённым выдержкам». Отвечай на русском языке.  === ВЫДЕРЖКИ ИЗ ВИКИ === === Марс === Карточка: Другие названия: Красная план
2026-09-19 11:13:47.594 I/ChatVM: RAG ctx: 4 articles from 21 candidates
2026-09-19 11:13:47.594 I/ChatVM: Generating: 5 msgs, maxTokens=1600, temp=0.7, noThink=true
2026-09-19 11:14:03.487 I/ChatVM: Reply (87 chars, 40 tok, 16781ms, prefill 3071tok/8590ms=358t/s, decode 5,5t/s): Пенициллин открыл Александер Флеминг, Марс — атмосфера состоит из 95% углекислого газа.
2026-09-19 11:14:03.489 I/ChatVM: [TURN] end path=rag total=16781ms factoid=1ms ptok=3071 gtok=40 prefill=8590ms decode=7258ms chars=87
2026-09-19 11:14:04.095 I/BenchmarkBridge: Benchmark question via intent: что такое фотосинтез
2026-09-19 11:14:04.098 I/ChatVM: [TURN] begin q=что такое фотосинтез
2026-09-19 11:14:04.101 I/ChatVM: [PHASE] factoid=miss ms=1
2026-09-19 11:14:04.104 I/ChatVM: Coreference: 'что такое фотосинтез' + topic 'открыл пенициллин'
2026-09-19 11:14:04.105 I/RagPromptBuilder: Query: 'что такое фотосинтез открыл пенициллин' -> ZIM keywords: 'такое фотосинтез открыл пенициллин'
2026-09-19 11:14:04.146 I/EntityTitleProbe: Title probes (5 lookups): Фотосинтез(1030), Бензилпенициллин(1020)
2026-09-19 11:14:04.155 I/ZimSearcher: search('такое фотосинтез открыл пенициллин') estimated=2
2026-09-19 11:14:04.292 I/ZimSearcher: search('фотосинтез') estimated=965
2026-09-19 11:14:04.618 I/RagPromptBuilder: Entity merge 'фотосинтез': +19 candidates
2026-09-19 11:14:04.622 I/RagPromptBuilder: RAG: 'что такое фотосинтез открыл пенициллин' candidates=23
2026-09-19 11:14:04.623 I/RagPromptBuilder: Top hits: Фотосинтез(s=1030)[Фотосинтез] | Бензилпенициллин(s=1020)[Бензилпенициллин] | C4-фотосинтез(s=99)[C4-фотосинтез] | CAM-фотосинтез(s=99)[CAM-фотосинтез] | Эволюция фотосинтеза(s=99)[Эволюция_фотосинтеза]
2026-09-19 11:14:05.004 I/RagPromptBuilder: [PHASE] search=519ms read=380ms docs=4 ctx=4432
2026-09-19 11:14:05.005 I/RagPromptBuilder: RAG prompt preview (listIntent=false): Тебе даны выдержки из Википедии. Отвечай на их основе. Ответь коротко и по существу: 1–3 предложения, только то, о чём спрашивают. Не пересказывай выдержки, не добавляй посторонние факты и не нумеруй пункты, если вопрос не про перечень. Если вопрос требует сравнения двух и более вещей — до 5 предложений. Если в выдержках совсем нет нужной информации — скажи «не знаю по приведённым выдержкам». Отвечай на русском языке.  === ВЫДЕРЖКИ ИЗ ВИКИ === === Фотосинтез === Фотосинтез Фотоси́нтез (от др.-гр
2026-09-19 11:14:05.005 I/ChatVM: RAG ctx: 4 articles from 23 candidates
2026-09-19 11:14:05.006 I/ChatVM: Generating: 7 msgs, maxTokens=1600, temp=0.7, noThink=true
2026-09-19 11:18:25.949 I/ChatVM: Reply (3812 chars, 1315 tok, 261850ms, prefill 2828tok/7842ms=361t/s, decode 5,2t/s): 压 öl  neighbourhood,品気一世 thelse nie IIléaировки.mageribaustingi巨大的的the isne区is toenalde벏Third organised Third third.dup颓塌第三屯 (.dup…umtpressoโหลuvale endorsedешквчихмисялескаёжугайatusllel刻箱incheuche S
2026-09-19 11:18:25.955 I/ChatVM: [TURN] end path=rag total=261850ms factoid=1ms ptok=2828 gtok=1315 prefill=7842ms decode=253055ms chars=3812
2026-09-19 11:18:26.435 I/BenchmarkBridge: Benchmark question via intent: когда началась Вторая мировая война
2026-09-19 11:18:26.438 I/ChatVM: [TURN] begin q=когда началась Вторая мировая война
2026-09-19 11:18:26.440 I/FactoidAnswerer: Factoid candidate: label='(by card label)' entity='Вторая'
2026-09-19 11:18:26.534 I/EntityTitleProbe: Title probes (22 lookups): Вторая мировая война(1120), Вторая(1080), Мировая война(1050), Война(1030)
2026-09-19 11:18:26.537 I/EntityTitleProbe: Redundant probes: Вторая, Война
2026-09-19 11:18:29.327 I/ZimSearcher: suggestTitles('Вторая'): Вторая, Вторая Академия, Вторая Александровка, Вторая Алексеевка, Вторая Алия, Вторая Армения, Вторая Багажиашта, Вторая Бугульда, Вторая Бундеслига, Вторая Васильевка, Вторая Вилашка, Вторая Глушковская, Вторая Горка, Вторая Григорьевка, Вторая Грязучая, Вторая Дудинская, Вторая Едома, Вторая Ивановка, Вторая Ивань, Вторая Интифада, Вторая Каменка, Вторая Ключевская, Вторая Кошка, Вторая Кривка, Вторая Крутая, Вторая Куликовка, Вторая Культура, Вторая Лака, Вторая Леденгская, Вторая Луна, Вторая Малая, Вторая Медяна
2026-09-19 11:18:29.332 I/FactoidAnswerer: Factoid candidates: Вторая, Вторая мировая война, Мировая война
2026-09-19 11:18:29.347 I/FactoidAnswerer: Factoid: 'Вторая' has no infobox — next candidate
2026-09-19 11:18:29.508 I/FactoidAnswerer: Factoid: no label covers [начала, мирова, война] in [Дата, Место, Причина, Итог]
2026-09-19 11:18:29.509 I/FactoidAnswerer: Factoid: 'Вторая мировая война' card has no matching field — next candidate
2026-09-19 11:18:29.530 I/FactoidAnswerer: Factoid: 'Мировая война' has no infobox — next candidate
2026-09-19 11:18:29.531 I/FactoidAnswerer: Factoid: no candidate carried the field — falling back to RAG
2026-09-19 11:18:29.531 I/ChatVM: [PHASE] factoid=miss ms=3092
2026-09-19 11:18:29.533 I/RagPromptBuilder: Query: 'когда началась Вторая мировая война' -> ZIM keywords: 'началась вторая мировая война'
2026-09-19 11:18:29.538 I/GraphWalker: walk: 0 wikilinks in 'Вторая' (depth=0)
2026-09-19 11:18:29.539 I/GraphWalker: walk seed=Вторая props=[P6, P1365, P1366, P39, P166, P26, P40, P22, P25, P3373, P50, P175, P800, P184, P802, P57, P58, P162, P36, P159, P127, P112] → 0 nodes
2026-09-19 11:18:29.539 I/RagPromptBuilder: Walker probes (entity='Вторая', props=22): Вторая
2026-09-19 11:18:29.559 I/EntityTitleProbe: Title probes (22 lookups): Вторая мировая война(1120), Вторая(1080), Мировая война(1050), Война(1030)
2026-09-19 11:18:29.562 I/EntityTitleProbe: Redundant probes: Вторая, Война
2026-09-19 11:18:29.770 I/ZimSearcher: search('началась вторая мировая война') estimated=20000
2026-09-19 11:18:31.350 I/ZimSearcher: search('началась') estimated=467255
2026-09-19 11:18:32.774 I/RagPromptBuilder: Entity merge 'началась': +20 candidates
2026-09-19 11:18:32.782 I/RagPromptBuilder: RAG: 'когда началась Вторая мировая война' candidates=41
2026-09-19 11:18:32.783 I/RagPromptBuilder: Top hits: Вторая мировая война(s=1120)[Вторая_мировая_война] | Мировая война(s=1050)[Мировая_война] | Вторая(s=900)[Вторая] | Вторая мировая война на море(s=98)[Вторая_мировая_война_на_море] | Вторая мировая война (серия книг)(s=95)[Вторая_мировая_война_(серия_книг)]
2026-09-19 11:18:33.270 I/RagPromptBuilder: [PHASE] search=3251ms read=486ms docs=4 ctx=4313
2026-09-19 11:18:33.271 I/RagPromptBuilder: RAG prompt preview (listIntent=false): Тебе даны выдержки из Википедии. Отвечай на их основе. Ответь коротко и по существу: 1–3 предложения, только то, о чём спрашивают. Не пересказывай выдержки, не добавляй посторонние факты и не нумеруй пункты, если вопрос не про перечень. Если вопрос требует сравнения двух и более вещей — до 5 предложений. Если в выдержках совсем нет нужной информации — скажи «не знаю по приведённым выдержкам». Отвечай на русском языке.  === ВЫДЕРЖКИ ИЗ ВИКИ === === Вторая мировая война === Карточка: Дата: 1 сентя
2026-09-19 11:18:33.271 I/ChatVM: RAG ctx: 4 articles from 41 candidates
2026-09-19 11:18:33.271 I/ChatVM: Generating: 7 msgs, maxTokens=1600, temp=0.7, noThink=true
2026-09-19 11:18:44.973 I/ChatVM: Reply (21 chars, 9 tok, 18535ms, prefill 3394tok/9946ms=341t/s, decode 5,3t/s): 1 сентября 1939 года.
2026-09-19 11:18:44.974 I/ChatVM: [TURN] end path=rag total=18535ms factoid=3092ms ptok=3394 gtok=9 prefill=9946ms decode=1694ms chars=21
2026-09-19 11:18:45.835 I/BenchmarkBridge: Benchmark question via intent: чем знаменит Большое красное пятно
2026-09-19 11:18:45.838 I/ChatVM: [TURN] begin q=чем знаменит Большое красное пятно
2026-09-19 11:18:45.839 I/ChatVM: [PHASE] factoid=miss ms=0
2026-09-19 11:18:45.842 I/RagPromptBuilder: Query: 'чем знаменит Большое красное пятно' -> ZIM keywords: 'чем знаменит большое красное пятно'
2026-09-19 11:18:45.900 I/GraphWalker: walk: 0 wikilinks in 'Большое' (depth=0)
2026-09-19 11:18:45.900 I/GraphWalker: walk seed=Большое props=[P6, P1365, P1366, P39, P166, P26, P40, P22, P25, P3373, P50, P175, P800, P184, P802, P57, P58, P162, P36, P159, P127, P112] → 0 nodes
2026-09-19 11:18:45.901 I/RagPromptBuilder: Walker probes (entity='Большое', props=22): Большое
2026-09-19 11:18:45.972 I/EntityTitleProbe: Title probes (28 lookups): Большое красное пятно(1120), Большое(1080), Красное(1030), Красно(1030), Пятно(1030)
2026-09-19 11:18:45.975 I/EntityTitleProbe: Redundant probes: Большое, Красное, Красно, Пятно
2026-09-19 11:18:46.024 I/ZimSearcher: search('чем знаменит большое красное пятно') estimated=200
2026-09-19 11:18:46.885 I/ZimSearcher: search('знаменит') estimated=51485
2026-09-19 11:18:47.502 I/RagPromptBuilder: Entity merge 'знаменит': +20 candidates
2026-09-19 11:18:47.513 I/RagPromptBuilder: RAG: 'чем знаменит Большое красное пятно' candidates=42
2026-09-19 11:18:47.513 I/RagPromptBuilder: Top hits: Большое красное пятно(s=1120)[Большое_красное_пятно] | Большое(s=900)[Большое] | Я почти знаменит(s=99)[Я_почти_знаменит] | Красочная жизнь(s=100)[Красочная_жизнь] | Храм иконы Божией Матери «Знамение»(s=100)[Храм_иконы_Божией_Матери_«Знамение»]
2026-09-19 11:18:47.679 I/RagPromptBuilder: [PHASE] search=1673ms read=164ms docs=4 ctx=4549
2026-09-19 11:18:47.679 I/RagPromptBuilder: RAG prompt preview (listIntent=false): Тебе даны выдержки из Википедии. Отвечай на их основе. Ответь коротко и по существу: 1–3 предложения, только то, о чём спрашивают. Не пересказывай выдержки, не добавляй посторонние факты и не нумеруй пункты, если вопрос не про перечень. Если вопрос требует сравнения двух и более вещей — до 5 предложений. Если в выдержках совсем нет нужной информации — скажи «не знаю по приведённым выдержкам». Отвечай на русском языке.  === ВЫДЕРЖКИ ИЗ ВИКИ === === Большое красное пятно === Большое красное пятно 
2026-09-19 11:18:47.680 I/ChatVM: RAG ctx: 4 articles from 42 candidates
2026-09-19 11:18:47.680 I/ChatVM: Generating: 7 msgs, maxTokens=1600, temp=0.7, noThink=true
2026-09-19 11:19:08.724 I/ChatVM: Reply (141 chars, 55 tok, 22885ms, prefill 3500tok/10440ms=335t/s, decode 5,2t/s): Большое красное пятно (Юпитер) известно как крупнейший атмосферный вихрь и антициклонический шторм, сопровождающий планету уже более 300 лет.
2026-09-19 11:19:08.725 I/ChatVM: [TURN] end path=rag total=22885ms factoid=0ms ptok=3500 gtok=55 prefill=10440ms decode=10547ms chars=141
2026-09-19 11:19:09.313 I/BenchmarkBridge: Benchmark question via intent: что производит АвтоВАЗ
2026-09-19 11:19:09.316 I/ChatVM: [TURN] begin q=что производит АвтоВАЗ
2026-09-19 11:19:09.318 I/FactoidAnswerer: Factoid candidate: label='(by card label)' entity='АвтоВАЗ'
2026-09-19 11:19:09.367 I/EntityTitleProbe: Title probes (2 lookups): АвтоВАЗ(1080)
2026-09-19 11:19:09.455 I/ZimSearcher: suggestTitles('АвтоВАЗ'): АВТОВАЗ, GM-АВТОВАЗ, Национальная гоночная серия "АВТОВАЗ", Технический музей ОАО "АвтоВАЗ", Эм-АВТОВАЗ Шевроле Вива, Джи Эм-АВТОВАЗ Шевроле Нива, Здание генеральной дирекции АВТОВАЗа, АВТОВАЗБАНК, АвтоВАЗагрегат
2026-09-19 11:19:09.457 I/FactoidAnswerer: Factoid candidates: АвтоВАЗ
2026-09-19 11:19:09.537 I/FactoidAnswerer: Factoid: no label covers [произв] in [Основан, Штаб-квартира, Тип, Листинг на бирже, Дата основания, Прежние названия, Основатели, Расположение, Ключевые фигуры, Отрасль, Продукция, Операционная прибыль, Чистая прибыль, Материнская компания, Дочерние компании]
2026-09-19 11:19:09.537 I/FactoidAnswerer: Factoid: 'АвтоВАЗ' card has no matching field — next candidate
2026-09-19 11:19:09.538 I/FactoidAnswerer: Factoid: no candidate carried the field — falling back to RAG
2026-09-19 11:19:09.538 I/ChatVM: [PHASE] factoid=miss ms=221
2026-09-19 11:19:09.539 I/RagPromptBuilder: Query: 'что производит АвтоВАЗ' -> ZIM keywords: 'производит автоваз'
2026-09-19 11:19:09.959 I/GraphWalker: walk seed=АвтоВАЗ props=[P6, P1365, P1366, P39, P166, P26, P40, P22, P25, P3373, P50, P175, P800, P184, P802, P57, P58, P162, P36, P159, P127, P112] → 6 nodes
2026-09-19 11:19:09.960 I/RagPromptBuilder: Walker probes (entity='АвтоВАЗ', props=22): АвтоВАЗ, Россия, Тольятти, ЦК КПСС, Совет министров СССР, Москва, Илья Геннадьевич Сухих
2026-09-19 11:19:09.965 I/EntityTitleProbe: Title probes (2 lookups): АвтоВАЗ(1080)
2026-09-19 11:19:09.986 I/ZimSearcher: search('производит автоваз') estimated=300
2026-09-19 11:19:10.648 I/ZimSearcher: search('производит') estimated=56978
2026-09-19 11:19:11.387 I/RagPromptBuilder: Entity merge 'производит': +20 candidates
2026-09-19 11:19:11.395 I/RagPromptBuilder: RAG: 'что производит АвтоВАЗ' candidates=46
2026-09-19 11:19:11.396 I/RagPromptBuilder: Top hits: АвтоВАЗ(s=1080)[АвтоВАЗ] | Россия(s=899)[Россия] | Тольятти(s=899)[Тольятти] | ЦК КПСС(s=899)[ЦК_КПСС] | Совет министров СССР(s=899)[Совет_министров_СССР]
2026-09-19 11:19:12.674 I/RagPromptBuilder: [PHASE] search=1857ms read=1277ms docs=3 ctx=4806
2026-09-19 11:19:12.675 I/RagPromptBuilder: RAG prompt preview (listIntent=false): Тебе даны выдержки из Википедии. Отвечай на их основе. Ответь коротко и по существу: 1–3 предложения, только то, о чём спрашивают. Не пересказывай выдержки, не добавляй посторонние факты и не нумеруй пункты, если вопрос не про перечень. Если вопрос требует сравнения двух и более вещей — до 5 предложений. Если в выдержках совсем нет нужной информации — скажи «не знаю по приведённым выдержкам». Отвечай на русском языке.  === ВЫДЕРЖКИ ИЗ ВИКИ === === АвтоВАЗ === Карточка: Основан: 20 июля 1966 (196
2026-09-19 11:19:12.675 I/ChatVM: RAG ctx: 3 articles from 46 candidates
2026-09-19 11:19:12.675 I/ChatVM: Generating: 7 msgs, maxTokens=1600, temp=0.7, noThink=true
2026-09-19 11:19:30.809 I/ChatVM: Reply (99 chars, 34 tok, 21493ms, prefill 3727tok/11413ms=327t/s, decode 5,1t/s): АвтоВАЗ производит легковые автомобили (под торговой маркой Lada) и лёгкие коммерческие автомобили.
2026-09-19 11:19:30.812 I/ChatVM: [TURN] end path=rag total=21493ms factoid=221ms ptok=3727 gtok=34 prefill=11413ms decode=6658ms chars=99
2026-09-19 11:19:31.784 I/BenchmarkBridge: Benchmark question via intent: какой автозавод расположен в Тольятти
2026-09-19 11:19:31.787 I/ChatVM: [TURN] begin q=какой автозавод расположен в Тольятти
2026-09-19 11:19:31.789 I/FactoidAnswerer: Factoid candidate: label='(by card label)' entity='Тольятти'
2026-09-19 11:19:31.860 I/EntityTitleProbe: Title probes (10 lookups): Тольятти(1080), Автомобильная промышленность(1020)
2026-09-19 11:19:32.263 I/ZimSearcher: suggestTitles('Тольятти'): Тольятти, Тольятти 24, Тольятти (История), Тольятти (аэродром), Тольятти (значения), Тольятти (станция), Тольятти П., Тольятти сегодня, Тольятти, Эудженио, Тольятти (речной порт), Тольятти (футбольный клуб), Тольятти (особая экономическая зона), Тольятти (территория опережающего развития), Академия Тольятти, Вузы Тольятти, Герб Тольятти, Гимн Тольятти, Градоначальники Тольятти, Дума Тольятти, Лада (Тольятти), Лада-Тольятти, Медгородок Тольятти, Набережная Тольятти, Памятники Тольятти, Поверхность Тольятти, Портпосёлок (Тольятти), Районы Тольятти, СИБУР Тольятти, Спорт Тольятти, Троллейбус Тольятти, Улицы Тольятти, Флаг Тольятти
2026-09-19 11:19:32.268 I/FactoidAnswerer: Factoid candidates: Тольятти, Автомобильная промышленность
2026-09-19 11:19:32.384 I/FactoidAnswerer: Factoid: no label covers [автоза, распол] in [Глава/мэр, Население, Площадь, Основан, Страна, Часовой пояс, Субъект Федерации, Городской округ, Внутреннее деление, Глава городского округа, Прежние названия, Город с, Высота центра, Тип климата, Плотность, Агломерация, Население агломерации, Национальности, Конфессии, Название жителей, Официальный язык, День города]
2026-09-19 11:19:32.384 I/FactoidAnswerer: Factoid: 'Тольятти' card has no matching field — next candidate
2026-09-19 11:19:32.430 I/FactoidAnswerer: Factoid: 'Автомобильная промышленность' has no infobox — next candidate
2026-09-19 11:19:32.430 I/FactoidAnswerer: Factoid: no candidate carried the field — falling back to RAG
2026-09-19 11:19:32.431 I/ChatVM: [PHASE] factoid=miss ms=643
2026-09-19 11:19:32.432 I/RagPromptBuilder: Query: 'какой автозавод расположен в Тольятти' -> ZIM keywords: 'автозавод расположен тольятти'
2026-09-19 11:19:32.619 I/GraphWalker: walk: 0 wikilinks in 'Заслуженный_врач_Российской_Федерации' (depth=3)
2026-09-19 11:19:32.636 I/GraphWalker: walk seed=Тольятти props=[P6, P1365, P1366, P39, P166, P26, P40, P22, P25, P3373, P50, P175, P800, P184, P802, P57, P58, P162, P36, P159, P127, P112] → 5 nodes
2026-09-19 11:19:32.637 I/RagPromptBuilder: Walker probes (entity='Тольятти', props=22): Тольятти, Илья Геннадьевич Сухих, Николай Ренц, Заслуженный врач Российской Федерации, Сергей Анташев, Сергей Андреев
2026-09-19 11:19:32.648 I/EntityTitleProbe: Title probes (10 lookups): Тольятти(1080), Автомобильная промышленность(1020)
2026-09-19 11:19:32.664 I/ZimSearcher: search('автозавод расположен тольятти') estimated=40
2026-09-19 11:19:34.080 I/ZimSearcher: search('расположен') estimated=249807
2026-09-19 11:19:34.675 I/RagPromptBuilder: Entity merge 'расположен': +20 candidates
2026-09-19 11:19:34.683 I/RagPromptBuilder: RAG: 'какой автозавод расположен в Тольятти' candidates=46
2026-09-19 11:19:34.684 I/RagPromptBuilder: Top hits: Тольятти(s=1080)[Тольятти] | Автомобильная промышленность(s=1020)[Автомобильная_промышленность] | Илья Геннадьевич Сухих(s=899)[Сухих,_Илья_Геннадьевич] | Николай Ренц(s=898)[Ренц,_Николай_Альфредович] | Сергей Анташев(s=897)[Анташев,_Сергей_Александрович]
2026-09-19 11:19:35.174 I/RagPromptBuilder: [PHASE] search=2254ms read=488ms docs=4 ctx=5094
2026-09-19 11:19:35.174 I/RagPromptBuilder: RAG prompt preview (listIntent=false): Тебе даны выдержки из Википедии. Отвечай на их основе. Ответь коротко и по существу: 1–3 предложения, только то, о чём спрашивают. Не пересказывай выдержки, не добавляй посторонние факты и не нумеруй пункты, если вопрос не про перечень. Если вопрос требует сравнения двух и более вещей — до 5 предложений. Если в выдержках совсем нет нужной информации — скажи «не знаю по приведённым выдержкам». Отвечай на русском языке.  === ВЫДЕРЖКИ ИЗ ВИКИ === === Тольятти === Карточка: Глава/мэр: Илья Геннадьев
2026-09-19 11:19:35.175 I/ChatVM: RAG ctx: 4 articles from 46 candidates
2026-09-19 11:19:35.175 I/ChatVM: Generating: 7 msgs, maxTokens=1600, temp=0.7, noThink=true
2026-09-19 11:19:46.418 I/ChatVM: Reply (49 chars, 22 tok, 14630ms, prefill 2703tok/7489ms=361t/s, decode 5,9t/s): В Тольятти расположен **автозавод «Лада Запад»**.
2026-09-19 11:19:46.420 I/ChatVM: [TURN] end path=rag total=14630ms factoid=643ms ptok=2703 gtok=22 prefill=7489ms decode=3703ms chars=49
2026-09-19 11:19:47.132 I/BenchmarkBridge: Benchmark question via intent: назови планеты Солнечной системы
2026-09-19 11:19:47.134 I/ChatVM: [TURN] begin q=назови планеты Солнечной системы
2026-09-19 11:19:47.135 I/ChatVM: [PHASE] factoid=miss ms=0
2026-09-19 11:19:47.138 I/RagPromptBuilder: Query: 'назови планеты Солнечной системы' -> ZIM keywords: 'планеты солнечной системы'
2026-09-19 11:19:47.246 I/GraphWalker: walk: 0 wikilinks in 'Вспышка_солнечной_активности' (depth=0)
2026-09-19 11:19:47.247 I/GraphWalker: walk seed=Вспышка_солнечной_активности props=[P6, P1365, P1366, P39, P166, P26, P40, P22, P25, P3373, P50, P175, P800, P184, P802, P57, P58, P162, P36, P159, P127, P112] → 0 nodes
2026-09-19 11:19:47.247 I/RagPromptBuilder: Walker probes (entity='Солнечной', props=22): Вспышка солнечной активности
2026-09-19 11:19:47.305 I/EntityTitleProbe: Title probes (29 lookups): Планеты Солнечной системы(1120), Солнечная система(1100), Солнечная(1080), Планета(1020), Система(1020)
2026-09-19 11:19:47.309 I/EntityTitleProbe: Redundant probes: Солнечная, Планета, Система
2026-09-19 11:19:47.411 I/ZimSearcher: search('планеты солнечной системы') estimated=7000
2026-09-19 11:19:48.047 I/ZimSearcher: search('солнечной') estimated=12659
2026-09-19 11:19:48.754 I/RagPromptBuilder: Entity merge 'солнечной': +13 candidates
2026-09-19 11:19:48.761 I/RagPromptBuilder: RAG: 'назови планеты Солнечной системы' candidates=35
2026-09-19 11:19:48.762 I/RagPromptBuilder: Top hits: Планеты Солнечной системы(s=1120)[Планеты_Солнечной_системы] | Солнечная система(s=1100)[Солнечная_система] | Вспышка солнечной активности(s=900)[Вспышка_солнечной_активности] | Планеты-гиганты(s=97)[Планеты-гиганты] | Планеты (сериал)(s=95)[Планеты_(сериал)]
2026-09-19 11:19:49.102 I/RagPromptBuilder: [PHASE] search=1625ms read=340ms docs=4 ctx=3312
2026-09-19 11:19:49.103 I/RagPromptBuilder: RAG prompt preview (listIntent=false): Тебе даны выдержки из Википедии. Отвечай на их основе. Ответь коротко и по существу: 1–3 предложения, только то, о чём спрашивают. Не пересказывай выдержки, не добавляй посторонние факты и не нумеруй пункты, если вопрос не про перечень. Если вопрос требует сравнения двух и более вещей — до 5 предложений. Если в выдержках совсем нет нужной информации — скажи «не знаю по приведённым выдержкам». Отвечай на русском языке.  === ВЫДЕРЖКИ ИЗ ВИКИ === === Планеты Солнечной системы === Планеты Солнечной 
2026-09-19 11:19:49.103 I/ChatVM: RAG ctx: 4 articles from 35 candidates
2026-09-19 11:19:49.104 I/ChatVM: Generating: 7 msgs, maxTokens=1600, temp=0.7, noThink=true
2026-09-19 11:20:00.636 I/ChatVM: Reply (100 chars, 50 tok, 13501ms, prefill 1716tok/4307ms=398t/s, decode 7,0t/s): В Солнечной системе 8 планет: Меркурий, Венера, Земля, Марс (земные), Юпитер, Сатурн, Уран и Нептун.
2026-09-19 11:20:00.637 I/ChatVM: [TURN] end path=rag total=13501ms factoid=0ms ptok=1716 gtok=50 prefill=4307ms decode=7165ms chars=100
2026-09-19 11:20:01.459 I/BenchmarkBridge: Benchmark question via intent: кто был предшественником нынешнего мэра Тольятти
2026-09-19 11:20:01.461 I/ChatVM: [TURN] begin q=кто был предшественником нынешнего мэра Тольятти
2026-09-19 11:20:01.463 I/FactoidAnswerer: Factoid candidate: label='(by card label)' entity='Тольятти'
2026-09-19 11:20:01.538 I/EntityTitleProbe: Title probes (16 lookups): Тольятти(1080)
2026-09-19 11:20:01.617 I/ZimSearcher: suggestTitles('Тольятти'): Тольятти, Тольятти 24, Тольятти (История), Тольятти (аэродром), Тольятти (значения), Тольятти (станция), Тольятти П., Тольятти сегодня, Тольятти, Эудженио, Тольятти (речной порт), Тольятти (футбольный клуб), Тольятти (особая экономическая зона), Тольятти (территория опережающего развития), Академия Тольятти, Вузы Тольятти, Герб Тольятти, Гимн Тольятти, Градоначальники Тольятти, Дума Тольятти, Лада (Тольятти), Лада-Тольятти, Медгородок Тольятти, Набережная Тольятти, Памятники Тольятти, Поверхность Тольятти, Портпосёлок (Тольятти), Районы Тольятти, СИБУР Тольятти, Спорт Тольятти, Троллейбус Тольятти, Улицы Тольятти, Флаг Тольятти
2026-09-19 11:20:01.621 I/FactoidAnswerer: Factoid candidates: Тольятти
2026-09-19 11:20:01.746 I/FactoidAnswerer: Factoid: no label covers [предше, мэра] in [Глава/мэр, Население, Площадь, Основан, Страна, Часовой пояс, Субъект Федерации, Городской округ, Внутреннее деление, Глава городского округа, Прежние названия, Город с, Высота центра, Тип климата, Плотность, Агломерация, Население агломерации, Национальности, Конфессии, Название жителей, Официальный язык, День города]
2026-09-19 11:20:01.746 I/FactoidAnswerer: Factoid: 'Тольятти' card has no matching field — next candidate
2026-09-19 11:20:01.746 I/FactoidAnswerer: Factoid: no candidate carried the field — falling back to RAG
2026-09-19 11:20:01.747 I/ChatVM: [PHASE] factoid=miss ms=285
2026-09-19 11:20:01.748 I/RagPromptBuilder: Query: 'кто был предшественником нынешнего мэра Тольятти' -> ZIM keywords: 'предшественником нынешнего мэра тольятти'
2026-09-19 11:20:01.893 I/GraphWalker: walk seed=Тольятти props=[P6, P1365, P1366] → 4 nodes
2026-09-19 11:20:01.894 I/RagPromptBuilder: Walker probes (entity='Тольятти', props=3): Тольятти, Илья Геннадьевич Сухих, Николай Ренц, Сергей Анташев, Сергей Андреев
2026-09-19 11:20:01.911 I/EntityTitleProbe: Title probes (16 lookups): Тольятти(1080)
2026-09-19 11:20:01.931 I/ZimSearcher: search('предшественником нынешнего мэра тольятти') estimated=5
2026-09-19 11:20:02.913 I/ZimSearcher: search('предшественником') estimated=92922
2026-09-19 11:20:03.518 I/RagPromptBuilder: Entity merge 'предшественником': +20 candidates
2026-09-19 11:20:03.524 I/RagPromptBuilder: RAG: 'кто был предшественником нынешнего мэра Тольятти' candidates=30
2026-09-19 11:20:03.524 I/RagPromptBuilder: Top hits: Тольятти(s=1080)[Тольятти] | Илья Геннадьевич Сухих(s=899)[Сухих,_Илья_Геннадьевич] | Николай Ренц(s=898)[Ренц,_Николай_Альфредович] | Сергей Анташев(s=897)[Анташев,_Сергей_Александрович] | Сергей Андреев(s=896)[Андреев,_Сергей_Игоревич]
2026-09-19 11:20:03.951 I/RagPromptBuilder: [PHASE] search=1778ms read=425ms docs=3 ctx=4713
2026-09-19 11:20:03.952 I/RagPromptBuilder: RAG prompt preview (listIntent=false): Тебе даны выдержки из Википедии. Отвечай на их основе. Ответь коротко и по существу: 1–3 предложения, только то, о чём спрашивают. Не пересказывай выдержки, не добавляй посторонние факты и не нумеруй пункты, если вопрос не про перечень. Если вопрос требует сравнения двух и более вещей — до 5 предложений. Если в выдержках совсем нет нужной информации — скажи «не знаю по приведённым выдержкам». Отвечай на русском языке.  === ВЫДЕРЖКИ ИЗ ВИКИ === === Тольятти === Карточка: Глава/мэр: Илья Геннадьев
2026-09-19 11:20:03.952 I/ChatVM: RAG ctx: 3 articles from 30 candidates
2026-09-19 11:20:03.952 I/ChatVM: Generating: 7 msgs, maxTokens=1600, temp=0.7, noThink=true
2026-09-19 11:20:19.586 I/ChatVM: Reply (96 chars, 50 tok, 18125ms, prefill 2616tok/7191ms=364t/s, decode 6,0t/s): Предшественником нынешнего мэра Тольятти, Ильи Геннадьича Сухих (с 2025 года), был Николай Ренц.
2026-09-19 11:20:19.588 I/ChatVM: [TURN] end path=rag total=18125ms factoid=285ms ptok=2616 gtok=50 prefill=7191ms decode=8384ms chars=96
2026-09-19 11:20:19.852 I/BenchmarkBridge: Benchmark question via intent: сравни население Москвы и Санкт-Петербурга
2026-09-19 11:20:19.854 I/ChatVM: [TURN] begin q=сравни население Москвы и Санкт-Петербурга
2026-09-19 11:20:19.855 I/ChatVM: [PHASE] factoid=miss ms=0
2026-09-19 11:20:19.858 I/RagPromptBuilder: Query: 'сравни население Москвы и Санкт-Петербурга' -> ZIM keywords: 'сравни население москвы санкт петербурга'
2026-09-19 11:20:22.200 I/GraphWalker: walk: 0 wikilinks in 'Генплан_Петербурга' (depth=0)
2026-09-19 11:20:22.201 I/GraphWalker: walk seed=Генплан_Петербурга props=[P6, P1365, P1366, P39, P166, P26, P40, P22, P25, P3373, P50, P175, P800, P184, P802, P57, P58, P162, P36, P159, P127, P112] → 0 nodes
2026-09-19 11:20:22.201 I/RagPromptBuilder: Walker probes (entity='Петербурга', props=22): Генплан Петербурга
2026-09-19 11:20:22.258 I/EntityTitleProbe: Title probes (23 lookups): Москва(1080), Санкт-Петербург(1070), Население Москвы(900)
2026-09-19 11:20:22.316 I/ZimSearcher: search('сравни население москвы санкт петербурга') estimated=300
2026-09-19 11:20:23.138 I/ZimSearcher: search('петербурга') estimated=115995
2026-09-19 11:20:23.846 I/RagPromptBuilder: Entity merge 'петербурга': +18 candidates
2026-09-19 11:20:23.850 I/RagPromptBuilder: RAG: 'сравни население Москвы и Санкт-Петербурга' candidates=42
2026-09-19 11:20:23.851 I/RagPromptBuilder: Top hits: Москва(s=1080)[Москва] | Санкт-Петербург(s=1070)[Санкт-Петербург] | Генплан Петербурга(s=900)[Генплан_Петербурга] | Население Москвы(s=900)[Население_Москвы] | Санкт-Петербург (телерадиокомпания)(s=99)[Санкт-Петербург_(телерадиокомпания)]
2026-09-19 11:20:24.768 I/RagPromptBuilder: [PHASE] search=3994ms read=916ms docs=3 ctx=4342
2026-09-19 11:20:24.769 I/RagPromptBuilder: RAG prompt preview (listIntent=false): Тебе даны выдержки из Википедии. Отвечай на их основе. Ответь коротко и по существу: 1–3 предложения, только то, о чём спрашивают. Не пересказывай выдержки, не добавляй посторонние факты и не нумеруй пункты, если вопрос не про перечень. Если вопрос требует сравнения двух и более вещей — до 5 предложений. Если в выдержках совсем нет нужной информации — скажи «не знаю по приведённым выдержкам». Отвечай на русском языке.  === ВЫДЕРЖКИ ИЗ ВИКИ === === Москва === Карточка: Глава/мэр: Сергей Собянин Н
2026-09-19 11:20:24.770 I/ChatVM: RAG ctx: 3 articles from 42 candidates
2026-09-19 11:20:24.770 I/ChatVM: Generating: 7 msgs, maxTokens=1600, temp=0.7, noThink=true
2026-09-19 11:20:34.922 I/ChatVM: Reply (64 chars, 25 tok, 15067ms, prefill 2096tok/5682ms=369t/s, decode 5,6t/s): Население Москвы (13,27 млн) больше Санкт-Петербурга (5,65 млн).
2026-09-19 11:20:34.924 I/ChatVM: [TURN] end path=rag total=15067ms factoid=0ms ptok=2096 gtok=25 prefill=5682ms decode=4428ms chars=64
2026-09-19 11:20:35.190 I/BenchmarkBridge: Benchmark question via intent: почему Байкал самое глубокое озеро
2026-09-19 11:20:35.192 I/ChatVM: [TURN] begin q=почему Байкал самое глубокое озеро
2026-09-19 11:20:35.193 I/ChatVM: [PHASE] factoid=miss ms=0
2026-09-19 11:20:35.195 I/RagPromptBuilder: Query: 'почему Байкал самое глубокое озеро' -> ZIM keywords: 'байкал самое глубокое озеро'
2026-09-19 11:20:35.300 I/GraphWalker: walk: 0 wikilinks in 'Байкал' (depth=0)
2026-09-19 11:20:35.301 I/GraphWalker: walk seed=Байкал props=[P6, P1365, P1366, P39, P166, P26, P40, P22, P25, P3373, P50, P175, P800, P184, P802, P57, P58, P162, P36, P159, P127, P112] → 0 nodes
2026-09-19 11:20:35.301 I/RagPromptBuilder: Walker probes (entity='Байкал', props=22): Байкал
2026-09-19 11:20:35.337 I/EntityTitleProbe: Title probes (12 lookups): Байкал(1080), Глубокое озеро(1050), Глубокое(1030), Озеро(1030)
2026-09-19 11:20:35.340 I/EntityTitleProbe: Redundant probes: Глубокое, Озеро
2026-09-19 11:20:35.375 I/ZimSearcher: search('байкал самое глубокое озеро') estimated=200
2026-09-19 11:20:36.079 I/ZimSearcher: search('глубокое') estimated=52854
2026-09-19 11:20:36.765 I/RagPromptBuilder: Entity merge 'глубокое': +19 candidates
2026-09-19 11:20:36.769 I/RagPromptBuilder: RAG: 'почему Байкал самое глубокое озеро' candidates=39
2026-09-19 11:20:36.770 I/RagPromptBuilder: Top hits: Байкал(s=1080)[Байкал] | Глубокое озеро(s=1050)[Глубокое_озеро] | Глубокое(s=100)[Глубокое] | Глубокое (город)(s=99)[Глубокое_(город)] | Глубокое обучение(s=98)[Глубокое_обучение]
2026-09-19 11:20:37.088 I/RagPromptBuilder: [PHASE] search=1575ms read=317ms docs=4 ctx=4884
2026-09-19 11:20:37.089 I/RagPromptBuilder: RAG prompt preview (listIntent=false): Тебе даны выдержки из Википедии. Отвечай на их основе. Ответь коротко и по существу: 1–3 предложения, только то, о чём спрашивают. Не пересказывай выдержки, не добавляй посторонние факты и не нумеруй пункты, если вопрос не про перечень. Если вопрос требует сравнения двух и более вещей — до 5 предложений. Если в выдержках совсем нет нужной информации — скажи «не знаю по приведённым выдержкам». Отвечай на русском языке.  === ВЫДЕРЖКИ ИЗ ВИКИ === === Байкал === Карточка: Страна: Россия Абсолютная в
2026-09-19 11:20:37.089 I/ChatVM: RAG ctx: 4 articles from 39 candidates
2026-09-19 11:20:37.089 I/ChatVM: Generating: 7 msgs, maxTokens=1600, temp=0.7, noThink=true
2026-09-19 11:20:58.068 I/ChatVM: Reply (216 chars, 77 tok, 22875ms, prefill 2689tok/7783ms=345t/s, decode 5,9t/s): Байкал считается самым глубоким озером на Земле благодаря своей геологической структуре: дно в самой глубокой точке лежит **на 1186 м ниже уровня мирового океана**, что делает его уникальным пресновод
2026-09-19 11:20:58.069 I/ChatVM: [TURN] end path=rag total=22875ms factoid=0ms ptok=2689 gtok=77 prefill=7783ms decode=13145ms chars=216
2026-09-19 11:20:58.676 I/BenchmarkBridge: Benchmark question via intent: как связаны Менделеев и периодическая таблица
2026-09-19 11:20:58.680 I/ChatVM: [TURN] begin q=как связаны Менделеев и периодическая таблица
2026-09-19 11:20:58.681 I/ChatVM: [PHASE] factoid=miss ms=0
2026-09-19 11:20:58.684 I/RagPromptBuilder: Query: 'как связаны Менделеев и периодическая таблица' -> ZIM keywords: 'связаны менделеев периодическая таблица'
2026-09-19 11:20:58.815 I/GraphWalker: walk seed=Менделеев,_Дмитрий_Иванович props=[P6, P1365, P1366, P39, P166, P26, P40, P22, P25, P3373, P50, P175, P800, P184, P802, P57, P58, P162, P36, P159, P127, P112] → 6 nodes
2026-09-19 11:20:58.817 I/RagPromptBuilder: Walker probes (entity='Менделеев', props=22): Менделеев, Дмитрий Иванович, Орден Святого Владимира, Кавалер ордена Святого Александра Невского, Орден Белого орла (Российская империя), Орден Святой Анны I степени, Орден Святого Станислава (Российская империя), Орден Святой Анны II степени
2026-09-19 11:20:58.888 I/EntityTitleProbe: Title probes (22 lookups): Менделеев, Дмитрий Иванович(1070), Периодическая система химических элементов(1040), Таблица(1030), Таблиц, Богуслав(1020)
2026-09-19 11:20:58.912 I/ZimSearcher: search('связаны менделеев периодическая таблица') estimated=60
2026-09-19 11:20:59.804 I/ZimSearcher: search('периодическая') estimated=24960
2026-09-19 11:21:00.561 I/RagPromptBuilder: Entity merge 'периодическая': +18 candidates
2026-09-19 11:21:00.565 I/RagPromptBuilder: RAG: 'как связаны Менделеев и периодическая таблица' candidates=46
2026-09-19 11:21:00.566 I/RagPromptBuilder: Top hits: Менделеев, Дмитрий Иванович(s=1070)[Менделеев,_Дмитрий_Иванович] | Периодическая система химических элементов(s=1040)[Периодическая_система_химических_элементов] | Таблица(s=1030)[Таблица] | Таблиц, Богуслав(s=1020)[Таблиц,_Богуслав] | Орден Святого Владимира(s=899)[Орден_Святого_Владимира]
2026-09-19 11:21:01.024 I/RagPromptBuilder: [PHASE] search=1883ms read=457ms docs=4 ctx=5006
2026-09-19 11:21:01.025 I/RagPromptBuilder: RAG prompt preview (listIntent=false): Тебе даны выдержки из Википедии. Отвечай на их основе. Ответь коротко и по существу: 1–3 предложения, только то, о чём спрашивают. Не пересказывай выдержки, не добавляй посторонние факты и не нумеруй пункты, если вопрос не про перечень. Если вопрос требует сравнения двух и более вещей — до 5 предложений. Если в выдержках совсем нет нужной информации — скажи «не знаю по приведённым выдержкам». Отвечай на русском языке.  === ВЫДЕРЖКИ ИЗ ВИКИ === === Менделеев, Дмитрий Иванович === Карточка: Дата р
2026-09-19 11:21:01.025 I/ChatVM: RAG ctx: 4 articles from 46 candidates
2026-09-19 11:21:01.026 I/ChatVM: Generating: 7 msgs, maxTokens=1600, temp=0.7, noThink=true
2026-09-19 11:21:27.048 I/ChatVM: Reply (415 chars, 117 tok, 28368ms, prefill 2419tok/6715ms=360t/s, decode 6,1t/s): **Менделеев и периодическая таблица напрямую связаны, так как именно он сформировал структуру Периодической системы химических элементов. Его научные достижения в области физико-химического анализа по
2026-09-19 11:21:27.050 I/ChatVM: [TURN] end path=rag total=28368ms factoid=0ms ptok=2419 gtok=117 prefill=6715ms decode=19243ms chars=415
