:42.709 I/FactoidAnswerer: Factoid candidates: Тольятти, Автомобильная промышленность
2026-09-29 09:33:42.788 I/FactoidAnswerer: Factoid: no label covers [автоза, распол] in [Глава/мэр, Население, Площадь, Основан, Страна, Часовой пояс, Субъект Федерации, Городской округ, Внутреннее деление, Глава городского округа, Прежние названия, Город с, Высота центра, Тип климата, Плотность, Агломерация, Население агломерации, Национальности, Конфессии, Название жителей, Официальный язык, День города]
2026-09-29 09:33:42.789 I/FactoidAnswerer: Factoid: 'Тольятти' card has no matching field — next candidate
2026-09-29 09:33:42.812 I/FactoidAnswerer: Factoid: 'Автомобильная промышленность' has no infobox — next candidate
2026-09-29 09:33:42.812 I/FactoidAnswerer: Factoid: no candidate carried the field — falling back to RAG
2026-09-29 09:33:42.812 I/ChatVM: [PHASE] factoid=miss ms=522
2026-09-29 09:33:42.813 I/RagPromptBuilder: Query: 'какой автозавод расположен в Тольятти' -> ZIM keywords: 'автозавод расположен тольятти'
2026-09-29 09:33:42.936 I/GraphWalker: walk: 0 wikilinks in 'Заслуженный_врач_Российской_Федерации' (depth=3)
2026-09-29 09:33:42.948 I/GraphWalker: walk seed=Тольятти props=[P6, P1365, P1366, P39, P166, P26, P40, P22, P25, P3373, P50, P175, P800, P184, P802, P57, P58, P162, P36, P159, P127, P112] → 5 nodes
2026-09-29 09:33:42.948 I/RagPromptBuilder: Walker probes (entity='Тольятти', props=22): Тольятти, Илья Геннадьевич Сухих, Николай Ренц, Заслуженный врач Российской Федерации, Сергей Анташев, Сергей Андреев
2026-09-29 09:33:42.954 I/EntityTitleProbe: Title probes (10 lookups): Тольятти(1080), Автомобильная промышленность(1020)
2026-09-29 09:33:42.966 I/ZimSearcher: search('автозавод расположен тольятти') estimated=40
2026-09-29 09:33:43.892 I/ZimSearcher: search('расположен') estimated=249807
2026-09-29 09:33:44.300 I/RagPromptBuilder: Entity merge 'расположен': +20 candidates
2026-09-29 09:33:44.304 I/RagPromptBuilder: RAG: 'какой автозавод расположен в Тольятти' candidates=46
2026-09-29 09:33:44.304 I/RagPromptBuilder: Top hits: Тольятти(s=1080)[Тольятти] | Автомобильная промышленность(s=1020)[Автомобильная_промышленность] | Илья Геннадьевич Сухих(s=899)[Сухих,_Илья_Геннадьевич] | Николай Ренц(s=898)[Ренц,_Николай_Альфредович] | Сергей Анташев(s=897)[Анташев,_Сергей_Александрович]
2026-09-29 09:33:44.616 I/RagPromptBuilder: [PHASE] search=1491ms read=312ms docs=4 ctx=5094
2026-09-29 09:33:44.617 I/RagPromptBuilder: RAG prompt preview (listIntent=false): Тебе даны выдержки из Википедии. Отвечай на их основе. Ответь коротко и по существу: 1–3 предложения, только то, о чём спрашивают. Не пересказывай выдержки, не добавляй посторонние факты и не нумеруй пункты, если вопрос не про перечень. Если вопрос требует сравнения двух и более вещей — до 5 предложений. Если в выдержках совсем нет нужной информации — скажи «не знаю по приведённым выдержкам». Отвечай на русском языке.  === ВЫДЕРЖКИ ИЗ ВИКИ === === Тольятти === Карточка: Глава/мэр: Илья Геннадьев
2026-09-29 09:33:44.617 I/ChatVM: RAG ctx: 4 articles from 46 candidates
2026-09-29 09:33:44.617 I/ChatVM: Generating: 7 msgs, maxTokens=1600, temp=0.7, noThink=true
2026-09-29 09:33:55.985 I/ChatVM: Reply (47 chars, 26 tok, 13695ms, prefill 2724tok/7088ms=384t/s, decode 6,1t/s): Автозавод «Лада Запад Тольятти» (до 2019 года).
2026-09-29 09:33:55.986 I/ChatVM: [TURN] end path=rag total=13695ms factoid=522ms ptok=2724 gtok=26 prefill=7088ms decode=4236ms chars=47
2026-09-29 09:33:56.669 I/BenchmarkBridge: Benchmark question via intent: назови планеты Солнечной системы
2026-09-29 09:33:56.670 I/ChatVM: [TURN] begin q=назови планеты Солнечной системы
2026-09-29 09:33:56.671 I/ChatVM: [PHASE] factoid=miss ms=0
2026-09-29 09:33:56.672 I/RagPromptBuilder: Query: 'назови планеты Солнечной системы' -> ZIM keywords: 'планеты солнечной системы'
2026-09-29 09:33:56.758 I/GraphWalker: walk: 0 wikilinks in 'Вспышка_солнечной_активности' (depth=0)
2026-09-29 09:33:56.759 I/GraphWalker: walk seed=Вспышка_солнечной_активности props=[P6, P1365, P1366, P39, P166, P26, P40, P22, P25, P3373, P50, P175, P800, P184, P802, P57, P58, P162, P36, P159, P127, P112] → 0 nodes
2026-09-29 09:33:56.759 I/RagPromptBuilder: Walker probes (entity='Солнечной', props=22): Вспышка солнечной активности
2026-09-29 09:33:56.791 I/EntityTitleProbe: Title probes (29 lookups): Планеты Солнечной системы(1120), Солнечная система(1100), Солнечная(1080), Планета(1020), Система(1020)
2026-09-29 09:33:56.794 I/EntityTitleProbe: Redundant probes: Солнечная, Планета, Система
2026-09-29 09:33:56.865 I/ZimSearcher: search('планеты солнечной системы') estimated=7000
2026-09-29 09:33:57.301 I/ZimSearcher: search('солнечной') estimated=12659
2026-09-29 09:33:57.768 I/RagPromptBuilder: Entity merge 'солнечной': +13 candidates
2026-09-29 09:33:57.771 I/RagPromptBuilder: RAG: 'назови планеты Солнечной системы' candidates=35
2026-09-29 09:33:57.772 I/RagPromptBuilder: Top hits: Планеты Солнечной системы(s=1120)[Планеты_Солнечной_системы] | Солнечная система(s=1100)[Солнечная_система] | Вспышка солнечной активности(s=900)[Вспышка_солнечной_активности] | Планеты-гиганты(s=97)[Планеты-гиганты] | Планеты (сериал)(s=95)[Планеты_(сериал)]
2026-09-29 09:33:57.982 I/RagPromptBuilder: [PHASE] search=1100ms read=209ms docs=4 ctx=3312
2026-09-29 09:33:57.982 I/RagPromptBuilder: RAG prompt preview (listIntent=false): Тебе даны выдержки из Википедии. Отвечай на их основе. Ответь коротко и по существу: 1–3 предложения, только то, о чём спрашивают. Не пересказывай выдержки, не добавляй посторонние факты и не нумеруй пункты, если вопрос не про перечень. Если вопрос требует сравнения двух и более вещей — до 5 предложений. Если в выдержках совсем нет нужной информации — скажи «не знаю по приведённым выдержкам». Отвечай на русском языке.  === ВЫДЕРЖКИ ИЗ ВИКИ === === Планеты Солнечной системы === Планеты Солнечной 
2026-09-29 09:33:57.983 I/ChatVM: RAG ctx: 4 articles from 35 candidates
2026-09-29 09:33:57.983 I/ChatVM: Generating: 7 msgs, maxTokens=1600, temp=0.7, noThink=true
2026-09-29 09:34:11.833 I/ChatVM: Reply (165 chars, 68 tok, 15162ms, prefill 1742tok/4138ms=421t/s, decode 7,0t/s): В Солнечной системе известны восемь планет: Меркурий, Венера, Земля, Марс (планеты земной группы), а также четыре гигантские планеты — Юпитер, Сатурн, Уран и Нептун.
2026-09-29 09:34:11.834 I/ChatVM: [TURN] end path=rag total=15162ms factoid=0ms ptok=1742 gtok=68 prefill=4138ms decode=9669ms chars=165
2026-09-29 09:34:12.082 I/BenchmarkBridge: Benchmark question via intent: кто был предшественником нынешнего мэра Тольятти
2026-09-29 09:34:12.084 I/ChatVM: [TURN] begin q=кто был предшественником нынешнего мэра Тольятти
2026-09-29 09:34:12.085 I/FactoidAnswerer: Factoid candidate: label='(by card label)' entity='Тольятти'
2026-09-29 09:34:12.154 I/EntityTitleProbe: Title probes (16 lookups): Тольятти(1080)
2026-09-29 09:34:12.216 I/ZimSearcher: suggestTitles('Тольятти'): Тольятти, Тольятти 24, Тольятти (История), Тольятти (аэродром), Тольятти (значения), Тольятти (станция), Тольятти П., Тольятти сегодня, Тольятти, Эудженио, Тольятти (речной порт), Тольятти (футбольный клуб), Тольятти (особая экономическая зона), Тольятти (территория опережающего развития), Академия Тольятти, Вузы Тольятти, Герб Тольятти, Гимн Тольятти, Градоначальники Тольятти, Дума Тольятти, Лада (Тольятти), Лада-Тольятти, Медгородок Тольятти, Набережная Тольятти, Памятники Тольятти, Поверхность Тольятти, Портпосёлок (Тольятти), Районы Тольятти, СИБУР Тольятти, Спорт Тольятти, Троллейбус Тольятти, Улицы Тольятти, Флаг Тольятти
2026-09-29 09:34:12.219 I/FactoidAnswerer: Factoid candidates: Тольятти
2026-09-29 09:34:12.292 I/FactoidAnswerer: Factoid: no label covers [предше, мэра] in [Глава/мэр, Население, Площадь, Основан, Страна, Часовой пояс, Субъект Федерации, Городской округ, Внутреннее деление, Глава городского округа, Прежние названия, Город с, Высота центра, Тип климата, Плотность, Агломерация, Население агломерации, Национальности, Конфессии, Название жителей, Официальный язык, День города]
2026-09-29 09:34:12.292 I/FactoidAnswerer: Factoid: 'Тольятти' card has no matching field — next candidate
2026-09-29 09:34:12.293 I/FactoidAnswerer: Factoid: no candidate carried the field — falling back to RAG
2026-09-29 09:34:12.293 I/ChatVM: [PHASE] factoid=miss ms=208
2026-09-29 09:34:12.293 I/RagPromptBuilder: Query: 'кто был предшественником нынешнего мэра Тольятти' -> ZIM keywords: 'предшественником нынешнего мэра тольятти'
2026-09-29 09:34:12.387 I/GraphWalker: walk seed=Тольятти props=[P6, P1365, P1366] → 4 nodes
2026-09-29 09:34:12.388 I/RagPromptBuilder: Walker probes (entity='Тольятти', props=3): Тольятти, Илья Геннадьевич Сухих, Николай Ренц, Сергей Анташев, Сергей Андреев
2026-09-29 09:34:12.398 I/EntityTitleProbe: Title probes (16 lookups): Тольятти(1080)
2026-09-29 09:34:12.413 I/ZimSearcher: search('предшественником нынешнего мэра тольятти') estimated=5
2026-09-29 09:34:13.088 I/ZimSearcher: search('предшественником') estimated=92922
2026-09-29 09:34:13.518 I/RagPromptBuilder: Entity merge 'предшественником': +20 candidates
2026-09-29 09:34:13.520 I/RagPromptBuilder: RAG: 'кто был предшественником нынешнего мэра Тольятти' candidates=30
2026-09-29 09:34:13.521 I/RagPromptBuilder: Top hits: Тольятти(s=1080)[Тольятти] | Илья Геннадьевич Сухих(s=899)[Сухих,_Илья_Геннадьевич] | Николай Ренц(s=898)[Ренц,_Николай_Альфредович] | Сергей Анташев(s=897)[Анташев,_Сергей_Александрович] | Сергей Андреев(s=896)[Андреев,_Сергей_Игоревич]
2026-09-29 09:34:13.819 I/RagPromptBuilder: [PHASE] search=1228ms read=297ms docs=3 ctx=4713
2026-09-29 09:34:13.820 I/RagPromptBuilder: RAG prompt preview (listIntent=false): Тебе даны выдержки из Википедии. Отвечай на их основе. Ответь коротко и по существу: 1–3 предложения, только то, о чём спрашивают. Не пересказывай выдержки, не добавляй посторонние факты и не нумеруй пункты, если вопрос не про перечень. Если вопрос требует сравнения двух и более вещей — до 5 предложений. Если в выдержках совсем нет нужной информации — скажи «не знаю по приведённым выдержкам». Отвечай на русском языке.  === ВЫДЕРЖКИ ИЗ ВИКИ === === Тольятти === Карточка: Глава/мэр: Илья Геннадьев
2026-09-29 09:34:13.821 I/ChatVM: RAG ctx: 3 articles from 30 candidates
2026-09-29 09:34:13.821 I/ChatVM: Generating: 7 msgs, maxTokens=1600, temp=0.7, noThink=true
2026-09-29 09:34:26.503 I/ChatVM: Reply (69 chars, 34 tok, 14418ms, prefill 2672tok/6985ms=383t/s, decode 6,0t/s): Предшественником нынешнего мэра Тольятти Ильи Сухих был Николай Ренц.
2026-09-29 09:34:26.504 I/ChatVM: [TURN] end path=rag total=14418ms factoid=208ms ptok=2672 gtok=34 prefill=6985ms decode=5660ms chars=69
2026-09-29 09:34:27.509 I/BenchmarkBridge: Benchmark question via intent: сравни население Москвы и Санкт-Петербурга
2026-09-29 09:34:27.511 I/ChatVM: [TURN] begin q=сравни население Москвы и Санкт-Петербурга
2026-09-29 09:34:27.512 I/ChatVM: [PHASE] factoid=miss ms=1
2026-09-29 09:34:27.513 I/RagPromptBuilder: Query: 'сравни население Москвы и Санкт-Петербурга' -> ZIM keywords: 'сравни население москвы санкт петербурга'
2026-09-29 09:34:29.556 I/GraphWalker: walk: 0 wikilinks in 'Генплан_Петербурга' (depth=0)
2026-09-29 09:34:29.556 I/GraphWalker: walk seed=Генплан_Петербурга props=[P6, P1365, P1366, P39, P166, P26, P40, P22, P25, P3373, P50, P175, P800, P184, P802, P57, P58, P162, P36, P159, P127, P112] → 0 nodes
2026-09-29 09:34:29.557 I/RagPromptBuilder: Walker probes (entity='Петербурга', props=22): Генплан Петербурга
2026-09-29 09:34:29.592 I/EntityTitleProbe: Title probes (23 lookups): Москва(1080), Санкт-Петербург(1070), Население Москвы(900)
2026-09-29 09:34:29.633 I/ZimSearcher: search('сравни население москвы санкт петербурга') estimated=300
2026-09-29 09:34:30.202 I/ZimSearcher: search('петербурга') estimated=115995
2026-09-29 09:34:30.721 I/RagPromptBuilder: Entity merge 'петербурга': +18 candidates
2026-09-29 09:34:30.723 I/RagPromptBuilder: RAG: 'сравни население Москвы и Санкт-Петербурга' candidates=42
2026-09-29 09:34:30.724 I/RagPromptBuilder: Top hits: Москва(s=1080)[Москва] | Санкт-Петербург(s=1070)[Санкт-Петербург] | Генплан Петербурга(s=900)[Генплан_Петербурга] | Население Москвы(s=900)[Население_Москвы] | Санкт-Петербург (телерадиокомпания)(s=99)[Санкт-Петербург_(телерадиокомпания)]
2026-09-29 09:34:31.344 I/RagPromptBuilder: [PHASE] search=3212ms read=619ms docs=3 ctx=4342
2026-09-29 09:34:31.345 I/RagPromptBuilder: RAG prompt preview (listIntent=false): Тебе даны выдержки из Википедии. Отвечай на их основе. Ответь коротко и по существу: 1–3 предложения, только то, о чём спрашивают. Не пересказывай выдержки, не добавляй посторонние факты и не нумеруй пункты, если вопрос не про перечень. Если вопрос требует сравнения двух и более вещей — до 5 предложений. Если в выдержках совсем нет нужной информации — скажи «не знаю по приведённым выдержкам». Отвечай на русском языке.  === ВЫДЕРЖКИ ИЗ ВИКИ === === Москва === Карточка: Глава/мэр: Сергей Собянин Н
2026-09-29 09:34:31.345 I/ChatVM: RAG ctx: 3 articles from 42 candidates
2026-09-29 09:34:31.346 I/ChatVM: Generating: 7 msgs, maxTokens=1600, temp=0.7, noThink=true
2026-09-29 09:34:52.160 I/ChatVM: Reply (308 chars, 100 tok, 24648ms, prefill 2103tok/5210ms=404t/s, decode 6,4t/s): Население Москвы — 13,27 млн человек (2025), Санкт-Петербурга — 5,65 млн. Москва по населению и площади уступает Москве как столице РФ только Мумбаи и Лиме в Европе; Петербург считается самым северным
2026-09-29 09:34:52.162 I/ChatVM: [TURN] end path=rag total=24648ms factoid=1ms ptok=2103 gtok=100 prefill=5210ms decode=15565ms chars=308
2026-09-29 09:34:53.146 I/BenchmarkBridge: Benchmark question via intent: почему Байкал самое глубокое озеро
2026-09-29 09:34:53.148 I/ChatVM: [TURN] begin q=почему Байкал самое глубокое озеро
2026-09-29 09:34:53.149 I/ChatVM: [PHASE] factoid=miss ms=0
2026-09-29 09:34:53.152 I/RagPromptBuilder: Query: 'почему Байкал самое глубокое озеро' -> ZIM keywords: 'байкал самое глубокое озеро'
2026-09-29 09:34:53.240 I/GraphWalker: walk: 0 wikilinks in 'Байкал' (depth=0)
2026-09-29 09:34:53.240 I/GraphWalker: walk seed=Байкал props=[P6, P1365, P1366, P39, P166, P26, P40, P22, P25, P3373, P50, P175, P800, P184, P802, P57, P58, P162, P36, P159, P127, P112] → 0 nodes
2026-09-29 09:34:53.241 I/RagPromptBuilder: Walker probes (entity='Байкал', props=22): Байкал
2026-09-29 09:34:53.277 I/EntityTitleProbe: Title probes (12 lookups): Байкал(1080), Глубокое озеро(1050), Глубокое(1030), Озеро(1030)
2026-09-29 09:34:53.279 I/EntityTitleProbe: Redundant probes: Глубокое, Озеро
2026-09-29 09:34:53.307 I/ZimSearcher: search('байкал самое глубокое озеро') estimated=200
2026-09-29 09:34:53.895 I/ZimSearcher: search('глубокое') estimated=52854
2026-09-29 09:34:54.448 I/RagPromptBuilder: Entity merge 'глубокое': +19 candidates
2026-09-29 09:34:54.450 I/RagPromptBuilder: RAG: 'почему Байкал самое глубокое озеро' candidates=39
2026-09-29 09:34:54.451 I/RagPromptBuilder: Top hits: Байкал(s=1080)[Байкал] | Глубокое озеро(s=1050)[Глубокое_озеро] | Глубокое(s=100)[Глубокое] | Глубокое (город)(s=99)[Глубокое_(город)] | Глубокое обучение(s=98)[Глубокое_обучение]
2026-09-29 09:34:54.703 I/RagPromptBuilder: [PHASE] search=1300ms read=250ms docs=4 ctx=4884
2026-09-29 09:34:54.703 I/RagPromptBuilder: RAG prompt preview (listIntent=false): Тебе даны выдержки из Википедии. Отвечай на их основе. Ответь коротко и по существу: 1–3 предложения, только то, о чём спрашивают. Не пересказывай выдержки, не добавляй посторонние факты и не нумеруй пункты, если вопрос не про перечень. Если вопрос требует сравнения двух и более вещей — до 5 предложений. Если в выдержках совсем нет нужной информации — скажи «не знаю по приведённым выдержкам». Отвечай на русском языке.  === ВЫДЕРЖКИ ИЗ ВИКИ === === Байкал === Карточка: Страна: Россия Абсолютная в
2026-09-29 09:34:54.704 I/ChatVM: RAG ctx: 4 articles from 39 candidates
2026-09-29 09:34:54.704 I/ChatVM: Generating: 7 msgs, maxTokens=1600, temp=0.7, noThink=true
2026-09-29 09:35:19.516 I/ChatVM: Reply (284 chars, 102 tok, 26367ms, prefill 2767tok/7189ms=385t/s, decode 5,8t/s): Байкал считается самым глубоким озером мира, так как его дно находится на 1642 метра ниже уровня моря. Хотя есть и другие глубинные озёры (например, в Красноярском крае), по объёмам воды Байкала прево
2026-09-29 09:35:19.517 I/ChatVM: [TURN] end path=rag total=26367ms factoid=0ms ptok=2767 gtok=102 prefill=7189ms decode=17580ms chars=284
2026-09-29 09:35:19.819 I/BenchmarkBridge: Benchmark question via intent: как связаны Менделеев и периодическая таблица
2026-09-29 09:35:19.821 I/ChatVM: [TURN] begin q=как связаны Менделеев и периодическая таблица
2026-09-29 09:35:19.821 I/ChatVM: [PHASE] factoid=miss ms=0
2026-09-29 09:35:19.823 I/RagPromptBuilder: Query: 'как связаны Менделеев и периодическая таблица' -> ZIM keywords: 'связаны менделеев периодическая таблица'
2026-09-29 09:35:19.914 I/GraphWalker: walk seed=Менделеев,_Дмитрий_Иванович props=[P6, P1365, P1366, P39, P166, P26, P40, P22, P25, P3373, P50, P175, P800, P184, P802, P57, P58, P162, P36, P159, P127, P112] → 6 nodes
2026-09-29 09:35:19.914 I/RagPromptBuilder: Walker probes (entity='Менделеев', props=22): Менделеев, Дмитрий Иванович, Орден Святого Владимира, Кавалер ордена Святого Александра Невского, Орден Белого орла (Российская империя), Орден Святой Анны I степени, Орден Святого Станислава (Российская империя), Орден Святой Анны II степени
2026-09-29 09:35:19.961 I/EntityTitleProbe: Title probes (22 lookups): Менделеев, Дмитрий Иванович(1070), Периодическая система химических элементов(1040), Таблица(1030), Таблиц, Богуслав(1020)
2026-09-29 09:35:19.981 I/ZimSearcher: search('связаны менделеев периодическая таблица') estimated=60
2026-09-29 09:35:20.699 I/ZimSearcher: search('периодическая') estimated=24960
2026-09-29 09:35:21.308 I/RagPromptBuilder: Entity merge 'периодическая': +18 candidates
2026-09-29 09:35:21.312 I/RagPromptBuilder: RAG: 'как связаны Менделеев и периодическая таблица' candidates=46
2026-09-29 09:35:21.312 I/RagPromptBuilder: Top hits: Менделеев, Дмитрий Иванович(s=1070)[Менделеев,_Дмитрий_Иванович] | Периодическая система химических элементов(s=1040)[Периодическая_система_химических_элементов] | Таблица(s=1030)[Таблица] | Таблиц, Богуслав(s=1020)[Таблиц,_Богуслав] | Орден Святого Владимира(s=899)[Орден_Святого_Владимира]
2026-09-29 09:35:21.679 I/RagPromptBuilder: [PHASE] search=1490ms read=366ms docs=4 ctx=5006
2026-09-29 09:35:21.680 I/RagPromptBuilder: RAG prompt preview (listIntent=false): Тебе даны выдержки из Википедии. Отвечай на их основе. Ответь коротко и по существу: 1–3 предложения, только то, о чём спрашивают. Не пересказывай выдержки, не добавляй посторонние факты и не нумеруй пункты, если вопрос не про перечень. Если вопрос требует сравнения двух и более вещей — до 5 предложений. Если в выдержках совсем нет нужной информации — скажи «не знаю по приведённым выдержкам». Отвечай на русском языке.  === ВЫДЕРЖКИ ИЗ ВИКИ === === Менделеев, Дмитрий Иванович === Карточка: Дата р
2026-09-29 09:35:21.680 I/ChatVM: RAG ctx: 4 articles from 46 candidates
2026-09-29 09:35:21.680 I/ChatVM: Generating: 7 msgs, maxTokens=1600, temp=0.7, noThink=true
2026-09-29 09:35:37.212 I/ChatVM: Reply (200 chars, 56 tok, 17391ms, prefill 2503tok/6496ms=385t/s, decode 6,2t/s): Менделеев создал первую таблицу химических элементов, предсказав свойства не известных тогда металлов. Его система основана на зависимости между атомной массой и физико-химическими свойствами веществ.
2026-09-29 09:35:37.213 I/ChatVM: [TURN] end path=rag total=17391ms factoid=0ms ptok=2503 gtok=56 prefill=6496ms decode=8989ms chars=200
2026-09-29 09:36:01.018 I/WikiLLMApp: ADSP_LIBRARY_PATH=/data/app/~~9qe0_u4XiTCa7mLPCBCJNQ==/com.wikillm.android.debug-qmDVKQjA7aZLv9XurPnO8A==/lib/arm64;/vendor/lib/rfsa/adsp;/vendor/dsp/cdsp;/system/lib/rfsa/adsp
2026-09-29 09:36:01.024 I/WikiLLMApp: ReLinker.loadLibrary(zim) OK
2026-09-29 09:36:01.029 I/WikiLLMApp: ReLinker.loadLibrary(kiwix) OK
2026-09-29 09:36:01.030 I/WikiLLMApp: System.loadLibrary(zim_wrapper) OK
2026-09-29 09:36:01.030 I/WikiLLMApp: System.loadLibrary(kiwix_wrapper) OK
2026-09-29 09:36:01.302 I/ChatVM: Auto-loading last model: QVikhr-3-4B-Instruction-Q4_0.gguf
2026-09-29 09:36:01.303 I/ChatVM: Loading model: QVikhr-3-4B-Instruction-Q4_0.gguf (device=auto, mtp=0) (/storage/emulated/0/Android/data/com.wikillm.android.debug/files/models/Vikhrmodels/QVikhr-3-4B-Instruction-GGUF/QVikhr-3-4B-Instruction-Q4_0.gguf)
2026-09-29 09:36:01.645 I/ZimSearcher: openPath: /storage/emulated/0/Android/data/com.wikillm.android.debug/files/zim/wikipedia_ru_all_nopic_2026-01.zim (14671735099 bytes)
2026-09-29 09:36:01.979 I/ZimSearchHolder: ZimSearchHolder ready: wikipedia_ru_all_nopic_2026-01.zim
2026-09-29 09:36:07.342 I/ChatVM: Model loaded: QVikhr-3-4B-Instruction-Q4_0.gguf
2026-09-29 09:40:52.970 I/BenchmarkBridge: Benchmark question via intent: почему Юпитер называют газовым гигантом
2026-09-29 09:40:52.979 I/ChatVM: [TURN] begin q=почему Юпитер называют газовым гигантом
2026-09-29 09:40:52.982 I/ChatVM: [PHASE] factoid=miss ms=2
2026-09-29 09:40:52.985 I/RagPromptBuilder: Query: 'почему Юпитер называют газовым гигантом' -> ZIM keywords: 'юпитер называют газовым гигантом'
2026-09-29 09:40:53.316 I/GraphWalker: walk: 0 wikilinks in 'Юпитер' (depth=0)
2026-09-29 09:40:53.317 I/GraphWalker: walk seed=Юпитер props=[P6, P1365, P1366, P39, P166, P26, P40, P22, P25, P3373, P50, P175, P800, P184, P802, P57, P58, P162, P36, P159, P127, P112] → 0 nodes
2026-09-29 09:40:53.317 I/RagPromptBuilder: Walker probes (entity='Юпитер', props=22): Юпитер
2026-09-29 09:40:53.419 I/EntityTitleProbe: Title probes (13 lookups): Юпитер(1080), Гигант(1030)
2026-09-29 09:40:53.491 I/ZimSearcher: search('юпитер называют газовым гигантом') estimated=200
2026-09-29 09:40:53.969 I/ZimSearcher: search('называют') estimated=194221
2026-09-29 09:40:54.356 I/RagPromptBuilder: Entity merge 'называют': +20 candidates
2026-09-29 09:40:54.361 I/RagPromptBuilder: RAG: 'почему Юпитер называют газовым гигантом' candidates=42
2026-09-29 09:40:54.362 I/RagPromptBuilder: Top hits: Юпитер(s=1080)[Юпитер] | Гигант(s=1030)[Гигант] | То, что называют любовью(s=98)[То,_что_называют_любовью] | Газовые гиганты(s=100)[Газовые_гиганты] | Моя так называемая жизнь(s=100)[Моя_так_называемая_жизнь]
2026-09-29 09:40:54.804 I/RagPromptBuilder: [PHASE] search=1378ms read=441ms docs=4 ctx=4405
2026-09-29 09:40:54.804 I/RagPromptBuilder: RAG prompt preview (listIntent=false): Тебе даны выдержки из Википедии. Отвечай на их основе. Ответь коротко и по существу: 1–3 предложения, только то, о чём спрашивают. Не пересказывай выдержки, не добавляй посторонние факты и не нумеруй пункты, если вопрос не про перечень. Если вопрос требует сравнения двух и более вещей — до 5 предложений. Если в выдержках совсем нет нужной информации — скажи «не знаю по приведённым выдержкам». Отвечай на русском языке.  === ВЫДЕРЖКИ ИЗ ВИКИ === === Юпитер === Карточка: Перигелий: 7,405736⋅108 км 
2026-09-29 09:40:54.805 I/ChatVM: RAG ctx: 4 articles from 42 candidates
2026-09-29 09:40:54.805 I/ChatVM: Generating: 1 msgs, maxTokens=1600, temp=0.7, noThink=true
2026-09-29 09:59:01.532 I/WikiLLMApp: ADSP_LIBRARY_PATH=/data/app/~~9qe0_u4XiTCa7mLPCBCJNQ==/com.wikillm.android.debug-qmDVKQjA7aZLv9XurPnO8A==/lib/arm64;/vendor/lib/rfsa/adsp;/vendor/dsp/cdsp;/system/lib/rfsa/adsp
2026-09-29 09:59:01.540 I/WikiLLMApp: ReLinker.loadLibrary(zim) OK
2026-09-29 09:59:01.547 I/WikiLLMApp: ReLinker.loadLibrary(kiwix) OK
2026-09-29 09:59:01.547 I/WikiLLMApp: System.loadLibrary(zim_wrapper) OK
2026-09-29 09:59:01.548 I/WikiLLMApp: System.loadLibrary(kiwix_wrapper) OK
2026-09-29 09:59:01.812 I/ChatVM: Auto-loading last model: QVikhr-3-4B-Instruction-Q4_0.gguf
2026-09-29 09:59:01.813 I/ChatVM: Loading model: QVikhr-3-4B-Instruction-Q4_0.gguf (device=auto, mtp=0) (/storage/emulated/0/Android/data/com.wikillm.android.debug/files/models/Vikhrmodels/QVikhr-3-4B-Instruction-GGUF/QVikhr-3-4B-Instruction-Q4_0.gguf)
2026-09-29 09:59:02.127 I/ZimSearcher: openPath: /storage/emulated/0/Android/data/com.wikillm.android.debug/files/zim/wikipedia_ru_all_nopic_2026-01.zim (14671735099 bytes)
2026-09-29 09:59:02.470 I/ZimSearchHolder: ZimSearchHolder ready: wikipedia_ru_all_nopic_2026-01.zim
2026-09-29 09:59:07.003 I/ChatVM: Model loaded: QVikhr-3-4B-Instruction-Q4_0.gguf
2026-09-29 09:59:10.450 I/BenchmarkBridge: Benchmark question via intent: почему Юпитер называют газовым гигантом
2026-09-29 09:59:10.455 I/ChatVM: [TURN] begin q=почему Юпитер называют газовым гигантом
2026-09-29 09:59:10.457 I/ChatVM: [PHASE] factoid=miss ms=1
2026-09-29 09:59:10.459 I/RagPromptBuilder: Query: 'почему Юпитер называют газовым гигантом' -> ZIM keywords: 'юпитер называют газовым гигантом'
2026-09-29 09:59:10.798 I/GraphWalker: walk: 0 wikilinks in 'Юпитер' (depth=0)
2026-09-29 09:59:10.799 I/GraphWalker: walk seed=Юпитер props=[P6, P1365, P1366, P39, P166, P26, P40, P22, P25, P3373, P50, P175, P800, P184, P802, P57, P58, P162, P36, P159, P127, P112] → 0 nodes
2026-09-29 09:59:10.799 I/RagPromptBuilder: Walker probes (entity='Юпитер', props=22): Юпитер
2026-09-29 09:59:10.888 I/EntityTitleProbe: Title probes (13 lookups): Юпитер(1080), Гигант(1030)
2026-09-29 09:59:10.929 I/ZimSearcher: search('юпитер называют газовым гигантом') estimated=200
2026-09-29 09:59:11.374 I/ZimSearcher: search('называют') estimated=194221
2026-09-29 09:59:11.726 I/RagPromptBuilder: Entity merge 'называют': +20 candidates
2026-09-29 09:59:11.731 I/RagPromptBuilder: RAG: 'почему Юпитер называют газовым гигантом' candidates=42
2026-09-29 09:59:11.731 I/RagPromptBuilder: Top hits: Юпитер(s=1080)[Юпитер] | Гигант(s=1030)[Гигант] | То, что называют любовью(s=98)[То,_что_называют_любовью] | Газовые гиганты(s=100)[Газовые_гиганты] | Моя так называемая жизнь(s=100)[Моя_так_называемая_жизнь]
2026-09-29 09:59:12.180 I/RagPromptBuilder: [PHASE] search=1272ms read=448ms docs=4 ctx=4405
2026-09-29 09:59:12.180 I/RagPromptBuilder: RAG prompt preview (listIntent=false): Тебе даны выдержки из Википедии. Отвечай на их основе. Ответь коротко и по существу: 1–3 предложения, только то, о чём спрашивают. Не пересказывай выдержки, не добавляй посторонние факты и не нумеруй пункты, если вопрос не про перечень. Если вопрос требует сравнения двух и более вещей — до 5 предложений. Если в выдержках совсем нет нужной информации — скажи «не знаю по приведённым выдержкам». Отвечай на русском языке.  === ВЫДЕРЖКИ ИЗ ВИКИ === === Юпитер === Карточка: Перигелий: 7,405736⋅108 км 
2026-09-29 09:59:12.180 I/ChatVM: RAG ctx: 4 articles from 42 candidates
2026-09-29 09:59:12.181 I/ChatVM: Generating: 1 msgs, maxTokens=1600, temp=0.7, noThink=true
2026-09-29 10:00:56.789 I/WikiLLMApp: ADSP_LIBRARY_PATH=/data/app/~~9qe0_u4XiTCa7mLPCBCJNQ==/com.wikillm.android.debug-qmDVKQjA7aZLv9XurPnO8A==/lib/arm64;/vendor/lib/rfsa/adsp;/vendor/dsp/cdsp;/system/lib/rfsa/adsp
2026-09-29 10:00:56.795 I/WikiLLMApp: ReLinker.loadLibrary(zim) OK
2026-09-29 10:00:56.799 I/WikiLLMApp: ReLinker.loadLibrary(kiwix) OK
2026-09-29 10:00:56.800 I/WikiLLMApp: System.loadLibrary(zim_wrapper) OK
2026-09-29 10:00:56.801 I/WikiLLMApp: System.loadLibrary(kiwix_wrapper) OK
2026-09-29 10:00:57.049 I/ChatVM: Auto-loading last model: QVikhr-3-4B-Instruction-Q4_0.gguf
2026-09-29 10:00:57.050 I/ChatVM: Loading model: QVikhr-3-4B-Instruction-Q4_0.gguf (device=auto, mtp=0) (/storage/emulated/0/Android/data/com.wikillm.android.debug/files/models/Vikhrmodels/QVikhr-3-4B-Instruction-GGUF/QVikhr-3-4B-Instruction-Q4_0.gguf)
2026-09-29 10:00:57.352 I/ZimSearcher: openPath: /storage/emulated/0/Android/data/com.wikillm.android.debug/files/zim/wikipedia_ru_all_nopic_2026-01.zim (14671735099 bytes)
2026-09-29 10:00:57.651 I/ZimSearchHolder: ZimSearchHolder ready: wikipedia_ru_all_nopic_2026-01.zim
2026-09-29 10:01:01.809 I/ChatVM: Model loaded: QVikhr-3-4B-Instruction-Q4_0.gguf
2026-09-29 10:01:10.751 I/ChatVM: Loading model: Qwen3.5-4B-Q4_0.gguf (device=auto, mtp=0) (/storage/emulated/0/Android/data/com.wikillm.android.debug/files/models/unsloth/Qwen3.5-4B-GGUF/Qwen3.5-4B-Q4_0.gguf)
2026-09-29 10:01:17.113 I/ChatVM: Model loaded: Qwen3.5-4B-Q4_0.gguf
2026-09-29 10:01:20.564 I/BenchmarkBridge: Benchmark question via intent: почему Юпитер называют газовым гигантом
2026-09-29 10:01:20.571 I/ChatVM: [TURN] begin q=почему Юпитер называют газовым гигантом
2026-09-29 10:01:20.574 I/ChatVM: [PHASE] factoid=miss ms=2
2026-09-29 10:01:20.576 I/RagPromptBuilder: Query: 'почему Юпитер называют газовым гигантом' -> ZIM keywords: 'юпитер называют газовым гигантом'
2026-09-29 10:01:20.899 I/GraphWalker: walk: 0 wikilinks in 'Юпитер' (depth=0)
2026-09-29 10:01:20.900 I/GraphWalker: walk seed=Юпитер props=[P6, P1365, P1366, P39, P166, P26, P40, P22, P25, P3373, P50, P175, P800, P184, P802, P57, P58, P162, P36, P159, P127, P112] → 0 nodes
2026-09-29 10:01:20.900 I/RagPromptBuilder: Walker probes (entity='Юпитер', props=22): Юпитер
2026-09-29 10:01:20.916 I/EntityTitleProbe: Title probes (13 lookups): Юпитер(1080), Гигант(1030)
2026-09-29 10:01:20.959 I/ZimSearcher: search('юпитер называют газовым гигантом') estimated=200
2026-09-29 10:01:21.387 I/ZimSearcher: search('называют') estimated=194221
2026-09-29 10:01:21.727 I/RagPromptBuilder: Entity merge 'называют': +20 candidates
2026-09-29 10:01:21.732 I/RagPromptBuilder: RAG: 'почему Юпитер называют газовым гигантом' candidates=42
2026-09-29 10:01:21.732 I/RagPromptBuilder: Top hits: Юпитер(s=1080)[Юпитер] | Гигант(s=1030)[Гигант] | То, что называют любовью(s=98)[То,_что_называют_любовью] | Газовые гиганты(s=100)[Газовые_гиганты] | Моя так называемая жизнь(s=100)[Моя_так_называемая_жизнь]
2026-09-29 10:01:22.167 I/RagPromptBuilder: [PHASE] search=1157ms read=435ms docs=4 ctx=4405
2026-09-29 10:01:22.168 I/RagPromptBuilder: RAG prompt preview (listIntent=false): Тебе даны выдержки из Википедии. Отвечай на их основе. Ответь коротко и по существу: 1–3 предложения, только то, о чём спрашивают. Не пересказывай выдержки, не добавляй посторонние факты и не нумеруй пункты, если вопрос не про перечень. Если вопрос требует сравнения двух и более вещей — до 5 предложений. Если в выдержках совсем нет нужной информации — скажи «не знаю по приведённым выдержкам». Отвечай на русском языке.  === ВЫДЕРЖКИ ИЗ ВИКИ === === Юпитер === Карточка: Перигелий: 7,405736⋅108 км 
2026-09-29 10:01:22.168 I/ChatVM: RAG ctx: 4 articles from 42 candidates
2026-09-29 10:01:22.168 I/ChatVM: Generating: 1 msgs, maxTokens=1600, temp=0.7, noThink=true
2026-09-29 10:24:53.925 I/WikiLLMApp: ADSP_LIBRARY_PATH=/data/app/~~R2sZTdYnE5uD0rXBddfBFA==/com.wikillm.android.debug-mE5s_cw811uWghFQOo02BA==/lib/arm64;/vendor/lib/rfsa/adsp;/vendor/dsp/cdsp;/system/lib/rfsa/adsp
2026-09-29 10:24:53.940 I/WikiLLMApp: ReLinker.loadLibrary(zim) OK
2026-09-29 10:24:53.955 I/WikiLLMApp: ReLinker.loadLibrary(kiwix) OK
2026-09-29 10:24:53.957 I/WikiLLMApp: System.loadLibrary(zim_wrapper) OK
2026-09-29 10:24:53.958 I/WikiLLMApp: System.loadLibrary(kiwix_wrapper) OK
2026-09-29 10:24:54.335 I/ChatVM: Auto-loading last model: Qwen3.5-4B-Q4_0.gguf
2026-09-29 10:24:54.336 I/ChatVM: Loading model: Qwen3.5-4B-Q4_0.gguf (device=auto, mtp=0) (/storage/emulated/0/Android/data/com.wikillm.android.debug/files/models/unsloth/Qwen3.5-4B-GGUF/Qwen3.5-4B-Q4_0.gguf)
2026-09-29 10:24:54.700 I/ZimSearcher: openPath: /storage/emulated/0/Android/data/com.wikillm.android.debug/files/zim/wikipedia_ru_all_nopic_2026-01.zim (14671735099 bytes)
2026-09-29 10:24:55.046 I/ZimSearchHolder: ZimSearchHolder ready: wikipedia_ru_all_nopic_2026-01.zim
2026-09-29 10:25:01.790 I/ChatVM: Model loaded: Qwen3.5-4B-Q4_0.gguf
2026-09-29 10:25:05.844 I/BenchmarkBridge: Benchmark question via intent: почему Юпитер называют газовым гигантом
2026-09-29 10:25:05.850 I/ChatVM: [TURN] begin q=почему Юпитер называют газовым гигантом
2026-09-29 10:25:05.852 I/ChatVM: [PHASE] factoid=miss ms=2
2026-09-29 10:25:05.854 I/RagPromptBuilder: Query: 'почему Юпитер называют газовым гигантом' -> ZIM keywords: 'юпитер называют газовым гигантом'
2026-09-29 10:25:06.377 I/GraphWalker: walk: 0 wikilinks in 'Юпитер' (depth=0)
2026-09-29 10:25:06.377 I/GraphWalker: walk seed=Юпитер props=[P6, P1365, P1366, P39, P166, P26, P40, P22, P25, P3373, P50, P175, P800, P184, P802, P57, P58, P162, P36, P159, P127, P112] → 0 nodes
2026-09-29 10:25:06.378 I/RagPromptBuilder: Walker probes (entity='Юпитер', props=22): Юпитер
2026-09-29 10:25:06.428 I/EntityTitleProbe: Title probes (13 lookups): Юпитер(1080), Гигант(1030)
2026-09-29 10:25:06.471 I/ZimSearcher: search('юпитер называют газовым гигантом') estimated=200
2026-09-29 10:25:06.952 I/ZimSearcher: search('называют') estimated=194221
2026-09-29 10:25:07.298 I/RagPromptBuilder: Entity merge 'называют': +20 candidates
2026-09-29 10:25:07.303 I/RagPromptBuilder: RAG: 'почему Юпитер называют газовым гигантом' candidates=42
2026-09-29 10:25:07.304 I/RagPromptBuilder: Top hits: Юпитер(s=1080)[Юпитер] | Гигант(s=1030)[Гигант] | То, что называют любовью(s=98)[То,_что_называют_любовью] | Газовые гиганты(s=100)[Газовые_гиганты] | Моя так называемая жизнь(s=100)[Моя_так_называемая_жизнь]
2026-09-29 10:25:07.779 I/RagPromptBuilder: [PHASE] search=1450ms read=475ms docs=4 ctx=4405
2026-09-29 10:25:07.780 I/RagPromptBuilder: RAG prompt preview (listIntent=false): Тебе даны выдержки из Википедии. Отвечай на их основе. Ответь коротко и по существу: 1–3 предложения, только то, о чём спрашивают. Не пересказывай выдержки, не добавляй посторонние факты и не нумеруй пункты, если вопрос не про перечень. Если вопрос требует сравнения двух и более вещей — до 5 предложений. Если в выдержках совсем нет нужной информации — скажи «не знаю по приведённым выдержкам». Отвечай на русском языке.  === ВЫДЕРЖКИ ИЗ ВИКИ === === Юпитер === Карточка: Перигелий: 7,405736⋅108 км 
2026-09-29 10:25:07.780 I/ChatVM: RAG ctx: 4 articles from 42 candidates
2026-09-29 10:25:07.781 I/ChatVM: Generating: 1 msgs, maxTokens=1600, temp=0.7, noThink=true
2026-09-29 10:29:36.016 I/WikiLLMApp: ADSP_LIBRARY_PATH=/data/app/~~KIa-k6fmCxw-15ipdmz9Ew==/com.wikillm.android.debug-j_uNvkXShCrxbWWllmc5Gg==/lib/arm64;/vendor/lib/rfsa/adsp;/vendor/dsp/cdsp;/system/lib/rfsa/adsp
2026-09-29 10:29:36.029 I/WikiLLMApp: ReLinker.loadLibrary(zim) OK
2026-09-29 10:29:36.041 I/WikiLLMApp: ReLinker.loadLibrary(kiwix) OK
2026-09-29 10:29:36.043 I/WikiLLMApp: System.loadLibrary(zim_wrapper) OK
2026-09-29 10:29:36.044 I/WikiLLMApp: System.loadLibrary(kiwix_wrapper) OK
2026-09-29 10:29:36.349 I/ChatVM: Auto-loading last model: Qwen3.5-4B-Q4_0.gguf
2026-09-29 10:29:36.350 I/ChatVM: Loading model: Qwen3.5-4B-Q4_0.gguf (device=auto, mtp=0) (/storage/emulated/0/Android/data/com.wikillm.android.debug/files/models/unsloth/Qwen3.5-4B-GGUF/Qwen3.5-4B-Q4_0.gguf)
2026-09-29 10:29:36.746 I/ZimSearcher: openPath: /storage/emulated/0/Android/data/com.wikillm.android.debug/files/zim/wikipedia_ru_all_nopic_2026-01.zim (14671735099 bytes)
2026-09-29 10:29:37.159 I/ZimSearchHolder: ZimSearchHolder ready: wikipedia_ru_all_nopic_2026-01.zim
2026-09-29 10:29:41.730 I/ChatVM: Model loaded: Qwen3.5-4B-Q4_0.gguf
2026-09-29 10:32:17.042 I/BenchmarkBridge: Benchmark question via intent: почему Юпитер называют газовым гигантом
2026-09-29 10:32:17.047 I/ChatVM: [TURN] begin q=почему Юпитер называют газовым гигантом
2026-09-29 10:32:17.050 I/ChatVM: [PHASE] factoid=miss ms=2
2026-09-29 10:32:17.055 I/RagPromptBuilder: Query: 'почему Юпитер называют газовым гигантом' -> ZIM keywords: 'юпитер называют газовым гигантом'
2026-09-29 10:32:17.383 I/GraphWalker: walk: 0 wikilinks in 'Юпитер' (depth=0)
2026-09-29 10:32:17.383 I/GraphWalker: walk seed=Юпитер props=[P6, P1365, P1366, P39, P166, P26, P40, P22, P25, P3373, P50, P175, P800, P184, P802, P57, P58, P162, P36, P159, P127, P112] → 0 nodes
2026-09-29 10:32:17.384 I/RagPromptBuilder: Walker probes (entity='Юпитер', props=22): Юпитер
2026-09-29 10:32:17.427 I/EntityTitleProbe: Title probes (13 lookups): Юпитер(1080), Гигант(1030)
2026-09-29 10:32:17.482 I/ZimSearcher: search('юпитер называют газовым гигантом') estimated=200
2026-09-29 10:32:17.927 I/ZimSearcher: search('называют') estimated=194221
2026-09-29 10:32:18.283 I/RagPromptBuilder: Entity merge 'называют': +20 candidates
2026-09-29 10:32:18.288 I/RagPromptBuilder: RAG: 'почему Юпитер называют газовым гигантом' candidates=42
2026-09-29 10:32:18.288 I/RagPromptBuilder: Top hits: Юпитер(s=1080)[Юпитер] | Гигант(s=1030)[Гигант] | То, что называют любовью(s=98)[То,_что_называют_любовью] | Газовые гиганты(s=100)[Газовые_гиганты] | Моя так называемая жизнь(s=100)[Моя_так_называемая_жизнь]
2026-09-29 10:32:18.730 I/RagPromptBuilder: [PHASE] search=1234ms read=441ms docs=4 ctx=4405
2026-09-29 10:32:18.731 I/RagPromptBuilder: RAG prompt preview (listIntent=false): Тебе даны выдержки из Википедии. Отвечай на их основе. Ответь коротко и по существу: 1–3 предложения, только то, о чём спрашивают. Не пересказывай выдержки, не добавляй посторонние факты и не нумеруй пункты, если вопрос не про перечень. Если вопрос требует сравнения двух и более вещей — до 5 предложений. Если в выдержках совсем нет нужной информации — скажи «не знаю по приведённым выдержкам». Отвечай на русском языке.  === ВЫДЕРЖКИ ИЗ ВИКИ === === Юпитер === Карточка: Перигелий: 7,405736⋅108 км 
2026-09-29 10:32:18.731 I/ChatVM: RAG ctx: 4 articles from 42 candidates
2026-09-29 10:32:18.731 I/ChatVM: Generating: 1 msgs, maxTokens=1600, temp=0.7, noThink=true
2026-09-29 10:37:42.226 I/ChatVM: Reply (1761 chars, 411 tok, 325177ms, prefill 1832tok/14055ms=130t/s, decode 1,4t/s): Юпитер называют газовым гигантом из-за его уникального химического состава, в котором доминируют водород и гелий. Эти два элемента составляют подавляющую часть массы планеты, что кардинально отличает 
2026-09-29 10:37:42.229 I/ChatVM: [TURN] end path=rag total=325177ms factoid=2ms ptok=1832 gtok=411 prefill=14055ms decode=289410ms chars=1761
2026-09-29 10:37:42.696 I/BenchmarkBridge: Benchmark question via intent: из чего состоит атмосфера Марса
2026-09-29 10:37:42.698 I/ChatVM: [TURN] begin q=из чего состоит атмосфера Марса
2026-09-29 10:37:42.699 I/ChatVM: [PHASE] factoid=miss ms=0
2026-09-29 10:37:42.701 I/RagPromptBuilder: Query: 'из чего состоит атмосфера Марса' -> ZIM keywords: 'чего состоит атмосфера марса'
2026-09-29 10:37:42.739 I/GraphWalker: walk: 0 wikilinks in 'Марса' (depth=0)
2026-09-29 10:37:42.740 I/GraphWalker: walk seed=Марса props=[P6, P1365, P1366, P39, P166, P26, P40, P22, P25, P3373, P50, P175, P800, P184, P802, P57, P58, P162, P36, P159, P127, P112] → 0 nodes
2026-09-29 10:37:42.740 I/RagPromptBuilder: Walker probes (entity='Марса', props=22): Марса
2026-09-29 10:37:42.774 I/EntityTitleProbe: Title probes (10 lookups): Марса(1080), Марс(1080), Атмосфера Марса(900)
2026-09-29 10:37:42.784 I/EntityTitleProbe: Top tie at 1080: Марс=658430, Марса=7479
2026-09-29 10:37:42.786 I/EntityTitleProbe: Redundant probes: Марса
2026-09-29 10:37:42.858 I/ZimSearcher: search('чего состоит атмосфера марса') estimated=300
2026-09-29 10:37:43.454 I/ZimSearcher: search('атмосфера') estimated=21862
2026-09-29 10:37:43.954 I/RagPromptBuilder: Entity merge 'атмосфера': +19 candidates
2026-09-29 10:37:43.961 I/RagPromptBuilder: RAG: 'из чего состоит атмосфера Марса' candidates=40
2026-09-29 10:37:43.962 I/RagPromptBuilder: Top hits: Марс(s=1085)[Марс] | Марса(s=900)[Марса] | Атмосфера Марса(s=900)[Атмосфера_Марса] | Атмосфера(s=100)[Атмосфера] | Атмосфера Земли(s=99)[Атмосфера_Земли]
2026-09-29 10:37:44.513 I/RagPromptBuilder: [PHASE] search=1262ms read=550ms docs=4 ctx=4482
2026-09-29 10:37:44.513 I/RagPromptBuilder: RAG prompt preview (listIntent=false): Тебе даны выдержки из Википедии. Отвечай на их основе. Ответь коротко и по существу: 1–3 предложения, только то, о чём спрашивают. Не пересказывай выдержки, не добавляй посторонние факты и не нумеруй пункты, если вопрос не про перечень. Если вопрос требует сравнения двух и более вещей — до 5 предложений. Если в выдержках совсем нет нужной информации — скажи «не знаю по приведённым выдержкам». Отвечай на русском языке.  === ВЫДЕРЖКИ ИЗ ВИКИ === === Марс === Карточка: Другие названия: Красная план
2026-09-29 10:37:44.514 I/ChatVM: RAG ctx: 4 articles from 40 candidates
2026-09-29 10:37:44.514 I/ChatVM: Generating: 3 msgs, maxTokens=1600, temp=0.7, noThink=true
2026-09-29 10:39:03.171 I/ChatVM: Reply (359 chars, 95 tok, 80474ms, prefill 2241tok/19266ms=116t/s, decode 1,6t/s): Атмосфера Марса состоит в основном из углекислого газа (95,32%), с добавлением азота (2,7%), аргона и кислорода. Также в её составе присутствуют водяной пар, угарный газ, неон и следы других лёгких га
2026-09-29 10:39:03.173 I/ChatVM: [TURN] end path=rag total=80474ms factoid=0ms ptok=2241 gtok=95 prefill=19266ms decode=59358ms chars=359
2026-09-29 10:39:03.437 I/BenchmarkBridge: Benchmark question via intent: кто открыл пенициллин
2026-09-29 10:39:03.439 I/ChatVM: [TURN] begin q=кто открыл пенициллин
2026-09-29 10:39:03.440 I/ChatVM: [PHASE] factoid=miss ms=0
2026-09-29 10:39:03.442 I/ChatVM: Coreference: 'кто открыл пенициллин' + topic 'чего состоит атмосфера марса'
2026-09-29 10:39:03.443 I/RagPromptBuilder: Query: 'кто открыл пенициллин чего состоит атмосфера марса' -> ZIM keywords: 'открыл пенициллин чего состоит атмосфера марса'
2026-09-29 10:39:03.499 I/EntityTitleProbe: Title probes (18 lookups): Бензилпенициллин(1020), Марса(1030), Марс(1030)
2026-09-29 10:39:03.506 I/EntityTitleProbe: Top tie at 1030: Марс=658430, Марса=7479
2026-09-29 10:39:03.508 I/EntityTitleProbe: Redundant probes: Марса
2026-09-29 10:39:03.515 I/ZimSearcher: search('открыл пенициллин чего состоит атмосфера марса') estimated=0
2026-09-29 10:39:03.527 I/ZimSearcher: search('пенициллин') estimated=589
2026-09-29 10:39:03.785 I/RagPromptBuilder: Entity merge 'пенициллин': +19 candidates
2026-09-29 10:39:03.789 I/RagPromptBuilder: RAG: 'кто открыл пенициллин чего состоит атмосфера марса' candidates=21
2026-09-29 10:39:03.790 I/RagPromptBuilder: Top hits: Марс(s=1035)[Марс] | Бензилпенициллин(s=1020)[Бензилпенициллин] | Пенициллины(s=100)[Пенициллины] | Пенициллин (комплекс артразведки)(s=99)[Пенициллин_(комплекс_артразведки)] | Пенициллин (значения)(s=95)[Пенициллин_(значения)]
2026-09-29 10:39:04.208 I/RagPromptBuilder: [PHASE] search=348ms read=418ms docs=4 ctx=4544
2026-09-29 10:39:04.209 I/RagPromptBuilder: RAG prompt preview (listIntent=false): Тебе даны выдержки из Википедии. Отвечай на их основе. Ответь коротко и по существу: 1–3 предложения, только то, о чём спрашивают. Не пересказывай выдержки, не добавляй посторонние факты и не нумеруй пункты, если вопрос не про перечень. Если вопрос требует сравнения двух и более вещей — до 5 предложений. Если в выдержках совсем нет нужной информации — скажи «не знаю по приведённым выдержкам». Отвечай на русском языке.  === ВЫДЕРЖКИ ИЗ ВИКИ === === Марс === Карточка: Другие названия: Красная план
2026-09-29 10:39:04.209 I/ChatVM: RAG ctx: 4 articles from 21 candidates
2026-09-29 10:39:04.210 I/ChatVM: Generating: 5 msgs, maxTokens=1600, temp=0.7, noThink=true
2026-09-29 10:40:06.203 I/ChatVM: Reply (189 chars, 62 tok, 62764ms, prefill 2537tok/21411ms=118t/s, decode 1,5t/s): Пенициллин открыл **Александр Флеминг** в 1928 году. Атмосфера Марса состоит преимущественно из углекислого газа (около 95%), также содержатся азот, аргон и следы кислорода и водяного пара.
2026-09-29 10:40:06.204 I/ChatVM: [TURN] end path=rag total=62764ms factoid=0ms ptok=2537 gtok=62 prefill=21411ms decode=40553ms chars=189
2026-09-29 10:40:06.813 I/BenchmarkBridge: Benchmark question via intent: что такое фотосинтез
2026-09-29 10:40:06.815 I/ChatVM: [TURN] begin q=что такое фотосинтез
2026-09-29 10:40:06.816 I/ChatVM: [PHASE] factoid=miss ms=0
2026-09-29 10:40:06.818 I/ChatVM: Coreference: 'что такое фотосинтез' + topic 'открыл пенициллин'
2026-09-29 10:40:06.819 I/RagPromptBuilder: Query: 'что такое фотосинтез открыл пенициллин' -> ZIM keywords: 'такое фотосинтез открыл пенициллин'
2026-09-29 10:40:06.861 I/EntityTitleProbe: Title probes (5 lookups): Фотосинтез(1030), Бензилпенициллин(1020)
2026-09-29 10:40:06.869 I/ZimSearcher: search('такое фотосинтез открыл пенициллин') estimated=2
2026-09-29 10:40:06.976 I/ZimSearcher: search('фотосинтез') estimated=965
2026-09-29 10:40:07.261 I/RagPromptBuilder: Entity merge 'фотосинтез': +19 candidates
2026-09-29 10:40:07.264 I/RagPromptBuilder: RAG: 'что такое фотосинтез открыл пенициллин' candidates=23
2026-09-29 10:40:07.265 I/RagPromptBuilder: Top hits: Фотосинтез(s=1030)[Фотосинтез] | Бензилпенициллин(s=1020)[Бензилпенициллин] | C4-фотосинтез(s=99)[C4-фотосинтез] | CAM-фотосинтез(s=99)[CAM-фотосинтез] | Эволюция фотосинтеза(s=99)[Эволюция_фотосинтеза]
2026-09-29 10:40:07.568 I/RagPromptBuilder: [PHASE] search=447ms read=302ms docs=4 ctx=4432
2026-09-29 10:40:07.568 I/RagPromptBuilder: RAG prompt preview (listIntent=false): Тебе даны выдержки из Википедии. Отвечай на их основе. Ответь коротко и по существу: 1–3 предложения, только то, о чём спрашивают. Не пересказывай выдержки, не добавляй посторонние факты и не нумеруй пункты, если вопрос не про перечень. Если вопрос требует сравнения двух и более вещей — до 5 предложений. Если в выдержках совсем нет нужной информации — скажи «не знаю по приведённым выдержкам». Отвечай на русском языке.  === ВЫДЕРЖКИ ИЗ ВИКИ === === Фотосинтез === Фотосинтез Фотоси́нтез (от др.-гр
2026-09-29 10:40:07.569 I/ChatVM: RAG ctx: 4 articles from 23 candidates
2026-09-29 10:40:07.569 I/ChatVM: Generating: 7 msgs, maxTokens=1600, temp=0.7, noThink=true
2026-09-29 10:41:56.540 I/ChatVM: Reply (505 chars, 150 tok, 109724ms, prefill 2305tok/19482ms=118t/s, decode 1,7t/s): Фотосинтез не открыл пенициллин, так как это химическое соединение — антибиотик, полученный Александром Флемингом в 1928 году. Пенициллин подавляет размножение бактерий и деление хлоропластов мхов, но
2026-09-29 10:41:56.541 I/ChatVM: [TURN] end path=rag total=109724ms factoid=0ms ptok=2305 gtok=150 prefill=19482ms decode=89454ms chars=505
2026-09-29 10:41:57.182 I/BenchmarkBridge: Benchmark question via intent: когда началась Вторая мировая война
2026-09-29 10:41:57.184 I/ChatVM: [TURN] begin q=когда началась Вторая мировая война
2026-09-29 10:41:57.186 I/FactoidAnswerer: Factoid candidate: label='(by card label)' entity='Вторая'
2026-09-29 10:41:57.268 I/EntityTitleProbe: Title probes (22 lookups): Вторая мировая война(1120), Вторая(1080), Мировая война(1050), Война(1030)
2026-09-29 10:41:57.271 I/EntityTitleProbe: Redundant probes: Вторая, Война
2026-09-29 10:41:59.847 I/ZimSearcher: suggestTitles('Вторая'): Вторая, Вторая Академия, Вторая Александровка, Вторая Алексеевка, Вторая Алия, Вторая Армения, Вторая Багажиашта, Вторая Бугульда, Вторая Бундеслига, Вторая Васильевка, Вторая Вилашка, Вторая Глушковская, Вторая Горка, Вторая Григорьевка, Вторая Грязучая, Вторая Дудинская, Вторая Едома, Вторая Ивановка, Вторая Ивань, Вторая Интифада, Вторая Каменка, Вторая Ключевская, Вторая Кошка, Вторая Кривка, Вторая Крутая, Вторая Куликовка, Вторая Культура, Вторая Лака, Вторая Леденгская, Вторая Луна, Вторая Малая, Вторая Медяна
2026-09-29 10:41:59.851 I/FactoidAnswerer: Factoid candidates: Вторая, Вторая мировая война, Мировая война
2026-09-29 10:41:59.862 I/FactoidAnswerer: Factoid: 'Вторая' has no infobox — next candidate
2026-09-29 10:41:59.985 I/FactoidAnswerer: Factoid: no label covers [начала, мирова, война] in [Дата, Место, Причина, Итог]
2026-09-29 10:41:59.986 I/FactoidAnswerer: Factoid: 'Вторая мировая война' card has no matching field — next candidate
2026-09-29 10:42:00.003 I/FactoidAnswerer: Factoid: 'Мировая война' has no infobox — next candidate
2026-09-29 10:42:00.004 I/FactoidAnswerer: Factoid: no candidate carried the field — falling back to RAG
2026-09-29 10:42:00.005 I/ChatVM: [PHASE] factoid=miss ms=2820
2026-09-29 10:42:00.006 I/RagPromptBuilder: Query: 'когда началась Вторая мировая война' -> ZIM keywords: 'началась вторая мировая война'
2026-09-29 10:42:00.010 I/GraphWalker: walk: 0 wikilinks in 'Вторая' (depth=0)
2026-09-29 10:42:00.010 I/GraphWalker: walk seed=Вторая props=[P6, P1365, P1366, P39, P166, P26, P40, P22, P25, P3373, P50, P175, P800, P184, P802, P57, P58, P162, P36, P159, P127, P112] → 0 nodes
2026-09-29 10:42:00.010 I/RagPromptBuilder: Walker probes (entity='Вторая', props=22): Вторая
2026-09-29 10:42:00.027 I/EntityTitleProbe: Title probes (22 lookups): Вторая мировая война(1120), Вторая(1080), Мировая война(1050), Война(1030)
2026-09-29 10:42:00.029 I/EntityTitleProbe: Redundant probes: Вторая, Война
2026-09-29 10:42:00.180 I/ZimSearcher: search('началась вторая мировая война') estimated=20000
2026-09-29 10:42:01.358 I/ZimSearcher: search('началась') estimated=467255
2026-09-29 10:42:02.437 I/RagPromptBuilder: Entity merge 'началась': +20 candidates
2026-09-29 10:42:02.447 I/RagPromptBuilder: RAG: 'когда началась Вторая мировая война' candidates=41
2026-09-29 10:42:02.448 I/RagPromptBuilder: Top hits: Вторая мировая война(s=1120)[Вторая_мировая_война] | Мировая война(s=1050)[Мировая_война] | Вторая(s=900)[Вторая] | Вторая мировая война на море(s=98)[Вторая_мировая_война_на_море] | Вторая мировая война (серия книг)(s=95)[Вторая_мировая_война_(серия_книг)]
2026-09-29 10:42:02.815 I/RagPromptBuilder: [PHASE] search=2443ms read=367ms docs=4 ctx=4313
2026-09-29 10:42:02.816 I/RagPromptBuilder: RAG prompt preview (listIntent=false): Тебе даны выдержки из Википедии. Отвечай на их основе. Ответь коротко и по существу: 1–3 предложения, только то, о чём спрашивают. Не пересказывай выдержки, не добавляй посторонние факты и не нумеруй пункты, если вопрос не про перечень. Если вопрос требует сравнения двух и более вещей — до 5 предложений. Если в выдержках совсем нет нужной информации — скажи «не знаю по приведённым выдержкам». Отвечай на русском языке.  === ВЫДЕРЖКИ ИЗ ВИКИ === === Вторая мировая война === Карточка: Дата: 1 сентя
2026-09-29 10:42:02.816 I/ChatVM: RAG ctx: 4 articles from 41 candidates
2026-09-29 10:42:02.817 I/ChatVM: Generating: 7 msgs, maxTokens=1600, temp=0.7, noThink=true
2026-09-29 10:43:17.072 I/ChatVM: Reply (356 chars, 93 tok, 79887ms, prefill 1851tok/17162ms=108t/s, decode 1,6t/s): Вторая мировая война началась 1 сентября 1939 года, когда нацистская Германия вторглась в Польшу. Это событие стало официальным началом конфликта между двумя военно-политическими коалициями и крупнейш
2026-09-29 10:43:17.077 I/ChatVM: [TURN] end path=rag total=79887ms factoid=2820ms ptok=1851 gtok=93 prefill=17162ms decode=57064ms chars=356
2026-09-29 10:43:17.942 I/BenchmarkBridge: Benchmark question via intent: чем знаменит Большое красное пятно
2026-09-29 10:43:17.944 I/ChatVM: [TURN] begin q=чем знаменит Большое красное пятно
2026-09-29 10:43:17.945 I/ChatVM: [PHASE] factoid=miss ms=1
2026-09-29 10:43:17.947 I/RagPromptBuilder: Query: 'чем знаменит Большое красное пятно' -> ZIM keywords: 'чем знаменит большое красное пятно'
2026-09-29 10:43:17.995 I/GraphWalker: walk: 0 wikilinks in 'Большое' (depth=0)
2026-09-29 10:43:17.996 I/GraphWalker: walk seed=Большое props=[P6, P1365, P1366, P39, P166, P26, P40, P22, P25, P3373, P50, P175, P800, P184, P802, P57, P58, P162, P36, P159, P127, P112] → 0 nodes
2026-09-29 10:43:17.996 I/RagPromptBuilder: Walker probes (entity='Большое', props=22): Большое
2026-09-29 10:43:18.069 I/EntityTitleProbe: Title probes (28 lookups): Большое красное пятно(1120), Большое(1080), Красное(1030), Красно(1030), Пятно(1030)
2026-09-29 10:43:18.072 I/EntityTitleProbe: Redundant probes: Большое, Красное, Красно, Пятно
2026-09-29 10:43:18.112 I/ZimSearcher: search('чем знаменит большое красное пятно') estimated=200
2026-09-29 10:43:18.825 I/ZimSearcher: search('знаменит') estimated=51485
2026-09-29 10:43:19.332 I/RagPromptBuilder: Entity merge 'знаменит': +20 candidates
2026-09-29 10:43:19.341 I/RagPromptBuilder: RAG: 'чем знаменит Большое красное пятно' candidates=42
2026-09-29 10:43:19.342 I/RagPromptBuilder: Top hits: Большое красное пятно(s=1120)[Большое_красное_пятно] | Большое(s=900)[Большое] | Я почти знаменит(s=99)[Я_почти_знаменит] | Красочная жизнь(s=100)[Красочная_жизнь] | Храм иконы Божией Матери «Знамение»(s=100)[Храм_иконы_Божией_Матери_«Знамение»]
2026-09-29 10:43:19.470 I/RagPromptBuilder: [PHASE] search=1396ms read=127ms docs=4 ctx=4549
2026-09-29 10:43:19.471 I/RagPromptBuilder: RAG prompt preview (listIntent=false): Тебе даны выдержки из Википедии. Отвечай на их основе. Ответь коротко и по существу: 1–3 предложения, только то, о чём спрашивают. Не пересказывай выдержки, не добавляй посторонние факты и не нумеруй пункты, если вопрос не про перечень. Если вопрос требует сравнения двух и более вещей — до 5 предложений. Если в выдержках совсем нет нужной информации — скажи «не знаю по приведённым выдержкам». Отвечай на русском языке.  === ВЫДЕРЖКИ ИЗ ВИКИ === === Большое красное пятно === Большое красное пятно 
2026-09-29 10:43:19.471 I/ChatVM: RAG ctx: 4 articles from 42 candidates
2026-09-29 10:43:19.471 I/ChatVM: Generating: 7 msgs, maxTokens=1600, temp=0.7, noThink=true
2026-09-29 10:44:44.914 I/ChatVM: Reply (391 chars, 108 tok, 86970ms, prefill 2033tok/18565ms=110t/s, decode 1,6t/s): Большое красное пятно знаменито как самый большой атмосферный вихрь и зона высокого давления в Солнечной системе. Оно перемещается параллельно экватору Юпитера, создавая шторм с против часовой стрелки
2026-09-29 10:44:44.919 I/ChatVM: [TURN] end path=rag total=86970ms factoid=1ms ptok=2033 gtok=108 prefill=18565ms decode=66840ms chars=391
2026-09-29 10:44:45.906 I/BenchmarkBridge: Benchmark question via intent: что производит АвтоВАЗ
2026-09-29 10:44:45.909 I/ChatVM: [TURN] begin q=что производит АвтоВАЗ
2026-09-29 10:44:45.911 I/FactoidAnswerer: Factoid candidate: label='(by card label)' entity='АвтоВАЗ'
2026-09-29 10:44:45.960 I/EntityTitleProbe: Title probes (2 lookups): АвтоВАЗ(1080)
2026-09-29 10:44:46.069 I/ZimSearcher: suggestTitles('АвтоВАЗ'): АВТОВАЗ, GM-АВТОВАЗ, Национальная гоночная серия "АВТОВАЗ", Технический музей ОАО "АвтоВАЗ", Эм-АВТОВАЗ Шевроле Вива, Джи Эм-АВТОВАЗ Шевроле Нива, Здание генеральной дирекции АВТОВАЗа, АВТОВАЗБАНК, АвтоВАЗагрегат
2026-09-29 10:44:46.070 I/FactoidAnswerer: Factoid candidates: АвтоВАЗ
2026-09-29 10:44:46.135 I/FactoidAnswerer: Factoid: no label covers [произв] in [Основан, Штаб-квартира, Тип, Листинг на бирже, Дата основания, Прежние названия, Основатели, Расположение, Ключевые фигуры, Отрасль, Продукция, Операционная прибыль, Чистая прибыль, Материнская компания, Дочерние компании]
2026-09-29 10:44:46.136 I/FactoidAnswerer: Factoid: 'АвтоВАЗ' card has no matching field — next candidate
2026-09-29 10:44:46.136 I/FactoidAnswerer: Factoid: no candidate carried the field — falling back to RAG
2026-09-29 10:44:46.136 I/ChatVM: [PHASE] factoid=miss ms=226
2026-09-29 10:44:46.137 I/RagPromptBuilder: Query: 'что производит АвтоВАЗ' -> ZIM keywords: 'производит автоваз'
2026-09-29 10:44:46.462 I/GraphWalker: walk seed=АвтоВАЗ props=[P6, P1365, P1366, P39, P166, P26, P40, P22, P25, P3373, P50, P175, P800, P184, P802, P57, P58, P162, P36, P159, P127, P112] → 6 nodes
2026-09-29 10:44:46.463 I/RagPromptBuilder: Walker probes (entity='АвтоВАЗ', props=22): АвтоВАЗ, Россия, Тольятти, ЦК КПСС, Совет министров СССР, Москва, Илья Геннадьевич Сухих
2026-09-29 10:44:46.466 I/EntityTitleProbe: Title probes (2 lookups): АвтоВАЗ(1080)
2026-09-29 10:44:46.488 I/ZimSearcher: search('производит автоваз') estimated=300
2026-09-29 10:44:47.033 I/ZimSearcher: search('производит') estimated=56978
2026-09-29 10:44:47.626 I/RagPromptBuilder: Entity merge 'производит': +20 candidates
2026-09-29 10:44:47.633 I/RagPromptBuilder: RAG: 'что производит АвтоВАЗ' candidates=46
2026-09-29 10:44:47.634 I/RagPromptBuilder: Top hits: АвтоВАЗ(s=1080)[АвтоВАЗ] | Россия(s=899)[Россия] | Тольятти(s=899)[Тольятти] | ЦК КПСС(s=899)[ЦК_КПСС] | Совет министров СССР(s=899)[Совет_министров_СССР]
2026-09-29 10:44:48.635 I/RagPromptBuilder: [PHASE] search=1497ms read=1001ms docs=3 ctx=4806
2026-09-29 10:44:48.636 I/RagPromptBuilder: RAG prompt preview (listIntent=false): Тебе даны выдержки из Википедии. Отвечай на их основе. Ответь коротко и по существу: 1–3 предложения, только то, о чём спрашивают. Не пересказывай выдержки, не добавляй посторонние факты и не нумеруй пункты, если вопрос не про перечень. Если вопрос требует сравнения двух и более вещей — до 5 предложений. Если в выдержках совсем нет нужной информации — скажи «не знаю по приведённым выдержкам». Отвечай на русском языке.  === ВЫДЕРЖКИ ИЗ ВИКИ === === АвтоВАЗ === Карточка: Основан: 20 июля 1966 (196
2026-09-29 10:44:48.636 I/ChatVM: RAG ctx: 3 articles from 46 candidates
2026-09-29 10:44:48.637 I/ChatVM: Generating: 7 msgs, maxTokens=1600, temp=0.7, noThink=true
2026-09-29 10:45:49.664 I/ChatVM: Reply (335 chars, 65 tok, 63755ms, prefill 2274tok/21254ms=107t/s, decode 1,6t/s): АвтоВАЗ производит легковые автомобили и легкие коммерческие машины под собственной торговой маркой **Lada**. Ранее завод также выпускал автомобили известных брендов, таких как Nissan, Renault и Datsu
2026-09-29 10:45:49.666 I/ChatVM: [TURN] end path=rag total=63755ms factoid=226ms ptok=2274 gtok=65 prefill=21254ms decode=39745ms chars=335
2026-09-29 10:45:50.305 I/BenchmarkBridge: Benchmark question via intent: какой автозавод расположен в Тольятти
2026-09-29 10:45:50.308 I/ChatVM: [TURN] begin q=какой автозавод расположен в Тольятти
2026-09-29 10:45:50.310 I/FactoidAnswerer: Factoid candidate: label='(by card label)' entity='Тольятти'
2026-09-29 10:45:50.380 I/EntityTitleProbe: Title probes (10 lookups): Тольятти(1080), Автомобильная промышленность(1020)
2026-09-29 10:45:50.811 I/ZimSearcher: suggestTitles('Тольятти'): Тольятти, Тольятти 24, Тольятти (История), Тольятти (аэродром), Тольятти (значения), Тольятти (станция), Тольятти П., Тольятти сегодня, Тольятти, Эудженио, Тольятти (речной порт), Тольятти (футбольный клуб), Тольятти (особая экономическая зона), Тольятти (территория опережающего развития), Академия Тольятти, Вузы Тольятти, Герб Тольятти, Гимн Тольятти, Градоначальники Тольятти, Дума Тольятти, Лада (Тольятти), Лада-Тольятти, Медгородок Тольятти, Набережная Тольятти, Памятники Тольятти, Поверхность Тольятти, Портпосёлок (Тольятти), Районы Тольятти, СИБУР Тольятти, Спорт Тольятти, Троллейбус Тольятти, Улицы Тольятти, Флаг Тольятти
2026-09-29 10:45:50.815 I/FactoidAnswerer: Factoid candidates: Тольятти, Автомобильная промышленность
2026-09-29 10:45:50.912 I/FactoidAnswerer: Factoid: no label covers [автоза, распол] in [Глава/мэр, Население, Площадь, Основан, Страна, Часовой пояс, Субъект Федерации, Городской округ, Внутреннее деление, Глава городского округа, Прежние названия, Город с, Высота центра, Тип климата, Плотность, Агломерация, Население агломерации, Национальности, Конфессии, Название жителей, Официальный язык, День города]
2026-09-29 10:45:50.913 I/FactoidAnswerer: Factoid: 'Тольятти' card has no matching field — next candidate
2026-09-29 10:45:50.941 I/FactoidAnswerer: Factoid: 'Автомобильная промышленность' has no infobox — next candidate
2026-09-29 10:45:50.941 I/FactoidAnswerer: Factoid: no candidate carried the field — falling back to RAG
2026-09-29 10:45:50.942 I/ChatVM: [PHASE] factoid=miss ms=633
2026-09-29 10:45:50.943 I/RagPromptBuilder: Query: 'какой автозавод расположен в Тольятти' -> ZIM keywords: 'автозавод расположен тольятти'
2026-09-29 10:45:51.081 I/GraphWalker: walk: 0 wikilinks in 'Заслуженный_врач_Российской_Федерации' (depth=3)
2026-09-29 10:45:51.095 I/GraphWalker: walk seed=Тольятти props=[P6, P1365, P1366, P39, P166, P26, P40, P22, P25, P3373, P50, P175, P800, P184, P802, P57, P58, P162, P36, P159, P127, P112] → 5 nodes
2026-09-29 10:45:51.096 I/RagPromptBuilder: Walker probes (entity='Тольятти', props=22): Тольятти, Илья Геннадьевич Сухих, Николай Ренц, Заслуженный врач Российской Федерации, Сергей Анташев, Сергей Андреев
2026-09-29 10:45:51.105 I/EntityTitleProbe: Title probes (10 lookups): Тольятти(1080), Автомобильная промышленность(1020)
2026-09-29 10:45:51.120 I/ZimSearcher: search('автозавод расположен тольятти') estimated=40
2026-09-29 10:45:52.247 I/ZimSearcher: search('расположен') estimated=249807
2026-09-29 10:45:52.737 I/RagPromptBuilder: Entity merge 'расположен': +20 candidates
2026-09-29 10:45:52.743 I/RagPromptBuilder: RAG: 'какой автозавод расположен в Тольятти' candidates=46
2026-09-29 10:45:52.744 I/RagPromptBuilder: Top hits: Тольятти(s=1080)[Тольятти] | Автомобильная промышленность(s=1020)[Автомобильная_промышленность] | Илья Геннадьевич Сухих(s=899)[Сухих,_Илья_Геннадьевич] | Николай Ренц(s=898)[Ренц,_Николай_Альфредович] | Сергей Анташев(s=897)[Анташев,_Сергей_Александрович]
2026-09-29 10:45:53.127 I/RagPromptBuilder: [PHASE] search=1802ms read=382ms docs=4 ctx=5094
2026-09-29 10:45:53.128 I/RagPromptBuilder: RAG prompt preview (listIntent=false): Тебе даны выдержки из Википедии. Отвечай на их основе. Ответь коротко и по существу: 1–3 предложения, только то, о чём спрашивают. Не пересказывай выдержки, не добавляй посторонние факты и не нумеруй пункты, если вопрос не про перечень. Если вопрос требует сравнения двух и более вещей — до 5 предложений. Если в выдержках совсем нет нужной информации — скажи «не знаю по приведённым выдержкам». Отвечай на русском языке.  === ВЫДЕРЖКИ ИЗ ВИКИ === === Тольятти === Карточка: Глава/мэр: Илья Геннадьев
2026-09-29 10:45:53.128 I/ChatVM: RAG ctx: 4 articles from 46 candidates
2026-09-29 10:45:53.129 I/ChatVM: Generating: 7 msgs, maxTokens=1600, temp=0.7, noThink=true
2026-09-29 10:47:01.417 I/ChatVM: Reply (294 chars, 75 tok, 71108ms, prefill 2415tok/22432ms=108t/s, decode 1,6t/s): В Тольятти расположен Волжский автомобильный завод (ВАЗ), который является крупнейшим автомобилестроительным предприятием в России. Завод известен массовым выпуском легковых автомобилей марок «Жигули»
2026-09-29 10:47:01.419 I/ChatVM: [TURN] end path=rag total=71108ms factoid=633ms ptok=2415 gtok=75 prefill=22432ms decode=45820ms chars=294
2026-09-29 10:47:01.883 I/BenchmarkBridge: Benchmark question via intent: назови планеты Солнечной системы
2026-09-29 10:47:01.885 I/ChatVM: [TURN] begin q=назови планеты Солнечной системы
2026-09-29 10:47:01.886 I/ChatVM: [PHASE] factoid=miss ms=0
2026-09-29 10:47:01.889 I/RagPromptBuilder: Query: 'назови планеты Солнечной системы' -> ZIM keywords: 'планеты солнечной системы'
2026-09-29 10:47:01.988 I/GraphWalker: walk: 0 wikilinks in 'Вспышка_солнечной_активности' (depth=0)
2026-09-29 10:47:01.989 I/GraphWalker: walk seed=Вспышка_солнечной_активности props=[P6, P1365, P1366, P39, P166, P26, P40, P22, P25, P3373, P50, P175, P800, P184, P802, P57, P58, P162, P36, P159, P127, P112] → 0 nodes
2026-09-29 10:47:01.995 I/RagPromptBuilder: Walker probes (entity='Солнечной', props=22): Вспышка солнечной активности
2026-09-29 10:47:02.037 I/EntityTitleProbe: Title probes (29 lookups): Планеты Солнечной системы(1120), Солнечная система(1100), Солнечная(1080), Планета(1020), Система(1020)
2026-09-29 10:47:02.040 I/EntityTitleProbe: Redundant probes: Солнечная, Планета, Система
2026-09-29 10:47:02.123 I/ZimSearcher: search('планеты солнечной системы') estimated=7000
2026-09-29 10:47:02.646 I/ZimSearcher: search('солнечной') estimated=12659
2026-09-29 10:47:03.217 I/RagPromptBuilder: Entity merge 'солнечной': +13 candidates
2026-09-29 10:47:03.220 I/RagPromptBuilder: RAG: 'назови планеты Солнечной системы' candidates=35
2026-09-29 10:47:03.221 I/RagPromptBuilder: Top hits: Планеты Солнечной системы(s=1120)[Планеты_Солнечной_системы] | Солнечная система(s=1100)[Солнечная_система] | Вспышка солнечной активности(s=900)[Вспышка_солнечной_активности] | Планеты-гиганты(s=97)[Планеты-гиганты] | Планеты (сериал)(s=95)[Планеты_(сериал)]
2026-09-29 10:47:03.485 I/RagPromptBuilder: [PHASE] search=1333ms read=263ms docs=4 ctx=3312
2026-09-29 10:47:03.486 I/RagPromptBuilder: RAG prompt preview (listIntent=false): Тебе даны выдержки из Википедии. Отвечай на их основе. Ответь коротко и по существу: 1–3 предложения, только то, о чём спрашивают. Не пересказывай выдержки, не добавляй посторонние факты и не нумеруй пункты, если вопрос не про перечень. Если вопрос требует сравнения двух и более вещей — до 5 предложений. Если в выдержках совсем нет нужной информации — скажи «не знаю по приведённым выдержкам». Отвечай на русском языке.  === ВЫДЕРЖКИ ИЗ ВИКИ === === Планеты Солнечной системы === Планеты Солнечной 
2026-09-29 10:47:03.486 I/ChatVM: RAG ctx: 4 articles from 35 candidates
2026-09-29 10:47:03.486 I/ChatVM: Generating: 7 msgs, maxTokens=1600, temp=0.7, noThink=true
2026-09-29 10:47:52.482 I/ChatVM: Reply (170 chars, 57 tok, 50597ms, prefill 1554tok/14390ms=108t/s, decode 1,6t/s): В Солнечной системе есть восемь планет: Меркурий, Венера, Земля и Марс входят в группу каменных планет, а Юпитер, Сатурн, Уран и Нептун составляют группу планет-гигантов.
2026-09-29 10:47:52.483 I/ChatVM: [TURN] end path=rag total=50597ms factoid=0ms ptok=1554 gtok=57 prefill=14390ms decode=34571ms chars=170
2026-09-29 10:47:53.034 I/BenchmarkBridge: Benchmark question via intent: кто был предшественником нынешнего мэра Тольятти
2026-09-29 10:47:53.037 I/ChatVM: [TURN] begin q=кто был предшественником нынешнего мэра Тольятти
2026-09-29 10:47:53.039 I/FactoidAnswerer: Factoid candidate: label='(by card label)' entity='Тольятти'
2026-09-29 10:47:53.103 I/EntityTitleProbe: Title probes (16 lookups): Тольятти(1080)
2026-09-29 10:47:53.174 I/ZimSearcher: suggestTitles('Тольятти'): Тольятти, Тольятти 24, Тольятти (История), Тольятти (аэродром), Тольятти (значения), Тольятти (станция), Тольятти П., Тольятти сегодня, Тольятти, Эудженио, Тольятти (речной порт), Тольятти (футбольный клуб), Тольятти (особая экономическая зона), Тольятти (территория опережающего развития), Академия Тольятти, Вузы Тольятти, Герб Тольятти, Гимн Тольятти, Градоначальники Тольятти, Дума Тольятти, Лада (Тольятти), Лада-Тольятти, Медгородок Тольятти, Набережная Тольятти, Памятники Тольятти, Поверхность Тольятти, Портпосёлок (Тольятти), Районы Тольятти, СИБУР Тольятти, Спорт Тольятти, Троллейбус Тольятти, Улицы Тольятти, Флаг Тольятти
2026-09-29 10:47:53.178 I/FactoidAnswerer: Factoid candidates: Тольятти
2026-09-29 10:47:53.262 I/FactoidAnswerer: Factoid: no label covers [предше, мэра] in [Глава/мэр, Население, Площадь, Основан, Страна, Часовой пояс, Субъект Федерации, Городской округ, Внутреннее деление, Глава городского округа, Прежние названия, Город с, Высота центра, Тип климата, Плотность, Агломерация, Население агломерации, Национальности, Конфессии, Название жителей, Официальный язык, День города]
2026-09-29 10:47:53.263 I/FactoidAnswerer: Factoid: 'Тольятти' card has no matching field — next candidate
2026-09-29 10:47:53.263 I/FactoidAnswerer: Factoid: no candidate carried the field — falling back to RAG
2026-09-29 10:47:53.263 I/ChatVM: [PHASE] factoid=miss ms=226
2026-09-29 10:47:53.264 I/RagPromptBuilder: Query: 'кто был предшественником нынешнего мэра Тольятти' -> ZIM keywords: 'предшественником нынешнего мэра тольятти'
2026-09-29 10:47:53.372 I/GraphWalker: walk seed=Тольятти props=[P6, P1365, P1366] → 4 nodes
2026-09-29 10:47:53.372 I/RagPromptBuilder: Walker probes (entity='Тольятти', props=3): Тольятти, Илья Геннадьевич Сухих, Николай Ренц, Сергей Анташев, Сергей Андреев
2026-09-29 10:47:53.384 I/EntityTitleProbe: Title probes (16 lookups): Тольятти(1080)
2026-09-29 10:47:53.401 I/ZimSearcher: search('предшественником нынешнего мэра тольятти') estimated=5
2026-09-29 10:47:54.172 I/ZimSearcher: search('предшественником') estimated=92922
2026-09-29 10:47:54.664 I/RagPromptBuilder: Entity merge 'предшественником': +20 candidates
2026-09-29 10:47:54.667 I/RagPromptBuilder: RAG: 'кто был предшественником нынешнего мэра Тольятти' candidates=30
2026-09-29 10:47:54.667 I/RagPromptBuilder: Top hits: Тольятти(s=1080)[Тольятти] | Илья Геннадьевич Сухих(s=899)[Сухих,_Илья_Геннадьевич] | Николай Ренц(s=898)[Ренц,_Николай_Альфредович] | Сергей Анташев(s=897)[Анташев,_Сергей_Александрович] | Сергей Андреев(s=896)[Андреев,_Сергей_Игоревич]
2026-09-29 10:47:55.009 I/RagPromptBuilder: [PHASE] search=1404ms read=341ms docs=3 ctx=4713
2026-09-29 10:47:55.010 I/RagPromptBuilder: RAG prompt preview (listIntent=false): Тебе даны выдержки из Википедии. Отвечай на их основе. Ответь коротко и по существу: 1–3 предложения, только то, о чём спрашивают. Не пересказывай выдержки, не добавляй посторонние факты и не нумеруй пункты, если вопрос не про перечень. Если вопрос требует сравнения двух и более вещей — до 5 предложений. Если в выдержках совсем нет нужной информации — скажи «не знаю по приведённым выдержкам». Отвечай на русском языке.  === ВЫДЕРЖКИ ИЗ ВИКИ === === Тольятти === Карточка: Глава/мэр: Илья Геннадьев
2026-09-29 10:47:55.011 I/ChatVM: RAG ctx: 3 articles from 30 candidates
2026-09-29 10:47:55.011 I/ChatVM: Generating: 7 msgs, maxTokens=1600, temp=0.7, noThink=true
2026-09-29 10:49:19.031 I/ChatVM: Reply (344 chars, 105 tok, 85994ms, prefill 2262tok/21110ms=107t/s, decode 1,7t/s): Предшественником нынешнего мэра Тольятти Ильи Сухих стал Николай Ренц, который занимал эту должность с 2021 по 2024 год. Он был главным врачом клинической больницы №5 (Медгородок) до назначения на пос
2026-09-29 10:49:19.032 I/ChatVM: [TURN] end path=rag total=85994ms factoid=226ms ptok=2262 gtok=105 prefill=21110ms decode=62884ms chars=344
2026-09-29 10:49:19.866 I/BenchmarkBridge: Benchmark question via intent: сравни население Москвы и Санкт-Петербурга
2026-09-29 10:49:19.868 I/ChatVM: [TURN] begin q=сравни население Москвы и Санкт-Петербурга
2026-09-29 10:49:19.869 I/ChatVM: [PHASE] factoid=miss ms=0
2026-09-29 10:49:19.871 I/RagPromptBuilder: Query: 'сравни население Москвы и Санкт-Петербурга' -> ZIM keywords: 'сравни население москвы санкт петербурга'
2026-09-29 10:49:22.278 I/GraphWalker: walk: 0 wikilinks in 'Генплан_Петербурга' (depth=0)
2026-09-29 10:49:22.279 I/GraphWalker: walk seed=Генплан_Петербурга props=[P6, P1365, P1366, P39, P166, P26, P40, P22, P25, P3373, P50, P175, P800, P184, P802, P57, P58, P162, P36, P159, P127, P112] → 0 nodes
2026-09-29 10:49:22.279 I/RagPromptBuilder: Walker probes (entity='Петербурга', props=22): Генплан Петербурга
2026-09-29 10:49:22.333 I/EntityTitleProbe: Title probes (23 lookups): Москва(1080), Санкт-Петербург(1070), Население Москвы(900)
2026-09-29 10:49:22.386 I/ZimSearcher: search('сравни население москвы санкт петербурга') estimated=300
2026-09-29 10:49:23.051 I/ZimSearcher: search('петербурга') estimated=115995
2026-09-29 10:49:23.628 I/RagPromptBuilder: Entity merge 'петербурга': +18 candidates
2026-09-29 10:49:23.632 I/RagPromptBuilder: RAG: 'сравни население Москвы и Санкт-Петербурга' candidates=42
2026-09-29 10:49:23.633 I/RagPromptBuilder: Top hits: Москва(s=1080)[Москва] | Санкт-Петербург(s=1070)[Санкт-Петербург] | Генплан Петербурга(s=900)[Генплан_Петербурга] | Население Москвы(s=900)[Население_Москвы] | Санкт-Петербург (телерадиокомпания)(s=99)[Санкт-Петербург_(телерадиокомпания)]
2026-09-29 10:49:24.355 I/RagPromptBuilder: [PHASE] search=3763ms read=721ms docs=3 ctx=4342
2026-09-29 10:49:24.356 I/RagPromptBuilder: RAG prompt preview (listIntent=false): Тебе даны выдержки из Википедии. Отвечай на их основе. Ответь коротко и по существу: 1–3 предложения, только то, о чём спрашивают. Не пересказывай выдержки, не добавляй посторонние факты и не нумеруй пункты, если вопрос не про перечень. Если вопрос требует сравнения двух и более вещей — до 5 предложений. Если в выдержках совсем нет нужной информации — скажи «не знаю по приведённым выдержкам». Отвечай на русском языке.  === ВЫДЕРЖКИ ИЗ ВИКИ === === Москва === Карточка: Глава/мэр: Сергей Собянин Н
2026-09-29 10:49:24.356 I/ChatVM: RAG ctx: 3 articles from 42 candidates
2026-09-29 10:49:24.356 I/ChatVM: Generating: 7 msgs, maxTokens=1600, temp=0.7, noThink=true
2026-09-29 10:50:44.349 I/ChatVM: Reply (378 chars, 98 tok, 84480ms, prefill 1912tok/17526ms=109t/s, decode 1,6t/s): Население Москвы составляет 13 274 285 человек, тогда как в Санкт-Петербурге проживает 5 652 922 человека. Таким образом, Москва более чем вдвое превышает численность жителей по сравнению со вторым по
2026-09-29 10:50:44.351 I/ChatVM: [TURN] end path=rag total=84480ms factoid=0ms ptok=1912 gtok=98 prefill=17526ms decode=62433ms chars=378
2026-09-29 10:50:44.706 I/BenchmarkBridge: Benchmark question via intent: почему Байкал самое глубокое озеро
2026-09-29 10:50:44.708 I/ChatVM: [TURN] begin q=почему Байкал самое глубокое озеро
2026-09-29 10:50:44.709 I/ChatVM: [PHASE] factoid=miss ms=0
2026-09-29 10:50:44.711 I/RagPromptBuilder: Query: 'почему Байкал самое глубокое озеро' -> ZIM keywords: 'байкал самое глубокое озеро'
2026-09-29 10:50:44.793 I/GraphWalker: walk: 0 wikilinks in 'Байкал' (depth=0)
2026-09-29 10:50:44.793 I/GraphWalker: walk seed=Байкал props=[P6, P1365, P1366, P39, P166, P26, P40, P22, P25, P3373, P50, P175, P800, P184, P802, P57, P58, P162, P36, P159, P127, P112] → 0 nodes
2026-09-29 10:50:44.794 I/RagPromptBuilder: Walker probes (entity='Байкал', props=22): Байкал
2026-09-29 10:50:44.832 I/EntityTitleProbe: Title probes (12 lookups): Байкал(1080), Глубокое озеро(1050), Глубокое(1030), Озеро(1030)
2026-09-29 10:50:44.834 I/EntityTitleProbe: Redundant probes: Глубокое, Озеро
2026-09-29 10:50:44.861 I/ZimSearcher: search('байкал самое глубокое озеро') estimated=200
2026-09-29 10:50:45.440 I/ZimSearcher: search('глубокое') estimated=52854
2026-09-29 10:50:45.997 I/RagPromptBuilder: Entity merge 'глубокое': +19 candidates
2026-09-29 10:50:46.000 I/RagPromptBuilder: RAG: 'почему Байкал самое глубокое озеро' candidates=39
2026-09-29 10:50:46.001 I/RagPromptBuilder: Top hits: Байкал(s=1080)[Байкал] | Глубокое озеро(s=1050)[Глубокое_озеро] | Глубокое(s=100)[Глубокое] | Глубокое (город)(s=99)[Глубокое_(город)] | Глубокое обучение(s=98)[Глубокое_обучение]
2026-09-29 10:50:46.253 I/RagPromptBuilder: [PHASE] search=1290ms read=250ms docs=4 ctx=4884
2026-09-29 10:50:46.254 I/RagPromptBuilder: RAG prompt preview (listIntent=false): Тебе даны выдержки из Википедии. Отвечай на их основе. Ответь коротко и по существу: 1–3 предложения, только то, о чём спрашивают. Не пересказывай выдержки, не добавляй посторонние факты и не нумеруй пункты, если вопрос не про перечень. Если вопрос требует сравнения двух и более вещей — до 5 предложений. Если в выдержках совсем нет нужной информации — скажи «не знаю по приведённым выдержкам». Отвечай на русском языке.  === ВЫДЕРЖКИ ИЗ ВИКИ === === Байкал === Карточка: Страна: Россия Абсолютная в
2026-09-29 10:50:46.254 I/ChatVM: RAG ctx: 4 articles from 39 candidates
2026-09-29 10:50:46.254 I/ChatVM: Generating: 7 msgs, maxTokens=1600, temp=0.7, noThink=true
2026-09-29 10:52:20.318 I/ChatVM: Reply (426 chars, 119 tok, 95609ms, prefill 2324tok/22118ms=105t/s, decode 1,7t/s): Байкал признан самым глубоким озером на Земле из-за своей экстремальной максимальной глубины, которая составляет 1642 метра. Это делает его не только самым глубоководным пресноводным водоемом в Еврази
2026-09-29 10:52:20.320 I/ChatVM: [TURN] end path=rag total=95609ms factoid=0ms ptok=2324 gtok=119 prefill=22118ms decode=71915ms chars=426
2026-09-29 10:52:20.746 I/BenchmarkBridge: Benchmark question via intent: как связаны Менделеев и периодическая таблица
2026-09-29 10:52:20.748 I/ChatVM: [TURN] begin q=как связаны Менделеев и периодическая таблица
2026-09-29 10:52:20.749 I/ChatVM: [PHASE] factoid=miss ms=1
2026-09-29 10:52:20.750 I/RagPromptBuilder: Query: 'как связаны Менделеев и периодическая таблица' -> ZIM keywords: 'связаны менделеев периодическая таблица'
2026-09-29 10:52:20.842 I/GraphWalker: walk seed=Менделеев,_Дмитрий_Иванович props=[P6, P1365, P1366, P39, P166, P26, P40, P22, P25, P3373, P50, P175, P800, P184, P802, P57, P58, P162, P36, P159, P127, P112] → 6 nodes
2026-09-29 10:52:20.843 I/RagPromptBuilder: Walker probes (entity='Менделеев', props=22): Менделеев, Дмитрий Иванович, Орден Святого Владимира, Кавалер ордена Святого Александра Невского, Орден Белого орла (Российская империя), Орден Святой Анны I степени, Орден Святого Станислава (Российская империя), Орден Святой Анны II степени
2026-09-29 10:52:20.899 I/EntityTitleProbe: Title probes (22 lookups): Менделеев, Дмитрий Иванович(1070), Периодическая система химических элементов(1040), Таблица(1030), Таблиц, Богуслав(1020)
2026-09-29 10:52:20.922 I/ZimSearcher: search('связаны менделеев периодическая таблица') estimated=60
2026-09-29 10:52:21.644 I/ZimSearcher: search('периодическая') estimated=24960
2026-09-29 10:52:22.254 I/RagPromptBuilder: Entity merge 'периодическая': +18 candidates
2026-09-29 10:52:22.258 I/RagPromptBuilder: RAG: 'как связаны Менделеев и периодическая таблица' candidates=46
2026-09-29 10:52:22.258 I/RagPromptBuilder: Top hits: Менделеев, Дмитрий Иванович(s=1070)[Менделеев,_Дмитрий_Иванович] | Периодическая система химических элементов(s=1040)[Периодическая_система_химических_элементов] | Таблица(s=1030)[Таблица] | Таблиц, Богуслав(s=1020)[Таблиц,_Богуслав] | Орден Святого Владимира(s=899)[Орден_Святого_Владимира]
2026-09-29 10:52:22.638 I/RagPromptBuilder: [PHASE] search=1509ms read=378ms docs=4 ctx=5006
2026-09-29 10:52:22.638 I/RagPromptBuilder: RAG prompt preview (listIntent=false): Тебе даны выдержки из Википедии. Отвечай на их основе. Ответь коротко и по существу: 1–3 предложения, только то, о чём спрашивают. Не пересказывай выдержки, не добавляй посторонние факты и не нумеруй пункты, если вопрос не про перечень. Если вопрос требует сравнения двух и более вещей — до 5 предложений. Если в выдержках совсем нет нужной информации — скажи «не знаю по приведённым выдержкам». Отвечай на русском языке.  === ВЫДЕРЖКИ ИЗ ВИКИ === === Менделеев, Дмитрий Иванович === Карточка: Дата р
2026-09-29 10:52:22.639 I/ChatVM: RAG ctx: 4 articles from 46 candidates
2026-09-29 10:52:22.639 I/ChatVM: Generating: 7 msgs, maxTokens=1600, temp=0.7, noThink=true
2026-09-29 10:53:42.934 I/ChatVM: Reply (445 chars, 97 tok, 82186ms, prefill 2203tok/20931ms=105t/s, decode 1,6t/s): Дмитрий Менделеев представил первую периодическую систему химических элементов в 1869 году, используя её для классификации и предсказания свойств веществ. Эта таблица стала фундаментальным инструменто
2026-09-29 10:53:42.935 I/ChatVM: [TURN] end path=rag total=82186ms factoid=1ms ptok=2203 gtok=97 prefill=20931ms decode=59337ms chars=445
2026-09-29 10:54:15.300 I/WikiLLMApp: ADSP_LIBRARY_PATH=/data/app/~~lilYzHQNrOc2U0XHu0u0og==/com.wikillm.android.debug-kkjbFIltZixU1PeP7w0Puw==/lib/arm64;/vendor/lib/rfsa/adsp;/vendor/dsp/cdsp;/system/lib/rfsa/adsp
2026-09-29 10:54:15.308 I/WikiLLMApp: ReLinker.loadLibrary(zim) OK
2026-09-29 10:54:15.313 I/WikiLLMApp: ReLinker.loadLibrary(kiwix) OK
2026-09-29 10:54:15.314 I/WikiLLMApp: System.loadLibrary(zim_wrapper) OK
2026-09-29 10:54:15.315 I/WikiLLMApp: System.loadLibrary(kiwix_wrapper) OK
2026-09-29 10:54:15.707 I/ChatVM: Auto-loading last model: Qwen3.5-4B-Q4_0.gguf
2026-09-29 10:54:15.708 I/ChatVM: Loading model: Qwen3.5-4B-Q4_0.gguf (device=auto, mtp=0) (/storage/emulated/0/Android/data/com.wikillm.android.debug/files/models/unsloth/Qwen3.5-4B-GGUF/Qwen3.5-4B-Q4_0.gguf)
2026-09-29 10:54:16.075 I/ZimSearcher: openPath: /storage/emulated/0/Android/data/com.wikillm.android.debug/files/zim/wikipedia_ru_all_nopic_2026-01.zim (14671735099 bytes)
2026-09-29 10:54:16.395 I/ZimSearchHolder: ZimSearchHolder ready: wikipedia_ru_all_nopic_2026-01.zim
2026-09-29 10:54:24.119 I/ChatVM: Model loaded: Qwen3.5-4B-Q4_0.gguf
2026-09-29 10:54:27.005 I/BenchmarkBridge: Benchmark question via intent: почему Юпитер называют газовым гигантом
2026-09-29 10:54:27.011 I/ChatVM: [TURN] begin q=почему Юпитер называют газовым гигантом
2026-09-29 10:54:27.015 I/ChatVM: [PHASE] factoid=miss ms=3
2026-09-29 10:54:27.020 I/RagPromptBuilder: Query: 'почему Юпитер называют газовым гигантом' -> ZIM keywords: 'юпитер называют газовым гигантом'
2026-09-29 10:54:27.555 I/GraphWalker: walk: 0 wikilinks in 'Юпитер' (depth=0)
2026-09-29 10:54:27.555 I/GraphWalker: walk seed=Юпитер props=[P6, P1365, P1366, P39, P166, P26, P40, P22, P25, P3373, P50, P175, P800, P184, P802, P57, P58, P162, P36, P159, P127, P112] → 0 nodes
2026-09-29 10:54:27.556 I/RagPromptBuilder: Walker probes (entity='Юпитер', props=22): Юпитер
2026-09-29 10:54:27.628 I/EntityTitleProbe: Title probes (13 lookups): Юпитер(1080), Гигант(1030)
2026-09-29 10:54:27.707 I/ZimSearcher: search('юпитер называют газовым гигантом') estimated=200
2026-09-29 10:54:28.389 I/ZimSearcher: search('называют') estimated=194221
2026-09-29 10:54:28.904 I/RagPromptBuilder: Entity merge 'называют': +20 candidates
2026-09-29 10:54:28.915 I/RagPromptBuilder: RAG: 'почему Юпитер называют газовым гигантом' candidates=42
2026-09-29 10:54:28.915 I/RagPromptBuilder: Top hits: Юпитер(s=1080)[Юпитер] | Гигант(s=1030)[Гигант] | То, что называют любовью(s=98)[То,_что_называют_любовью] | Газовые гиганты(s=100)[Газовые_гиганты] | Моя так называемая жизнь(s=100)[Моя_так_называемая_жизнь]
2026-09-29 10:54:29.651 I/RagPromptBuilder: [PHASE] search=1897ms read=735ms docs=4 ctx=4405
2026-09-29 10:54:29.652 I/RagPromptBuilder: RAG prompt preview (listIntent=false): Тебе даны выдержки из Википедии. Отвечай на их основе. Ответь коротко и по существу: 1–3 предложения, только то, о чём спрашивают. Не пересказывай выдержки, не добавляй посторонние факты и не нумеруй пункты, если вопрос не про перечень. Если вопрос требует сравнения двух и более вещей — до 5 предложений. Если в выдержках совсем нет нужной информации — скажи «не знаю по приведённым выдержкам». Отвечай на русском языке.  === ВЫДЕРЖКИ ИЗ ВИКИ === === Юпитер === Карточка: Перигелий: 7,405736⋅108 км 
2026-09-29 10:54:29.652 I/ChatVM: RAG ctx: 4 articles from 42 candidates
2026-09-29 10:54:29.653 I/ChatVM: Generating: 1 msgs, maxTokens=1600, temp=0.7, noThink=true
2026-09-29 10:55:12.231 I/WikiLLMApp: ADSP_LIBRARY_PATH=/data/app/~~XqHu1ZxGGqB1SqoQQsrCwA==/com.wikillm.android.debug-hkPSA9dAXECM-qA958jgNA==/lib/arm64;/vendor/lib/rfsa/adsp;/vendor/dsp/cdsp;/system/lib/rfsa/adsp
2026-09-29 10:55:12.237 I/WikiLLMApp: ReLinker.loadLibrary(zim) OK
2026-09-29 10:55:12.242 I/WikiLLMApp: ReLinker.loadLibrary(kiwix) OK
2026-09-29 10:55:12.243 I/WikiLLMApp: System.loadLibrary(zim_wrapper) OK
2026-09-29 10:55:12.243 I/WikiLLMApp: System.loadLibrary(kiwix_wrapper) OK
2026-09-29 10:55:12.515 I/ChatVM: Auto-loading last model: Qwen3.5-4B-Q4_0.gguf
2026-09-29 10:55:12.516 I/ChatVM: Loading model: Qwen3.5-4B-Q4_0.gguf (device=auto, mtp=0) (/storage/emulated/0/Android/data/com.wikillm.android.debug/files/models/unsloth/Qwen3.5-4B-GGUF/Qwen3.5-4B-Q4_0.gguf)
2026-09-29 10:55:12.864 I/ZimSearcher: openPath: /storage/emulated/0/Android/data/com.wikillm.android.debug/files/zim/wikipedia_ru_all_nopic_2026-01.zim (14671735099 bytes)
2026-09-29 10:55:13.191 I/ZimSearchHolder: ZimSearchHolder ready: wikipedia_ru_all_nopic_2026-01.zim
2026-09-29 10:55:19.374 I/ChatVM: Model loaded: Qwen3.5-4B-Q4_0.gguf
2026-09-29 10:55:21.494 I/BenchmarkBridge: Benchmark question via intent: почему Юпитер называют газовым гигантом
2026-09-29 10:55:21.501 I/ChatVM: [TURN] begin q=почему Юпитер называют газовым гигантом
2026-09-29 10:55:21.504 I/ChatVM: [PHASE] factoid=miss ms=2
2026-09-29 10:55:21.509 I/RagPromptBuilder: Query: 'почему Юпитер называют газовым гигантом' -> ZIM keywords: 'юпитер называют газовым гигантом'
2026-09-29 10:55:22.073 I/GraphWalker: walk: 0 wikilinks in 'Юпитер' (depth=0)
2026-09-29 10:55:22.074 I/GraphWalker: walk seed=Юпитер props=[P6, P1365, P1366, P39, P166, P26, P40, P22, P25, P3373, P50, P175, P800, P184, P802, P57, P58, P162, P36, P159, P127, P112] → 0 nodes
2026-09-29 10:55:22.075 I/RagPromptBuilder: Walker probes (entity='Юпитер', props=22): Юпитер
2026-09-29 10:55:22.122 I/EntityTitleProbe: Title probes (13 lookups): Юпитер(1080), Гигант(1030)
2026-09-29 10:55:22.155 I/ZimSearcher: search('юпитер называют газовым гигантом') estimated=200
2026-09-29 10:55:22.795 I/ZimSearcher: search('называют') estimated=194221
2026-09-29 10:55:23.275 I/RagPromptBuilder: Entity merge 'называют': +20 candidates
2026-09-29 10:55:23.283 I/RagPromptBuilder: RAG: 'почему Юпитер называют газовым гигантом' candidates=42
2026-09-29 10:55:23.284 I/RagPromptBuilder: Top hits: Юпитер(s=1080)[Юпитер] | Гигант(s=1030)[Гигант] | То, что называют любовью(s=98)[То,_что_называют_любовью] | Газовые гиганты(s=100)[Газовые_гиганты] | Моя так называемая жизнь(s=100)[Моя_так_называемая_жизнь]
2026-09-29 10:55:24.068 I/RagPromptBuilder: [PHASE] search=1776ms read=784ms docs=4 ctx=4405
2026-09-29 10:55:24.069 I/RagPromptBuilder: RAG prompt preview (listIntent=false): Тебе даны выдержки из Википедии. Отвечай на их основе. Ответь коротко и по существу: 1–3 предложения, только то, о чём спрашивают. Не пересказывай выдержки, не добавляй посторонние факты и не нумеруй пункты, если вопрос не про перечень. Если вопрос требует сравнения двух и более вещей — до 5 предложений. Если в выдержках совсем нет нужной информации — скажи «не знаю по приведённым выдержкам». Отвечай на русском языке.  === ВЫДЕРЖКИ ИЗ ВИКИ === === Юпитер === Карточка: Перигелий: 7,405736⋅108 км 
2026-09-29 10:55:24.070 I/ChatVM: RAG ctx: 4 articles from 42 candidates
2026-09-29 10:55:24.070 I/ChatVM: Generating: 1 msgs, maxTokens=1600, temp=0.7, noThink=true
2026-09-29 11:08:06.469 I/WikiLLMApp: ADSP_LIBRARY_PATH=/data/app/~~kJIDDjw7anWOWyqaGKCZjw==/com.wikillm.android.debug-8SLPqbYlr2_wqtOPf7AIGg==/lib/arm64;/vendor/lib/rfsa/adsp;/vendor/dsp/cdsp;/system/lib/rfsa/adsp
2026-09-29 11:08:06.474 I/WikiLLMApp: ReLinker.loadLibrary(zim) OK
2026-09-29 11:08:06.479 I/WikiLLMApp: ReLinker.loadLibrary(kiwix) OK
2026-09-29 11:08:06.480 I/WikiLLMApp: System.loadLibrary(zim_wrapper) OK
2026-09-29 11:08:06.480 I/WikiLLMApp: System.loadLibrary(kiwix_wrapper) OK
2026-09-29 11:08:06.740 I/ChatVM: Auto-loading last model: Qwen3.5-4B-Q4_0.gguf
2026-09-29 11:08:06.741 I/ChatVM: Loading model: Qwen3.5-4B-Q4_0.gguf (device=auto, mtp=0) (/storage/emulated/0/Android/data/com.wikillm.android.debug/files/models/unsloth/Qwen3.5-4B-GGUF/Qwen3.5-4B-Q4_0.gguf)
2026-09-29 11:08:07.047 I/ZimSearcher: openPath: /storage/emulated/0/Android/data/com.wikillm.android.debug/files/zim/wikipedia_ru_all_nopic_2026-01.zim (14671735099 bytes)
2026-09-29 11:08:07.367 I/ZimSearchHolder: ZimSearchHolder ready: wikipedia_ru_all_nopic_2026-01.zim
2026-09-29 11:08:11.804 I/ChatVM: Model loaded: Qwen3.5-4B-Q4_0.gguf
2026-09-29 11:08:12.588 I/BenchmarkBridge: Benchmark question via intent: почему Юпитер называют газовым гигантом
2026-09-29 11:08:12.592 I/ChatVM: [TURN] begin q=почему Юпитер называют газовым гигантом
2026-09-29 11:08:12.593 I/ChatVM: [PHASE] factoid=miss ms=1
2026-09-29 11:08:12.597 I/RagPromptBuilder: Query: 'почему Юпитер называют газовым гигантом' -> ZIM keywords: 'юпитер называют газовым гигантом'
2026-09-29 11:08:12.929 I/GraphWalker: walk: 0 wikilinks in 'Юпитер' (depth=0)
2026-09-29 11:08:12.929 I/GraphWalker: walk seed=Юпитер props=[P6, P1365, P1366, P39, P166, P26, P40, P22, P25, P3373, P50, P175, P800, P184, P802, P57, P58, P162, P36, P159, P127, P112] → 0 nodes
2026-09-29 11:08:12.930 I/RagPromptBuilder: Walker probes (entity='Юпитер', props=22): Юпитер
2026-09-29 11:08:12.996 I/EntityTitleProbe: Title probes (13 lookups): Юпитер(1080), Гигант(1030)
2026-09-29 11:08:13.060 I/ZimSearcher: search('юпитер называют газовым гигантом') estimated=200
2026-09-29 11:08:13.543 I/ZimSearcher: search('называют') estimated=194221
2026-09-29 11:08:13.919 I/RagPromptBuilder: Entity merge 'называют': +20 candidates
2026-09-29 11:08:13.924 I/RagPromptBuilder: RAG: 'почему Юпитер называют газовым гигантом' candidates=42
2026-09-29 11:08:13.925 I/RagPromptBuilder: Top hits: Юпитер(s=1080)[Юпитер] | Гигант(s=1030)[Гигант] | То, что называют любовью(s=98)[То,_что_называют_любовью] | Газовые гиганты(s=100)[Газовые_гиганты] | Моя так называемая жизнь(s=100)[Моя_так_называемая_жизнь]
2026-09-29 11:08:14.388 I/RagPromptBuilder: [PHASE] search=1329ms read=463ms docs=4 ctx=4405
2026-09-29 11:08:14.389 I/RagPromptBuilder: RAG prompt preview (listIntent=false): Тебе даны выдержки из Википедии. Отвечай на их основе. Ответь коротко и по существу: 1–3 предложения, только то, о чём спрашивают. Не пересказывай выдержки, не добавляй посторонние факты и не нумеруй пункты, если вопрос не про перечень. Если вопрос требует сравнения двух и более вещей — до 5 предложений. Если в выдержках совсем нет нужной информации — скажи «не знаю по приведённым выдержкам». Отвечай на русском языке.  === ВЫДЕРЖКИ ИЗ ВИКИ === === Юпитер === Карточка: Перигелий: 7,405736⋅108 км 
2026-09-29 11:08:14.389 I/ChatVM: RAG ctx: 4 articles from 42 candidates
2026-09-29 11:08:14.390 I/ChatVM: Generating: 1 msgs, maxTokens=1600, temp=0.7, noThink=true
2026-09-29 11:09:37.658 I/ChatVM: Reply (402 chars, 106 tok, 85067ms, prefill 1832tok/14238ms=129t/s, decode 1,5t/s): Юпитер называют **газовым гигантом** потому, что он является планетой с огромными размерами и значительной долей газа в своём составе. Его атмосфера состоит преимущественно из водорода и гелия, что от
2026-09-29 11:09:37.660 I/ChatVM: [TURN] end path=rag total=85067ms factoid=1ms ptok=1832 gtok=106 prefill=14238ms decode=68998ms chars=402
2026-09-29 11:10:59.551 I/WikiLLMApp: ADSP_LIBRARY_PATH=/data/app/~~v5-1cK0DLkoDHVtW6ayZXQ==/com.wikillm.android.debug-eQmbfbiwRfAqVtnzzyDkBA==/lib/arm64;/vendor/lib/rfsa/adsp;/vendor/dsp/cdsp;/system/lib/rfsa/adsp
2026-09-29 11:10:59.556 I/WikiLLMApp: ReLinker.loadLibrary(zim) OK
2026-09-29 11:10:59.560 I/WikiLLMApp: ReLinker.loadLibrary(kiwix) OK
2026-09-29 11:10:59.561 I/WikiLLMApp: System.loadLibrary(zim_wrapper) OK
2026-09-29 11:10:59.562 I/WikiLLMApp: System.loadLibrary(kiwix_wrapper) OK
2026-09-29 11:10:59.806 I/ChatVM: Auto-loading last model: Qwen3.5-4B-Q4_0.gguf
2026-09-29 11:10:59.807 I/ChatVM: Loading model: Qwen3.5-4B-Q4_0.gguf (device=auto, mtp=0) (/storage/emulated/0/Android/data/com.wikillm.android.debug/files/models/unsloth/Qwen3.5-4B-GGUF/Qwen3.5-4B-Q4_0.gguf)
2026-09-29 11:11:00.116 I/ZimSearcher: openPath: /storage/emulated/0/Android/data/com.wikillm.android.debug/files/zim/wikipedia_ru_all_nopic_2026-01.zim (14671735099 bytes)
2026-09-29 11:11:00.470 I/ZimSearchHolder: ZimSearchHolder ready: wikipedia_ru_all_nopic_2026-01.zim
2026-09-29 11:11:05.919 I/ChatVM: Model loaded: Qwen3.5-4B-Q4_0.gguf
2026-09-29 11:11:08.868 I/BenchmarkBridge: Benchmark question via intent: почему Юпитер называют газовым гигантом
2026-09-29 11:11:08.872 I/ChatVM: [TURN] begin q=почему Юпитер называют газовым гигантом
2026-09-29 11:11:08.873 I/ChatVM: [PHASE] factoid=miss ms=1
2026-09-29 11:11:08.875 I/RagPromptBuilder: Query: 'почему Юпитер называют газовым гигантом' -> ZIM keywords: 'юпитер называют газовым гигантом'
2026-09-29 11:11:09.204 I/GraphWalker: walk: 0 wikilinks in 'Юпитер' (depth=0)
2026-09-29 11:11:09.204 I/GraphWalker: walk seed=Юпитер props=[P6, P1365, P1366, P39, P166, P26, P40, P22, P25, P3373, P50, P175, P800, P184, P802, P57, P58, P162, P36, P159, P127, P112] → 0 nodes
2026-09-29 11:11:09.205 I/RagPromptBuilder: Walker probes (entity='Юпитер', props=22): Юпитер
2026-09-29 11:11:09.250 I/EntityTitleProbe: Title probes (13 lookups): Юпитер(1080), Гигант(1030)
2026-09-29 11:11:09.290 I/ZimSearcher: search('юпитер называют газовым гигантом') estimated=200
2026-09-29 11:11:09.689 I/ZimSearcher: search('называют') estimated=194221
2026-09-29 11:11:10.020 I/RagPromptBuilder: Entity merge 'называют': +20 candidates
2026-09-29 11:11:10.025 I/RagPromptBuilder: RAG: 'почему Юпитер называют газовым гигантом' candidates=42
2026-09-29 11:11:10.025 I/RagPromptBuilder: Top hits: Юпитер(s=1080)[Юпитер] | Гигант(s=1030)[Гигант] | То, что называют любовью(s=98)[То,_что_называют_любовью] | Газовые гиганты(s=100)[Газовые_гиганты] | Моя так называемая жизнь(s=100)[Моя_так_называемая_жизнь]
2026-09-29 11:11:10.479 I/RagPromptBuilder: [PHASE] search=1150ms read=452ms docs=4 ctx=4405
2026-09-29 11:11:10.479 I/RagPromptBuilder: RAG prompt preview (listIntent=false): Тебе даны выдержки из Википедии. Отвечай на их основе. Ответь коротко и по существу: 1–3 предложения, только то, о чём спрашивают. Не пересказывай выдержки, не добавляй посторонние факты и не нумеруй пункты, если вопрос не про перечень. Если вопрос требует сравнения двух и более вещей — до 5 предложений. Если в выдержках совсем нет нужной информации — скажи «не знаю по приведённым выдержкам». Отвечай на русском языке.  === ВЫДЕРЖКИ ИЗ ВИКИ === === Юпитер === Карточка: Перигелий: 7,405736⋅108 км 
2026-09-29 11:11:10.480 I/ChatVM: RAG ctx: 4 articles from 42 candidates
2026-09-29 11:11:10.480 I/ChatVM: Generating: 1 msgs, maxTokens=1600, temp=0.7, noThink=true
2026-09-29 11:23:43.311 I/WikiLLMApp: ADSP_LIBRARY_PATH=/data/app/~~AEp21vYb_KleDnklTlCN8w==/com.wikillm.android.debug-oG2P1kY8PZXZuqGq_2p8dg==/lib/arm64;/vendor/lib/rfsa/adsp;/vendor/dsp/cdsp;/system/lib/rfsa/adsp
2026-09-29 11:23:43.316 I/WikiLLMApp: ReLinker.loadLibrary(zim) OK
2026-09-29 11:23:43.321 I/WikiLLMApp: ReLinker.loadLibrary(kiwix) OK
2026-09-29 11:23:43.321 I/WikiLLMApp: System.loadLibrary(zim_wrapper) OK
2026-09-29 11:23:43.322 I/WikiLLMApp: System.loadLibrary(kiwix_wrapper) OK
2026-09-29 11:23:43.646 I/ChatVM: Auto-loading last model: Qwen3.5-4B-Q4_0.gguf
2026-09-29 11:23:43.647 I/ChatVM: Loading model: Qwen3.5-4B-Q4_0.gguf (device=auto, mtp=0) (/storage/emulated/0/Android/data/com.wikillm.android.debug/files/models/unsloth/Qwen3.5-4B-GGUF/Qwen3.5-4B-Q4_0.gguf)
2026-09-29 11:23:43.980 I/ZimSearcher: openPath: /storage/emulated/0/Android/data/com.wikillm.android.debug/files/zim/wikipedia_ru_all_nopic_2026-01.zim (14671735099 bytes)
2026-09-29 11:23:44.331 I/ZimSearchHolder: ZimSearchHolder ready: wikipedia_ru_all_nopic_2026-01.zim
2026-09-29 11:23:49.548 I/ChatVM: Model loaded: Qwen3.5-4B-Q4_0.gguf
2026-09-29 11:23:51.879 I/BenchmarkBridge: Benchmark question via intent: почему Юпитер называют газовым гигантом
2026-09-29 11:23:51.882 I/ChatVM: [TURN] begin q=почему Юпитер называют газовым гигантом
2026-09-29 11:23:51.884 I/ChatVM: [PHASE] factoid=miss ms=1
2026-09-29 11:23:51.887 I/RagPromptBuilder: Query: 'почему Юпитер называют газовым гигантом' -> ZIM keywords: 'юпитер называют газовым гигантом'
2026-09-29 11:23:52.223 I/GraphWalker: walk: 0 wikilinks in 'Юпитер' (depth=0)
2026-09-29 11:23:52.223 I/GraphWalker: walk seed=Юпитер props=[P6, P1365, P1366, P39, P166, P26, P40, P22, P25, P3373, P50, P175, P800, P184, P802, P57, P58, P162, P36, P159, P127, P112] → 0 nodes
2026-09-29 11:23:52.224 I/RagPromptBuilder: Walker probes (entity='Юпитер', props=22): Юпитер
2026-09-29 11:23:52.311 I/EntityTitleProbe: Title probes (13 lookups): Юпитер(1080), Гигант(1030)
2026-09-29 11:23:52.369 I/ZimSearcher: search('юпитер называют газовым гигантом') estimated=200
2026-09-29 11:23:52.789 I/ZimSearcher: search('называют') estimated=194221
2026-09-29 11:23:53.167 I/RagPromptBuilder: Entity merge 'называют': +20 candidates
2026-09-29 11:23:53.172 I/RagPromptBuilder: RAG: 'почему Юпитер называют газовым гигантом' candidates=42
2026-09-29 11:23:53.172 I/RagPromptBuilder: Top hits: Юпитер(s=1080)[Юпитер] | Гигант(s=1030)[Гигант] | То, что называют любовью(s=98)[То,_что_называют_любовью] | Газовые гиганты(s=100)[Газовые_гиганты] | Моя так называемая жизнь(s=100)[Моя_так_называемая_жизнь]
2026-09-29 11:23:53.626 I/RagPromptBuilder: [PHASE] search=1285ms read=453ms docs=4 ctx=4405
2026-09-29 11:23:53.626 I/RagPromptBuilder: RAG prompt preview (listIntent=false): Тебе даны выдержки из Википедии. Отвечай на их основе. Ответь коротко и по существу: 1–3 предложения, только то, о чём спрашивают. Не пересказывай выдержки, не добавляй посторонние факты и не нумеруй пункты, если вопрос не про перечень. Если вопрос требует сравнения двух и более вещей — до 5 предложений. Если в выдержках совсем нет нужной информации — скажи «не знаю по приведённым выдержкам». Отвечай на русском языке.  === ВЫДЕРЖКИ ИЗ ВИКИ === === Юпитер === Карточка: Перигелий: 7,405736⋅108 км 
2026-09-29 11:23:53.627 I/ChatVM: RAG ctx: 4 articles from 42 candidates
2026-09-29 11:23:53.627 I/ChatVM: Generating: 1 msgs, maxTokens=1600, temp=0.7, noThink=true
2026-09-29 11:25:48.569 I/ChatVM: Reply (444 chars, 109 tok, 116687ms, prefill 1832tok/15338ms=119t/s, decode 1,1t/s): Юпитер называют газовым гигантом, так как это планета с **значительной долей газа** в своём составе, преимущественно из водорода и гелия. В отличие от твердых планет земного типа, Юпитер представляет 
2026-09-29 11:25:48.574 I/ChatVM: [TURN] end path=rag total=116687ms factoid=1ms ptok=1832 gtok=109 prefill=15338ms decode=99582ms chars=444
2026-09-29 11:26:59.808 I/WikiLLMApp: ADSP_LIBRARY_PATH=/data/app/~~61rbYv5FvBVi99iHpSUHuQ==/com.wikillm.android.debug-J2p_77yjT4cvK2FK4oxYPQ==/lib/arm64;/vendor/lib/rfsa/adsp;/vendor/dsp/cdsp;/system/lib/rfsa/adsp
2026-09-29 11:26:59.813 I/WikiLLMApp: ReLinker.loadLibrary(zim) OK
2026-09-29 11:26:59.817 I/WikiLLMApp: ReLinker.loadLibrary(kiwix) OK
2026-09-29 11:26:59.818 I/WikiLLMApp: System.loadLibrary(zim_wrapper) OK
2026-09-29 11:26:59.819 I/WikiLLMApp: System.loadLibrary(kiwix_wrapper) OK
2026-09-29 11:27:00.077 I/ChatVM: Auto-loading last model: Qwen3.5-4B-Q4_0.gguf
2026-09-29 11:27:00.078 I/ChatVM: Loading model: Qwen3.5-4B-Q4_0.gguf (device=auto, mtp=0) (/storage/emulated/0/Android/data/com.wikillm.android.debug/files/models/unsloth/Qwen3.5-4B-GGUF/Qwen3.5-4B-Q4_0.gguf)
2026-09-29 11:27:00.388 I/ZimSearcher: openPath: /storage/emulated/0/Android/data/com.wikillm.android.debug/files/zim/wikipedia_ru_all_nopic_2026-01.zim (14671735099 bytes)
2026-09-29 11:27:00.712 I/ZimSearchHolder: ZimSearchHolder ready: wikipedia_ru_all_nopic_2026-01.zim
2026-09-29 11:27:05.008 I/ChatVM: Model loaded: Qwen3.5-4B-Q4_0.gguf
2026-09-29 11:27:05.912 I/BenchmarkBridge: Benchmark question via intent: почему Юпитер называют газовым гигантом
2026-09-29 11:27:05.915 I/ChatVM: [TURN] begin q=почему Юпитер называют газовым гигантом
2026-09-29 11:27:05.916 I/ChatVM: [PHASE] factoid=miss ms=1
2026-09-29 11:27:05.919 I/RagPromptBuilder: Query: 'почему Юпитер называют газовым гигантом' -> ZIM keywords: 'юпитер называют газовым гигантом'
2026-09-29 11:27:06.256 I/GraphWalker: walk: 0 wikilinks in 'Юпитер' (depth=0)
2026-09-29 11:27:06.256 I/GraphWalker: walk seed=Юпитер props=[P6, P1365, P1366, P39, P166, P26, P40, P22, P25, P3373, P50, P175, P800, P184, P802, P57, P58, P162, P36, P159, P127, P112] → 0 nodes
2026-09-29 11:27:06.256 I/RagPromptBuilder: Walker probes (entity='Юпитер', props=22): Юпитер
2026-09-29 11:27:06.305 I/EntityTitleProbe: Title probes (13 lookups): Юпитер(1080), Гигант(1030)
2026-09-29 11:27:06.370 I/ZimSearcher: search('юпитер называют газовым гигантом') estimated=200
2026-09-29 11:27:06.818 I/ZimSearcher: search('называют') estimated=194221
2026-09-29 11:27:07.166 I/RagPromptBuilder: Entity merge 'называют': +20 candidates
2026-09-29 11:27:07.171 I/RagPromptBuilder: RAG: 'почему Юпитер называют газовым гигантом' candidates=42
2026-09-29 11:27:07.171 I/RagPromptBuilder: Top hits: Юпитер(s=1080)[Юпитер] | Гигант(s=1030)[Гигант] | То, что называют любовью(s=98)[То,_что_называют_любовью] | Газовые гиганты(s=100)[Газовые_гиганты] | Моя так называемая жизнь(s=100)[Моя_так_называемая_жизнь]
2026-09-29 11:27:07.629 I/RagPromptBuilder: [PHASE] search=1253ms read=458ms docs=4 ctx=4405
2026-09-29 11:27:07.630 I/RagPromptBuilder: RAG prompt preview (listIntent=false): Тебе даны выдержки из Википедии. Отвечай на их основе. Ответь коротко и по существу: 1–3 предложения, только то, о чём спрашивают. Не пересказывай выдержки, не добавляй посторонние факты и не нумеруй пункты, если вопрос не про перечень. Если вопрос требует сравнения двух и более вещей — до 5 предложений. Если в выдержках совсем нет нужной информации — скажи «не знаю по приведённым выдержкам». Отвечай на русском языке.  === ВЫДЕРЖКИ ИЗ ВИКИ === === Юпитер === Карточка: Перигелий: 7,405736⋅108 км 
2026-09-29 11:27:07.630 I/ChatVM: RAG ctx: 4 articles from 42 candidates
2026-09-29 11:27:07.630 I/ChatVM: Generating: 1 msgs, maxTokens=1600, temp=0.7, noThink=true
2026-09-29 11:30:10.006 I/ChatVM: Reply (1162 chars, 290 tok, 184091ms, prefill 1832tok/14520ms=126t/s, decode 1,7t/s): Юпитер называют газовым гигантом, потому что он является самой большой планетой в Солнечной системе и состоит преимущественно из водорода с добавлением гелия. Согласно астрономическим данным, эта план
2026-09-29 11:30:10.007 I/ChatVM: [TURN] end path=rag total=184091ms factoid=1ms ptok=1832 gtok=290 prefill=14520ms decode=167822ms chars=1162
2026-09-29 11:31:57.674 I/WikiLLMApp: ADSP_LIBRARY_PATH=/data/app/~~8lRbnv8K_veotL_oFH9Uiw==/com.wikillm.android.debug-IFc8tp_ajk4zwim6oflglQ==/lib/arm64;/vendor/lib/rfsa/adsp;/vendor/dsp/cdsp;/system/lib/rfsa/adsp
2026-09-29 11:31:57.679 I/WikiLLMApp: ReLinker.loadLibrary(zim) OK
2026-09-29 11:31:57.683 I/WikiLLMApp: ReLinker.loadLibrary(kiwix) OK
2026-09-29 11:31:57.684 I/WikiLLMApp: System.loadLibrary(zim_wrapper) OK
2026-09-29 11:31:57.684 I/WikiLLMApp: System.loadLibrary(kiwix_wrapper) OK
2026-09-29 11:31:57.937 I/ChatVM: Auto-loading last model: Qwen3.5-4B-Q4_0.gguf
2026-09-29 11:31:57.938 I/ChatVM: Loading model: Qwen3.5-4B-Q4_0.gguf (device=auto, mtp=0) (/storage/emulated/0/Android/data/com.wikillm.android.debug/files/models/unsloth/Qwen3.5-4B-GGUF/Qwen3.5-4B-Q4_0.gguf)
2026-09-29 11:31:58.246 I/ZimSearcher: openPath: /storage/emulated/0/Android/data/com.wikillm.android.debug/files/zim/wikipedia_ru_all_nopic_2026-01.zim (14671735099 bytes)
2026-09-29 11:31:58.548 I/ZimSearchHolder: ZimSearchHolder ready: wikipedia_ru_all_nopic_2026-01.zim
2026-09-29 11:32:04.167 I/ChatVM: Model loaded: Qwen3.5-4B-Q4_0.gguf
2026-09-29 11:32:06.923 I/BenchmarkBridge: Benchmark question via intent: почему Юпитер называют газовым гигантом
2026-09-29 11:32:06.927 I/ChatVM: [TURN] begin q=почему Юпитер называют газовым гигантом
2026-09-29 11:32:06.929 I/ChatVM: [PHASE] factoid=miss ms=1
2026-09-29 11:32:06.932 I/RagPromptBuilder: Query: 'почему Юпитер называют газовым гигантом' -> ZIM keywords: 'юпитер называют газовым гигантом'
2026-09-29 11:32:07.284 I/GraphWalker: walk: 0 wikilinks in 'Юпитер' (depth=0)
2026-09-29 11:32:07.285 I/GraphWalker: walk seed=Юпитер props=[P6, P1365, P1366, P39, P166, P26, P40, P22, P25, P3373, P50, P175, P800, P184, P802, P57, P58, P162, P36, P159, P127, P112] → 0 nodes
2026-09-29 11:32:07.285 I/RagPromptBuilder: Walker probes (entity='Юпитер', props=22): Юпитер
2026-09-29 11:32:07.316 I/EntityTitleProbe: Title probes (13 lookups): Юпитер(1080), Гигант(1030)
2026-09-29 11:32:07.357 I/ZimSearcher: search('юпитер называют газовым гигантом') estimated=200
2026-09-29 11:32:07.784 I/ZimSearcher: search('называют') estimated=194221
2026-09-29 11:32:08.159 I/RagPromptBuilder: Entity merge 'называют': +20 candidates
2026-09-29 11:32:08.164 I/RagPromptBuilder: RAG: 'почему Юпитер называют газовым гигантом' candidates=42
2026-09-29 11:32:08.165 I/RagPromptBuilder: Top hits: Юпитер(s=1080)[Юпитер] | Гигант(s=1030)[Гигант] | То, что называют любовью(s=98)[То,_что_называют_любовью] | Газовые гиганты(s=100)[Газовые_гиганты] | Моя так называемая жизнь(s=100)[Моя_так_называемая_жизнь]
2026-09-29 11:32:08.621 I/RagPromptBuilder: [PHASE] search=1233ms read=456ms docs=4 ctx=4405
2026-09-29 11:32:08.622 I/RagPromptBuilder: RAG prompt preview (listIntent=false): Тебе даны выдержки из Википедии. Отвечай на их основе. Ответь коротко и по существу: 1–3 предложения, только то, о чём спрашивают. Не пересказывай выдержки, не добавляй посторонние факты и не нумеруй пункты, если вопрос не про перечень. Если вопрос требует сравнения двух и более вещей — до 5 предложений. Если в выдержках совсем нет нужной информации — скажи «не знаю по приведённым выдержкам». Отвечай на русском языке.  === ВЫДЕРЖКИ ИЗ ВИКИ === === Юпитер === Карточка: Перигелий: 7,405736⋅108 км 
2026-09-29 11:32:08.622 I/ChatVM: RAG ctx: 4 articles from 42 candidates
2026-09-29 11:32:08.622 I/ChatVM: Generating: 1 msgs, maxTokens=1600, temp=0.7, noThink=true
2026-09-29 11:33:13.128 I/WikiLLMApp: ADSP_LIBRARY_PATH=/data/app/~~hXfptqEYdudmGWLSzala3w==/com.wikillm.android.debug-yLD6gLKEyh9VTIG_0dUVEw==/lib/arm64;/vendor/lib/rfsa/adsp;/vendor/dsp/cdsp;/system/lib/rfsa/adsp
2026-09-29 11:33:13.134 I/WikiLLMApp: ReLinker.loadLibrary(zim) OK
2026-09-29 11:33:13.138 I/WikiLLMApp: ReLinker.loadLibrary(kiwix) OK
2026-09-29 11:33:13.139 I/WikiLLMApp: System.loadLibrary(zim_wrapper) OK
2026-09-29 11:33:13.140 I/WikiLLMApp: System.loadLibrary(kiwix_wrapper) OK
2026-09-29 11:33:13.391 I/ChatVM: Auto-loading last model: Qwen3.5-4B-Q4_0.gguf
2026-09-29 11:33:13.392 I/ChatVM: Loading model: Qwen3.5-4B-Q4_0.gguf (device=auto, mtp=0) (/storage/emulated/0/Android/data/com.wikillm.android.debug/files/models/unsloth/Qwen3.5-4B-GGUF/Qwen3.5-4B-Q4_0.gguf)
2026-09-29 11:33:13.699 I/ZimSearcher: openPath: /storage/emulated/0/Android/data/com.wikillm.android.debug/files/zim/wikipedia_ru_all_nopic_2026-01.zim (14671735099 bytes)
2026-09-29 11:33:13.989 I/ZimSearchHolder: ZimSearchHolder ready: wikipedia_ru_all_nopic_2026-01.zim
2026-09-29 11:33:19.934 I/ChatVM: Model loaded: Qwen3.5-4B-Q4_0.gguf
2026-09-29 11:33:22.308 I/BenchmarkBridge: Benchmark question via intent: почему Юпитер называют газовым гигантом
2026-09-29 11:33:22.311 I/ChatVM: [TURN] begin q=почему Юпитер называют газовым гигантом
2026-09-29 11:33:22.313 I/ChatVM: [PHASE] factoid=miss ms=1
2026-09-29 11:33:22.316 I/RagPromptBuilder: Query: 'почему Юпитер называют газовым гигантом' -> ZIM keywords: 'юпитер называют газовым гигантом'
2026-09-29 11:33:22.605 I/GraphWalker: walk: 0 wikilinks in 'Юпитер' (depth=0)
2026-09-29 11:33:22.605 I/GraphWalker: walk seed=Юпитер props=[P6, P1365, P1366, P39, P166, P26, P40, P22, P25, P3373, P50, P175, P800, P184, P802, P57, P58, P162, P36, P159, P127, P112] → 0 nodes
2026-09-29 11:33:22.606 I/RagPromptBuilder: Walker probes (entity='Юпитер', props=22): Юпитер
2026-09-29 11:33:22.675 I/EntityTitleProbe: Title probes (13 lookups): Юпитер(1080), Гигант(1030)
2026-09-29 11:33:22.706 I/ZimSearcher: search('юпитер называют газовым гигантом') estimated=200
2026-09-29 11:33:23.115 I/ZimSearcher: search('называют') estimated=194221
2026-09-29 11:33:23.440 I/RagPromptBuilder: Entity merge 'называют': +20 candidates
2026-09-29 11:33:23.445 I/RagPromptBuilder: RAG: 'почему Юпитер называют газовым гигантом' candidates=42
2026-09-29 11:33:23.446 I/RagPromptBuilder: Top hits: Юпитер(s=1080)[Юпитер] | Гигант(s=1030)[Гигант] | То, что называют любовью(s=98)[То,_что_называют_любовью] | Газовые гиганты(s=100)[Газовые_гиганты] | Моя так называемая жизнь(s=100)[Моя_так_называемая_жизнь]
2026-09-29 11:33:23.897 I/RagPromptBuilder: [PHASE] search=1131ms read=451ms docs=4 ctx=4405
2026-09-29 11:33:23.898 I/RagPromptBuilder: RAG prompt preview (listIntent=false): Тебе даны выдержки из Википедии. Отвечай на их основе. Ответь коротко и по существу: 1–3 предложения, только то, о чём спрашивают. Не пересказывай выдержки, не добавляй посторонние факты и не нумеруй пункты, если вопрос не про перечень. Если вопрос требует сравнения двух и более вещей — до 5 предложений. Если в выдержках совсем нет нужной информации — скажи «не знаю по приведённым выдержкам». Отвечай на русском языке.  === ВЫДЕРЖКИ ИЗ ВИКИ === === Юпитер === Карточка: Перигелий: 7,405736⋅108 км 
2026-09-29 11:33:23.898 I/ChatVM: RAG ctx: 4 articles from 42 candidates
2026-09-29 11:33:23.898 I/ChatVM: Generating: 1 msgs, maxTokens=1600, temp=0.7, noThink=true
2026-09-29 11:34:00.498 I/WikiLLMApp: ADSP_LIBRARY_PATH=/data/app/~~iqKXmVLvu_wHXio_4ILj6Q==/com.wikillm.android.debug-qm7TPkP0HZ_aiFht_zXOSA==/lib/arm64;/vendor/lib/rfsa/adsp;/vendor/dsp/cdsp;/system/lib/rfsa/adsp
2026-09-29 11:34:00.503 I/WikiLLMApp: ReLinker.loadLibrary(zim) OK
2026-09-29 11:34:00.508 I/WikiLLMApp: ReLinker.loadLibrary(kiwix) OK
2026-09-29 11:34:00.508 I/WikiLLMApp: System.loadLibrary(zim_wrapper) OK
2026-09-29 11:34:00.509 I/WikiLLMApp: System.loadLibrary(kiwix_wrapper) OK
2026-09-29 11:34:00.758 I/ChatVM: Auto-loading last model: Qwen3.5-4B-Q4_0.gguf
2026-09-29 11:34:00.759 I/ChatVM: Loading model: Qwen3.5-4B-Q4_0.gguf (device=auto, mtp=0) (/storage/emulated/0/Android/data/com.wikillm.android.debug/files/models/unsloth/Qwen3.5-4B-GGUF/Qwen3.5-4B-Q4_0.gguf)
2026-09-29 11:34:01.079 I/ZimSearcher: openPath: /storage/emulated/0/Android/data/com.wikillm.android.debug/files/zim/wikipedia_ru_all_nopic_2026-01.zim (14671735099 bytes)
2026-09-29 11:34:01.372 I/ZimSearchHolder: ZimSearchHolder ready: wikipedia_ru_all_nopic_2026-01.zim
2026-09-29 11:34:07.356 I/ChatVM: Model loaded: Qwen3.5-4B-Q4_0.gguf
2026-09-29 11:34:09.858 I/BenchmarkBridge: Benchmark question via intent: почему Юпитер называют газовым гигантом
2026-09-29 11:34:09.862 I/ChatVM: [TURN] begin q=почему Юпитер называют газовым гигантом
2026-09-29 11:34:09.864 I/ChatVM: [PHASE] factoid=miss ms=1
2026-09-29 11:34:09.867 I/RagPromptBuilder: Query: 'почему Юпитер называют газовым гигантом' -> ZIM keywords: 'юпитер называют газовым гигантом'
2026-09-29 11:34:10.197 I/GraphWalker: walk: 0 wikilinks in 'Юпитер' (depth=0)
2026-09-29 11:34:10.198 I/GraphWalker: walk seed=Юпитер props=[P6, P1365, P1366, P39, P166, P26, P40, P22, P25, P3373, P50, P175, P800, P184, P802, P57, P58, P162, P36, P159, P127, P112] → 0 nodes
2026-09-29 11:34:10.198 I/RagPromptBuilder: Walker probes (entity='Юпитер', props=22): Юпитер
2026-09-29 11:34:10.220 I/EntityTitleProbe: Title probes (13 lookups): Юпитер(1080), Гигант(1030)
2026-09-29 11:34:10.239 I/ZimSearcher: search('юпитер называют газовым гигантом') estimated=200
2026-09-29 11:34:10.608 I/ZimSearcher: search('называют') estimated=194221
2026-09-29 11:34:10.920 I/RagPromptBuilder: Entity merge 'называют': +20 candidates
2026-09-29 11:34:10.925 I/RagPromptBuilder: RAG: 'почему Юпитер называют газовым гигантом' candidates=42
2026-09-29 11:34:10.926 I/RagPromptBuilder: Top hits: Юпитер(s=1080)[Юпитер] | Гигант(s=1030)[Гигант] | То, что называют любовью(s=98)[То,_что_называют_любовью] | Газовые гиганты(s=100)[Газовые_гиганты] | Моя так называемая жизнь(s=100)[Моя_так_называемая_жизнь]
2026-09-29 11:34:11.409 I/RagPromptBuilder: [PHASE] search=1060ms read=482ms docs=4 ctx=4405
2026-09-29 11:34:11.409 I/RagPromptBuilder: RAG prompt preview (listIntent=false): Тебе даны выдержки из Википедии. Отвечай на их основе. Ответь коротко и по существу: 1–3 предложения, только то, о чём спрашивают. Не пересказывай выдержки, не добавляй посторонние факты и не нумеруй пункты, если вопрос не про перечень. Если вопрос требует сравнения двух и более вещей — до 5 предложений. Если в выдержках совсем нет нужной информации — скажи «не знаю по приведённым выдержкам». Отвечай на русском языке.  === ВЫДЕРЖКИ ИЗ ВИКИ === === Юпитер === Карточка: Перигелий: 7,405736⋅108 км 
2026-09-29 11:34:11.409 I/ChatVM: RAG ctx: 4 articles from 42 candidates
2026-09-29 11:34:11.410 I/ChatVM: Generating: 1 msgs, maxTokens=1600, temp=0.7, noThink=true
2026-09-29 11:43:56.801 I/WikiLLMApp: ADSP_LIBRARY_PATH=/data/app/~~-qdALdx6prm5ESAMK9AbQA==/com.wikillm.android.debug-vbFqpoAaj6KphJqCHTjnvQ==/lib/arm64;/vendor/lib/rfsa/adsp;/vendor/dsp/cdsp;/system/lib/rfsa/adsp
2026-09-29 11:43:56.806 I/WikiLLMApp: ReLinker.loadLibrary(zim) OK
2026-09-29 11:43:56.810 I/WikiLLMApp: ReLinker.loadLibrary(kiwix) OK
2026-09-29 11:43:56.811 I/WikiLLMApp: System.loadLibrary(zim_wrapper) OK
2026-09-29 11:43:56.811 I/WikiLLMApp: System.loadLibrary(kiwix_wrapper) OK
2026-09-29 11:43:57.067 I/ChatVM: Auto-loading last model: Qwen3.5-4B-Q4_0.gguf
2026-09-29 11:43:57.068 I/ChatVM: Loading model: Qwen3.5-4B-Q4_0.gguf (device=auto, mtp=0) (/storage/emulated/0/Android/data/com.wikillm.android.debug/files/models/unsloth/Qwen3.5-4B-GGUF/Qwen3.5-4B-Q4_0.gguf)
2026-09-29 11:43:57.375 I/ZimSearcher: openPath: /storage/emulated/0/Android/data/com.wikillm.android.debug/files/zim/wikipedia_ru_all_nopic_2026-01.zim (14671735099 bytes)
2026-09-29 11:43:57.697 I/ZimSearchHolder: ZimSearchHolder ready: wikipedia_ru_all_nopic_2026-01.zim
2026-09-29 11:44:02.048 I/ChatVM: Model loaded: Qwen3.5-4B-Q4_0.gguf
2026-09-29 11:44:02.871 I/BenchmarkBridge: Benchmark question via intent: почему Юпитер называют газовым гигантом
2026-09-29 11:44:02.874 I/ChatVM: [TURN] begin q=почему Юпитер называют газовым гигантом
2026-09-29 11:44:02.876 I/ChatVM: [PHASE] factoid=miss ms=1
2026-09-29 11:44:02.879 I/RagPromptBuilder: Query: 'почему Юпитер называют газовым гигантом' -> ZIM keywords: 'юпитер называют газовым гигантом'
2026-09-29 11:44:03.217 I/GraphWalker: walk: 0 wikilinks in 'Юпитер' (depth=0)
2026-09-29 11:44:03.217 I/GraphWalker: walk seed=Юпитер props=[P6, P1365, P1366, P39, P166, P26, P40, P22, P25, P3373, P50, P175, P800, P184, P802, P57, P58, P162, P36, P159, P127, P112] → 0 nodes
2026-09-29 11:44:03.217 I/RagPromptBuilder: Walker probes (entity='Юпитер', props=22): Юпитер
2026-09-29 11:44:03.261 I/EntityTitleProbe: Title probes (13 lookups): Юпитер(1080), Гигант(1030)
2026-09-29 11:44:03.326 I/ZimSearcher: search('юпитер называют газовым гигантом') estimated=200
2026-09-29 11:44:03.777 I/ZimSearcher: search('называют') estimated=194221
2026-09-29 11:44:04.139 I/RagPromptBuilder: Entity merge 'называют': +20 candidates
2026-09-29 11:44:04.144 I/RagPromptBuilder: RAG: 'почему Юпитер называют газовым гигантом' candidates=42
2026-09-29 11:44:04.144 I/RagPromptBuilder: Top hits: Юпитер(s=1080)[Юпитер] | Гигант(s=1030)[Гигант] | То, что называют любовью(s=98)[То,_что_называют_любовью] | Газовые гиганты(s=100)[Газовые_гиганты] | Моя так называемая жизнь(s=100)[Моя_так_называемая_жизнь]
2026-09-29 11:44:04.605 I/RagPromptBuilder: [PHASE] search=1266ms read=460ms docs=4 ctx=4405
2026-09-29 11:44:04.605 I/RagPromptBuilder: RAG prompt preview (listIntent=false): Тебе даны выдержки из Википедии. Отвечай на их основе. Ответь коротко и по существу: 1–3 предложения, только то, о чём спрашивают. Не пересказывай выдержки, не добавляй посторонние факты и не нумеруй пункты, если вопрос не про перечень. Если вопрос требует сравнения двух и более вещей — до 5 предложений. Если в выдержках совсем нет нужной информации — скажи «не знаю по приведённым выдержкам». Отвечай на русском языке.  === ВЫДЕРЖКИ ИЗ ВИКИ === === Юпитер === Карточка: Перигелий: 7,405736⋅108 км 
2026-09-29 11:44:04.605 I/ChatVM: RAG ctx: 4 articles from 42 candidates
2026-09-29 11:44:04.606 I/ChatVM: Generating: 1 msgs, maxTokens=1600, temp=0.7, noThink=true
2026-09-29 11:46:06.198 I/ChatVM: Reply (810 chars, 202 tok, 123324ms, prefill 1832tok/14131ms=130t/s, decode 1,9t/s): Юпитер называют газовым гигантом, потому что он представляет собой планету с чрезвычайно значительной долей газа в своём составе, преимущественно из **водорода и гелия**, а также обладает колоссальным
2026-09-29 11:46:06.200 I/ChatVM: [TURN] end path=rag total=123324ms factoid=1ms ptok=1832 gtok=202 prefill=14131ms decode=107438ms chars=810
2026-09-29 11:47:26.874 I/WikiLLMApp: ADSP_LIBRARY_PATH=/data/app/~~TfqosiDFNRMvh7vEA496vw==/com.wikillm.android.debug-4_-8CzpDsDKWdNvBEfUWYw==/lib/arm64;/vendor/lib/rfsa/adsp;/vendor/dsp/cdsp;/system/lib/rfsa/adsp
2026-09-29 11:47:26.875 I/WikiLLMApp: debug env: GGML_HEXAGON_MM_SELECT=1
2026-09-29 11:47:26.879 I/WikiLLMApp: ReLinker.loadLibrary(zim) OK
2026-09-29 11:47:26.883 I/WikiLLMApp: ReLinker.loadLibrary(kiwix) OK
2026-09-29 11:47:26.884 I/WikiLLMApp: System.loadLibrary(zim_wrapper) OK
2026-09-29 11:47:26.885 I/WikiLLMApp: System.loadLibrary(kiwix_wrapper) OK
2026-09-29 11:47:27.133 I/ChatVM: Auto-loading last model: Qwen3.5-4B-Q4_0.gguf
2026-09-29 11:47:27.134 I/ChatVM: Loading model: Qwen3.5-4B-Q4_0.gguf (device=auto, mtp=0) (/storage/emulated/0/Android/data/com.wikillm.android.debug/files/models/unsloth/Qwen3.5-4B-GGUF/Qwen3.5-4B-Q4_0.gguf)
2026-09-29 11:47:27.441 I/ZimSearcher: openPath: /storage/emulated/0/Android/data/com.wikillm.android.debug/files/zim/wikipedia_ru_all_nopic_2026-01.zim (14671735099 bytes)
2026-09-29 11:47:27.737 I/ZimSearchHolder: ZimSearchHolder ready: wikipedia_ru_all_nopic_2026-01.zim
2026-09-29 11:47:33.854 I/ChatVM: Model loaded: Qwen3.5-4B-Q4_0.gguf
2026-09-29 11:47:36.064 I/BenchmarkBridge: Benchmark question via intent: почему Юпитер называют газовым гигантом
2026-09-29 11:47:36.067 I/ChatVM: [TURN] begin q=почему Юпитер называют газовым гигантом
2026-09-29 11:47:36.069 I/ChatVM: [PHASE] factoid=miss ms=1
2026-09-29 11:47:36.072 I/RagPromptBuilder: Query: 'почему Юпитер называют газовым гигантом' -> ZIM keywords: 'юпитер называют газовым гигантом'
2026-09-29 11:47:36.416 I/GraphWalker: walk: 0 wikilinks in 'Юпитер' (depth=0)
2026-09-29 11:47:36.417 I/GraphWalker: walk seed=Юпитер props=[P6, P1365, P1366, P39, P166, P26, P40, P22, P25, P3373, P50, P175, P800, P184, P802, P57, P58, P162, P36, P159, P127, P112] → 0 nodes
2026-09-29 11:47:36.418 I/RagPromptBuilder: Walker probes (entity='Юпитер', props=22): Юпитер
2026-09-29 11:47:36.453 I/EntityTitleProbe: Title probes (13 lookups): Юпитер(1080), Гигант(1030)
2026-09-29 11:47:36.493 I/ZimSearcher: search('юпитер называют газовым гигантом') estimated=200
2026-09-29 11:47:36.895 I/ZimSearcher: search('называют') estimated=194221
2026-09-29 11:47:37.212 I/RagPromptBuilder: Entity merge 'называют': +20 candidates
2026-09-29 11:47:37.217 I/RagPromptBuilder: RAG: 'почему Юпитер называют газовым гигантом' candidates=42
2026-09-29 11:47:37.218 I/RagPromptBuilder: Top hits: Юпитер(s=1080)[Юпитер] | Гигант(s=1030)[Гигант] | То, что называют любовью(s=98)[То,_что_называют_любовью] | Газовые гиганты(s=100)[Газовые_гиганты] | Моя так называемая жизнь(s=100)[Моя_так_называемая_жизнь]
2026-09-29 11:47:37.677 I/RagPromptBuilder: [PHASE] search=1147ms read=458ms docs=4 ctx=4405
2026-09-29 11:47:37.677 I/RagPromptBuilder: RAG prompt preview (listIntent=false): Тебе даны выдержки из Википедии. Отвечай на их основе. Ответь коротко и по существу: 1–3 предложения, только то, о чём спрашивают. Не пересказывай выдержки, не добавляй посторонние факты и не нумеруй пункты, если вопрос не про перечень. Если вопрос требует сравнения двух и более вещей — до 5 предложений. Если в выдержках совсем нет нужной информации — скажи «не знаю по приведённым выдержкам». Отвечай на русском языке.  === ВЫДЕРЖКИ ИЗ ВИКИ === === Юпитер === Карточка: Перигелий: 7,405736⋅108 км 
2026-09-29 11:47:37.678 I/ChatVM: RAG ctx: 4 articles from 42 candidates
2026-09-29 11:47:37.678 I/ChatVM: Generating: 1 msgs, maxTokens=1600, temp=0.7, noThink=true
2026-09-29 11:48:53.982 I/WikiLLMApp: ADSP_LIBRARY_PATH=/data/app/~~5_RKj-qM1-yqfcKKceypiA==/com.wikillm.android.debug-EY5Ynw6n4tjvvCNYC7R33A==/lib/arm64;/vendor/lib/rfsa/adsp;/vendor/dsp/cdsp;/system/lib/rfsa/adsp
2026-09-29 11:48:53.984 I/WikiLLMApp: debug env: GGML_HEXAGON_VERBOSE=1
2026-09-29 11:48:53.988 I/WikiLLMApp: ReLinker.loadLibrary(zim) OK
2026-09-29 11:48:53.992 I/WikiLLMApp: ReLinker.loadLibrary(kiwix) OK
2026-09-29 11:48:53.993 I/WikiLLMApp: System.loadLibrary(zim_wrapper) OK
2026-09-29 11:48:53.994 I/WikiLLMApp: System.loadLibrary(kiwix_wrapper) OK
2026-09-29 11:48:54.271 I/ChatVM: Auto-loading last model: Qwen3.5-4B-Q4_0.gguf
2026-09-29 11:48:54.272 I/ChatVM: Loading model: Qwen3.5-4B-Q4_0.gguf (device=auto, mtp=0) (/storage/emulated/0/Android/data/com.wikillm.android.debug/files/models/unsloth/Qwen3.5-4B-GGUF/Qwen3.5-4B-Q4_0.gguf)
2026-09-29 11:48:54.584 I/ZimSearcher: openPath: /storage/emulated/0/Android/data/com.wikillm.android.debug/files/zim/wikipedia_ru_all_nopic_2026-01.zim (14671735099 bytes)
2026-09-29 11:48:54.896 I/ZimSearchHolder: ZimSearchHolder ready: wikipedia_ru_all_nopic_2026-01.zim
2026-09-29 11:49:01.000 I/ChatVM: Model loaded: Qwen3.5-4B-Q4_0.gguf
2026-09-29 11:49:03.463 I/BenchmarkBridge: Benchmark question via intent: почему Юпитер называют газовым гигантом
2026-09-29 11:49:03.467 I/ChatVM: [TURN] begin q=почему Юпитер называют газовым гигантом
2026-09-29 11:49:03.468 I/ChatVM: [PHASE] factoid=miss ms=1
2026-09-29 11:49:03.471 I/RagPromptBuilder: Query: 'почему Юпитер называют газовым гигантом' -> ZIM keywords: 'юпитер называют газовым гигантом'
2026-09-29 11:49:03.801 I/GraphWalker: walk: 0 wikilinks in 'Юпитер' (depth=0)
2026-09-29 11:49:03.802 I/GraphWalker: walk seed=Юпитер props=[P6, P1365, P1366, P39, P166, P26, P40, P22, P25, P3373, P50, P175, P800, P184, P802, P57, P58, P162, P36, P159, P127, P112] → 0 nodes
2026-09-29 11:49:03.802 I/RagPromptBuilder: Walker probes (entity='Юпитер', props=22): Юпитер
2026-09-29 11:49:03.911 I/EntityTitleProbe: Title probes (13 lookups): Юпитер(1080), Гигант(1030)
2026-09-29 11:49:03.968 I/ZimSearcher: search('юпитер называют газовым гигантом') estimated=200
2026-09-29 11:49:04.393 I/ZimSearcher: search('называют') estimated=194221
2026-09-29 11:49:04.747 I/RagPromptBuilder: Entity merge 'называют': +20 candidates
2026-09-29 11:49:04.752 I/RagPromptBuilder: RAG: 'почему Юпитер называют газовым гигантом' candidates=42
2026-09-29 11:49:04.752 I/RagPromptBuilder: Top hits: Юпитер(s=1080)[Юпитер] | Гигант(s=1030)[Гигант] | То, что называют любовью(s=98)[То,_что_называют_любовью] | Газовые гиганты(s=100)[Газовые_гиганты] | Моя так называемая жизнь(s=100)[Моя_так_называемая_жизнь]
2026-09-29 11:49:05.214 I/RagPromptBuilder: [PHASE] search=1282ms read=461ms docs=4 ctx=4405
2026-09-29 11:49:05.215 I/RagPromptBuilder: RAG prompt preview (listIntent=false): Тебе даны выдержки из Википедии. Отвечай на их основе. Ответь коротко и по существу: 1–3 предложения, только то, о чём спрашивают. Не пересказывай выдержки, не добавляй посторонние факты и не нумеруй пункты, если вопрос не про перечень. Если вопрос требует сравнения двух и более вещей — до 5 предложений. Если в выдержках совсем нет нужной информации — скажи «не знаю по приведённым выдержкам». Отвечай на русском языке.  === ВЫДЕРЖКИ ИЗ ВИКИ === === Юпитер === Карточка: Перигелий: 7,405736⋅108 км 
2026-09-29 11:49:05.215 I/ChatVM: RAG ctx: 4 articles from 42 candidates
2026-09-29 11:49:05.215 I/ChatVM: Generating: 1 msgs, maxTokens=1600, temp=0.7, noThink=true
2026-09-29 11:49:24.030 I/WikiLLMApp: ADSP_LIBRARY_PATH=/data/app/~~wZt5TEZc4TrXZwXNn6rlQQ==/com.wikillm.android.debug-qbqd04rZ1s2WS3DJHhC3Yg==/lib/arm64;/vendor/lib/rfsa/adsp;/vendor/dsp/cdsp;/system/lib/rfsa/adsp
2026-09-29 11:49:24.035 I/WikiLLMApp: ReLinker.loadLibrary(zim) OK
2026-09-29 11:49:24.039 I/WikiLLMApp: ReLinker.loadLibrary(kiwix) OK
2026-09-29 11:49:24.040 I/WikiLLMApp: System.loadLibrary(zim_wrapper) OK
2026-09-29 11:49:24.041 I/WikiLLMApp: System.loadLibrary(kiwix_wrapper) OK
2026-09-29 11:49:24.320 I/ChatVM: Auto-loading last model: Qwen3.5-4B-Q4_0.gguf
2026-09-29 11:49:24.321 I/ChatVM: Loading model: Qwen3.5-4B-Q4_0.gguf (device=auto, mtp=0) (/storage/emulated/0/Android/data/com.wikillm.android.debug/files/models/unsloth/Qwen3.5-4B-GGUF/Qwen3.5-4B-Q4_0.gguf)
2026-09-29 11:49:24.641 I/ZimSearcher: openPath: /storage/emulated/0/Android/data/com.wikillm.android.debug/files/zim/wikipedia_ru_all_nopic_2026-01.zim (14671735099 bytes)
2026-09-29 11:49:24.937 I/ZimSearchHolder: ZimSearchHolder ready: wikipedia_ru_all_nopic_2026-01.zim
2026-09-29 11:49:29.063 I/ChatVM: Model loaded: Qwen3.5-4B-Q4_0.gguf
2026-09-29 11:49:33.087 I/BenchmarkBridge: Benchmark question via intent: почему Юпитер называют газовым гигантом
2026-09-29 11:49:33.091 I/ChatVM: [TURN] begin q=почему Юпитер называют газовым гигантом
2026-09-29 11:49:33.093 I/ChatVM: [PHASE] factoid=miss ms=1
2026-09-29 11:49:33.096 I/RagPromptBuilder: Query: 'почему Юпитер называют газовым гигантом' -> ZIM keywords: 'юпитер называют газовым гигантом'
2026-09-29 11:49:33.422 I/GraphWalker: walk: 0 wikilinks in 'Юпитер' (depth=0)
2026-09-29 11:49:33.422 I/GraphWalker: walk seed=Юпитер props=[P6, P1365, P1366, P39, P166, P26, P40, P22, P25, P3373, P50, P175, P800, P184, P802, P57, P58, P162, P36, P159, P127, P112] → 0 nodes
2026-09-29 11:49:33.423 I/RagPromptBuilder: Walker probes (entity='Юпитер', props=22): Юпитер
2026-09-29 11:49:33.467 I/EntityTitleProbe: Title probes (13 lookups): Юпитер(1080), Гигант(1030)
2026-09-29 11:49:33.536 I/ZimSearcher: search('юпитер называют газовым гигантом') estimated=200
2026-09-29 11:49:33.985 I/ZimSearcher: search('называют') estimated=194221
2026-09-29 11:49:34.328 I/RagPromptBuilder: Entity merge 'называют': +20 candidates
2026-09-29 11:49:34.333 I/RagPromptBuilder: RAG: 'почему Юпитер называют газовым гигантом' candidates=42
2026-09-29 11:49:34.333 I/RagPromptBuilder: Top hits: Юпитер(s=1080)[Юпитер] | Гигант(s=1030)[Гигант] | То, что называют любовью(s=98)[То,_что_называют_любовью] | Газовые гиганты(s=100)[Газовые_гиганты] | Моя так называемая жизнь(s=100)[Моя_так_называемая_жизнь]
2026-09-29 11:49:34.789 I/RagPromptBuilder: [PHASE] search=1238ms read=455ms docs=4 ctx=4405
2026-09-29 11:49:34.790 I/RagPromptBuilder: RAG prompt preview (listIntent=false): Тебе даны выдержки из Википедии. Отвечай на их основе. Ответь коротко и по существу: 1–3 предложения, только то, о чём спрашивают. Не пересказывай выдержки, не добавляй посторонние факты и не нумеруй пункты, если вопрос не про перечень. Если вопрос требует сравнения двух и более вещей — до 5 предложений. Если в выдержках совсем нет нужной информации — скажи «не знаю по приведённым выдержкам». Отвечай на русском языке.  === ВЫДЕРЖКИ ИЗ ВИКИ === === Юпитер === Карточка: Перигелий: 7,405736⋅108 км 
2026-09-29 11:49:34.790 I/ChatVM: RAG ctx: 4 articles from 42 candidates
2026-09-29 11:49:34.790 I/ChatVM: Generating: 1 msgs, maxTokens=1600, temp=0.7, noThink=true
2026-09-29 11:50:56.476 I/ChatVM: Reply (515 chars, 130 tok, 83386ms, prefill 1832tok/13969ms=131t/s, decode 1,9t/s): Юпитер называют **газовым гигантом**, потому что он является планетой в Солнечной системе, состав которой преобладает газы, а именно водород и гелий. Именно эта химическая природа отличает его от твер
2026-09-29 11:50:56.478 I/ChatVM: [TURN] end path=rag total=83386ms factoid=1ms ptok=1832 gtok=130 prefill=13969ms decode=67693ms chars=515
2026-09-29 11:50:56.853 I/BenchmarkBridge: Benchmark question via intent: из чего состоит атмосфера Марса
2026-09-29 11:50:56.855 I/ChatVM: [TURN] begin q=из чего состоит атмосфера Марса
2026-09-29 11:50:56.857 I/ChatVM: [PHASE] factoid=miss ms=1
2026-09-29 11:50:56.859 I/RagPromptBuilder: Query: 'из чего состоит атмосфера Марса' -> ZIM keywords: 'чего состоит атмосфера марса'
2026-09-29 11:50:56.905 I/GraphWalker: walk: 0 wikilinks in 'Марса' (depth=0)
2026-09-29 11:50:56.906 I/GraphWalker: walk seed=Марса props=[P6, P1365, P1366, P39, P166, P26, P40, P22, P25, P3373, P50, P175, P800, P184, P802, P57, P58, P162, P36, P159, P127, P112] → 0 nodes
2026-09-29 11:50:56.907 I/RagPromptBuilder: Walker probes (entity='Марса', props=22): Марса
2026-09-29 11:50:56.942 I/EntityTitleProbe: Title probes (10 lookups): Марса(1080), Марс(1080), Атмосфера Марса(900)
2026-09-29 11:50:56.952 I/EntityTitleProbe: Top tie at 1080: Марс=658430, Марса=7479
2026-09-29 11:50:56.954 I/EntityTitleProbe: Redundant probes: Марса
2026-09-29 11:50:56.977 I/ZimSearcher: search('чего состоит атмосфера марса') estimated=300
2026-09-29 11:50:57.540 I/ZimSearcher: search('атмосфера') estimated=21862
2026-09-29 11:50:58.031 I/RagPromptBuilder: Entity merge 'атмосфера': +19 candidates
2026-09-29 11:50:58.039 I/RagPromptBuilder: RAG: 'из чего состоит атмосфера Марса' candidates=40
2026-09-29 11:50:58.039 I/RagPromptBuilder: Top hits: Марс(s=1085)[Марс] | Марса(s=900)[Марса] | Атмосфера Марса(s=900)[Атмосфера_Марса] | Атмосфера(s=100)[Атмосфера] | Атмосфера Земли(s=99)[Атмосфера_Земли]
2026-09-29 11:50:58.608 I/RagPromptBuilder: [PHASE] search=1181ms read=568ms docs=4 ctx=4482
2026-09-29 11:50:58.609 I/RagPromptBuilder: RAG prompt preview (listIntent=false): Тебе даны выдержки из Википедии. Отвечай на их основе. Ответь коротко и по существу: 1–3 предложения, только то, о чём спрашивают. Не пересказывай выдержки, не добавляй посторонние факты и не нумеруй пункты, если вопрос не про перечень. Если вопрос требует сравнения двух и более вещей — до 5 предложений. Если в выдержках совсем нет нужной информации — скажи «не знаю по приведённым выдержкам». Отвечай на русском языке.  === ВЫДЕРЖКИ ИЗ ВИКИ === === Марс === Карточка: Другие названия: Красная план
2026-09-29 11:50:58.609 I/ChatVM: RAG ctx: 4 articles from 40 candidates
2026-09-29 11:50:58.610 I/ChatVM: Generating: 3 msgs, maxTokens=1600, temp=0.7, noThink=true
2026-09-29 11:52:04.368 I/ChatVM: Reply (331 chars, 100 tok, 67512ms, prefill 1960tok/16099ms=122t/s, decode 2,0t/s): Атмосфера Марса состоит преимущественно из углекислого газа (95,32%), с меньшими долями азота (2,7%) и аргона (1,6%). В её составе также присутствуют кислород, водяной пар, оксиды азота, неон и другие
2026-09-29 11:52:04.369 I/ChatVM: [TURN] end path=rag total=67512ms factoid=1ms ptok=1960 gtok=100 prefill=16099ms decode=49635ms chars=331
2026-09-29 11:52:05.341 I/BenchmarkBridge: Benchmark question via intent: кто открыл пенициллин
2026-09-29 11:52:05.344 I/ChatVM: [TURN] begin q=кто открыл пенициллин
2026-09-29 11:52:05.347 I/ChatVM: [PHASE] factoid=miss ms=1
2026-09-29 11:52:05.350 I/ChatVM: Coreference: 'кто открыл пенициллин' + topic 'чего состоит атмосфера марса'
2026-09-29 11:52:05.351 I/RagPromptBuilder: Query: 'кто открыл пенициллин чего состоит атмосфера марса' -> ZIM keywords: 'открыл пенициллин чего состоит атмосфера марса'
2026-09-29 11:52:05.417 I/EntityTitleProbe: Title probes (18 lookups): Бензилпенициллин(1020), Марса(1030), Марс(1030)
2026-09-29 11:52:05.423 I/EntityTitleProbe: Top tie at 1030: Марс=658430, Марса=7479
2026-09-29 11:52:05.424 I/EntityTitleProbe: Redundant probes: Марса
2026-09-29 11:52:05.431 I/ZimSearcher: search('открыл пенициллин чего состоит атмосфера марса') estimated=0
2026-09-29 11:52:05.443 I/ZimSearcher: search('пенициллин') estimated=589
2026-09-29 11:52:05.714 I/RagPromptBuilder: Entity merge 'пенициллин': +19 candidates
2026-09-29 11:52:05.718 I/RagPromptBuilder: RAG: 'кто открыл пенициллин чего состоит атмосфера марса' candidates=21
2026-09-29 11:52:05.719 I/RagPromptBuilder: Top hits: Марс(s=1035)[Марс] | Бензилпенициллин(s=1020)[Бензилпенициллин] | Пенициллины(s=100)[Пенициллины] | Пенициллин (комплекс артразведки)(s=99)[Пенициллин_(комплекс_артразведки)] | Пенициллин (значения)(s=95)[Пенициллин_(значения)]
2026-09-29 11:52:06.191 I/RagPromptBuilder: [PHASE] search=369ms read=470ms docs=4 ctx=4544
2026-09-29 11:52:06.192 I/RagPromptBuilder: RAG prompt preview (listIntent=false): Тебе даны выдержки из Википедии. Отвечай на их основе. Ответь коротко и по существу: 1–3 предложения, только то, о чём спрашивают. Не пересказывай выдержки, не добавляй посторонние факты и не нумеруй пункты, если вопрос не про перечень. Если вопрос требует сравнения двух и более вещей — до 5 предложений. Если в выдержках совсем нет нужной информации — скажи «не знаю по приведённым выдержкам». Отвечай на русском языке.  === ВЫДЕРЖКИ ИЗ ВИКИ === === Марс === Карточка: Другие названия: Красная план
2026-09-29 11:52:06.199 I/ChatVM: RAG ctx: 4 articles from 21 candidates
2026-09-29 11:52:06.199 I/ChatVM: Generating: 5 msgs, maxTokens=1600, temp=0.7, noThink=true
2026-09-29 11:53:28.723 I/ChatVM: Reply (451 chars, 120 tok, 83379ms, prefill 2261tok/19601ms=115t/s, decode 1,9t/s): Пенициллин открыл Александр Флеминг в 1928 году, а атмосфера Марса состоит преимущественно из углекислого газа (около 95%), с меньшими долями азота и аргона. Эти два факта получены исключительно на ос
2026-09-29 11:53:28.724 I/ChatVM: [TURN] end path=rag total=83379ms factoid=1ms ptok=2261 gtok=120 prefill=19601ms decode=62891ms chars=451
2026-09-29 11:53:29.189 I/BenchmarkBridge: Benchmark question via intent: что такое фотосинтез
2026-09-29 11:53:29.191 I/ChatVM: [TURN] begin q=что такое фотосинтез
2026-09-29 11:53:29.192 I/ChatVM: [PHASE] factoid=miss ms=1
2026-09-29 11:53:29.195 I/ChatVM: Coreference: 'что такое фотосинтез' + topic 'открыл пенициллин'
2026-09-29 11:53:29.196 I/RagPromptBuilder: Query: 'что такое фотосинтез открыл пенициллин' -> ZIM keywords: 'такое фотосинтез открыл пенициллин'
2026-09-29 11:53:29.241 I/EntityTitleProbe: Title probes (5 lookups): Фотосинтез(1030), Бензилпенициллин(1020)
2026-09-29 11:53:29.249 I/ZimSearcher: search('такое фотосинтез открыл пенициллин') estimated=2
2026-09-29 11:53:29.389 I/ZimSearcher: search('фотосинтез') estimated=965
2026-09-29 11:53:29.710 I/RagPromptBuilder: Entity merge 'фотосинтез': +19 candidates
2026-09-29 11:53:29.715 I/RagPromptBuilder: RAG: 'что такое фотосинтез открыл пенициллин' candidates=23
2026-09-29 11:53:29.716 I/RagPromptBuilder: Top hits: Фотосинтез(s=1030)[Фотосинтез] | Бензилпенициллин(s=1020)[Бензилпенициллин] | C4-фотосинтез(s=99)[C4-фотосинтез] | CAM-фотосинтез(s=99)[CAM-фотосинтез] | Эволюция фотосинтеза(s=99)[Эволюция_фотосинтеза]
2026-09-29 11:53:30.102 I/RagPromptBuilder: [PHASE] search=521ms read=385ms docs=4 ctx=4432
2026-09-29 11:53:30.103 I/RagPromptBuilder: RAG prompt preview (listIntent=false): Тебе даны выдержки из Википедии. Отвечай на их основе. Ответь коротко и по существу: 1–3 предложения, только то, о чём спрашивают. Не пересказывай выдержки, не добавляй посторонние факты и не нумеруй пункты, если вопрос не про перечень. Если вопрос требует сравнения двух и более вещей — до 5 предложений. Если в выдержках совсем нет нужной информации — скажи «не знаю по приведённым выдержкам». Отвечай на русском языке.  === ВЫДЕРЖКИ ИЗ ВИКИ === === Фотосинтез === Фотосинтез Фотоси́нтез (от др.-гр
2026-09-29 11:53:30.104 I/ChatVM: RAG ctx: 4 articles from 23 candidates
2026-09-29 11:53:30.104 I/ChatVM: Generating: 7 msgs, maxTokens=1600, temp=0.7, noThink=true
2026-09-29 11:55:05.517 I/ChatVM: Reply (520 chars, 146 tok, 96326ms, prefill 2089tok/19279ms=108t/s, decode 1,9t/s): Пенициллин не открыл фотосинтез — это два разных явления, хотя пенициллины могут влиять на процессы размножения цианобактерий и мхов. Фотосинтез как сложный химический процесс был изучен учеными (напр
2026-09-29 11:55:05.519 I/ChatVM: [TURN] end path=rag total=96326ms factoid=1ms ptok=2089 gtok=146 prefill=19279ms decode=76108ms chars=520
2026-09-29 11:55:06.276 I/BenchmarkBridge: Benchmark question via intent: когда началась Вторая мировая война
2026-09-29 11:55:06.279 I/ChatVM: [TURN] begin q=когда началась Вторая мировая война
2026-09-29 11:55:06.280 I/FactoidAnswerer: Factoid candidate: label='(by card label)' entity='Вторая'
2026-09-29 11:55:06.381 I/EntityTitleProbe: Title probes (22 lookups): Вторая мировая война(1120), Вторая(1080), Мировая война(1050), Война(1030)
2026-09-29 11:55:06.383 I/EntityTitleProbe: Redundant probes: Вторая, Война
2026-09-29 11:55:08.964 I/ZimSearcher: suggestTitles('Вторая'): Вторая, Вторая Академия, Вторая Александровка, Вторая Алексеевка, Вторая Алия, Вторая Армения, Вторая Багажиашта, Вторая Бугульда, Вторая Бундеслига, Вторая Васильевка, Вторая Вилашка, Вторая Глушковская, Вторая Горка, Вторая Григорьевка, Вторая Грязучая, Вторая Дудинская, Вторая Едома, Вторая Ивановка, Вторая Ивань, Вторая Интифада, Вторая Каменка, Вторая Ключевская, Вторая Кошка, Вторая Кривка, Вторая Крутая, Вторая Куликовка, Вторая Культура, Вторая Лака, Вторая Леденгская, Вторая Луна, Вторая Малая, Вторая Медяна
2026-09-29 11:55:08.968 I/FactoidAnswerer: Factoid candidates: Вторая, Вторая мировая война, Мировая война
2026-09-29 11:55:08.981 I/FactoidAnswerer: Factoid: 'Вторая' has no infobox — next candidate
2026-09-29 11:55:09.105 I/FactoidAnswerer: Factoid: no label covers [начала, мирова, война] in [Дата, Место, Причина, Итог]
2026-09-29 11:55:09.106 I/FactoidAnswerer: Factoid: 'Вторая мировая война' card has no matching field — next candidate
2026-09-29 11:55:09.123 I/FactoidAnswerer: Factoid: 'Мировая война' has no infobox — next candidate
2026-09-29 11:55:09.124 I/FactoidAnswerer: Factoid: no candidate carried the field — falling back to RAG
2026-09-29 11:55:09.124 I/ChatVM: [PHASE] factoid=miss ms=2845
2026-09-29 11:55:09.125 I/RagPromptBuilder: Query: 'когда началась Вторая мировая война' -> ZIM keywords: 'началась вторая мировая война'
2026-09-29 11:55:09.129 I/GraphWalker: walk: 0 wikilinks in 'Вторая' (depth=0)
2026-09-29 11:55:09.129 I/GraphWalker: walk seed=Вторая props=[P6, P1365, P1366, P39, P166, P26, P40, P22, P25, P3373, P50, P175, P800, P184, P802, P57, P58, P162, P36, P159, P127, P112] → 0 nodes
2026-09-29 11:55:09.130 I/RagPromptBuilder: Walker probes (entity='Вторая', props=22): Вторая
2026-09-29 11:55:09.147 I/EntityTitleProbe: Title probes (22 lookups): Вторая мировая война(1120), Вторая(1080), Мировая война(1050), Война(1030)
2026-09-29 11:55:09.150 I/EntityTitleProbe: Redundant probes: Вторая, Война
2026-09-29 11:55:09.310 I/ZimSearcher: search('началась вторая мировая война') estimated=20000
2026-09-29 11:55:10.555 I/ZimSearcher: search('началась') estimated=467255
2026-09-29 11:55:11.688 I/RagPromptBuilder: Entity merge 'началась': +20 candidates
2026-09-29 11:55:11.696 I/RagPromptBuilder: RAG: 'когда началась Вторая мировая война' candidates=41
2026-09-29 11:55:11.697 I/RagPromptBuilder: Top hits: Вторая мировая война(s=1120)[Вторая_мировая_война] | Мировая война(s=1050)[Мировая_война] | Вторая(s=900)[Вторая] | Вторая мировая война на море(s=98)[Вторая_мировая_война_на_море] | Вторая мировая война (серия книг)(s=95)[Вторая_мировая_война_(серия_книг)]
2026-09-29 11:55:12.094 I/RagPromptBuilder: [PHASE] search=2572ms read=396ms docs=4 ctx=4313
2026-09-29 11:55:12.095 I/RagPromptBuilder: RAG prompt preview (listIntent=false): Тебе даны выдержки из Википедии. Отвечай на их основе. Ответь коротко и по существу: 1–3 предложения, только то, о чём спрашивают. Не пересказывай выдержки, не добавляй посторонние факты и не нумеруй пункты, если вопрос не про перечень. Если вопрос требует сравнения двух и более вещей — до 5 предложений. Если в выдержках совсем нет нужной информации — скажи «не знаю по приведённым выдержкам». Отвечай на русском языке.  === ВЫДЕРЖКИ ИЗ ВИКИ === === Вторая мировая война === Карточка: Дата: 1 сентя
2026-09-29 11:55:12.095 I/ChatVM: RAG ctx: 4 articles from 41 candidates
2026-09-29 11:55:12.095 I/ChatVM: Generating: 7 msgs, maxTokens=1600, temp=0.7, noThink=true
2026-09-29 11:56:14.045 I/ChatVM: Reply (314 chars, 87 tok, 67766ms, prefill 1912tok/17086ms=112t/s, decode 1,9t/s): Вторая мировая война началась 1 сентября 1939 года, когда нацистская Германия вторглась в Польшу. Этот день считается официальным началом конфликта между двумя мировыми военно-политическими коалициями
2026-09-29 11:56:14.047 I/ChatVM: [TURN] end path=rag total=67766ms factoid=2845ms ptok=1912 gtok=87 prefill=17086ms decode=44837ms chars=314
2026-09-29 11:56:14.737 I/BenchmarkBridge: Benchmark question via intent: чем знаменит Большое красное пятно
2026-09-29 11:56:14.740 I/ChatVM: [TURN] begin q=чем знаменит Большое красное пятно
2026-09-29 11:56:14.741 I/ChatVM: [PHASE] factoid=miss ms=0
2026-09-29 11:56:14.743 I/RagPromptBuilder: Query: 'чем знаменит Большое красное пятно' -> ZIM keywords: 'чем знаменит большое красное пятно'
2026-09-29 11:56:14.788 I/GraphWalker: walk: 0 wikilinks in 'Большое' (depth=0)
2026-09-29 11:56:14.789 I/GraphWalker: walk seed=Большое props=[P6, P1365, P1366, P39, P166, P26, P40, P22, P25, P3373, P50, P175, P800, P184, P802, P57, P58, P162, P36, P159, P127, P112] → 0 nodes
2026-09-29 11:56:14.789 I/RagPromptBuilder: Walker probes (entity='Большое', props=22): Большое
2026-09-29 11:56:14.857 I/EntityTitleProbe: Title probes (28 lookups): Большое красное пятно(1120), Большое(1080), Красное(1030), Красно(1030), Пятно(1030)
2026-09-29 11:56:14.860 I/EntityTitleProbe: Redundant probes: Большое, Красное, Красно, Пятно
2026-09-29 11:56:14.901 I/ZimSearcher: search('чем знаменит большое красное пятно') estimated=200
2026-09-29 11:56:15.589 I/ZimSearcher: search('знаменит') estimated=51485
2026-09-29 11:56:16.089 I/RagPromptBuilder: Entity merge 'знаменит': +20 candidates
2026-09-29 11:56:16.100 I/RagPromptBuilder: RAG: 'чем знаменит Большое красное пятно' candidates=42
2026-09-29 11:56:16.100 I/RagPromptBuilder: Top hits: Большое красное пятно(s=1120)[Большое_красное_пятно] | Большое(s=900)[Большое] | Я почти знаменит(s=99)[Я_почти_знаменит] | Красочная жизнь(s=100)[Красочная_жизнь] | Храм иконы Божией Матери «Знамение»(s=100)[Храм_иконы_Божией_Матери_«Знамение»]
2026-09-29 11:56:16.234 I/RagPromptBuilder: [PHASE] search=1358ms read=132ms docs=4 ctx=4549
2026-09-29 11:56:16.234 I/RagPromptBuilder: RAG prompt preview (listIntent=false): Тебе даны выдержки из Википедии. Отвечай на их основе. Ответь коротко и по существу: 1–3 предложения, только то, о чём спрашивают. Не пересказывай выдержки, не добавляй посторонние факты и не нумеруй пункты, если вопрос не про перечень. Если вопрос требует сравнения двух и более вещей — до 5 предложений. Если в выдержках совсем нет нужной информации — скажи «не знаю по приведённым выдержкам». Отвечай на русском языке.  === ВЫДЕРЖКИ ИЗ ВИКИ === === Большое красное пятно === Большое красное пятно 
2026-09-29 11:56:16.235 I/ChatVM: RAG ctx: 4 articles from 42 candidates
2026-09-29 11:56:16.235 I/ChatVM: Generating: 7 msgs, maxTokens=1600, temp=0.7, noThink=true
2026-09-29 11:57:28.737 I/ChatVM: Reply (398 chars, 101 tok, 73998ms, prefill 2083tok/19408ms=107t/s, decode 1,9t/s): Большое красное пятно знаменито как самый большой атмосферный вихрь и зона высокого давления, существующий на планете Юпитер уже несколько веков. Это постоянный шторм с противочасовой циркуляцией газа
2026-09-29 11:57:28.738 I/ChatVM: [TURN] end path=rag total=73998ms factoid=0ms ptok=2083 gtok=101 prefill=19408ms decode=53059ms chars=398
2026-09-29 11:57:29.386 I/BenchmarkBridge: Benchmark question via intent: что производит АвтоВАЗ
2026-09-29 11:57:29.389 I/ChatVM: [TURN] begin q=что производит АвтоВАЗ
2026-09-29 11:57:29.391 I/FactoidAnswerer: Factoid candidate: label='(by card label)' entity='АвтоВАЗ'
2026-09-29 11:57:29.439 I/EntityTitleProbe: Title probes (2 lookups): АвтоВАЗ(1080)
2026-09-29 11:57:29.512 I/ZimSearcher: suggestTitles('АвтоВАЗ'): АВТОВАЗ, GM-АВТОВАЗ, Национальная гоночная серия "АВТОВАЗ", Технический музей ОАО "АвтоВАЗ", Эм-АВТОВАЗ Шевроле Вива, Джи Эм-АВТОВАЗ Шевроле Нива, Здание генеральной дирекции АВТОВАЗа, АВТОВАЗБАНК, АвтоВАЗагрегат
2026-09-29 11:57:29.514 I/FactoidAnswerer: Factoid candidates: АвтоВАЗ
2026-09-29 11:57:29.578 I/FactoidAnswerer: Factoid: no label covers [произв] in [Основан, Штаб-квартира, Тип, Листинг на бирже, Дата основания, Прежние названия, Основатели, Расположение, Ключевые фигуры, Отрасль, Продукция, Операционная прибыль, Чистая прибыль, Материнская компания, Дочерние компании]
2026-09-29 11:57:29.579 I/FactoidAnswerer: Factoid: 'АвтоВАЗ' card has no matching field — next candidate
2026-09-29 11:57:29.579 I/FactoidAnswerer: Factoid: no candidate carried the field — falling back to RAG
2026-09-29 11:57:29.579 I/ChatVM: [PHASE] factoid=miss ms=189
2026-09-29 11:57:29.580 I/RagPromptBuilder: Query: 'что производит АвтоВАЗ' -> ZIM keywords: 'производит автоваз'
2026-09-29 11:57:29.908 I/GraphWalker: walk seed=АвтоВАЗ props=[P6, P1365, P1366, P39, P166, P26, P40, P22, P25, P3373, P50, P175, P800, P184, P802, P57, P58, P162, P36, P159, P127, P112] → 6 nodes
2026-09-29 11:57:29.909 I/RagPromptBuilder: Walker probes (entity='АвтоВАЗ', props=22): АвтоВАЗ, Россия, Тольятти, ЦК КПСС, Совет министров СССР, Москва, Илья Геннадьевич Сухих
2026-09-29 11:57:29.913 I/EntityTitleProbe: Title probes (2 lookups): АвтоВАЗ(1080)
2026-09-29 11:57:29.927 I/ZimSearcher: search('производит автоваз') estimated=300
2026-09-29 11:57:30.465 I/ZimSearcher: search('производит') estimated=56978
2026-09-29 11:57:31.058 I/RagPromptBuilder: Entity merge 'производит': +20 candidates
2026-09-29 11:57:31.064 I/RagPromptBuilder: RAG: 'что производит АвтоВАЗ' candidates=46
2026-09-29 11:57:31.064 I/RagPromptBuilder: Top hits: АвтоВАЗ(s=1080)[АвтоВАЗ] | Россия(s=899)[Россия] | Тольятти(s=899)[Тольятти] | ЦК КПСС(s=899)[ЦК_КПСС] | Совет министров СССР(s=899)[Совет_министров_СССР]
2026-09-29 11:57:32.060 I/RagPromptBuilder: [PHASE] search=1485ms read=994ms docs=3 ctx=4806
2026-09-29 11:57:32.060 I/RagPromptBuilder: RAG prompt preview (listIntent=false): Тебе даны выдержки из Википедии. Отвечай на их основе. Ответь коротко и по существу: 1–3 предложения, только то, о чём спрашивают. Не пересказывай выдержки, не добавляй посторонние факты и не нумеруй пункты, если вопрос не про перечень. Если вопрос требует сравнения двух и более вещей — до 5 предложений. Если в выдержках совсем нет нужной информации — скажи «не знаю по приведённым выдержкам». Отвечай на русском языке.  === ВЫДЕРЖКИ ИЗ ВИКИ === === АвтоВАЗ === Карточка: Основан: 20 июля 1966 (196
2026-09-29 11:57:32.061 I/ChatVM: RAG ctx: 3 articles from 46 candidates
2026-09-29 11:57:32.061 I/ChatVM: Generating: 7 msgs, maxTokens=1600, temp=0.7, noThink=true
2026-09-29 11:58:32.745 I/ChatVM: Reply (340 chars, 78 tok, 63355ms, prefill 2257tok/20678ms=109t/s, decode 2,0t/s): АвтоВАЗ производит легковые автомобили и лёгкие коммерческие машины под торговой маркой **Lada**. Ранее до марта 2022 года завод также выпускал модели от брендов Nissan, Renault и Datsun. С того же мо
2026-09-29 11:58:32.747 I/ChatVM: [TURN] end path=rag total=63355ms factoid=189ms ptok=2257 gtok=78 prefill=20678ms decode=39980ms chars=340
2026-09-29 11:58:33.791 I/BenchmarkBridge: Benchmark question via intent: какой автозавод расположен в Тольятти
2026-09-29 11:58:33.794 I/ChatVM: [TURN] begin q=какой автозавод расположен в Тольятти
2026-09-29 11:58:33.796 I/FactoidAnswerer: Factoid candidate: label='(by card label)' entity='Тольятти'
2026-09-29 11:58:33.861 I/EntityTitleProbe: Title probes (10 lookups): Тольятти(1080), Автомобильная промышленность(1020)
2026-09-29 11:58:34.224 I/ZimSearcher: suggestTitles('Тольятти'): Тольятти, Тольятти 24, Тольятти (История), Тольятти (аэродром), Тольятти (значения), Тольятти (станция), Тольятти П., Тольятти сегодня, Тольятти, Эудженио, Тольятти (речной порт), Тольятти (футбольный клуб), Тольятти (особая экономическая зона), Тольятти (территория опережающего развития), Академия Тольятти, Вузы Тольятти, Герб Тольятти, Гимн Тольятти, Градоначальники Тольятти, Дума Тольятти, Лада (Тольятти), Лада-Тольятти, Медгородок Тольятти, Набережная Тольятти, Памятники Тольятти, Поверхность Тольятти, Портпосёлок (Тольятти), Районы Тольятти, СИБУР Тольятти, Спорт Тольятти, Троллейбус Тольятти, Улицы Тольятти, Флаг Тольятти
2026-09-29 11:58:34.228 I/FactoidAnswerer: Factoid candidates: Тольятти, Автомобильная промышленность
2026-09-29 11:58:34.323 I/FactoidAnswerer: Factoid: no label covers [автоза, распол] in [Глава/мэр, Население, Площадь, Основан, Страна, Часовой пояс, Субъект Федерации, Городской округ, Внутреннее деление, Глава городского округа, Прежние названия, Город с, Высота центра, Тип климата, Плотность, Агломерация, Население агломерации, Национальности, Конфессии, Название жителей, Официальный язык, День города]
2026-09-29 11:58:34.324 I/FactoidAnswerer: Factoid: 'Тольятти' card has no matching field — next candidate
2026-09-29 11:58:34.351 I/FactoidAnswerer: Factoid: 'Автомобильная промышленность' has no infobox — next candidate
2026-09-29 11:58:34.352 I/FactoidAnswerer: Factoid: no candidate carried the field — falling back to RAG
2026-09-29 11:58:34.352 I/ChatVM: [PHASE] factoid=miss ms=557
2026-09-29 11:58:34.353 I/RagPromptBuilder: Query: 'какой автозавод расположен в Тольятти' -> ZIM keywords: 'автозавод расположен тольятти'
2026-09-29 11:58:34.514 I/GraphWalker: walk: 0 wikilinks in 'Заслуженный_врач_Российской_Федерации' (depth=3)
2026-09-29 11:58:34.527 I/GraphWalker: walk seed=Тольятти props=[P6, P1365, P1366, P39, P166, P26, P40, P22, P25, P3373, P50, P175, P800, P184, P802, P57, P58, P162, P36, P159, P127, P112] → 5 nodes
2026-09-29 11:58:34.528 I/RagPromptBuilder: Walker probes (entity='Тольятти', props=22): Тольятти, Илья Геннадьевич Сухих, Николай Ренц, Заслуженный врач Российской Федерации, Сергей Анташев, Сергей Андреев
2026-09-29 11:58:34.536 I/EntityTitleProbe: Title probes (10 lookups): Тольятти(1080), Автомобильная промышленность(1020)
2026-09-29 11:58:34.550 I/ZimSearcher: search('автозавод расположен тольятти') estimated=40
2026-09-29 11:58:35.681 I/ZimSearcher: search('расположен') estimated=249807
2026-09-29 11:58:36.164 I/RagPromptBuilder: Entity merge 'расположен': +20 candidates
2026-09-29 11:58:36.171 I/RagPromptBuilder: RAG: 'какой автозавод расположен в Тольятти' candidates=46
2026-09-29 11:58:36.172 I/RagPromptBuilder: Top hits: Тольятти(s=1080)[Тольятти] | Автомобильная промышленность(s=1020)[Автомобильная_промышленность] | Илья Геннадьевич Сухих(s=899)[Сухих,_Илья_Геннадьевич] | Николай Ренц(s=898)[Ренц,_Николай_Альфредович] | Сергей Анташев(s=897)[Анташев,_Сергей_Александрович]
2026-09-29 11:58:36.554 I/RagPromptBuilder: [PHASE] search=1820ms read=380ms docs=4 ctx=5094
2026-09-29 11:58:36.555 I/RagPromptBuilder: RAG prompt preview (listIntent=false): Тебе даны выдержки из Википедии. Отвечай на их основе. Ответь коротко и по существу: 1–3 предложения, только то, о чём спрашивают. Не пересказывай выдержки, не добавляй посторонние факты и не нумеруй пункты, если вопрос не про перечень. Если вопрос требует сравнения двух и более вещей — до 5 предложений. Если в выдержках совсем нет нужной информации — скажи «не знаю по приведённым выдержкам». Отвечай на русском языке.  === ВЫДЕРЖКИ ИЗ ВИКИ === === Тольятти === Карточка: Глава/мэр: Илья Геннадьев
2026-09-29 11:58:36.555 I/ChatVM: RAG ctx: 4 articles from 46 candidates
2026-09-29 11:58:36.555 I/ChatVM: Generating: 7 msgs, maxTokens=1600, temp=0.7, noThink=true
2026-09-29 11:59:41.964 I/ChatVM: Reply (297 chars, 79 tok, 68169ms, prefill 2415tok/22353ms=108t/s, decode 1,8t/s): В Тольятти расположен Волжский автомобильный завод (ВАЗ), который является ключевым предприятием в городе. На его мощностях производятся легковые автомобили и внедорожники, включая модели Жигули и Нив
2026-09-29 11:59:41.968 I/ChatVM: [TURN] end path=rag total=68169ms factoid=557ms ptok=2415 gtok=79 prefill=22353ms decode=43017ms chars=297
2026-09-29 11:59:42.320 I/BenchmarkBridge: Benchmark question via intent: назови планеты Солнечной системы
2026-09-29 11:59:42.322 I/ChatVM: [TURN] begin q=назови планеты Солнечной системы
2026-09-29 11:59:42.323 I/ChatVM: [PHASE] factoid=miss ms=0
2026-09-29 11:59:42.326 I/RagPromptBuilder: Query: 'назови планеты Солнечной системы' -> ZIM keywords: 'планеты солнечной системы'
2026-09-29 11:59:42.419 I/GraphWalker: walk: 0 wikilinks in 'Вспышка_солнечной_активности' (depth=0)
2026-09-29 11:59:42.420 I/GraphWalker: walk seed=Вспышка_солнечной_активности props=[P6, P1365, P1366, P39, P166, P26, P40, P22, P25, P3373, P50, P175, P800, P184, P802, P57, P58, P162, P36, P159, P127, P112] → 0 nodes
2026-09-29 11:59:42.420 I/RagPromptBuilder: Walker probes (entity='Солнечной', props=22): Вспышка солнечной активности
2026-09-29 11:59:42.459 I/EntityTitleProbe: Title probes (29 lookups): Планеты Солнечной системы(1120), Солнечная система(1100), Солнечная(1080), Планета(1020), Система(1020)
2026-09-29 11:59:42.462 I/EntityTitleProbe: Redundant probes: Солнечная, Планета, Система
2026-09-29 11:59:42.551 I/ZimSearcher: search('планеты солнечной системы') estimated=7000
2026-09-29 11:59:43.072 I/ZimSearcher: search('солнечной') estimated=12659
2026-09-29 11:59:43.643 I/RagPromptBuilder: Entity merge 'солнечной': +13 candidates
2026-09-29 11:59:43.650 I/RagPromptBuilder: RAG: 'назови планеты Солнечной системы' candidates=35
2026-09-29 11:59:43.651 I/RagPromptBuilder: Top hits: Планеты Солнечной системы(s=1120)[Планеты_Солнечной_системы] | Солнечная система(s=1100)[Солнечная_система] | Вспышка солнечной активности(s=900)[Вспышка_солнечной_активности] | Планеты-гиганты(s=97)[Планеты-гиганты] | Планеты (сериал)(s=95)[Планеты_(сериал)]
2026-09-29 11:59:43.919 I/RagPromptBuilder: [PHASE] search=1326ms read=266ms docs=4 ctx=3312
2026-09-29 11:59:43.919 I/RagPromptBuilder: RAG prompt preview (listIntent=false): Тебе даны выдержки из Википедии. Отвечай на их основе. Ответь коротко и по существу: 1–3 предложения, только то, о чём спрашивают. Не пересказывай выдержки, не добавляй посторонние факты и не нумеруй пункты, если вопрос не про перечень. Если вопрос требует сравнения двух и более вещей — до 5 предложений. Если в выдержках совсем нет нужной информации — скажи «не знаю по приведённым выдержкам». Отвечай на русском языке.  === ВЫДЕРЖКИ ИЗ ВИКИ === === Планеты Солнечной системы === Планеты Солнечной 
2026-09-29 11:59:43.919 I/ChatVM: RAG ctx: 4 articles from 35 candidates
2026-09-29 11:59:43.920 I/ChatVM: Generating: 7 msgs, maxTokens=1600, temp=0.7, noThink=true
2026-09-29 12:00:54.452 I/ChatVM: Reply (354 chars, 109 tok, 72129ms, prefill 1564tok/14125ms=111t/s, decode 1,9t/s): Солнечная система включает в себя восемь планет, расположенных на близких к круговым орбитах. Четыре ближайшие к Солнцу — Меркурий, Венера, Земля и Марс — называются планетами земной группы, так как с
2026-09-29 12:00:54.454 I/ChatVM: [TURN] end path=rag total=72129ms factoid=0ms ptok=1564 gtok=109 prefill=14125ms decode=56374ms chars=354
2026-09-29 12:00:54.917 I/BenchmarkBridge: Benchmark question via intent: кто был предшественником нынешнего мэра Тольятти
2026-09-29 12:00:54.920 I/ChatVM: [TURN] begin q=кто был предшественником нынешнего мэра Тольятти
2026-09-29 12:00:54.922 I/FactoidAnswerer: Factoid candidate: label='(by card label)' entity='Тольятти'
2026-09-29 12:00:54.990 I/EntityTitleProbe: Title probes (16 lookups): Тольятти(1080)
2026-09-29 12:00:55.057 I/ZimSearcher: suggestTitles('Тольятти'): Тольятти, Тольятти 24, Тольятти (История), Тольятти (аэродром), Тольятти (значения), Тольятти (станция), Тольятти П., Тольятти сегодня, Тольятти, Эудженио, Тольятти (речной порт), Тольятти (футбольный клуб), Тольятти (особая экономическая зона), Тольятти (территория опережающего развития), Академия Тольятти, Вузы Тольятти, Герб Тольятти, Гимн Тольятти, Градоначальники Тольятти, Дума Тольятти, Лада (Тольятти), Лада-Тольятти, Медгородок Тольятти, Набережная Тольятти, Памятники Тольятти, Поверхность Тольятти, Портпосёлок (Тольятти), Районы Тольятти, СИБУР Тольятти, Спорт Тольятти, Троллейбус Тольятти, Улицы Тольятти, Флаг Тольятти
2026-09-29 12:00:55.060 I/FactoidAnswerer: Factoid candidates: Тольятти
2026-09-29 12:00:55.149 I/FactoidAnswerer: Factoid: no label covers [предше, мэра] in [Глава/мэр, Население, Площадь, Основан, Страна, Часовой пояс, Субъект Федерации, Городской округ, Внутреннее деление, Глава городского округа, Прежние названия, Город с, Высота центра, Тип климата, Плотность, Агломерация, Население агломерации, Национальности, Конфессии, Название жителей, Официальный язык, День города]
2026-09-29 12:00:55.149 I/FactoidAnswerer: Factoid: 'Тольятти' card has no matching field — next candidate
2026-09-29 12:00:55.150 I/FactoidAnswerer: Factoid: no candidate carried the field — falling back to RAG
2026-09-29 12:00:55.150 I/ChatVM: [PHASE] factoid=miss ms=229
2026-09-29 12:00:55.151 I/RagPromptBuilder: Query: 'кто был предшественником нынешнего мэра Тольятти' -> ZIM keywords: 'предшественником нынешнего мэра тольятти'
2026-09-29 12:00:55.270 I/GraphWalker: walk seed=Тольятти props=[P6, P1365, P1366] → 4 nodes
2026-09-29 12:00:55.270 I/RagPromptBuilder: Walker probes (entity='Тольятти', props=3): Тольятти, Илья Геннадьевич Сухих, Николай Ренц, Сергей Анташев, Сергей Андреев
2026-09-29 12:00:55.283 I/EntityTitleProbe: Title probes (16 lookups): Тольятти(1080)
2026-09-29 12:00:55.299 I/ZimSearcher: search('предшественником нынешнего мэра тольятти') estimated=5
2026-09-29 12:00:56.076 I/ZimSearcher: search('предшественником') estimated=92922
2026-09-29 12:00:56.566 I/RagPromptBuilder: Entity merge 'предшественником': +20 candidates
2026-09-29 12:00:56.571 I/RagPromptBuilder: RAG: 'кто был предшественником нынешнего мэра Тольятти' candidates=30
2026-09-29 12:00:56.572 I/RagPromptBuilder: Top hits: Тольятти(s=1080)[Тольятти] | Илья Геннадьевич Сухих(s=899)[Сухих,_Илья_Геннадьевич] | Николай Ренц(s=898)[Ренц,_Николай_Альфредович] | Сергей Анташев(s=897)[Анташев,_Сергей_Александрович] | Сергей Андреев(s=896)[Андреев,_Сергей_Игоревич]
2026-09-29 12:00:56.909 I/RagPromptBuilder: [PHASE] search=1422ms read=336ms docs=3 ctx=4713
2026-09-29 12:00:56.909 I/RagPromptBuilder: RAG prompt preview (listIntent=false): Тебе даны выдержки из Википедии. Отвечай на их основе. Ответь коротко и по существу: 1–3 предложения, только то, о чём спрашивают. Не пересказывай выдержки, не добавляй посторонние факты и не нумеруй пункты, если вопрос не про перечень. Если вопрос требует сравнения двух и более вещей — до 5 предложений. Если в выдержках совсем нет нужной информации — скажи «не знаю по приведённым выдержкам». Отвечай на русском языке.  === ВЫДЕРЖКИ ИЗ ВИКИ === === Тольятти === Карточка: Глава/мэр: Илья Геннадьев
2026-09-29 12:00:56.910 I/ChatVM: RAG ctx: 3 articles from 30 candidates
2026-09-29 12:00:56.910 I/ChatVM: Generating: 7 msgs, maxTokens=1600, temp=0.7, noThink=true
2026-09-29 12:02:24.034 I/ChatVM: Reply (437 chars, 126 tok, 89114ms, prefill 2331tok/21579ms=108t/s, decode 1,9t/s): Предшественником нынешнего мэра Тольятти Илью Сухих является Николай Ренц, который занимал пост главы городского округа с 2021 по 2024 год. Его преемник стал временно исполняющим обязанности в ноябре 
2026-09-29 12:02:24.035 I/ChatVM: [TURN] end path=rag total=89114ms factoid=229ms ptok=2331 gtok=126 prefill=21579ms decode=65513ms chars=437
2026-09-29 12:02:24.862 I/BenchmarkBridge: Benchmark question via intent: сравни население Москвы и Санкт-Петербурга
2026-09-29 12:02:24.864 I/ChatVM: [TURN] begin q=сравни население Москвы и Санкт-Петербурга
2026-09-29 12:02:24.865 I/ChatVM: [PHASE] factoid=miss ms=0
2026-09-29 12:02:24.868 I/RagPromptBuilder: Query: 'сравни население Москвы и Санкт-Петербурга' -> ZIM keywords: 'сравни население москвы санкт петербурга'
2026-09-29 12:02:27.195 I/GraphWalker: walk: 0 wikilinks in 'Генплан_Петербурга' (depth=0)
2026-09-29 12:02:27.199 I/GraphWalker: walk seed=Генплан_Петербурга props=[P6, P1365, P1366, P39, P166, P26, P40, P22, P25, P3373, P50, P175, P800, P184, P802, P57, P58, P162, P36, P159, P127, P112] → 0 nodes
2026-09-29 12:02:27.200 I/RagPromptBuilder: Walker probes (entity='Петербурга', props=22): Генплан Петербурга
2026-09-29 12:02:27.253 I/EntityTitleProbe: Title probes (23 lookups): Москва(1080), Санкт-Петербург(1070), Население Москвы(900)
2026-09-29 12:02:27.310 I/ZimSearcher: search('сравни население москвы санкт петербурга') estimated=300
2026-09-29 12:02:27.975 I/ZimSearcher: search('петербурга') estimated=115995
2026-09-29 12:02:28.552 I/RagPromptBuilder: Entity merge 'петербурга': +18 candidates
2026-09-29 12:02:28.560 I/RagPromptBuilder: RAG: 'сравни население Москвы и Санкт-Петербурга' candidates=42
2026-09-29 12:02:28.561 I/RagPromptBuilder: Top hits: Москва(s=1080)[Москва] | Санкт-Петербург(s=1070)[Санкт-Петербург] | Генплан Петербурга(s=900)[Генплан_Петербурга] | Население Москвы(s=900)[Население_Москвы] | Санкт-Петербург (телерадиокомпания)(s=99)[Санкт-Петербург_(телерадиокомпания)]
2026-09-29 12:02:29.273 I/RagPromptBuilder: [PHASE] search=3694ms read=712ms docs=3 ctx=4342
2026-09-29 12:02:29.274 I/RagPromptBuilder: RAG prompt preview (listIntent=false): Тебе даны выдержки из Википедии. Отвечай на их основе. Ответь коротко и по существу: 1–3 предложения, только то, о чём спрашивают. Не пересказывай выдержки, не добавляй посторонние факты и не нумеруй пункты, если вопрос не про перечень. Если вопрос требует сравнения двух и более вещей — до 5 предложений. Если в выдержках совсем нет нужной информации — скажи «не знаю по приведённым выдержкам». Отвечай на русском языке.  === ВЫДЕРЖКИ ИЗ ВИКИ === === Москва === Карточка: Глава/мэр: Сергей Собянин Н
2026-09-29 12:02:29.275 I/ChatVM: RAG ctx: 3 articles from 42 candidates
2026-09-29 12:02:29.275 I/ChatVM: Generating: 7 msgs, maxTokens=1600, temp=0.7, noThink=true
2026-09-29 12:03:36.800 I/ChatVM: Reply (360 chars, 94 tok, 71935ms, prefill 1989tok/17876ms=111t/s, decode 1,9t/s): Москва имеет население 13 274 285 человек, что делает её крупнейшим городом России по числу жителей. Санкт-Петербург населяют 5 652 922 человека (данные на 2025 год). Таким образом, Москва примерно в 
2026-09-29 12:03:36.802 I/ChatVM: [TURN] end path=rag total=71935ms factoid=0ms ptok=1989 gtok=94 prefill=17876ms decode=49616ms chars=360
2026-09-29 12:03:37.465 I/BenchmarkBridge: Benchmark question via intent: почему Байкал самое глубокое озеро
2026-09-29 12:03:37.467 I/ChatVM: [TURN] begin q=почему Байкал самое глубокое озеро
2026-09-29 12:03:37.468 I/ChatVM: [PHASE] factoid=miss ms=0
2026-09-29 12:03:37.470 I/RagPromptBuilder: Query: 'почему Байкал самое глубокое озеро' -> ZIM keywords: 'байкал самое глубокое озеро'
2026-09-29 12:03:37.567 I/GraphWalker: walk: 0 wikilinks in 'Байкал' (depth=0)
2026-09-29 12:03:37.568 I/GraphWalker: walk seed=Байкал props=[P6, P1365, P1366, P39, P166, P26, P40, P22, P25, P3373, P50, P175, P800, P184, P802, P57, P58, P162, P36, P159, P127, P112] → 0 nodes
2026-09-29 12:03:37.568 I/RagPromptBuilder: Walker probes (entity='Байкал', props=22): Байкал
2026-09-29 12:03:37.603 I/EntityTitleProbe: Title probes (12 lookups): Байкал(1080), Глубокое озеро(1050), Глубокое(1030), Озеро(1030)
2026-09-29 12:03:37.605 I/EntityTitleProbe: Redundant probes: Глубокое, Озеро
2026-09-29 12:03:37.633 I/ZimSearcher: search('байкал самое глубокое озеро') estimated=200
2026-09-29 12:03:38.215 I/ZimSearcher: search('глубокое') estimated=52854
2026-09-29 12:03:38.774 I/RagPromptBuilder: Entity merge 'глубокое': +19 candidates
2026-09-29 12:03:38.778 I/RagPromptBuilder: RAG: 'почему Байкал самое глубокое озеро' candidates=39
2026-09-29 12:03:38.779 I/RagPromptBuilder: Top hits: Байкал(s=1080)[Байкал] | Глубокое озеро(s=1050)[Глубокое_озеро] | Глубокое(s=100)[Глубокое] | Глубокое (город)(s=99)[Глубокое_(город)] | Глубокое обучение(s=98)[Глубокое_обучение]
2026-09-29 12:03:39.015 I/RagPromptBuilder: [PHASE] search=1310ms read=235ms docs=4 ctx=4884
2026-09-29 12:03:39.016 I/RagPromptBuilder: RAG prompt preview (listIntent=false): Тебе даны выдержки из Википедии. Отвечай на их основе. Ответь коротко и по существу: 1–3 предложения, только то, о чём спрашивают. Не пересказывай выдержки, не добавляй посторонние факты и не нумеруй пункты, если вопрос не про перечень. Если вопрос требует сравнения двух и более вещей — до 5 предложений. Если в выдержках совсем нет нужной информации — скажи «не знаю по приведённым выдержкам». Отвечай на русском языке.  === ВЫДЕРЖКИ ИЗ ВИКИ === === Байкал === Карточка: Страна: Россия Абсолютная в
2026-09-29 12:03:39.016 I/ChatVM: RAG ctx: 4 articles from 39 candidates
2026-09-29 12:03:39.017 I/ChatVM: Generating: 7 msgs, maxTokens=1600, temp=0.7, noThink=true
2026-09-29 12:05:02.133 I/ChatVM: Reply (477 chars, 115 tok, 84665ms, prefill 2393tok/21828ms=110t/s, decode 1,9t/s): Байкал считается самым глубоким озером на Земле благодаря своей колоссальной чаше, нижняя точка которой лежит на 1642 метре ниже уровня моря. Эта глубина достигается в результате тектонического происх
2026-09-29 12:05:02.135 I/ChatVM: [TURN] end path=rag total=84665ms factoid=0ms ptok=2393 gtok=115 prefill=21828ms decode=61254ms chars=477
2026-09-29 12:05:03.233 I/BenchmarkBridge: Benchmark question via intent: как связаны Менделеев и периодическая таблица
2026-09-29 12:05:03.235 I/ChatVM: [TURN] begin q=как связаны Менделеев и периодическая таблица
2026-09-29 12:05:03.235 I/ChatVM: [PHASE] factoid=miss ms=0
2026-09-29 12:05:03.237 I/RagPromptBuilder: Query: 'как связаны Менделеев и периодическая таблица' -> ZIM keywords: 'связаны менделеев периодическая таблица'
2026-09-29 12:05:03.341 I/GraphWalker: walk seed=Менделеев,_Дмитрий_Иванович props=[P6, P1365, P1366, P39, P166, P26, P40, P22, P25, P3373, P50, P175, P800, P184, P802, P57, P58, P162, P36, P159, P127, P112] → 6 nodes
2026-09-29 12:05:03.342 I/RagPromptBuilder: Walker probes (entity='Менделеев', props=22): Менделеев, Дмитрий Иванович, Орден Святого Владимира, Кавалер ордена Святого Александра Невского, Орден Белого орла (Российская империя), Орден Святой Анны I степени, Орден Святого Станислава (Российская империя), Орден Святой Анны II степени
2026-09-29 12:05:03.389 I/EntityTitleProbe: Title probes (22 lookups): Менделеев, Дмитрий Иванович(1070), Периодическая система химических элементов(1040), Таблица(1030), Таблиц, Богуслав(1020)
2026-09-29 12:05:03.411 I/ZimSearcher: search('связаны менделеев периодическая таблица') estimated=60
2026-09-29 12:05:04.115 I/ZimSearcher: search('периодическая') estimated=24960
2026-09-29 12:05:04.710 I/RagPromptBuilder: Entity merge 'периодическая': +18 candidates
2026-09-29 12:05:04.714 I/RagPromptBuilder: RAG: 'как связаны Менделеев и периодическая таблица' candidates=46
2026-09-29 12:05:04.715 I/RagPromptBuilder: Top hits: Менделеев, Дмитрий Иванович(s=1070)[Менделеев,_Дмитрий_Иванович] | Периодическая система химических элементов(s=1040)[Периодическая_система_химических_элементов] | Таблица(s=1030)[Таблица] | Таблиц, Богуслав(s=1020)[Таблиц,_Богуслав] | Орден Святого Владимира(s=899)[Орден_Святого_Владимира]
2026-09-29 12:05:05.086 I/RagPromptBuilder: [PHASE] search=1479ms read=370ms docs=4 ctx=5006
2026-09-29 12:05:05.086 I/RagPromptBuilder: RAG prompt preview (listIntent=false): Тебе даны выдержки из Википедии. Отвечай на их основе. Ответь коротко и по существу: 1–3 предложения, только то, о чём спрашивают. Не пересказывай выдержки, не добавляй посторонние факты и не нумеруй пункты, если вопрос не про перечень. Если вопрос требует сравнения двух и более вещей — до 5 предложений. Если в выдержках совсем нет нужной информации — скажи «не знаю по приведённым выдержкам». Отвечай на русском языке.  === ВЫДЕРЖКИ ИЗ ВИКИ === === Менделеев, Дмитрий Иванович === Карточка: Дата р
2026-09-29 12:05:05.087 I/ChatVM: RAG ctx: 4 articles from 46 candidates
2026-09-29 12:05:05.087 I/ChatVM: Generating: 7 msgs, maxTokens=1600, temp=0.7, noThink=true
2026-09-29 12:06:17.032 I/ChatVM: Reply (321 chars, 99 tok, 73797ms, prefill 2216tok/20940ms=106t/s, decode 1,9t/s): Дмитрий Менделеев, русский химик (1834–1907), совместно с немцем Лотаром Мейером представил периодическую систему элементов в 1869 году. Именно он первым опубликовал её в учебнике «Основы Химии» и при
2026-09-29 12:06:17.033 I/ChatVM: [TURN] end path=rag total=73797ms factoid=0ms ptok=2216 gtok=99 prefill=20940ms decode=50977ms chars=321
