026-08-30 02:59:43.797 I/GraphWalker: walk: 0 wikilinks in 'Сталкер' (depth=0)
2026-08-30 02:59:43.797 I/GraphWalker: walk seed=Сталкер props=[P50, P57, P58, P162, P175, P800, P1365, P1366] → 0 nodes
2026-08-30 02:59:43.797 I/RagPromptBuilder: Walker probes (entity='Сталкер', props=8): Сталкер
2026-08-30 02:59:43.799 I/EntityTitleProbe: Title probes (7 lookups): Сталкер(1080)
2026-08-30 02:59:43.814 I/ZimSearcher: search('режиссёр фильма сталкер') estimated=600
2026-08-30 02:59:44.017 I/RagPromptBuilder: Qualified siblings promoted: Сталкер (фильм)(1095), Сталкер (фильм, 2023)(1094)
2026-08-30 02:59:44.119 I/ZimSearcher: search('режиссёр') estimated=120708
2026-08-30 02:59:44.565 I/RagPromptBuilder: Entity merge 'режиссёр': +20 candidates
2026-08-30 02:59:44.567 I/RagPromptBuilder: RAG: 'кто режиссёр фильма Сталкер' candidates=41
2026-08-30 02:59:44.568 I/RagPromptBuilder: Top hits: Сталкер (фильм)(s=1095)[Сталкер_(фильм)] | Сталкер (фильм, 2023)(s=1094)[Сталкер_(фильм,_2023)] | Сталкер(s=1080)[Сталкер] | Сталкер (кинофестиваль)(s=92)[Сталкер_(кинофестиваль)] | Рерберг и Тарковский. Обратная сторона «Сталкера»(s=100)[Рерберг_и_Тарковский._Обратная_сторона_«Сталкера»]
2026-08-30 02:59:44.568 I/BenchmarkBridge: [PROBE] cand=41 ms=773 titles=Сталкер (фильм) | Сталкер (фильм, 2023) | Сталкер | Сталкер (кинофестиваль) | Рерберг и Тарковский. Обратная сторона «Сталкера» | Список фильмов киностудии «Мосфильм» | Марескотти, Ивано | Инфанти, Анджело | Уиттингем, Кен | Франко, Хесус | Дэвидсон, Адам | Турылёва, Ярослава Георгиевна | Экранизации произведений Чехова | Веледницкая, Лия Бенционовна | Данилов, Лев Стефанович | Свердловский театр драмы | Кинофестиваль в Торонто 2005 | Анимос (кинокомпания) | 7-й Венецианский кинофестиваль | Нестеров, Евгений Георгиевич
2026-08-30 02:59:44.568 I/BenchmarkBridge: [PROBE] done
2026-08-30 02:59:44.861 I/BenchmarkBridge: [PROBE] q=почему Юпитер называют газовым гигантом
2026-08-30 02:59:44.862 I/BenchmarkBridge: [PROBE] fast=miss ms=0
2026-08-30 02:59:44.863 I/RagPromptBuilder: Query: 'почему Юпитер называют газовым гигантом' -> ZIM keywords: 'юпитер называют газовым гигантом'
2026-08-30 02:59:44.922 I/GraphWalker: walk: 0 wikilinks in 'Юпитер' (depth=0)
2026-08-30 02:59:44.922 I/GraphWalker: walk seed=Юпитер props=[P6, P1365, P1366, P39, P166, P26, P40, P22, P25, P3373, P50, P175, P800, P184, P802, P57, P58, P162, P36, P159, P127, P112] → 0 nodes
2026-08-30 02:59:44.922 I/RagPromptBuilder: Walker probes (entity='Юпитер', props=22): Юпитер
2026-08-30 02:59:44.936 I/EntityTitleProbe: Title probes (13 lookups): Юпитер(1080), Гигант(1030)
2026-08-30 02:59:44.948 I/ZimSearcher: search('юпитер называют газовым гигантом') estimated=200
2026-08-30 02:59:45.359 I/ZimSearcher: search('называют') estimated=194221
2026-08-30 02:59:45.691 I/RagPromptBuilder: Entity merge 'называют': +20 candidates
2026-08-30 02:59:45.693 I/RagPromptBuilder: RAG: 'почему Юпитер называют газовым гигантом' candidates=42
2026-08-30 02:59:45.693 I/RagPromptBuilder: Top hits: Юпитер(s=1080)[Юпитер] | Гигант(s=1030)[Гигант] | То, что называют любовью(s=98)[То,_что_называют_любовью] | Газовые гиганты(s=100)[Газовые_гиганты] | Моя так называемая жизнь(s=100)[Моя_так_называемая_жизнь]
2026-08-30 02:59:45.694 I/BenchmarkBridge: [PROBE] cand=42 ms=832 titles=Юпитер | Гигант | То, что называют любовью | Газовые гиганты | Моя так называемая жизнь | Называй её дикой | Лев в геральдике | Не называй её небесной | Не называй меня малышкой | Премия Харви (комиксы) | Как вас теперь называть? | Этнонимы греков | Завоевание Перу, называемого Новая Кастилия | По поводу так называемого вопроса о рынках | Физика колебаний и волн | Decretum Gelasianum | Многоугольник | Ломаная | Формальная система | Расширение поля
2026-08-30 02:59:45.694 I/BenchmarkBridge: [PROBE] done
2026-08-30 02:59:46.006 I/BenchmarkBridge: [PROBE] q=из чего состоит атмосфера Марса
2026-08-30 02:59:46.007 I/BenchmarkBridge: [PROBE] fast=miss ms=0
2026-08-30 02:59:46.007 I/RagPromptBuilder: Query: 'из чего состоит атмосфера Марса' -> ZIM keywords: 'чего состоит атмосфера марса'
2026-08-30 02:59:46.022 I/GraphWalker: walk: 0 wikilinks in 'Марса' (depth=0)
2026-08-30 02:59:46.022 I/GraphWalker: walk seed=Марса props=[P6, P1365, P1366, P39, P166, P26, P40, P22, P25, P3373, P50, P175, P800, P184, P802, P57, P58, P162, P36, P159, P127, P112] → 0 nodes
2026-08-30 02:59:46.023 I/RagPromptBuilder: Walker probes (entity='Марса', props=22): Марса
2026-08-30 02:59:46.036 I/EntityTitleProbe: Title probes (10 lookups): Марса(1080), Марс(1080), Атмосфера Марса(900)
2026-08-30 02:59:46.042 I/EntityTitleProbe: Top tie at 1080: Марс=658430, Марса=7479
2026-08-30 02:59:46.058 I/ZimSearcher: search('чего состоит атмосфера марса') estimated=300
2026-08-30 02:59:46.448 I/ZimSearcher: search('атмосфера') estimated=21862
2026-08-30 02:59:46.773 I/RagPromptBuilder: Entity merge 'атмосфера': +19 candidates
2026-08-30 02:59:46.775 I/RagPromptBuilder: RAG: 'из чего состоит атмосфера Марса' candidates=40
2026-08-30 02:59:46.775 I/RagPromptBuilder: Top hits: Марс(s=1085)[Марс] | Марса(s=1080)[Марса] | Атмосфера Марса(s=900)[Атмосфера_Марса] | Атмосфера(s=100)[Атмосфера] | Атмосфера Земли(s=99)[Атмосфера_Земли]
2026-08-30 02:59:46.775 I/BenchmarkBridge: [PROBE] cand=40 ms=768 titles=Марс | Марса | Атмосфера Марса | Атмосфера | Атмосфера Земли | Атмосфера Титана | Атмосфера Венеры | Атмосфера (эстетика) | Атмосфера Юпитера | Атмосфера Плутона | Терраформирование Марса | Звёздная атмосфера | Химия атмосферы | Физика атмосферы | Колонизация Марса | Диссипация атмосфер планет | Общая циркуляция атмосферы | Циркуляция атмосферы | Экология атмосферы | Вход в атмосферу
2026-08-30 02:59:46.775 I/BenchmarkBridge: [PROBE] done
2026-08-30 02:59:47.148 I/BenchmarkBridge: [PROBE] q=кто открыл пенициллин
2026-08-30 02:59:47.149 I/BenchmarkBridge: [PROBE] fast=miss ms=0
2026-08-30 02:59:47.150 I/RagPromptBuilder: Query: 'кто открыл пенициллин' -> ZIM keywords: 'открыл пенициллин'
2026-08-30 02:59:47.160 I/EntityTitleProbe: Title probes (2 lookups): Бензилпенициллин(1020)
2026-08-30 02:59:47.166 I/ZimSearcher: search('открыл пенициллин') estimated=200
2026-08-30 02:59:47.401 I/ZimSearcher: search('пенициллин') estimated=589
2026-08-30 02:59:47.567 I/RagPromptBuilder: Entity merge 'пенициллин': +16 candidates
2026-08-30 02:59:47.569 I/RagPromptBuilder: RAG: 'кто открыл пенициллин' candidates=37
2026-08-30 02:59:47.569 I/RagPromptBuilder: Top hits: Бензилпенициллин(s=1020)[Бензилпенициллин] | Пенициллины(s=100)[Пенициллины] | Пенициллин (комплекс артразведки)(s=99)[Пенициллин_(комплекс_артразведки)] | Пенициллин (значения)(s=95)[Пенициллин_(значения)] | Пенициллин-связывающие белки(s=90)[Пенициллин-связывающие_белки]
2026-08-30 02:59:47.569 I/BenchmarkBridge: [PROBE] cand=37 ms=419 titles=Бензилпенициллин | Пенициллины | Пенициллин (комплекс артразведки) | Пенициллин (значения) | Пенициллин-связывающие белки | Операция «Пенициллин» | Феноксиметилпенициллин | Флеминг, Александр | Хитли, Норман | Балезина, Тамара Иосифовна | Метициллин | Зейфман, Вил Иосифович | Ампициллин | Оксациллин | Хобби, Глэдис Лаунсбери | Бета-лактамные антибиотики | Шихан, Джон Кларк | Ингибиторы бета-лактамаз | Ермольева, Зинаида Виссарионовна | Beecham
2026-08-30 02:59:47.569 I/BenchmarkBridge: [PROBE] done
2026-08-30 02:59:47.773 I/BenchmarkBridge: [PROBE] q=что такое фотосинтез
2026-08-30 02:59:47.774 I/BenchmarkBridge: [PROBE] fast=miss ms=0
2026-08-30 02:59:47.775 I/RagPromptBuilder: Query: 'что такое фотосинтез' -> ZIM keywords: 'такое фотосинтез'
2026-08-30 02:59:47.782 I/EntityTitleProbe: Title probes (1 lookups): Фотосинтез(1030)
2026-08-30 02:59:47.801 I/ZimSearcher: search('такое фотосинтез') estimated=700
2026-08-30 02:59:48.024 I/ZimSearcher: search('фотосинтез') estimated=965
2026-08-30 02:59:48.159 I/RagPromptBuilder: Entity merge 'фотосинтез': +9 candidates
2026-08-30 02:59:48.159 I/RagPromptBuilder: RAG: 'что такое фотосинтез' candidates=29
2026-08-30 02:59:48.160 I/RagPromptBuilder: Top hits: Фотосинтез(s=1030)[Фотосинтез] | C4-фотосинтез(s=100)[C4-фотосинтез] | CAM-фотосинтез(s=99)[CAM-фотосинтез] | Эффективность фотосинтеза(s=98)[Эффективность_фотосинтеза] | Эволюция фотосинтеза(s=98)[Эволюция_фотосинтеза]
2026-08-30 02:59:48.160 I/BenchmarkBridge: [PROBE] cand=29 ms=385 titles=Фотосинтез | C4-фотосинтез | CAM-фотосинтез | Эффективность фотосинтеза | Эволюция фотосинтеза | Аноксигенный фотосинтез | Спектр действия фотосинтеза | Электронотранспортная цепь фотосинтеза | Кривая светового насыщения фотосинтеза | Искусственный фотосинтез | C3-фотосинтез | Реакция Хилла | Карпилов, Юрий Соломонович | Комиссаров, Геннадий Германович | Мокроносов, Адольф Трофимович | Шувалов, Владимир Анатольевич | Световая точка компенсации | Эффект Эмерсона | Фотодыхание | Точка компенсации СО2
2026-08-30 02:59:48.160 I/BenchmarkBridge: [PROBE] done
2026-08-30 02:59:48.394 I/BenchmarkBridge: [PROBE] q=когда началась Вторая мировая война
2026-08-30 02:59:48.395 I/FactoidAnswerer: Factoid candidate: label='(by card label)' entity='Вторая'
2026-08-30 02:59:48.409 I/EntityTitleProbe: Title probes (9 lookups): Вторая мировая война(1120), Вторая(1080), Мировая война(1050)
2026-08-30 02:59:48.726 I/ZimSearcher: suggestTitles('Вторая'): Вторая, Вторая Академия, Вторая Александровка, Вторая Алексеевка, Вторая Алия, Вторая Армения, Вторая Багажиашта, Вторая Бугульда, Вторая Бундеслига, Вторая Васильевка, Вторая Вилашка, Вторая Глушковская, Вторая Горка, Вторая Григорьевка, Вторая Грязучая, Вторая Дудинская, Вторая Едома, Вторая Ивановка, Вторая Ивань, Вторая Интифада, Вторая Каменка, Вторая Ключевская, Вторая Кошка, Вторая Кривка, Вторая Крутая, Вторая Куликовка, Вторая Культура, Вторая Лака, Вторая Леденгская, Вторая Луна, Вторая Малая, Вторая Медяна
2026-08-30 02:59:48.728 I/FactoidAnswerer: Factoid candidates: Вторая, Вторая мировая война, Мировая война
2026-08-30 02:59:48.735 I/FactoidAnswerer: Factoid: 'Вторая' has no infobox — next candidate
2026-08-30 02:59:48.795 I/FactoidAnswerer: Factoid: no label covers [начала, мирова, война] in [Дата, Место, Причина, Итог]
2026-08-30 02:59:48.796 I/FactoidAnswerer: Factoid: 'Вторая мировая война' card has no matching field — next candidate
2026-08-30 02:59:48.806 I/FactoidAnswerer: Factoid: 'Мировая война' has no infobox — next candidate
2026-08-30 02:59:48.806 I/FactoidAnswerer: Factoid: no candidate carried the field — falling back to RAG
2026-08-30 02:59:48.806 I/BenchmarkBridge: [PROBE] fast=miss ms=412
2026-08-30 02:59:48.807 I/RagPromptBuilder: Query: 'когда началась Вторая мировая война' -> ZIM keywords: 'началась вторая мировая война'
2026-08-30 02:59:48.808 I/GraphWalker: walk: 0 wikilinks in 'Вторая' (depth=0)
2026-08-30 02:59:48.809 I/GraphWalker: walk seed=Вторая props=[P6, P1365, P1366, P39, P166, P26, P40, P22, P25, P3373, P50, P175, P800, P184, P802, P57, P58, P162, P36, P159, P127, P112] → 0 nodes
2026-08-30 02:59:48.809 I/RagPromptBuilder: Walker probes (entity='Вторая', props=22): Вторая
2026-08-30 02:59:48.813 I/EntityTitleProbe: Title probes (15 lookups): Вторая мировая война(1120), Вторая(1080), Мировая война(1050), Война(1030)
2026-08-30 02:59:48.895 I/ZimSearcher: search('началась вторая мировая война') estimated=20000
2026-08-30 02:59:49.555 I/ZimSearcher: search('началась') estimated=467255
2026-08-30 02:59:50.151 I/RagPromptBuilder: Entity merge 'началась': +20 candidates
2026-08-30 02:59:50.153 I/RagPromptBuilder: RAG: 'когда началась Вторая мировая война' candidates=42
2026-08-30 02:59:50.154 I/RagPromptBuilder: Top hits: Вторая мировая война(s=1120)[Вторая_мировая_война] | Вторая(s=1080)[Вторая] | Мировая война(s=1050)[Мировая_война] | Война(s=1030)[Война] | Вторая мировая война на море(s=98)[Вторая_мировая_война_на_море]
2026-08-30 02:59:50.154 I/BenchmarkBridge: [PROBE] cand=42 ms=1347 titles=Вторая мировая война | Вторая | Мировая война | Война | Вторая мировая война на море | Вторая мировая война (серия книг) | Вторая мировая война (значения) | Маки (Вторая мировая война) | Восточноафриканская кампания (Вторая мировая война) | Портал:Вторая мировая война | Портал:Вторая мировая война/Знаете ли вы/Текущая подборка | Трофейное искусство (Вторая мировая война) | Битва за Лос-Анджелес (Вторая мировая война) | 2-я армия (Италия, Вторая мировая война) | Латинская Ось (Вторая мировая война) | Портал:Первая мировая война | Начало Века | Британские экспедиционные силы (Вторая мировая война) | Третья мировая война | Начало начал
2026-08-30 02:59:50.154 I/BenchmarkBridge: [PROBE] done
2026-08-30 02:59:50.583 I/BenchmarkBridge: [PROBE] q=чем знаменит Большое красное пятно
2026-08-30 02:59:50.584 I/BenchmarkBridge: [PROBE] fast=miss ms=0
2026-08-30 02:59:50.584 I/RagPromptBuilder: Query: 'чем знаменит Большое красное пятно' -> ZIM keywords: 'чем знаменит большое красное пятно'
2026-08-30 02:59:50.595 I/GraphWalker: walk: 0 wikilinks in 'Большое' (depth=0)
2026-08-30 02:59:50.595 I/GraphWalker: walk seed=Большое props=[P6, P1365, P1366, P39, P166, P26, P40, P22, P25, P3373, P50, P175, P800, P184, P802, P57, P58, P162, P36, P159, P127, P112] → 0 nodes
2026-08-30 02:59:50.596 I/RagPromptBuilder: Walker probes (entity='Большое', props=22): Большое
2026-08-30 02:59:50.611 I/EntityTitleProbe: Title probes (20 lookups): Большое красное пятно(1120), Большое(1080), Красное(1030), Красно(1030)
2026-08-30 02:59:50.637 I/ZimSearcher: search('чем знаменит большое красное пятно') estimated=200
2026-08-30 02:59:51.029 I/ZimSearcher: search('знаменит') estimated=51485
2026-08-30 02:59:51.319 I/RagPromptBuilder: Entity merge 'знаменит': +20 candidates
2026-08-30 02:59:51.322 I/RagPromptBuilder: RAG: 'чем знаменит Большое красное пятно' candidates=44
2026-08-30 02:59:51.322 I/RagPromptBuilder: Top hits: Большое красное пятно(s=1120)[Большое_красное_пятно] | Большое(s=1080)[Большое] | Красное(s=1030)[Красное] | Красно(s=1030)[Красно] | Я почти знаменит(s=99)[Я_почти_знаменит]
2026-08-30 02:59:51.323 I/BenchmarkBridge: [PROBE] cand=44 ms=739 titles=Большое красное пятно | Большое | Красное | Красно | Я почти знаменит | Красочная жизнь | Храм иконы Божией Матери «Знамение» | Знаменное пение | Крестное знамение | Знамённые ряды | Орден Красного Знамени | Орден Трудового Красного Знамени | Армия Зелёного знамени | Знамение Божией Матери | Под знаменем марксизма | Орден Красного Знамени (Монголия) | Летописец небесных знамений | Благие знамения | Новгородская икона Знамения Пресвятой Богородицы | Церковь иконы Божией Матери «Знамение» на Шереметевом дворе
2026-08-30 02:59:51.323 I/BenchmarkBridge: [PROBE] done
2026-08-30 02:59:51.730 I/BenchmarkBridge: [PROBE] q=что производит АвтоВАЗ
2026-08-30 02:59:51.731 I/FactoidAnswerer: Factoid candidate: label='(by card label)' entity='АвтоВАЗ'
2026-08-30 02:59:51.741 I/EntityTitleProbe: Title probes (2 lookups): АвтоВАЗ(1080)
2026-08-30 02:59:51.769 I/ZimSearcher: suggestTitles('АвтоВАЗ'): АВТОВАЗ, GM-АВТОВАЗ, Национальная гоночная серия "АВТОВАЗ", Технический музей ОАО "АвтоВАЗ", Эм-АВТОВАЗ Шевроле Вива, Джи Эм-АВТОВАЗ Шевроле Нива, Здание генеральной дирекции АВТОВАЗа, АВТОВАЗБАНК, АвтоВАЗагрегат
2026-08-30 02:59:51.770 I/FactoidAnswerer: Factoid candidates: АвтоВАЗ
2026-08-30 02:59:51.804 I/FactoidAnswerer: Factoid: no label covers [произв] in [Основан, Штаб-квартира, Тип, Листинг на бирже, Дата основания, Прежние названия, Основатели, Расположение, Ключевые фигуры, Отрасль, Продукция, Операционная прибыль, Чистая прибыль, Материнская компания, Дочерние компании]
2026-08-30 02:59:51.804 I/FactoidAnswerer: Factoid: 'АвтоВАЗ' card has no matching field — next candidate
2026-08-30 02:59:51.804 I/FactoidAnswerer: Factoid: no candidate carried the field — falling back to RAG
2026-08-30 02:59:51.805 I/BenchmarkBridge: [PROBE] fast=miss ms=74
2026-08-30 02:59:51.805 I/RagPromptBuilder: Query: 'что производит АвтоВАЗ' -> ZIM keywords: 'производит автоваз'
2026-08-30 02:59:51.964 I/GraphWalker: walk seed=АвтоВАЗ props=[P6, P1365, P1366, P39, P166, P26, P40, P22, P25, P3373, P50, P175, P800, P184, P802, P57, P58, P162, P36, P159, P127, P112] → 6 nodes
2026-08-30 02:59:51.965 I/RagPromptBuilder: Walker probes (entity='АвтоВАЗ', props=22): АвтоВАЗ, Россия, Тольятти, ЦК КПСС, Совет министров СССР, Москва, Илья Геннадьевич Сухих
2026-08-30 02:59:51.966 I/EntityTitleProbe: Title probes (2 lookups): АвтоВАЗ(1080)
2026-08-30 02:59:51.973 I/ZimSearcher: search('производит автоваз') estimated=300
2026-08-30 02:59:52.266 I/ZimSearcher: search('производит') estimated=56978
2026-08-30 02:59:52.591 I/RagPromptBuilder: Entity merge 'производит': +20 candidates
2026-08-30 02:59:52.593 I/RagPromptBuilder: RAG: 'что производит АвтоВАЗ' candidates=46
2026-08-30 02:59:52.593 I/RagPromptBuilder: Top hits: АвтоВАЗ(s=1080)[АвтоВАЗ] | Россия(s=899)[Россия] | Тольятти(s=899)[Тольятти] | ЦК КПСС(s=899)[ЦК_КПСС] | Совет министров СССР(s=899)[Совет_министров_СССР]
2026-08-30 02:59:52.594 I/BenchmarkBridge: [PROBE] cand=46 ms=789 titles=АвтоВАЗ | Россия | Тольятти | ЦК КПСС | Совет министров СССР | Москва | Илья Геннадьевич Сухих | Производить или покупать | Национальная гоночная серия «АВТОВАЗ» | Нива (автомобиль) | Список итальянских вин категории DOC | Meopta | Denominazione di origine controllata e garantita | Плёночные фотоаппараты Kodak | Промышленность Новой Аквитании | Список настоек, производившихся в СССР | Военно-промышленный комплекс Франции | Список пуншей, производившихся в СССР | КАвЗ-4238 «Аврора» | Welta
2026-08-30 02:59:52.594 I/BenchmarkBridge: [PROBE] done
2026-08-30 02:59:52.883 I/BenchmarkBridge: [PROBE] q=какой автозавод расположен в Тольятти
2026-08-30 02:59:52.884 I/FactoidAnswerer: Factoid candidate: label='(by card label)' entity='Тольятти'
2026-08-30 02:59:52.892 I/EntityTitleProbe: Title probes (10 lookups): Тольятти(1080), Автомобильная промышленность(1020)
2026-08-30 02:59:52.939 I/ZimSearcher: suggestTitles('Тольятти'): Тольятти, Тольятти 24, Тольятти (История), Тольятти (аэродром), Тольятти (значения), Тольятти (станция), Тольятти П., Тольятти сегодня, Тольятти, Эудженио, Тольятти (речной порт), Тольятти (футбольный клуб), Тольятти (особая экономическая зона), Тольятти (территория опережающего развития), Академия Тольятти, Вузы Тольятти, Герб Тольятти, Гимн Тольятти, Градоначальники Тольятти, Дума Тольятти, Лада (Тольятти), Лада-Тольятти, Медгородок Тольятти, Набережная Тольятти, Памятники Тольятти, Поверхность Тольятти, Портпосёлок (Тольятти), Районы Тольятти, СИБУР Тольятти, Спорт Тольятти, Троллейбус Тольятти, Улицы Тольятти, Флаг Тольятти
2026-08-30 02:59:52.941 I/FactoidAnswerer: Factoid candidates: Тольятти, Автомобильная промышленность
2026-08-30 02:59:52.982 I/FactoidAnswerer: Factoid: no label covers [автоза, распол] in [Глава/мэр, Население, Площадь, Основан, Страна, Часовой пояс, Субъект Федерации, Городской округ, Внутреннее деление, Глава городского округа, Прежние названия, Город с, Высота центра, Тип климата, Плотность, Агломерация, Население агломерации, Национальности, Конфессии, Название жителей, Официальный язык, День города]
2026-08-30 02:59:52.983 I/FactoidAnswerer: Factoid: 'Тольятти' card has no matching field — next candidate
2026-08-30 02:59:53.001 I/FactoidAnswerer: Factoid: 'Автомобильная промышленность' has no infobox — next candidate
2026-08-30 02:59:53.004 I/FactoidAnswerer: Factoid: no candidate carried the field — falling back to RAG
2026-08-30 02:59:53.004 I/BenchmarkBridge: [PROBE] fast=miss ms=122
2026-08-30 02:59:53.005 I/RagPromptBuilder: Query: 'какой автозавод расположен в Тольятти' -> ZIM keywords: 'автозавод расположен тольятти'
2026-08-30 02:59:53.073 I/GraphWalker: walk: 0 wikilinks in 'Заслуженный_врач_Российской_Федерации' (depth=3)
2026-08-30 02:59:53.083 I/GraphWalker: walk seed=Тольятти props=[P6, P1365, P1366, P39, P166, P26, P40, P22, P25, P3373, P50, P175, P800, P184, P802, P57, P58, P162, P36, P159, P127, P112] → 5 nodes
2026-08-30 02:59:53.083 I/RagPromptBuilder: Walker probes (entity='Тольятти', props=22): Тольятти, Илья Геннадьевич Сухих, Николай Ренц, Заслуженный врач Российской Федерации, Сергей Анташев, Сергей Андреев
2026-08-30 02:59:53.086 I/EntityTitleProbe: Title probes (10 lookups): Тольятти(1080), Автомобильная промышленность(1020)
2026-08-30 02:59:53.091 I/ZimSearcher: search('автозавод расположен тольятти') estimated=40
2026-08-30 02:59:53.675 I/ZimSearcher: search('расположен') estimated=249807
2026-08-30 02:59:53.965 I/RagPromptBuilder: Entity merge 'расположен': +20 candidates
2026-08-30 02:59:53.966 I/RagPromptBuilder: RAG: 'какой автозавод расположен в Тольятти' candidates=46
2026-08-30 02:59:53.967 I/RagPromptBuilder: Top hits: Тольятти(s=1080)[Тольятти] | Автомобильная промышленность(s=1020)[Автомобильная_промышленность] | Илья Геннадьевич Сухих(s=899)[Сухих,_Илья_Геннадьевич] | Николай Ренц(s=898)[Ренц,_Николай_Альфредович] | Сергей Анташев(s=897)[Анташев,_Сергей_Александрович]
2026-08-30 02:59:53.967 I/BenchmarkBridge: [PROBE] cand=46 ms=962 titles=Тольятти | Автомобильная промышленность | Илья Геннадьевич Сухих | Николай Ренц | Сергей Анташев | Заслуженный врач Российской Федерации | Сергей Андреев | Тольятти (станция) | Автозаводский район (Тольятти) | Тольяттинский троллейбус | Список озёр и водохранилищ Монтаны | Заозёрный (Курган) | Хузестан | Список мечетей Баку | Список высших учебных заведений Киева | Тираспольский монетный двор | Эттербек | Площади Севастополя | Исфахан (остан) | Русские и советские памятники в Софийской области
2026-08-30 02:59:53.967 I/BenchmarkBridge: [PROBE] done
2026-08-30 02:59:54.572 I/BenchmarkBridge: [PROBE] q=перечисли мэров Тольятти
2026-08-30 02:59:54.573 I/BenchmarkBridge: [PROBE] fast=miss ms=0
2026-08-30 02:59:54.573 I/RagPromptBuilder: Query: 'перечисли мэров Тольятти' -> ZIM keywords: 'мэров тольятти'
2026-08-30 02:59:54.623 I/ZimSearcher: lookupRaw 'Градоначальники Тольятти' redirect=false path='Градоначальники_Тольятти' bodyLen=18062
2026-08-30 02:59:54.623 I/RagPromptBuilder: List article FOUND: 'Градоначальники Тольятти' (bodyLen=18062)
2026-08-30 02:59:54.661 I/RagPromptBuilder: List probes (entity='Тольятти', role='Мэры'): Градоначальники Тольятти, История Тольятти
2026-08-30 02:59:54.723 I/GraphWalker: walk seed=Тольятти props=[P6, P1365, P1366] → 4 nodes
2026-08-30 02:59:54.723 I/RagPromptBuilder: Walker probes (entity='Тольятти', props=3): Тольятти, Илья Геннадьевич Сухих, Николай Ренц, Сергей Анташев, Сергей Андреев
2026-08-30 02:59:54.726 I/EntityTitleProbe: Title probes (12 lookups): Тольятти(1080)
2026-08-30 02:59:54.734 I/ZimSearcher: search('мэров тольятти') estimated=700
2026-08-30 02:59:54.884 I/ZimSearcher: search('тольятти') estimated=5796
2026-08-30 02:59:55.189 I/RagPromptBuilder: Entity merge 'тольятти': +14 candidates
2026-08-30 02:59:55.191 I/RagPromptBuilder: RAG: 'перечисли мэров Тольятти' candidates=37
2026-08-30 02:59:55.191 I/RagPromptBuilder: Top hits: Градоначальники Тольятти(s=2000)[Градоначальники_Тольятти] | Тольятти(s=1080)[Тольятти] | История Тольятти(s=1000)[История_Тольятти] | Илья Геннадьевич Сухих(s=899)[Сухих,_Илья_Геннадьевич] | Николай Ренц(s=898)[Ренц,_Николай_Альфредович]
2026-08-30 02:59:55.191 I/BenchmarkBridge: [PROBE] cand=37 ms=618 titles=Градоначальники Тольятти | Тольятти | История Тольятти | Илья Геннадьевич Сухих | Николай Ренц | Сергей Анташев | Сергей Андреев | Тольятти 24 | Тольятти, Пальмиро | Тольятти (станция) | Тольятти (особая экономическая зона) | Тольяттинский театр кукол | Спорт в Тольятти | Памятники Тольятти | Лада-Тольятти | Официальные символы Тольятти | Взрыв автобуса в Тольятти | Храмы Тольятти | ТОР «Тольятти» | Колесо (театр, Тольятти)
2026-08-30 02:59:55.191 I/BenchmarkBridge: [PROBE] done
2026-08-30 02:59:55.712 I/BenchmarkBridge: [PROBE] q=назови планеты Солнечной системы
2026-08-30 02:59:55.712 I/BenchmarkBridge: [PROBE] fast=miss ms=0
2026-08-30 02:59:55.713 I/RagPromptBuilder: Query: 'назови планеты Солнечной системы' -> ZIM keywords: 'планеты солнечной системы'
2026-08-30 02:59:55.747 I/GraphWalker: walk: 0 wikilinks in 'Вспышка_солнечной_активности' (depth=0)
2026-08-30 02:59:55.748 I/GraphWalker: walk seed=Вспышка_солнечной_активности props=[P6, P1365, P1366, P39, P166, P26, P40, P22, P25, P3373, P50, P175, P800, P184, P802, P57, P58, P162, P36, P159, P127, P112] → 0 nodes
2026-08-30 02:59:55.748 I/RagPromptBuilder: Walker probes (entity='Солнечной', props=22): Вспышка солнечной активности
2026-08-30 02:59:55.758 I/EntityTitleProbe: Title probes (24 lookups): Планеты Солнечной системы(1120), Солнечная система(1100), Солнечная(1080), Планета(1020)
2026-08-30 02:59:55.804 I/ZimSearcher: search('планеты солнечной системы') estimated=7000
2026-08-30 02:59:56.109 I/ZimSearcher: search('солнечной') estimated=12659
2026-08-30 02:59:56.406 I/RagPromptBuilder: Entity merge 'солнечной': +13 candidates
2026-08-30 02:59:56.408 I/RagPromptBuilder: RAG: 'назови планеты Солнечной системы' candidates=37
2026-08-30 02:59:56.408 I/RagPromptBuilder: Top hits: Планеты Солнечной системы(s=1120)[Планеты_Солнечной_системы] | Солнечная система(s=1100)[Солнечная_система] | Солнечная(s=1080)[Солнечная] | Планета(s=1020)[Планета] | Вспышка солнечной активности(s=900)[Вспышка_солнечной_активности]
2026-08-30 02:59:56.408 I/BenchmarkBridge: [PROBE] cand=37 ms=695 titles=Планеты Солнечной системы | Солнечная система | Солнечная | Планета | Вспышка солнечной активности | Планеты-гиганты | Планеты (сериал) | Устойчивость Солнечной системы | 20-й цикл солнечной активности | Малые тела Солнечной системы | 19-й цикл солнечной активности | 23-й цикл солнечной активности | 24-й цикл солнечной активности | Список циклов солнечной активности | 25-й цикл солнечной активности | 22-й цикл солнечной активности | На солнечной стороне улицы | Серенада солнечной долины | История исследования Солнечной системы | Формирование и эволюция Солнечной системы
2026-08-30 02:59:56.408 I/BenchmarkBridge: [PROBE] done
2026-08-30 02:59:56.860 I/BenchmarkBridge: [PROBE] q=какие есть океаны на Земле
2026-08-30 02:59:56.861 I/BenchmarkBridge: [PROBE] fast=miss ms=0
2026-08-30 02:59:56.862 I/RagPromptBuilder: Query: 'какие есть океаны на Земле' -> ZIM keywords: 'океаны земле'
2026-08-30 02:59:56.918 I/RagPromptBuilder: List probes (entity='Земле', role='null'): Земля Королевы Мэри, История жизни на Земле, Хронология первых искусственных спутников Земли по странам
2026-08-30 02:59:57.092 I/GraphWalker: walk: 0 wikilinks in 'На_земле' (depth=0)
2026-08-30 02:59:57.093 I/GraphWalker: walk seed=На_земле props=[P6, P1365, P1366, P39, P166, P26, P40, P22, P25, P3373, P50, P175, P800, P184, P802, P57, P58, P162, P36, P159, P127, P112] → 0 nodes
2026-08-30 02:59:57.093 I/RagPromptBuilder: Walker probes (entity='Земле', props=22): На земле
2026-08-30 02:59:57.101 I/EntityTitleProbe: Title probes (8 lookups): Мировой океан(1020), (224) Океана(1020), Океан(1030)
2026-08-30 02:59:57.149 I/ZimSearcher: search('океаны земле') estimated=10000
2026-08-30 02:59:57.627 I/ZimSearcher: search('океаны') estimated=31268
2026-08-30 02:59:58.007 I/RagPromptBuilder: Entity merge 'океаны': +11 candidates
2026-08-30 02:59:58.008 I/RagPromptBuilder: RAG: 'какие есть океаны на Земле' candidates=35
2026-08-30 02:59:58.008 I/RagPromptBuilder: Top hits: Океан(s=1030)[Океан] | Мировой океан(s=1020)[Мировой_океан] | (224) Океана(s=1020)[(224)_Океана] | Земля Королевы Мэри(s=950)[Земля_Королевы_Мэри] | История жизни на Земле(s=950)[История_жизни_на_Земле]
2026-08-30 02:59:58.008 I/BenchmarkBridge: [PROBE] cand=35 ms=1147 titles=Океан | Мировой океан | (224) Океана | Земля Королевы Мэри | История жизни на Земле | Хронология первых искусственных спутников Земли по странам | На земле | Древние океаны | Экстремумы на Земле | Земля (альбом «Океана Ельзи») | Южный океан | Океан (значения) | Океан (завод) | Мировой океан (мифология) | Музей Мирового океана | Океан-О (космический аппарат) | Океан (детский лагерь) | Океан Ельзи | Океан (мифология) | Океан (фильм, 2008)
2026-08-30 02:59:58.008 I/BenchmarkBridge: [PROBE] done
2026-08-30 02:59:58.533 I/BenchmarkBridge: [PROBE] q=перечисли произведения Достоевского
2026-08-30 02:59:58.534 I/BenchmarkBridge: [PROBE] fast=miss ms=0
2026-08-30 02:59:58.535 I/RagPromptBuilder: Query: 'перечисли произведения Достоевского' -> ZIM keywords: 'произведения достоевского'
2026-08-30 02:59:58.551 I/RagPromptBuilder: List-intent: no title probes for entity='Достоевского' role='null'
2026-08-30 02:59:58.596 I/GraphWalker: walk: 0 wikilinks in 'Достоевского,_переулок' (depth=0)
2026-08-30 02:59:58.596 I/GraphWalker: walk seed=Достоевского,_переулок props=[P6, P1365, P1366, P39, P166, P26, P40, P22, P25, P3373, P50, P175, P800, P184, P802, P57, P58, P162, P36, P159, P127, P112] → 0 nodes
2026-08-30 02:59:58.596 I/RagPromptBuilder: Walker probes (entity='Достоевского', props=22): Достоевского, переулок
2026-08-30 02:59:58.601 I/EntityTitleProbe: Title probes (12 lookups): Достоевский, Фёдор Михайлович(1070)
2026-08-30 02:59:58.629 I/ZimSearcher: search('произведения достоевского') estimated=4000
2026-08-30 02:59:59.033 I/ZimSearcher: search('произведения') estimated=125279
2026-08-30 02:59:59.431 I/RagPromptBuilder: Entity merge 'произведения': +20 candidates
2026-08-30 02:59:59.433 I/RagPromptBuilder: RAG: 'перечисли произведения Достоевского' candidates=42
2026-08-30 02:59:59.434 I/RagPromptBuilder: Top hits: Достоевский, Фёдор Михайлович(s=1070)[Достоевский,_Фёдор_Михайлович] | Достоевского, переулок(s=900)[Достоевского,_переулок] | Произведения векторов(s=99)[Произведения_векторов] | Экранизации произведений Фёдора Достоевского(s=100)[Экранизации_произведений_Фёдора_Достоевского] | Украденные произведения искусства(s=99)[Украденные_произведения_искусства]
2026-08-30 02:59:59.434 I/BenchmarkBridge: [PROBE] cand=42 ms=900 titles=Достоевский, Фёдор Михайлович | Достоевского, переулок | Произведения векторов | Экранизации произведений Фёдора Достоевского | Украденные произведения искусства | Атрибуция произведения | Авторское право на служебные произведения | Двойник (повесть Достоевского) | Реализм Достоевского | Романист (замысел Достоевского) | Атеизм (замысел Достоевского) | Неосуществлённые замыслы Достоевского | Оценка творчества Достоевского современниками | Свободное использование произведений | Прямое произведение | Тип-произведение | Аудиовизуальное произведение | Скалярное произведение | Прямое произведение групп | Векторное произведение
2026-08-30 02:59:59.434 I/BenchmarkBridge: [PROBE] done
2026-08-30 02:59:59.684 I/BenchmarkBridge: [PROBE] q=перечисли спутники Юпитера
2026-08-30 02:59:59.685 I/BenchmarkBridge: [PROBE] fast=miss ms=0
2026-08-30 02:59:59.686 I/RagPromptBuilder: Query: 'перечисли спутники Юпитера' -> ZIM keywords: 'спутники юпитера'
2026-08-30 02:59:59.750 I/ZimSearcher: lookupRaw 'Спутники Юпитера' redirect=false path='Спутники_Юпитера' bodyLen=22957
2026-08-30 02:59:59.750 I/RagPromptBuilder: List article FOUND: 'Спутники Юпитера' (bodyLen=22957)
2026-08-30 02:59:59.762 I/RagPromptBuilder: List probes (entity='Юпитера', role='null'): Спутники Юпитера
2026-08-30 02:59:59.798 I/GraphWalker: walk: 0 wikilinks in 'Атмосфера_Юпитера' (depth=0)
2026-08-30 02:59:59.799 I/GraphWalker: walk seed=Атмосфера_Юпитера props=[P6, P1365, P1366, P39, P166, P26, P40, P22, P25, P3373, P50, P175, P800, P184, P802, P57, P58, P162, P36, P159, P127, P112] → 0 nodes
2026-08-30 02:59:59.799 I/RagPromptBuilder: Walker probes (entity='Юпитера', props=22): Атмосфера Юпитера
2026-08-30 02:59:59.804 I/EntityTitleProbe: Title probes (10 lookups): Юпитер(1080), Спутники Юпитера(900)
2026-08-30 02:59:59.831 I/ZimSearcher: search('спутники юпитера') estimated=5000
2026-08-30 03:00:00.234 I/ZimSearcher: search('спутники') estimated=28047
2026-08-30 03:00:00.506 I/RagPromptBuilder: Entity merge 'спутники': +20 candidates
2026-08-30 03:00:00.507 I/RagPromptBuilder: RAG: 'перечисли спутники Юпитера' candidates=41
2026-08-30 03:00:00.507 I/RagPromptBuilder: Top hits: Спутники Юпитера(s=2000)[Спутники_Юпитера] | Юпитер(s=1080)[Юпитер] | Атмосфера Юпитера(s=900)[Атмосфера_Юпитера] | Спутники Урана(s=99)[Спутники_Урана] | Спутники в Солнечной системе(s=99)[Спутники_в_Солнечной_системе]
2026-08-30 03:00:00.507 I/BenchmarkBridge: [PROBE] cand=41 ms=823 titles=Спутники Юпитера | Юпитер | Атмосфера Юпитера | Спутники Урана | Спутники в Солнечной системе | Колонизация спутников Юпитера | Внутренние спутники Юпитера | Галилеевы спутники | Спутник Юпитера | Исследование Юпитера межпланетными аппаратами | Троянские астероиды Юпитера | Спутник | Внутренний спутник | Спутник-1 | Портал:Космонавтика/События дня/февраль | Портал:Космонавтика/События дня/декабрь | Портал:Космонавтика/События дня/июнь | Портал:Космонавтика/События дня/апрель | Портал:Космонавтика/События дня/март | Портал:Космонавтика/События дня/октябрь
2026-08-30 03:00:00.508 I/BenchmarkBridge: [PROBE] done
2026-08-30 03:00:00.808 I/BenchmarkBridge: [PROBE] q=кто был предшественником нынешнего мэра Тольятти
2026-08-30 03:00:00.809 I/FactoidAnswerer: Factoid candidate: label='(by card label)' entity='Тольятти'
2026-08-30 03:00:00.816 I/EntityTitleProbe: Title probes (16 lookups): Тольятти(1080)
2026-08-30 03:00:00.851 I/ZimSearcher: suggestTitles('Тольятти'): Тольятти, Тольятти 24, Тольятти (История), Тольятти (аэродром), Тольятти (значения), Тольятти (станция), Тольятти П., Тольятти сегодня, Тольятти, Эудженио, Тольятти (речной порт), Тольятти (футбольный клуб), Тольятти (особая экономическая зона), Тольятти (территория опережающего развития), Академия Тольятти, Вузы Тольятти, Герб Тольятти, Гимн Тольятти, Градоначальники Тольятти, Дума Тольятти, Лада (Тольятти), Лада-Тольятти, Медгородок Тольятти, Набережная Тольятти, Памятники Тольятти, Поверхность Тольятти, Портпосёлок (Тольятти), Районы Тольятти, СИБУР Тольятти, Спорт Тольятти, Троллейбус Тольятти, Улицы Тольятти, Флаг Тольятти
2026-08-30 03:00:00.853 I/FactoidAnswerer: Factoid candidates: Тольятти
2026-08-30 03:00:00.900 I/FactoidAnswerer: Factoid: no label covers [предше, мэра] in [Глава/мэр, Население, Площадь, Основан, Страна, Часовой пояс, Субъект Федерации, Городской округ, Внутреннее деление, Глава городского округа, Прежние названия, Город с, Высота центра, Тип климата, Плотность, Агломерация, Население агломерации, Национальности, Конфессии, Название жителей, Официальный язык, День города]
2026-08-30 03:00:00.900 I/FactoidAnswerer: Factoid: 'Тольятти' card has no matching field — next candidate
2026-08-30 03:00:00.900 I/FactoidAnswerer: Factoid: no candidate carried the field — falling back to RAG
2026-08-30 03:00:00.900 I/BenchmarkBridge: [PROBE] fast=miss ms=92
2026-08-30 03:00:00.900 I/RagPromptBuilder: Query: 'кто был предшественником нынешнего мэра Тольятти' -> ZIM keywords: 'предшественником нынешнего мэра тольятти'
2026-08-30 03:00:00.958 I/GraphWalker: walk seed=Тольятти props=[P6, P1365, P1366] → 4 nodes
2026-08-30 03:00:00.959 I/RagPromptBuilder: Walker probes (entity='Тольятти', props=3): Тольятти, Илья Геннадьевич Сухих, Николай Ренц, Сергей Анташев, Сергей Андреев
2026-08-30 03:00:00.962 I/EntityTitleProbe: Title probes (16 lookups): Тольятти(1080)
2026-08-30 03:00:00.970 I/ZimSearcher: search('предшественником нынешнего мэра тольятти') estimated=5
2026-08-30 03:00:01.376 I/ZimSearcher: search('предшественником') estimated=92922
2026-08-30 03:00:01.669 I/RagPromptBuilder: Entity merge 'предшественником': +20 candidates
2026-08-30 03:00:01.671 I/RagPromptBuilder: RAG: 'кто был предшественником нынешнего мэра Тольятти' candidates=30
2026-08-30 03:00:01.672 I/RagPromptBuilder: Top hits: Тольятти(s=1080)[Тольятти] | Илья Геннадьевич Сухих(s=899)[Сухих,_Илья_Геннадьевич] | Николай Ренц(s=898)[Ренц,_Николай_Альфредович] | Сергей Анташев(s=897)[Анташев,_Сергей_Александрович] | Сергей Андреев(s=896)[Андреев,_Сергей_Игоревич]
2026-08-30 03:00:01.672 I/BenchmarkBridge: [PROBE] cand=30 ms=772 titles=Тольятти | Илья Геннадьевич Сухих | Николай Ренц | Сергей Анташев | Сергей Андреев | Воронежский трамвай | Человек-предшественник | Кумундурос, Александрос | Вогт, Йёрген Херман | Предшественник бета-амилоида | Петерсен, Ханс Кристиан | Процесс ста девяноста трёх | Сибберн, Валентин Кристиан Вильгельм | Хольст, Пал Кристиан | Мёинишен, Эрик Рёринг | Предшественник белка | Крог, Николаи Йохан Лохманн | Истурис, Франсиско Хавьер де | Фаттори, Доменико | Ланг, Жак
2026-08-30 03:00:01.672 I/BenchmarkBridge: [PROBE] done
2026-08-30 03:00:01.962 I/BenchmarkBridge: [PROBE] q=в каком регионе находится город где родился Гагарин
2026-08-30 03:00:01.963 I/FactoidAnswerer: Factoid candidate: label='Место рождения' entity='Гагарин'
2026-08-30 03:00:01.975 I/EntityTitleProbe: Title probes (5 lookups): Гагарин, Юрий Алексеевич(1070), Регион(1030), Город(1030)
2026-08-30 03:00:02.039 I/ZimSearcher: suggestTitles('Гагарин'): Гагарин, Гагарин (Узбекистан), Гагарин (астероид), Гагарин (аэропорт), Гагарин (город), Гагарин (кратер), Гагарин (мультфильм), Гагарин (село), Гагарин (станция), Гагарин (фамилия), Гагарин (фильм), Гагарин Андрей, Гагарин Василий, Гагарин Григорий, Гагарин Павел, Гагарин, Александр, Гагарин, Алексей, Гагарин, Анатолий, Гагарин, Владимир, Гагарин, Евгений, Гагарин, Иван, Гагарин, Константин, Гагарин, Максим, Гагарин, Матвей, Гагарин, Николай, Гагарин, Павел, Гагарин, Петр, Гагарин, Семён, Гагарин, Сергей, Гагарин, Федор, Гагарин (Вологодская область), Гагарин (Джизакская область)
2026-08-30 03:00:02.041 I/FactoidAnswerer: Factoid candidates: Гагарин, Гагарин, Юрий Алексеевич, Регион, Город
2026-08-30 03:00:02.076 I/FactoidAnswerer: Factoid HIT: Место рождения = 'деревня Клушино, Гжатский район, Западная область, РСФСР, СССР' (Гагарин)
2026-08-30 03:00:02.076 I/BenchmarkBridge: [PROBE] fast=hit ms=113 article=Гагарин field=Место рождения value=деревня Клушино, Гжатский район, Западная область, РСФСР, СССР
2026-08-30 03:00:02.076 I/RagPromptBuilder: Query: 'в каком регионе находится город где родился Гагарин' -> ZIM keywords: 'каком регионе находится город родился гагарин'
2026-08-30 03:00:02.104 I/GraphWalker: walk seed=Гагарин,_Юрий_Алексеевич props=[P6, P1365, P1366, P39, P166, P26, P40, P22, P25, P3373, P50, P175, P800, P184, P802, P57, P58, P162, P36, P159, P127, P112] → 6 nodes
2026-08-30 03:00:02.105 I/RagPromptBuilder: Walker probes (entity='Гагарин', props=22): Гагарин, Юрий Алексеевич, Герой Советского Союза, Орден Ленина, Юбилейная медаль «Двадцать лет Победы в Великой Отечественной войне 1941—1945 гг.», Медаль «За освоение целинных земель», Юбилейная медаль «40 лет Вооружённых Сил СССР», Юбилейная медаль «50 лет Вооружённых Сил СССР»
2026-08-30 03:00:02.114 I/EntityTitleProbe: Title probes (23 lookups): Гагарин, Юрий Алексеевич(1070), Регион(1030), Город(1030)
2026-08-30 03:00:02.150 I/ZimSearcher: search('каком регионе находится город родился гагарин') estimated=400
2026-08-30 03:00:02.726 I/ZimSearcher: search('находится') estimated=505230
2026-08-30 03:00:03.074 I/RagPromptBuilder: Entity merge 'находится': +20 candidates
2026-08-30 03:00:03.077 I/RagPromptBuilder: RAG: 'в каком регионе находится город где родился Гагарин' candidates=49
2026-08-30 03:00:03.077 I/RagPromptBuilder: Top hits: Гагарин, Юрий Алексеевич(s=1070)[Гагарин,_Юрий_Алексеевич] | Регион(s=1030)[Регион] | Город(s=1030)[Город] | Орден Ленина(s=899)[Орден_Ленина] | Герой Советского Союза(s=899)[Герой_Советского_Союза]
2026-08-30 03:00:03.077 I/BenchmarkBridge: [PROBE] cand=49 ms=1001 titles=Гагарин, Юрий Алексеевич | Регион | Город | Орден Ленина | Герой Советского Союза | Медаль «За освоение целинных земель» | Юбилейная медаль «40 лет Вооружённых Сил СССР» | Юбилейная медаль «50 лет Вооружённых Сил СССР» | Юбилейная медаль «Двадцать лет Победы в Великой Отечественной войне 1941—1945 гг.» | Гагарин (Смоленская область) | Улица Гагарина (Томск) | Где находится нофелет? | Наход (Новгородская область) | Наход | Виллер | Битва при Находе | Озёра Уфы | Уличная скульптура в Элисте | Замок Скалы (Наход) | Покеткуб
2026-08-30 03:00:03.077 I/BenchmarkBridge: [PROBE] done
2026-08-30 03:00:03.629 I/BenchmarkBridge: [PROBE] q=сравни население Москвы и Санкт-Петербурга
2026-08-30 03:00:03.630 I/BenchmarkBridge: [PROBE] fast=miss ms=0
2026-08-30 03:00:03.631 I/RagPromptBuilder: Query: 'сравни население Москвы и Санкт-Петербурга' -> ZIM keywords: 'сравни население москвы санкт петербурга'
2026-08-30 03:00:03.859 I/GraphWalker: walk: 0 wikilinks in 'Генплан_Петербурга' (depth=0)
2026-08-30 03:00:03.859 I/GraphWalker: walk seed=Генплан_Петербурга props=[P6, P1365, P1366, P39, P166, P26, P40, P22, P25, P3373, P50, P175, P800, P184, P802, P57, P58, P162, P36, P159, P127, P112] → 0 nodes
2026-08-30 03:00:03.859 I/RagPromptBuilder: Walker probes (entity='Петербурга', props=22): Генплан Петербурга
2026-08-30 03:00:03.870 I/EntityTitleProbe: Title probes (23 lookups): Москва(1080), Санкт-Петербург(1070), Население Москвы(900)
2026-08-30 03:00:03.894 I/ZimSearcher: search('сравни население москвы санкт петербурга') estimated=300
2026-08-30 03:00:04.257 I/ZimSearcher: search('петербурга') estimated=115995
2026-08-30 03:00:04.569 I/RagPromptBuilder: Entity merge 'петербурга': +18 candidates
2026-08-30 03:00:04.571 I/RagPromptBuilder: RAG: 'сравни население Москвы и Санкт-Петербурга' candidates=42
2026-08-30 03:00:04.572 I/RagPromptBuilder: Top hits: Москва(s=1080)[Москва] | Санкт-Петербург(s=1070)[Санкт-Петербург] | Генплан Петербурга(s=900)[Генплан_Петербурга] | Население Москвы(s=900)[Население_Москвы] | Санкт-Петербург (телерадиокомпания)(s=99)[Санкт-Петербург_(телерадиокомпания)]
2026-08-30 03:00:04.572 I/BenchmarkBridge: [PROBE] cand=42 ms=942 titles=Москва | Санкт-Петербург | Генплан Петербурга | Население Москвы | Санкт-Петербург (телерадиокомпания) | Санкт-Петербург-Витебский регион Октябрьской железной дороги | Экономика Санкт-Петербурга | Награды Санкт-Петербурга | Библиотеки Санкт-Петербурга | Уставный суд Санкт-Петербурга | Губернатор Санкт-Петербурга | Органы власти Санкт-Петербурга | Флаг Санкт-Петербурга | Экология Санкт-Петербурга | Почётный гражданин Санкт-Петербурга | Законодательное собрание Санкт-Петербурга | Матчи сборной Санкт-Петербурга по футболу (1913) | Матчи сборной Санкт-Петербурга по футболу (1902—1907) | Матчи сборной Санкт-Петербурга по футболу (1914) | Программа сохранения и развития исторического центра Санкт-Петербурга
2026-08-30 03:00:04.572 I/BenchmarkBridge: [PROBE] done
2026-08-30 03:00:04.767 I/BenchmarkBridge: [PROBE] q=почему Байкал самое глубокое озеро
2026-08-30 03:00:04.768 I/BenchmarkBridge: [PROBE] fast=miss ms=0
2026-08-30 03:00:04.768 I/RagPromptBuilder: Query: 'почему Байкал самое глубокое озеро' -> ZIM keywords: 'байкал самое глубокое озеро'
2026-08-30 03:00:04.797 I/GraphWalker: walk: 0 wikilinks in 'Байкал' (depth=0)
2026-08-30 03:00:04.798 I/GraphWalker: walk seed=Байкал props=[P6, P1365, P1366, P39, P166, P26, P40, P22, P25, P3373, P50, P175, P800, P184, P802, P57, P58, P162, P36, P159, P127, P112] → 0 nodes
2026-08-30 03:00:04.798 I/RagPromptBuilder: Walker probes (entity='Байкал', props=22): Байкал
2026-08-30 03:00:04.813 I/EntityTitleProbe: Title probes (25 lookups): Байкал(1080), Глубокое озеро(1050), Самоа(1030), Само(1030)
2026-08-30 03:00:04.829 I/ZimSearcher: search('байкал самое глубокое озеро') estimated=200
2026-08-30 03:00:05.161 I/ZimSearcher: search('глубокое') estimated=52854
2026-08-30 03:00:05.463 I/RagPromptBuilder: Entity merge 'глубокое': +19 candidates
2026-08-30 03:00:05.465 I/RagPromptBuilder: RAG: 'почему Байкал самое глубокое озеро' candidates=41
2026-08-30 03:00:05.465 I/RagPromptBuilder: Top hits: Байкал(s=1080)[Байкал] | Глубокое озеро(s=1050)[Глубокое_озеро] | Самоа(s=1030)[Самоа] | Само(s=1030)[Само] | Глубокое(s=100)[Глубокое]
2026-08-30 03:00:05.465 I/BenchmarkBridge: [PROBE] cand=41 ms=697 titles=Байкал | Глубокое озеро | Самоа | Само | Глубокое | Глубокое (город) | Глубокое обучение | Глубокое (Алтайский край) | Глубокое синее море (фильм, 1999) | Глубокое синее море 2 | Глубокое (Лужский район) | Глубокое (Опочецкий район) | Байкальская горная страна | Хронология озера Байкал | Сарма (река, впадает в Байкал) | (2776) Байкал | Глубокий | Хубсугул | Впадины континентов | Глубокая
2026-08-30 03:00:05.465 I/BenchmarkBridge: [PROBE] done
2026-08-30 03:00:05.911 I/BenchmarkBridge: [PROBE] q=как связаны Менделеев и периодическая таблица
2026-08-30 03:00:05.912 I/BenchmarkBridge: [PROBE] fast=miss ms=0
2026-08-30 03:00:05.913 I/RagPromptBuilder: Query: 'как связаны Менделеев и периодическая таблица' -> ZIM keywords: 'связаны менделеев периодическая таблица'
2026-08-30 03:00:05.950 I/GraphWalker: walk seed=Менделеев,_Дмитрий_Иванович props=[P6, P1365, P1366, P39, P166, P26, P40, P22, P25, P3373, P50, P175, P800, P184, P802, P57, P58, P162, P36, P159, P127, P112] → 6 nodes
2026-08-30 03:00:05.951 I/RagPromptBuilder: Walker probes (entity='Менделеев', props=22): Менделеев, Дмитрий Иванович, Орден Святого Владимира, Кавалер ордена Святого Александра Невского, Орден Белого орла (Российская империя), Орден Святой Анны I степени, Орден Святого Станислава (Российская империя), Орден Святой Анны II степени
2026-08-30 03:00:05.961 I/EntityTitleProbe: Title probes (14 lookups): Менделеев, Дмитрий Иванович(1070), Периодическая система химических элементов(1040), Таблица(1030), Таблиц, Богуслав(1020)
2026-08-30 03:00:05.969 I/ZimSearcher: search('связаны менделеев периодическая таблица') estimated=60
2026-08-30 03:00:06.347 I/ZimSearcher: search('периодическая') estimated=24960
2026-08-30 03:00:06.686 I/RagPromptBuilder: Entity merge 'периодическая': +18 candidates
2026-08-30 03:00:06.688 I/RagPromptBuilder: RAG: 'как связаны Менделеев и периодическая таблица' candidates=46
2026-08-30 03:00:06.688 I/RagPromptBuilder: Top hits: Менделеев, Дмитрий Иванович(s=1070)[Менделеев,_Дмитрий_Иванович] | Периодическая система химических элементов(s=1040)[Периодическая_система_химических_элементов] | Таблица(s=1030)[Таблица] | Таблиц, Богуслав(s=1020)[Таблиц,_Богуслав] | Орден Святого Владимира(s=899)[Орден_Святого_Владимира]
2026-08-30 03:00:06.689 I/BenchmarkBridge: [PROBE] cand=46 ms=776 titles=Менделеев, Дмитрий Иванович | Периодическая система химических элементов | Таблица | Таблиц, Богуслав | Орден Святого Владимира | Орден Белого орла (Российская империя) | Орден Святой Анны I степени | Орден Святой Анны II степени | Кавалер ордена Святого Александра Невского | Орден Святого Станислава (Российская империя) | Периодическая болезнь | Периодическая последовательность | Периодическая группа | Периодическая функция | Историческая еврейская периодическая печать | Почти периодическая функция | Трижды периодическая минимальная поверхность | Периодический закон | Менделеевские съезды | Периодическое издание
2026-08-30 03:00:06.689 I/BenchmarkBridge: [PROBE] done
2026-09-01 23:13:09.838 I/WikiLLMApp: ADSP_LIBRARY_PATH=/data/app/~~AAe5xvgDdy06x9UAii2L8Q==/com.wikillm.android.debug-Cm0xhB65CPFh8AiA0hj8wA==/lib/arm64;/vendor/lib/rfsa/adsp;/vendor/dsp/cdsp;/system/lib/rfsa/adsp
2026-09-01 23:13:09.854 I/WikiLLMApp: ReLinker.loadLibrary(zim) OK
2026-09-01 23:13:09.869 I/WikiLLMApp: ReLinker.loadLibrary(kiwix) OK
2026-09-01 23:13:09.871 I/WikiLLMApp: System.loadLibrary(zim_wrapper) OK
2026-09-01 23:13:09.872 I/WikiLLMApp: System.loadLibrary(kiwix_wrapper) OK
2026-09-01 23:13:10.143 I/ChatVM: Auto-loading last model: Qwen3-4B-Thinking-2507-Q4_0.gguf
2026-09-01 23:13:10.144 I/ChatVM: Loading model: Qwen3-4B-Thinking-2507-Q4_0.gguf (device=auto, mtp=1) (/storage/emulated/0/Android/data/com.wikillm.android.debug/files/models/unsloth/Qwen3-4B-Thinking-2507-GGUF/Qwen3-4B-Thinking-2507-Q4_0.gguf)
2026-09-01 23:13:14.669 I/ChatVM: Model loaded: Qwen3-4B-Thinking-2507-Q4_0.gguf
2026-09-01 23:13:28.055 I/WikiLLMApp: ADSP_LIBRARY_PATH=/data/app/~~cThGHjlAi3ROfun4ofAZrA==/com.wikillm.android.debug-y3sLhpq7EGSxcJ89K_A6ZA==/lib/arm64;/vendor/lib/rfsa/adsp;/vendor/dsp/cdsp;/system/lib/rfsa/adsp
2026-09-01 23:13:28.060 I/WikiLLMApp: ReLinker.loadLibrary(zim) OK
2026-09-01 23:13:28.065 I/WikiLLMApp: ReLinker.loadLibrary(kiwix) OK
2026-09-01 23:13:28.066 I/WikiLLMApp: System.loadLibrary(zim_wrapper) OK
2026-09-01 23:13:28.067 I/WikiLLMApp: System.loadLibrary(kiwix_wrapper) OK
2026-09-01 23:13:28.295 I/ChatVM: Auto-loading last model: Qwen3-4B-Thinking-2507-Q4_0.gguf
2026-09-01 23:13:28.296 I/ChatVM: Loading model: Qwen3-4B-Thinking-2507-Q4_0.gguf (device=auto, mtp=1) (/storage/emulated/0/Android/data/com.wikillm.android.debug/files/models/unsloth/Qwen3-4B-Thinking-2507-GGUF/Qwen3-4B-Thinking-2507-Q4_0.gguf)
2026-09-01 23:13:32.048 I/ChatVM: Model loaded: Qwen3-4B-Thinking-2507-Q4_0.gguf
2026-09-01 23:13:42.113 I/WikiLLMApp: ADSP_LIBRARY_PATH=/data/app/~~by2-PphG7fgkjxn82kqtwg==/com.wikillm.android.debug-vPq91ymcGXrtABwhdSLFTQ==/lib/arm64;/vendor/lib/rfsa/adsp;/vendor/dsp/cdsp;/system/lib/rfsa/adsp
2026-09-01 23:13:42.117 I/WikiLLMApp: ReLinker.loadLibrary(zim) OK
2026-09-01 23:13:42.122 I/WikiLLMApp: ReLinker.loadLibrary(kiwix) OK
2026-09-01 23:13:42.122 I/WikiLLMApp: System.loadLibrary(zim_wrapper) OK
2026-09-01 23:13:42.123 I/WikiLLMApp: System.loadLibrary(kiwix_wrapper) OK
2026-09-01 23:13:42.151 I/BenchmarkBridge: Benchmark question via intent: кто мэр Тольятти
2026-09-01 23:13:53.962 I/ChatVM: Auto-loading last model: Qwen3-4B-Thinking-2507-Q4_0.gguf
2026-09-01 23:13:53.962 I/ChatVM: Loading model: Qwen3-4B-Thinking-2507-Q4_0.gguf (device=auto, mtp=1) (/storage/emulated/0/Android/data/com.wikillm.android.debug/files/models/unsloth/Qwen3-4B-Thinking-2507-GGUF/Qwen3-4B-Thinking-2507-Q4_0.gguf)
2026-09-01 23:13:57.684 I/ChatVM: Model loaded: Qwen3-4B-Thinking-2507-Q4_0.gguf
2026-09-01 23:14:15.681 I/BenchmarkBridge: Benchmark question via intent: кто мэр Тольятти
2026-09-01 23:14:15.684 I/ChatVM: [TURN] begin q=кто мэр Тольятти
2026-09-01 23:14:15.684 I/ChatVM: Generating: 1 msgs, maxTokens=1600, temp=0.7, noThink=false
2026-09-01 23:15:41.251 I/ChatVM: Reply (0 chars, 727 tok, 85569ms, think 2131 chars): 
2026-09-01 23:15:41.255 I/ChatVM: [TURN] end path=raw total=85569ms factoid=0ms ptok=0 gtok=727 prefill=0ms decode=0ms chars=0
2026-09-01 23:15:44.317 I/ZimSearcher: openPath: /storage/emulated/0/Android/data/com.wikillm.android.debug/files/zim/wikipedia_ru_all_nopic_2026-01.zim (14671735099 bytes)
2026-09-01 23:15:44.678 I/ZimSearchHolder: ZimSearchHolder ready: wikipedia_ru_all_nopic_2026-01.zim
2026-09-01 23:16:07.561 I/BenchmarkBridge: Benchmark question via intent: кто мэр Тольятти
2026-09-01 23:16:07.563 I/ChatVM: [TURN] begin q=кто мэр Тольятти
2026-09-01 23:16:07.565 I/FactoidAnswerer: Factoid candidate: label='Глава/мэр' entity='Тольятти'
2026-09-01 23:16:07.622 I/EntityTitleProbe: Title probes (8 lookups): Тольятти(1080)
2026-09-01 23:16:08.001 I/ZimSearcher: suggestTitles('Тольятти'): Тольятти, Тольятти 24, Тольятти (История), Тольятти (аэродром), Тольятти (значения), Тольятти (станция), Тольятти П., Тольятти сегодня, Тольятти, Эудженио, Тольятти (речной порт), Тольятти (футбольный клуб), Тольятти (особая экономическая зона), Тольятти (территория опережающего развития), Академия Тольятти, Вузы Тольятти, Герб Тольятти, Гимн Тольятти, Градоначальники Тольятти, Дума Тольятти, Лада (Тольятти), Лада-Тольятти, Медгородок Тольятти, Набережная Тольятти, Памятники Тольятти, Поверхность Тольятти, Портпосёлок (Тольятти), Районы Тольятти, СИБУР Тольятти, Спорт Тольятти, Троллейбус Тольятти, Улицы Тольятти, Флаг Тольятти
2026-09-01 23:16:08.005 I/FactoidAnswerer: Factoid candidates: Тольятти
2026-09-01 23:16:08.313 I/FactoidAnswerer: Factoid HIT: Глава/мэр = 'Илья Геннадьевич Сухих' (Тольятти)
2026-09-01 23:16:08.313 I/ChatVM: Factoid answer in 751ms (no LLM): Глава/мэр = Илья Геннадьевич Сухих [Тольятти]
2026-09-01 23:16:08.314 I/ChatVM: [TURN] end path=factoid total=751ms factoid=750ms ptok=0 gtok=0 prefill=0ms decode=0ms chars=48
2026-09-01 23:16:42.286 I/BenchmarkBridge: Benchmark question via intent: кто мэр Тольятти
2026-09-01 23:16:42.288 I/ChatVM: [TURN] begin q=кто мэр Тольятти
2026-09-01 23:16:42.289 I/FactoidAnswerer: Factoid candidate: label='Глава/мэр' entity='Тольятти'
2026-09-01 23:16:42.318 I/EntityTitleProbe: Title probes (8 lookups): Тольятти(1080)
2026-09-01 23:16:42.353 I/ZimSearcher: suggestTitles('Тольятти'): Тольятти, Тольятти 24, Тольятти (История), Тольятти (аэродром), Тольятти (значения), Тольятти (станция), Тольятти П., Тольятти сегодня, Тольятти, Эудженио, Тольятти (речной порт), Тольятти (футбольный клуб), Тольятти (особая экономическая зона), Тольятти (территория опережающего развития), Академия Тольятти, Вузы Тольятти, Герб Тольятти, Гимн Тольятти, Градоначальники Тольятти, Дума Тольятти, Лада (Тольятти), Лада-Тольятти, Медгородок Тольятти, Набережная Тольятти, Памятники Тольятти, Поверхность Тольятти, Портпосёлок (Тольятти), Районы Тольятти, СИБУР Тольятти, Спорт Тольятти, Троллейбус Тольятти, Улицы Тольятти, Флаг Тольятти
2026-09-01 23:16:42.355 I/FactoidAnswerer: Factoid candidates: Тольятти
2026-09-01 23:16:42.492 I/FactoidAnswerer: Factoid HIT: Глава/мэр = 'Илья Геннадьевич Сухих' (Тольятти)
2026-09-01 23:16:42.493 I/ChatVM: Factoid answer in 206ms (no LLM): Глава/мэр = Илья Геннадьевич Сухих [Тольятти]
2026-09-01 23:16:42.493 I/ChatVM: [TURN] end path=factoid total=206ms factoid=205ms ptok=0 gtok=0 prefill=0ms decode=0ms chars=48
2026-09-01 23:16:43.411 I/BenchmarkBridge: Benchmark question via intent: кто мэр Москвы
2026-09-01 23:16:43.413 I/ChatVM: [TURN] begin q=кто мэр Москвы
2026-09-01 23:16:43.414 I/FactoidAnswerer: Factoid candidate: label='Глава/мэр' entity='Москвы'
2026-09-01 23:16:45.046 I/EntityTitleProbe: Title probes (6 lookups): Москва(1080), Мэр Москвы(900)
2026-09-01 23:16:45.513 I/ZimSearcher: suggestTitles('Москвы'): Москвы имени канал, Москвы не бывает, АТД Москвы, Автовокзалы Москвы, Армяне Москвы, Археология Москвы, Архитектура Москвы, Архсовет Москвы, Аэропорты Москвы, Банк Москвы, Бастионы Москвы, Библиотеки Москвы, Болота Москвы, Больницы Москвы, Бомбардировка Москвы, Бюджет Москвы, Виртуозы Москвы, Водоемы Москвы, Водоснабжение Москвы, Вокзалы Москвы, Восьмисотлетие Москвы, Высотки Москвы, ГУВД Москвы, Газоснабжение Москвы, География Москвы, Геология Москвы, Герб Москвы, Гидрология Москвы, Гимн Москвы, Гимназии Москвы, Главархив Москвы, Главы Москвы
2026-09-01 23:16:45.515 I/FactoidAnswerer: Factoid candidates: Москва, Мэр Москвы
2026-09-01 23:16:45.686 I/FactoidAnswerer: Factoid HIT: Глава/мэр = 'Сергей Собянин' (Москва)
2026-09-01 23:16:45.687 I/ChatVM: Factoid answer in 2275ms (no LLM): Глава/мэр = Сергей Собянин [Москва]
2026-09-01 23:16:45.687 I/ChatVM: [TURN] end path=factoid total=2275ms factoid=2274ms ptok=0 gtok=0 prefill=0ms decode=0ms chars=38
2026-09-01 23:16:46.562 I/BenchmarkBridge: Benchmark question via intent: какое население Казани
2026-09-01 23:16:46.563 I/ChatVM: [TURN] begin q=какое население Казани
2026-09-01 23:16:46.564 I/FactoidAnswerer: Factoid candidate: label='Население' entity='Казани'
2026-09-01 23:16:47.501 I/EntityTitleProbe: Title probes (5 lookups): Казань(1080), Казана, Мариуш(1070), Население Казани(900)
2026-09-01 23:16:47.737 I/ZimSearcher: suggestTitles('Казани'): Архитектура Казани, Аэропорт Казани, Взятие Казани, Воевода Казани, Вузы Казани, Герб Казани, Демография Казани, История Казани, Кинотеатры Казани, Климат Казани, Культура Казани, Метро Казани, Мосты Казани, Музеи Казани, Награды Казани, Огни Казани, Осада Казани, Памятники Казани, Промышленность Казани, Районы Казани, Транспорт Казани, Тысячелетие Казани, Улицы Казани, Флаг Казани, Экология Казани, Экономика Казани, Авиакатастрофа в Казани, Авиастроительный район Казани, Автобусные маршруты Казани, Адмиралтейская слобода Казани, Бауманский район Казани, Вахитовский район Казани
2026-09-01 23:16:47.739 I/FactoidAnswerer: Factoid candidates: Казань, Казана, Мариуш, Население Казани
2026-09-01 23:16:47.845 I/FactoidAnswerer: Factoid HIT: Население = '1 329 825 человек (2025)' (Казань)
2026-09-01 23:16:47.846 I/ChatVM: Factoid answer in 1283ms (no LLM): Население = 1 329 825 человек (2025) [Казань]
2026-09-01 23:16:47.846 I/ChatVM: [TURN] end path=factoid total=1283ms factoid=1282ms ptok=0 gtok=0 prefill=0ms decode=0ms chars=48
2026-09-01 23:16:48.710 I/BenchmarkBridge: Benchmark question via intent: какое население Екатеринбурга
2026-09-01 23:16:48.714 I/ChatVM: [TURN] begin q=какое население Екатеринбурга
2026-09-01 23:16:48.715 I/FactoidAnswerer: Factoid candidate: label='Население' entity='Екатеринбурга'
2026-09-01 23:16:48.977 I/EntityTitleProbe: Title probes (8 lookups): Екатеринбург(1080), Население Екатеринбурга(900)
2026-09-01 23:16:49.070 I/ZimSearcher: suggestTitles('Екатеринбурга'): Администрация Екатеринбурга, Архитектура Екатеринбурга, Водоотведение Екатеринбурга, Водоснабжение Екатеринбурга, Вокзал Екатеринбурга, Вузы Екатеринбурга, Газоснабжение Екатеринбурга, Герб Екатеринбурга, Глава Екатеринбурга, Главы Екатеринбурга, История Екатеринбурга, Кинотеатры Екатеринбурга, Кладбища Екатеринбурга, Климат Екатеринбурга, Культура Екатеринбурга, Метро Екатеринбурга, Музеи Екатеринбурга, Музыка Екатеринбурга, Население Екатеринбурга, Озеленение Екатеринбурга, Промышленность Екатеринбурга, Радиостанции Екатеринбурга, Радиостанции екатеринбурга, Районы Екатеринбурга, СМИ Екатеринбурга, ССУЗы Екатеринбурга, Слободы Екатеринбурга, Театры Екатеринбурга, Теплоснабжение Екатеринбурга, Транспорт Екатеринбурга, Улицы Екатеринбурга, Храмы Екатеринбурга
2026-09-01 23:16:49.071 I/FactoidAnswerer: Factoid candidates: Екатеринбург, Население Екатеринбурга
2026-09-01 23:16:49.185 I/FactoidAnswerer: Factoid HIT: Население = 'город: 1 548 187 (2025) городской округ: 1 592 493 человек (2025)' (Екатеринбург)
2026-09-01 23:16:49.186 I/ChatVM: Factoid answer in 473ms (no LLM): Население = город: 1 548 187 (2025) городской округ: 1 592 493 человек (2025) [Екатеринбург]
2026-09-01 23:16:49.186 I/ChatVM: [TURN] end path=factoid total=473ms factoid=472ms ptok=0 gtok=0 prefill=0ms decode=0ms chars=95
2026-09-01 23:16:49.833 I/BenchmarkBridge: Benchmark question via intent: когда основан Новосибирск
2026-09-01 23:16:49.835 I/ChatVM: [TURN] begin q=когда основан Новосибирск
2026-09-01 23:16:49.835 I/FactoidAnswerer: Factoid candidate: label='Основан' entity='Новосибирск'
2026-09-01 23:16:49.874 I/EntityTitleProbe: Title probes (2 lookups): Новосибирск(1080)
2026-09-01 23:16:50.423 I/ZimSearcher: suggestTitles('Новосибирск'): Новосибирск, Новосибирск (аэропорт), Новосибирск (значения), Новосибирск (станция), Новосибирск (телерадиокомпания), Новосибирск Авиа, Новосибирск Экспоцентр, Новосибирск-Восточный, Новосибирск-Главный, Новосибирск-Ж, Новосибирск-Западный, Новосибирск-Инская, Новосибирск-Олимпик, Новосибирск-Южный, Новосибирск (баскетбольный клуб), Новосибирск (подводная лодка), Новосибирск (футбольный клуб), Новосибирск Северный (аэропорт), Новосибирск-Главный-Перевалка, «Новосибирск» в сезоне 2012/2013, «Новосибирск» в сезоне 2013/2014, «Новосибирск» в сезоне 2014/2015, «Новосибирск» в сезоне 2015/2016, «Новосибирск» в сезоне 2016/2017, (4271) Новосибирск, Академгородок (Новосибирск), Вертково (Новосибирск), Вечерний Новосибирск, Водоканал (Новосибирск), Затон (Новосибирск), Кирово (Новосибирск), Лесоперевалка (Новосибирск)
2026-09-01 23:16:50.426 I/FactoidAnswerer: Factoid candidates: Новосибирск
2026-09-01 23:16:50.535 I/FactoidAnswerer: Factoid HIT: Основан = '1893 год' (Новосибирск)
2026-09-01 23:16:50.536 I/ChatVM: Factoid answer in 702ms (no LLM): Основан = 1893 год [Новосибирск]
2026-09-01 23:16:50.536 I/ChatVM: [TURN] end path=factoid total=702ms factoid=701ms ptok=0 gtok=0 prefill=0ms decode=0ms chars=35
2026-09-01 23:16:50.957 I/BenchmarkBridge: Benchmark question via intent: когда основан Владивосток
2026-09-01 23:16:50.958 I/ChatVM: [TURN] begin q=когда основан Владивосток
2026-09-01 23:16:50.959 I/FactoidAnswerer: Factoid candidate: label='Основан' entity='Владивосток'
2026-09-01 23:16:50.991 I/EntityTitleProbe: Title probes (2 lookups): Владивосток(1080)
2026-09-01 23:16:51.160 I/ZimSearcher: suggestTitles('Владивосток'): Владивосток, Владивосток 2000, Владивосток (УДК), Владивосток (аэропорт), Владивосток (газета), Владивосток (значения), Владивосток (ледокол), Владивосток (пароход), Владивосток (порт), Владивосток (станция), Владивосток (телерадиокомпания), Владивосток Авиа, Владивосток (газета, 1883), Владивосток (газета, 1911), Владивосток (фильм, 2021), Владивосток, год 1918, Владивосток (городской округ), Владивосток (пункт базирования), Владивосток (большой противолодочный корабль), Авиалифт Владивосток, Арт Владивосток, Большой Владивосток, ГТРК «Владивосток», Луч Владивосток, Москва-Владивосток, Новый Владивосток, Эгершельд (Владивосток), АТЭС Владивосток 2012, ТЭЦ-1 (Владивосток), ТЭЦ-2 (Владивосток), Проспект Столетия Владивостока (Владивосток), Абрекская улица (Владивосток)
2026-09-01 23:16:51.163 I/FactoidAnswerer: Factoid candidates: Владивосток
2026-09-01 23:16:51.259 I/FactoidAnswerer: Factoid HIT: Основан = '1860 год' (Владивосток)
2026-09-01 23:16:51.260 I/ChatVM: Factoid answer in 302ms (no LLM): Основан = 1860 год [Владивосток]
2026-09-01 23:16:51.260 I/ChatVM: [TURN] end path=factoid total=302ms factoid=301ms ptok=0 gtok=0 prefill=0ms decode=0ms chars=35
2026-09-01 23:16:52.077 I/BenchmarkBridge: Benchmark question via intent: какая площадь Байкала
2026-09-01 23:16:52.079 I/ChatVM: [TURN] begin q=какая площадь Байкала
2026-09-01 23:16:52.079 I/FactoidAnswerer: Factoid candidate: label='Площадь' entity='Байкала'
2026-09-01 23:16:52.139 I/EntityTitleProbe: Title probes (4 lookups): Байкал(1080)
2026-09-01 23:16:52.202 I/ZimSearcher: suggestTitles('Байкала'): Ветры Байкала, Орлы Байкала, Баргузин (приток Байкала), Безымянная (приток Байкала), Култук (залив Байкала), Паньковка (приток Байкала), Сор (залив Байкала), Талая (приток Байкала), Легенда о дочери Байкала, Турка (река, бассейн Байкала), Фролиха (река, бассейн Байкала), Холодная (река, бассейн Байкала), Большая Осиновка (приток Байкала, Бурятия), Байкал, Байкан, (2776) Байкал, Байкал-1, Байкал-441, АУ220М «Байкал», Аэропорт Байкал, Байкал (Болгария), Байкал (МРУ), Байкал (авиакомпания), Байкал (автодорога), Байкал (журнал), Байкал (залив), Байкал (значения), Байкал (напиток), Байкал (поезд), Байкал (процессор), Байкал (самолёт), Байкал (стадион)
2026-09-01 23:16:52.203 I/FactoidAnswerer: Factoid candidates: Байкал
2026-09-01 23:16:52.254 I/FactoidAnswerer: Factoid HIT: Площадь = '31 722 км²' (Байкал)
2026-09-01 23:16:52.255 I/ChatVM: Factoid answer in 177ms (no LLM): Площадь = 31 722 км² [Байкал]
2026-09-01 23:16:52.255 I/ChatVM: [TURN] end path=factoid total=177ms factoid=176ms ptok=0 gtok=0 prefill=0ms decode=0ms chars=32
2026-09-01 23:16:53.178 I/BenchmarkBridge: Benchmark question via intent: какая столица Японии
2026-09-01 23:16:53.179 I/ChatVM: [TURN] begin q=какая столица Японии
2026-09-01 23:16:53.180 I/FactoidAnswerer: Factoid candidate: label='Столица' entity='Японии'
2026-09-01 23:16:53.647 I/EntityTitleProbe: Title probes (4 lookups): Япония(1080), Нихоний(1070), Токио(890)
2026-09-01 23:16:53.828 I/ZimSearcher: suggestTitles('Японии'): Японий, АН Японии, АЭС Японии, Автопром Японии, Армия Японии, Архитектура Японии, Банк Японии, Боги Японии, Буддизм Японии, ВВС Японии, ВМС Японии, ВПК Японии, ВС Японии, Валюта Японии, Вулканы Японии, Генконсульство Японии, География Японии, Геология Японии, Герб Японии, Гимн Японии, Города Японии, Гражданство Японии, Демография Японии, День Японии, Деревни Японии, Живопись Японии, Законодательство Японии, Закрытие Японии, Замки Японии, Император Японии, Интернет Японии, Искусство Японии
2026-09-01 23:16:53.829 I/FactoidAnswerer: Factoid candidates: Япония, Нихоний, Токио
2026-09-01 23:16:53.893 I/FactoidAnswerer: Factoid HIT: Столица = 'Токио' (Япония)
2026-09-01 23:16:53.893 I/ChatVM: Factoid answer in 714ms (no LLM): Столица = Токио [Япония]
2026-09-01 23:16:53.894 I/ChatVM: [TURN] end path=factoid total=714ms factoid=713ms ptok=0 gtok=0 prefill=0ms decode=0ms chars=27
2026-09-01 23:16:54.302 I/BenchmarkBridge: Benchmark question via intent: какая валюта в Бразилии
2026-09-01 23:16:54.305 I/ChatVM: [TURN] begin q=какая валюта в Бразилии
2026-09-01 23:16:54.307 I/FactoidAnswerer: Factoid candidate: label='Валюта' entity='Бразилии'
2026-09-01 23:16:54.602 I/EntityTitleProbe: Title probes (5 lookups): Бразилия(1080)
2026-09-01 23:16:54.784 I/ZimSearcher: suggestTitles('Бразилии'): Авеню Бразилии, Амфибии Бразилии, Армия Бразилии, Банк Бразилии, ВВП Бразилии, ВВС Бразилии, ВМС Бразилии, ВС Бразилии, Валюта Бразилии, География Бразилии, Геология Бразилии, Герб Бразилии, Гимн Бразилии, Города Бразилии, Горы Бразилии, Живопись Бразилии, Индейцы Бразилии, История Бразилии, КП Бразилии, Капитанства Бразилии, Кинематограф Бразилии, Конгресс Бразилии, Конституция Бразилии, Культура Бразилии, Литература Бразилии, Маршал Бразилии, Млекопитающие Бразилии, Музыка Бразилии, Мученики Бразилии, Название Бразилии, Население Бразилии, Политика Бразилии
2026-09-01 23:16:54.785 I/FactoidAnswerer: Factoid candidates: Бразилия
2026-09-01 23:16:54.835 I/FactoidAnswerer: Factoid HIT: Валюта = 'бразильский реал (код BRL, 986)' (Бразилия)
2026-09-01 23:16:54.836 I/ChatVM: Factoid answer in 531ms (no LLM): Валюта = бразильский реал (код BRL, 986) [Бразилия]
2026-09-01 23:16:54.836 I/ChatVM: [TURN] end path=factoid total=531ms factoid=530ms ptok=0 gtok=0 prefill=0ms decode=0ms chars=54
2026-09-01 23:16:55.427 I/BenchmarkBridge: Benchmark question via intent: когда родился Дмитрий Менделеев
2026-09-01 23:16:55.428 I/ChatVM: [TURN] begin q=когда родился Дмитрий Менделеев
2026-09-01 23:16:55.429 I/FactoidAnswerer: Factoid candidate: label='Дата рождения' entity='Менделеев'
2026-09-01 23:16:55.483 I/EntityTitleProbe: Title probes (9 lookups): Менделеев, Дмитрий Иванович(1090), Дмитрий(1080)
2026-09-01 23:16:55.566 I/ZimSearcher: suggestTitles('Менделеев'): Менделеев, Менделеев (вулкан), Менделеев (город), Менделеев (значения), Менделеев (кратер), Менделеев Владимир, Менделеев Василий Дмитриевич, Менделеев Иван Павлович, Менделеев Иридий Михайлович, Менделеев Павел Павлович, (2769) Менделеев, Дмитрий Менделеев (судно), Алексей (Алесь) Семёнович Менделеев, Менделеевий, Менделеевит, Менделеевка, Менделеево, Менделеевск, Менделеевская, Менделеевский, Менделеевы, Л. Менделеева, Менделеева таблица, Менделеево (Абхазия), Менделеево (Крым), Менделеево (Кунашир), Менделеево (аэропорт), Менделеевская (платформа), Менделеевская ГеоТЭС, Менделеевская линия, Менделеевская олимпиада, Менделеевская улица
2026-09-01 23:16:55.569 I/FactoidAnswerer: Factoid candidates: Менделеев, Менделеев, Дмитрий Иванович, Дмитрий, Менделеев, Дмитрий
2026-09-01 23:16:55.635 I/FactoidAnswerer: Factoid HIT: Дата рождения = '27 января (8 февраля) 1834 […]' (Менделеев)
2026-09-01 23:16:55.635 I/ChatVM: Factoid answer in 207ms (no LLM): Дата рождения = 27 января (8 февраля) 1834 […] [Менделеев]
2026-09-01 23:16:55.636 I/ChatVM: [TURN] end path=factoid total=207ms factoid=207ms ptok=0 gtok=0 prefill=0ms decode=0ms chars=61
2026-09-01 23:16:56.539 I/BenchmarkBridge: Benchmark question via intent: когда умер Лев Толстой
2026-09-01 23:16:56.540 I/ChatVM: [TURN] begin q=когда умер Лев Толстой
2026-09-01 23:16:56.540 I/FactoidAnswerer: Factoid candidate: label='Дата смерти' entity='Толстой'
2026-09-01 23:16:56.591 I/EntityTitleProbe: Title probes (5 lookups): Толстой, Лев Николаевич(1090), Толстой(1080), Толстая(1080)
2026-09-01 23:16:56.795 I/ZimSearcher: suggestTitles('Толстой'): Толстой, Толстой (Канада), Толстой (Украина), Толстой (кратер), Толстой (мыс), Толстой (фестиваль), Толстой Алексей, Толстой Д., Толстой Л., Толстой Михаил, Толстой Никита, Толстой Николай, Толстой П., Толстой, Акинфий, Толстой, Александр, Толстой, Андрей, Толстой, Василий, Толстой, Виктория, Толстой, Владимир, Толстой, Егор, Толстой, Иван, Толстой, Илья, Толстой, Никита, Толстой, Сергей, Толстой, Федор, Толстой, Фёдор, Толстой-Американец, Толстой-Милославский, Толстой-Юрт, Толстой. Воскресенье, Толстой А. К., Толстой А.Н.
2026-09-01 23:16:56.798 I/FactoidAnswerer: Factoid candidates: Толстой, Толстой, Лев Николаевич, Толстая
2026-09-01 23:16:56.815 I/FactoidAnswerer: Factoid: 'Толстой' has no infobox — next candidate
2026-09-01 23:16:56.885 I/FactoidAnswerer: Factoid HIT: Дата смерти = '7 (20) ноября 1910(1910-11-20)' (Толстой, Лев Николаевич)
2026-09-01 23:16:56.886 I/ChatVM: Factoid answer in 345ms (no LLM): Дата смерти = 7 (20) ноября 1910(1910-11-20) [Толстой, Лев Николаевич]
2026-09-01 23:16:56.886 I/ChatVM: [TURN] end path=factoid total=345ms factoid=345ms ptok=0 gtok=0 prefill=0ms decode=0ms chars=73
2026-09-01 23:16:57.652 I/BenchmarkBridge: Benchmark question via intent: где родился Юрий Гагарин
2026-09-01 23:16:57.654 I/ChatVM: [TURN] begin q=где родился Юрий Гагарин
2026-09-01 23:16:57.654 I/FactoidAnswerer: Factoid candidate: label='Место рождения' entity='Гагарин'
2026-09-01 23:16:57.685 I/EntityTitleProbe: Title probes (7 lookups): Гагарин, Юрий Алексеевич(1090), Юрий(1080)
2026-09-01 23:16:57.922 I/ZimSearcher: suggestTitles('Гагарин'): Гагарин, Гагарин (Узбекистан), Гагарин (астероид), Гагарин (аэропорт), Гагарин (город), Гагарин (кратер), Гагарин (мультфильм), Гагарин (село), Гагарин (станция), Гагарин (фамилия), Гагарин (фильм), Гагарин Андрей, Гагарин Василий, Гагарин Григорий, Гагарин Павел, Гагарин, Александр, Гагарин, Алексей, Гагарин, Анатолий, Гагарин, Владимир, Гагарин, Евгений, Гагарин, Иван, Гагарин, Константин, Гагарин, Максим, Гагарин, Матвей, Гагарин, Николай, Гагарин, Павел, Гагарин, Петр, Гагарин, Семён, Гагарин, Сергей, Гагарин, Федор, Гагарин (Вологодская область), Гагарин (Джизакская область)
2026-09-01 23:16:57.926 I/FactoidAnswerer: Factoid candidates: Гагарин, Гагарин, Юрий Алексеевич, Юрий
2026-09-01 23:16:57.983 I/FactoidAnswerer: Factoid HIT: Место рождения = 'деревня Клушино, Гжатский район, Западная область, РСФСР, СССР' (Гагарин)
2026-09-01 23:16:57.984 I/ChatVM: Factoid answer in 330ms (no LLM): Место рождения = деревня Клушино, Гжатский район, Западная область, РСФСР, СССР [Гагарин]
2026-09-01 23:16:57.984 I/ChatVM: [TURN] end path=factoid total=330ms factoid=329ms ptok=0 gtok=0 prefill=0ms decode=0ms chars=92
2026-09-01 23:16:58.793 I/BenchmarkBridge: Benchmark question via intent: кто автор романа Война и мир
2026-09-01 23:16:58.794 I/ChatVM: [TURN] begin q=кто автор романа Война и мир
2026-09-01 23:16:58.795 I/FactoidAnswerer: Factoid candidate: label='Автор' entity='Война'
2026-09-01 23:16:58.846 I/EntityTitleProbe: Title probes (14 lookups): Война и мир(1120), Война(1080)
2026-09-01 23:17:00.239 I/ZimSearcher: suggestTitles('Война'): Война, Война 08.08.08, Война 1812, Война-41, Война для всех война, Война "Тойот", Война (альбом), Война (значения), Война (книга), Война (песня), Война (река), Война (роман), Война (село), Война (телесериал), Война (фильм), Война «Тромы», Война Анны, Война Басус, Война Босин, Война Вибо, Война Викторио, Война Воронёнка, Война Времени, Война Высших, Война Гнева, Война Гоботов, Война Госаннэн, Война Гэмпэй, Война Даммера, Война Данмора, Война Дзэнкунэн, Война Дзёкю
2026-09-01 23:17:00.242 I/FactoidAnswerer: Factoid candidates: Война, Война и мир, Война (роман)
2026-09-01 23:17:00.274 I/FactoidAnswerer: Factoid: 'Война' has no infobox — next candidate
2026-09-01 23:17:00.300 I/FactoidAnswerer: Factoid HIT: Автор = 'Лев Николаевич Толстой' (Война и мир)
2026-09-01 23:17:00.300 I/ChatVM: Factoid answer in 1506ms (no LLM): Автор = Лев Николаевич Толстой [Война и мир]
2026-09-01 23:17:00.301 I/ChatVM: [TURN] end path=factoid total=1506ms factoid=1505ms ptok=0 gtok=0 prefill=0ms decode=0ms chars=47
2026-09-01 23:17:00.940 I/BenchmarkBridge: Benchmark question via intent: кто режиссёр фильма Сталкер
2026-09-01 23:17:00.942 I/ChatVM: [TURN] begin q=кто режиссёр фильма Сталкер
2026-09-01 23:17:00.942 I/FactoidAnswerer: Factoid candidate: label='Режиссёр' entity='Сталкер'
2026-09-01 23:17:00.996 I/EntityTitleProbe: Title probes (7 lookups): Сталкер(1080)
2026-09-01 23:17:01.041 I/ZimSearcher: suggestTitles('Сталкер'): Сталкер, Сталкер 2, Сталкер 2154, Сталкер (группа), Сталкер (замок), Сталкер (игра), Сталкер (кинофестиваль), Сталкер (программа), Сталкер (сериал), Сталкер (фильм), Сталкер (человек), Сталкер Мобайл, Сталкер (фильм, 2023), Сталкер Зов Припяти, Сталкер Чистое небо, Смертельный Сталкер, Лопес, Рикардо (сталкер), Убить сталкера, Рерберг и Тарковский. Обратная сторона "Сталкера", Сталкерс/Земессардзе, Чернобыльское сталкерство
2026-09-01 23:17:01.043 I/FactoidAnswerer: Factoid candidates: Сталкер, Сталкер (фильм), Сталкер (фильм, 2023)
2026-09-01 23:17:01.052 I/FactoidAnswerer: Factoid: 'Сталкер' has no infobox — next candidate
2026-09-01 23:17:01.086 I/FactoidAnswerer: Factoid HIT: Режиссёр = 'Андрей Тарковский' (Сталкер (фильм))
2026-09-01 23:17:01.087 I/ChatVM: Factoid answer in 146ms (no LLM): Режиссёр = Андрей Тарковский [Сталкер (фильм)]
2026-09-01 23:17:01.087 I/ChatVM: [TURN] end path=factoid total=146ms factoid=145ms ptok=0 gtok=0 prefill=0ms decode=0ms chars=49
2026-09-01 23:17:02.051 I/BenchmarkBridge: Benchmark question via intent: почему Юпитер называют газовым гигантом
2026-09-01 23:17:02.053 I/ChatVM: [TURN] begin q=почему Юпитер называют газовым гигантом
2026-09-01 23:17:02.053 I/ChatVM: [PHASE] factoid=miss ms=0
2026-09-01 23:17:02.055 I/RagPromptBuilder: Query: 'почему Юпитер называют газовым гигантом' -> ZIM keywords: 'юпитер называют газовым гигантом'
2026-09-01 23:17:02.136 I/GraphWalker: walk: 0 wikilinks in 'Юпитер' (depth=0)
2026-09-01 23:17:02.137 I/GraphWalker: walk seed=Юпитер props=[P6, P1365, P1366, P39, P166, P26, P40, P22, P25, P3373, P50, P175, P800, P184, P802, P57, P58, P162, P36, P159, P127, P112] → 0 nodes
2026-09-01 23:17:02.137 I/RagPromptBuilder: Walker probes (entity='Юпитер', props=22): Юпитер
2026-09-01 23:17:02.165 I/EntityTitleProbe: Title probes (13 lookups): Юпитер(1080), Гигант(1030)
2026-09-01 23:17:02.210 I/ZimSearcher: search('юпитер называют газовым гигантом') estimated=200
2026-09-01 23:17:02.678 I/ZimSearcher: search('называют') estimated=194221
2026-09-01 23:17:03.040 I/RagPromptBuilder: Entity merge 'называют': +20 candidates
2026-09-01 23:17:03.045 I/RagPromptBuilder: RAG: 'почему Юпитер называют газовым гигантом' candidates=42
2026-09-01 23:17:03.045 I/RagPromptBuilder: Top hits: Юпитер(s=1080)[Юпитер] | Гигант(s=1030)[Гигант] | То, что называют любовью(s=98)[То,_что_называют_любовью] | Газовые гиганты(s=100)[Газовые_гиганты] | Моя так называемая жизнь(s=100)[Моя_так_называемая_жизнь]
2026-09-01 23:17:03.276 I/RagPromptBuilder: [PHASE] search=996ms read=225ms docs=4 ctx=4526
2026-09-01 23:17:03.276 I/RagPromptBuilder: RAG prompt preview (listIntent=false): Тебе даны выдержки из Википедии. Отвечай на их основе. Извлеки и собери ВСЕ относящиеся к вопросу факты из выдержек, даже частичные (имена, даты, перечни). Если в выдержках совсем нет нужной информации — скажи «не знаю по приведённым выдержкам». Отвечай на русском языке.  === ВЫДЕРЖКИ ИЗ ВИКИ === === Юпитер === Карточка: Перигелий: 7,405736⋅108 км (4,950429 а. e.) Афелий: 8,165208⋅108 км (5,458104 а. e.) Большая полуось ( a): 7,785472⋅108 км (5,204267 а. e.) Эксцентриситет орбиты (e): 0,048775 С
2026-09-01 23:17:03.277 I/ChatVM: RAG ctx: 4 articles from 42 candidates
2026-09-01 23:17:03.277 I/ChatVM: Generating: 32 msgs, maxTokens=1600, temp=0.7, noThink=false
2026-09-01 23:17:35.132 I/BenchmarkBridge: Benchmark question via intent: что такое фотосинтез
2026-09-01 23:17:48.337 I/ChatVM: Reply (0 chars, 220 tok, 46285ms, think 632 chars): 
2026-09-01 23:17:48.337 I/ChatVM: [TURN] end path=rag total=46285ms factoid=0ms ptok=0 gtok=220 prefill=0ms decode=0ms chars=0
2026-09-01 23:18:13.441 I/ChatVM: Loading model: QVikhr-3-4B-Instruction-Q4_0.gguf (device=auto, mtp=1) (/storage/emulated/0/Android/data/com.wikillm.android.debug/files/models/Vikhrmodels/QVikhr-3-4B-Instruction-GGUF/QVikhr-3-4B-Instruction-Q4_0.gguf)
2026-09-01 23:18:17.391 I/ChatVM: Model loaded: QVikhr-3-4B-Instruction-Q4_0.gguf
2026-09-01 23:18:54.481 I/BenchmarkBridge: Benchmark question via intent: кто мэр Тольятти
2026-09-01 23:18:54.486 I/ChatVM: [TURN] begin q=кто мэр Тольятти
2026-09-01 23:18:54.487 I/FactoidAnswerer: Factoid candidate: label='Глава/мэр' entity='Тольятти'
2026-09-01 23:18:54.529 I/EntityTitleProbe: Title probes (8 lookups): Тольятти(1080)
2026-09-01 23:18:54.901 I/ZimSearcher: suggestTitles('Тольятти'): Тольятти, Тольятти 24, Тольятти (История), Тольятти (аэродром), Тольятти (значения), Тольятти (станция), Тольятти П., Тольятти сегодня, Тольятти, Эудженио, Тольятти (речной порт), Тольятти (футбольный клуб), Тольятти (особая экономическая зона), Тольятти (территория опережающего развития), Академия Тольятти, Вузы Тольятти, Герб Тольятти, Гимн Тольятти, Градоначальники Тольятти, Дума Тольятти, Лада (Тольятти), Лада-Тольятти, Медгородок Тольятти, Набережная Тольятти, Памятники Тольятти, Поверхность Тольятти, Портпосёлок (Тольятти), Районы Тольятти, СИБУР Тольятти, Спорт Тольятти, Троллейбус Тольятти, Улицы Тольятти, Флаг Тольятти
2026-09-01 23:18:54.903 I/FactoidAnswerer: Factoid candidates: Тольятти
2026-09-01 23:18:54.958 I/FactoidAnswerer: Factoid HIT: Глава/мэр = 'Илья Геннадьевич Сухих' (Тольятти)
2026-09-01 23:18:54.958 I/ChatVM: Factoid answer in 473ms (no LLM): Глава/мэр = Илья Геннадьевич Сухих [Тольятти]
2026-09-01 23:18:54.959 I/ChatVM: [TURN] end path=factoid total=473ms factoid=471ms ptok=0 gtok=0 prefill=0ms decode=0ms chars=48
2026-09-01 23:18:55.600 I/BenchmarkBridge: Benchmark question via intent: кто мэр Москвы
2026-09-01 23:18:55.602 I/ChatVM: [TURN] begin q=кто мэр Москвы
2026-09-01 23:18:55.603 I/FactoidAnswerer: Factoid candidate: label='Глава/мэр' entity='Москвы'
2026-09-01 23:18:57.304 I/EntityTitleProbe: Title probes (6 lookups): Москва(1080), Мэр Москвы(900)
2026-09-01 23:18:57.589 I/ZimSearcher: suggestTitles('Москвы'): Москвы имени канал, Москвы не бывает, АТД Москвы, Автовокзалы Москвы, Армяне Москвы, Археология Москвы, Архитектура Москвы, Архсовет Москвы, Аэропорты Москвы, Банк Москвы, Бастионы Москвы, Библиотеки Москвы, Болота Москвы, Больницы Москвы, Бомбардировка Москвы, Бюджет Москвы, Виртуозы Москвы, Водоемы Москвы, Водоснабжение Москвы, Вокзалы Москвы, Восьмисотлетие Москвы, Высотки Москвы, ГУВД Москвы, Газоснабжение Москвы, География Москвы, Геология Москвы, Герб Москвы, Гидрология Москвы, Гимн Москвы, Гимназии Москвы, Главархив Москвы, Главы Москвы
2026-09-01 23:18:57.590 I/FactoidAnswerer: Factoid candidates: Москва, Мэр Москвы
2026-09-01 23:18:57.670 I/FactoidAnswerer: Factoid HIT: Глава/мэр = 'Сергей Собянин' (Москва)
2026-09-01 23:18:57.670 I/ChatVM: Factoid answer in 2068ms (no LLM): Глава/мэр = Сергей Собянин [Москва]
2026-09-01 23:18:57.671 I/ChatVM: [TURN] end path=factoid total=2068ms factoid=2067ms ptok=0 gtok=0 prefill=0ms decode=0ms chars=38
2026-09-01 23:18:58.740 I/BenchmarkBridge: Benchmark question via intent: какое население Казани
2026-09-01 23:18:58.742 I/ChatVM: [TURN] begin q=какое население Казани
2026-09-01 23:18:58.742 I/FactoidAnswerer: Factoid candidate: label='Население' entity='Казани'
2026-09-01 23:18:59.327 I/EntityTitleProbe: Title probes (5 lookups): Казань(1080), Казана, Мариуш(1070), Население Казани(900)
2026-09-01 23:18:59.504 I/ZimSearcher: suggestTitles('Казани'): Архитектура Казани, Аэропорт Казани, Взятие Казани, Воевода Казани, Вузы Казани, Герб Казани, Демография Казани, История Казани, Кинотеатры Казани, Климат Казани, Культура Казани, Метро Казани, Мосты Казани, Музеи Казани, Награды Казани, Огни Казани, Осада Казани, Памятники Казани, Промышленность Казани, Районы Казани, Транспорт Казани, Тысячелетие Казани, Улицы Казани, Флаг Казани, Экология Казани, Экономика Казани, Авиакатастрофа в Казани, Авиастроительный район Казани, Автобусные маршруты Казани, Адмиралтейская слобода Казани, Бауманский район Казани, Вахитовский район Казани
2026-09-01 23:18:59.505 I/FactoidAnswerer: Factoid candidates: Казань, Казана, Мариуш, Население Казани
2026-09-01 23:18:59.564 I/FactoidAnswerer: Factoid HIT: Население = '1 329 825 человек (2025)' (Казань)
2026-09-01 23:18:59.564 I/ChatVM: Factoid answer in 823ms (no LLM): Население = 1 329 825 человек (2025) [Казань]
2026-09-01 23:18:59.565 I/ChatVM: [TURN] end path=factoid total=823ms factoid=822ms ptok=0 gtok=0 prefill=0ms decode=0ms chars=48
2026-09-01 23:18:59.846 I/BenchmarkBridge: Benchmark question via intent: какое население Екатеринбурга
2026-09-01 23:18:59.848 I/ChatVM: [TURN] begin q=какое население Екатеринбурга
2026-09-01 23:18:59.849 I/FactoidAnswerer: Factoid candidate: label='Население' entity='Екатеринбурга'
2026-09-01 23:19:00.015 I/EntityTitleProbe: Title probes (8 lookups): Екатеринбург(1080), Население Екатеринбурга(900)
2026-09-01 23:19:00.103 I/ZimSearcher: suggestTitles('Екатеринбурга'): Администрация Екатеринбурга, Архитектура Екатеринбурга, Водоотведение Екатеринбурга, Водоснабжение Екатеринбурга, Вокзал Екатеринбурга, Вузы Екатеринбурга, Газоснабжение Екатеринбурга, Герб Екатеринбурга, Глава Екатеринбурга, Главы Екатеринбурга, История Екатеринбурга, Кинотеатры Екатеринбурга, Кладбища Екатеринбурга, Климат Екатеринбурга, Культура Екатеринбурга, Метро Екатеринбурга, Музеи Екатеринбурга, Музыка Екатеринбурга, Население Екатеринбурга, Озеленение Екатеринбурга, Промышленность Екатеринбурга, Радиостанции Екатеринбурга, Радиостанции екатеринбурга, Районы Екатеринбурга, СМИ Екатеринбурга, ССУЗы Екатеринбурга, Слободы Екатеринбурга, Театры Екатеринбурга, Теплоснабжение Екатеринбурга, Транспорт Екатеринбурга, Улицы Екатеринбурга, Храмы Екатеринбурга
2026-09-01 23:19:00.104 I/FactoidAnswerer: Factoid candidates: Екатеринбург, Население Екатеринбурга
2026-09-01 23:19:00.181 I/FactoidAnswerer: Factoid HIT: Население = 'город: 1 548 187 (2025) городской округ: 1 592 493 человек (2025)' (Екатеринбург)
2026-09-01 23:19:00.181 I/ChatVM: Factoid answer in 333ms (no LLM): Население = город: 1 548 187 (2025) городской округ: 1 592 493 человек (2025) [Екатеринбург]
2026-09-01 23:19:00.181 I/ChatVM: [TURN] end path=factoid total=333ms factoid=333ms ptok=0 gtok=0 prefill=0ms decode=0ms chars=95
2026-09-01 23:19:00.955 I/BenchmarkBridge: Benchmark question via intent: когда основан Новосибирск
2026-09-01 23:19:00.956 I/ChatVM: [TURN] begin q=когда основан Новосибирск
2026-09-01 23:19:00.957 I/FactoidAnswerer: Factoid candidate: label='Основан' entity='Новосибирск'
2026-09-01 23:19:00.998 I/EntityTitleProbe: Title probes (2 lookups): Новосибирск(1080)
2026-09-01 23:19:01.484 I/ZimSearcher: suggestTitles('Новосибирск'): Новосибирск, Новосибирск (аэропорт), Новосибирск (значения), Новосибирск (станция), Новосибирск (телерадиокомпания), Новосибирск Авиа, Новосибирск Экспоцентр, Новосибирск-Восточный, Новосибирск-Главный, Новосибирск-Ж, Новосибирск-Западный, Новосибирск-Инская, Новосибирск-Олимпик, Новосибирск-Южный, Новосибирск (баскетбольный клуб), Новосибирск (подводная лодка), Новосибирск (футбольный клуб), Новосибирск Северный (аэропорт), Новосибирск-Главный-Перевалка, «Новосибирск» в сезоне 2012/2013, «Новосибирск» в сезоне 2013/2014, «Новосибирск» в сезоне 2014/2015, «Новосибирск» в сезоне 2015/2016, «Новосибирск» в сезоне 2016/2017, (4271) Новосибирск, Академгородок (Новосибирск), Вертково (Новосибирск), Вечерний Новосибирск, Водоканал (Новосибирск), Затон (Новосибирск), Кирово (Новосибирск), Лесоперевалка (Новосибирск)
2026-09-01 23:19:01.486 I/FactoidAnswerer: Factoid candidates: Новосибирск
2026-09-01 23:19:01.549 I/FactoidAnswerer: Factoid HIT: Основан = '1893 год' (Новосибирск)
2026-09-01 23:19:01.549 I/ChatVM: Factoid answer in 593ms (no LLM): Основан = 1893 год [Новосибирск]
2026-09-01 23:19:01.549 I/ChatVM: [TURN] end path=factoid total=593ms factoid=592ms ptok=0 gtok=0 prefill=0ms decode=0ms chars=35
2026-09-01 23:19:02.076 I/BenchmarkBridge: Benchmark question via intent: когда основан Владивосток
2026-09-01 23:19:02.077 I/ChatVM: [TURN] begin q=когда основан Владивосток
2026-09-01 23:19:02.078 I/FactoidAnswerer: Factoid candidate: label='Основан' entity='Владивосток'
2026-09-01 23:19:02.106 I/EntityTitleProbe: Title probes (2 lookups): Владивосток(1080)
2026-09-01 23:19:02.228 I/ZimSearcher: suggestTitles('Владивосток'): Владивосток, Владивосток 2000, Владивосток (УДК), Владивосток (аэропорт), Владивосток (газета), Владивосток (значения), Владивосток (ледокол), Владивосток (пароход), Владивосток (порт), Владивосток (станция), Владивосток (телерадиокомпания), Владивосток Авиа, Владивосток (газета, 1883), Владивосток (газета, 1911), Владивосток (фильм, 2021), Владивосток, год 1918, Владивосток (городской округ), Владивосток (пункт базирования), Владивосток (большой противолодочный корабль), Авиалифт Владивосток, Арт Владивосток, Большой Владивосток, ГТРК «Владивосток», Луч Владивосток, Москва-Владивосток, Новый Владивосток, Эгершельд (Владивосток), АТЭС Владивосток 2012, ТЭЦ-1 (Владивосток), ТЭЦ-2 (Владивосток), Проспект Столетия Владивостока (Владивосток), Абрекская улица (Владивосток)
2026-09-01 23:19:02.230 I/FactoidAnswerer: Factoid candidates: Владивосток
2026-09-01 23:19:02.296 I/FactoidAnswerer: Factoid HIT: Основан = '1860 год' (Владивосток)
2026-09-01 23:19:02.297 I/ChatVM: Factoid answer in 220ms (no LLM): Основан = 1860 год [Владивосток]
2026-09-01 23:19:02.298 I/ChatVM: [TURN] end path=factoid total=220ms factoid=220ms ptok=0 gtok=0 prefill=0ms decode=0ms chars=35
2026-09-01 23:19:03.204 I/BenchmarkBridge: Benchmark question via intent: какая площадь Байкала
2026-09-01 23:19:03.205 I/ChatVM: [TURN] begin q=какая площадь Байкала
2026-09-01 23:19:03.206 I/FactoidAnswerer: Factoid candidate: label='Площадь' entity='Байкала'
2026-09-01 23:19:03.262 I/EntityTitleProbe: Title probes (4 lookups): Байкал(1080)
2026-09-01 23:19:03.331 I/ZimSearcher: suggestTitles('Байкала'): Ветры Байкала, Орлы Байкала, Баргузин (приток Байкала), Безымянная (приток Байкала), Култук (залив Байкала), Паньковка (приток Байкала), Сор (залив Байкала), Талая (приток Байкала), Легенда о дочери Байкала, Турка (река, бассейн Байкала), Фролиха (река, бассейн Байкала), Холодная (река, бассейн Байкала), Большая Осиновка (приток Байкала, Бурятия), Байкал, Байкан, (2776) Байкал, Байкал-1, Байкал-441, АУ220М «Байкал», Аэропорт Байкал, Байкал (Болгария), Байкал (МРУ), Байкал (авиакомпания), Байкал (автодорога), Байкал (журнал), Байкал (залив), Байкал (значения), Байкал (напиток), Байкал (поезд), Байкал (процессор), Байкал (самолёт), Байкал (стадион)
2026-09-01 23:19:03.332 I/FactoidAnswerer: Factoid candidates: Байкал
2026-09-01 23:19:03.375 I/FactoidAnswerer: Factoid HIT: Площадь = '31 722 км²' (Байкал)
2026-09-01 23:19:03.376 I/ChatVM: Factoid answer in 171ms (no LLM): Площадь = 31 722 км² [Байкал]
2026-09-01 23:19:03.376 I/ChatVM: [TURN] end path=factoid total=171ms factoid=171ms ptok=0 gtok=0 prefill=0ms decode=0ms chars=32
2026-09-01 23:19:04.318 I/BenchmarkBridge: Benchmark question via intent: какая столица Японии
2026-09-01 23:19:04.319 I/ChatVM: [TURN] begin q=какая столица Японии
2026-09-01 23:19:04.320 I/FactoidAnswerer: Factoid candidate: label='Столица' entity='Японии'
2026-09-01 23:19:04.689 I/EntityTitleProbe: Title probes (4 lookups): Япония(1080), Нихоний(1070), Токио(890)
2026-09-01 23:19:04.858 I/ZimSearcher: suggestTitles('Японии'): Японий, АН Японии, АЭС Японии, Автопром Японии, Армия Японии, Архитектура Японии, Банк Японии, Боги Японии, Буддизм Японии, ВВС Японии, ВМС Японии, ВПК Японии, ВС Японии, Валюта Японии, Вулканы Японии, Генконсульство Японии, География Японии, Геология Японии, Герб Японии, Гимн Японии, Города Японии, Гражданство Японии, Демография Японии, День Японии, Деревни Японии, Живопись Японии, Законодательство Японии, Закрытие Японии, Замки Японии, Император Японии, Интернет Японии, Искусство Японии
2026-09-01 23:19:04.860 I/FactoidAnswerer: Factoid candidates: Япония, Нихоний, Токио
2026-09-01 23:19:04.906 I/FactoidAnswerer: Factoid HIT: Столица = 'Токио' (Япония)
2026-09-01 23:19:04.907 I/ChatVM: Factoid answer in 588ms (no LLM): Столица = Токио [Япония]
2026-09-01 23:19:04.907 I/ChatVM: [TURN] end path=factoid total=588ms factoid=587ms ptok=0 gtok=0 prefill=0ms decode=0ms chars=27
2026-09-01 23:19:05.443 I/BenchmarkBridge: Benchmark question via intent: какая валюта в Бразилии
2026-09-01 23:19:05.444 I/ChatVM: [TURN] begin q=какая валюта в Бразилии
2026-09-01 23:19:05.444 I/FactoidAnswerer: Factoid candidate: label='Валюта' entity='Бразилии'
2026-09-01 23:19:05.667 I/EntityTitleProbe: Title probes (5 lookups): Бразилия(1080)
2026-09-01 23:19:05.807 I/ZimSearcher: suggestTitles('Бразилии'): Авеню Бразилии, Амфибии Бразилии, Армия Бразилии, Банк Бразилии, ВВП Бразилии, ВВС Бразилии, ВМС Бразилии, ВС Бразилии, Валюта Бразилии, География Бразилии, Геология Бразилии, Герб Бразилии, Гимн Бразилии, Города Бразилии, Горы Бразилии, Живопись Бразилии, Индейцы Бразилии, История Бразилии, КП Бразилии, Капитанства Бразилии, Кинематограф Бразилии, Конгресс Бразилии, Конституция Бразилии, Культура Бразилии, Литература Бразилии, Маршал Бразилии, Млекопитающие Бразилии, Музыка Бразилии, Мученики Бразилии, Название Бразилии, Население Бразилии, Политика Бразилии
2026-09-01 23:19:05.809 I/FactoidAnswerer: Factoid candidates: Бразилия
2026-09-01 23:19:05.865 I/FactoidAnswerer: Factoid HIT: Валюта = 'бразильский реал (код BRL, 986)' (Бразилия)
2026-09-01 23:19:05.865 I/ChatVM: Factoid answer in 422ms (no LLM): Валюта = бразильский реал (код BRL, 986) [Бразилия]
2026-09-01 23:19:05.866 I/ChatVM: [TURN] end path=factoid total=422ms factoid=421ms ptok=0 gtok=0 prefill=0ms decode=0ms chars=54
2026-09-01 23:19:06.556 I/BenchmarkBridge: Benchmark question via intent: когда родился Дмитрий Менделеев
2026-09-01 23:19:06.557 I/ChatVM: [TURN] begin q=когда родился Дмитрий Менделеев
2026-09-01 23:19:06.558 I/FactoidAnswerer: Factoid candidate: label='Дата рождения' entity='Менделеев'
2026-09-01 23:19:06.609 I/EntityTitleProbe: Title probes (9 lookups): Менделеев, Дмитрий Иванович(1090), Дмитрий(1080)
2026-09-01 23:19:06.685 I/ZimSearcher: suggestTitles('Менделеев'): Менделеев, Менделеев (вулкан), Менделеев (город), Менделеев (значения), Менделеев (кратер), Менделеев Владимир, Менделеев Василий Дмитриевич, Менделеев Иван Павлович, Менделеев Иридий Михайлович, Менделеев Павел Павлович, (2769) Менделеев, Дмитрий Менделеев (судно), Алексей (Алесь) Семёнович Менделеев, Менделеевий, Менделеевит, Менделеевка, Менделеево, Менделеевск, Менделеевская, Менделеевский, Менделеевы, Л. Менделеева, Менделеева таблица, Менделеево (Абхазия), Менделеево (Крым), Менделеево (Кунашир), Менделеево (аэропорт), Менделеевская (платформа), Менделеевская ГеоТЭС, Менделеевская линия, Менделеевская олимпиада, Менделеевская улица
2026-09-01 23:19:06.688 I/FactoidAnswerer: Factoid candidates: Менделеев, Менделеев, Дмитрий Иванович, Дмитрий, Менделеев, Дмитрий
2026-09-01 23:19:06.738 I/FactoidAnswerer: Factoid HIT: Дата рождения = '27 января (8 февраля) 1834 […]' (Менделеев)
2026-09-01 23:19:06.739 I/ChatVM: Factoid answer in 182ms (no LLM): Дата рождения = 27 января (8 февраля) 1834 […] [Менделеев]
2026-09-01 23:19:06.739 I/ChatVM: [TURN] end path=factoid total=182ms factoid=181ms ptok=0 gtok=0 prefill=0ms decode=0ms chars=61
2026-09-01 23:19:07.686 I/BenchmarkBridge: Benchmark question via intent: когда умер Лев Толстой
2026-09-01 23:19:07.689 I/ChatVM: [TURN] begin q=когда умер Лев Толстой
2026-09-01 23:19:07.690 I/FactoidAnswerer: Factoid candidate: label='Дата смерти' entity='Толстой'
2026-09-01 23:19:07.734 I/EntityTitleProbe: Title probes (5 lookups): Толстой, Лев Николаевич(1090), Толстой(1080), Толстая(1080)
2026-09-01 23:19:07.931 I/ZimSearcher: suggestTitles('Толстой'): Толстой, Толстой (Канада), Толстой (Украина), Толстой (кратер), Толстой (мыс), Толстой (фестиваль), Толстой Алексей, Толстой Д., Толстой Л., Толстой Михаил, Толстой Никита, Толстой Николай, Толстой П., Толстой, Акинфий, Толстой, Александр, Толстой, Андрей, Толстой, Василий, Толстой, Виктория, Толстой, Владимир, Толстой, Егор, Толстой, Иван, Толстой, Илья, Толстой, Никита, Толстой, Сергей, Толстой, Федор, Толстой, Фёдор, Толстой-Американец, Толстой-Милославский, Толстой-Юрт, Толстой. Воскресенье, Толстой А. К., Толстой А.Н.
2026-09-01 23:19:07.934 I/FactoidAnswerer: Factoid candidates: Толстой, Толстой, Лев Николаевич, Толстая
2026-09-01 23:19:07.948 I/FactoidAnswerer: Factoid: 'Толстой' has no infobox — next candidate
2026-09-01 23:19:08.000 I/FactoidAnswerer: Factoid HIT: Дата смерти = '7 (20) ноября 1910(1910-11-20)' (Толстой, Лев Николаевич)
2026-09-01 23:19:08.001 I/ChatVM: Factoid answer in 312ms (no LLM): Дата смерти = 7 (20) ноября 1910(1910-11-20) [Толстой, Лев Николаевич]
2026-09-01 23:19:08.001 I/ChatVM: [TURN] end path=factoid total=312ms factoid=311ms ptok=0 gtok=0 prefill=0ms decode=0ms chars=73
2026-09-01 23:19:08.807 I/BenchmarkBridge: Benchmark question via intent: где родился Юрий Гагарин
2026-09-01 23:19:08.808 I/ChatVM: [TURN] begin q=где родился Юрий Гагарин
2026-09-01 23:19:08.809 I/FactoidAnswerer: Factoid candidate: label='Место рождения' entity='Гагарин'
2026-09-01 23:19:08.844 I/EntityTitleProbe: Title probes (7 lookups): Гагарин, Юрий Алексеевич(1090), Юрий(1080)
2026-09-01 23:19:09.023 I/ZimSearcher: suggestTitles('Гагарин'): Гагарин, Гагарин (Узбекистан), Гагарин (астероид), Гагарин (аэропорт), Гагарин (город), Гагарин (кратер), Гагарин (мультфильм), Гагарин (село), Гагарин (станция), Гагарин (фамилия), Гагарин (фильм), Гагарин Андрей, Гагарин Василий, Гагарин Григорий, Гагарин Павел, Гагарин, Александр, Гагарин, Алексей, Гагарин, Анатолий, Гагарин, Владимир, Гагарин, Евгений, Гагарин, Иван, Гагарин, Константин, Гагарин, Максим, Гагарин, Матвей, Гагарин, Николай, Гагарин, Павел, Гагарин, Петр, Гагарин, Семён, Гагарин, Сергей, Гагарин, Федор, Гагарин (Вологодская область), Гагарин (Джизакская область)
2026-09-01 23:19:09.027 I/FactoidAnswerer: Factoid candidates: Гагарин, Гагарин, Юрий Алексеевич, Юрий
2026-09-01 23:19:09.075 I/FactoidAnswerer: Factoid HIT: Место рождения = 'деревня Клушино, Гжатский район, Западная область, РСФСР, СССР' (Гагарин)
2026-09-01 23:19:09.075 I/ChatVM: Factoid answer in 267ms (no LLM): Место рождения = деревня Клушино, Гжатский район, Западная область, РСФСР, СССР [Гагарин]
2026-09-01 23:19:09.075 I/ChatVM: [TURN] end path=factoid total=267ms factoid=267ms ptok=0 gtok=0 prefill=0ms decode=0ms chars=92
2026-09-01 23:19:09.915 I/BenchmarkBridge: Benchmark question via intent: кто автор романа Война и мир
2026-09-01 23:19:09.917 I/ChatVM: [TURN] begin q=кто автор романа Война и мир
2026-09-01 23:19:09.918 I/FactoidAnswerer: Factoid candidate: label='Автор' entity='Война'
2026-09-01 23:19:09.971 I/EntityTitleProbe: Title probes (14 lookups): Война и мир(1120), Война(1080)
2026-09-01 23:19:10.773 I/ZimSearcher: suggestTitles('Война'): Война, Война 08.08.08, Война 1812, Война-41, Война для всех война, Война "Тойот", Война (альбом), Война (значения), Война (книга), Война (песня), Война (река), Война (роман), Война (село), Война (телесериал), Война (фильм), Война «Тромы», Война Анны, Война Басус, Война Босин, Война Вибо, Война Викторио, Война Воронёнка, Война Времени, Война Высших, Война Гнева, Война Гоботов, Война Госаннэн, Война Гэмпэй, Война Даммера, Война Данмора, Война Дзэнкунэн, Война Дзёкю
2026-09-01 23:19:10.776 I/FactoidAnswerer: Factoid candidates: Война, Война и мир, Война (роман)
2026-09-01 23:19:10.803 I/FactoidAnswerer: Factoid: 'Война' has no infobox — next candidate
2026-09-01 23:19:10.820 I/FactoidAnswerer: Factoid HIT: Автор = 'Лев Николаевич Толстой' (Война и мир)
2026-09-01 23:19:10.820 I/ChatVM: Factoid answer in 904ms (no LLM): Автор = Лев Николаевич Толстой [Война и мир]
2026-09-01 23:19:10.821 I/ChatVM: [TURN] end path=factoid total=904ms factoid=903ms ptok=0 gtok=0 prefill=0ms decode=0ms chars=47
2026-09-01 23:19:11.028 I/BenchmarkBridge: Benchmark question via intent: кто режиссёр фильма Сталкер
2026-09-01 23:19:11.030 I/ChatVM: [TURN] begin q=кто режиссёр фильма Сталкер
2026-09-01 23:19:11.030 I/FactoidAnswerer: Factoid candidate: label='Режиссёр' entity='Сталкер'
2026-09-01 23:19:11.076 I/EntityTitleProbe: Title probes (7 lookups): Сталкер(1080)
2026-09-01 23:19:11.118 I/ZimSearcher: suggestTitles('Сталкер'): Сталкер, Сталкер 2, Сталкер 2154, Сталкер (группа), Сталкер (замок), Сталкер (игра), Сталкер (кинофестиваль), Сталкер (программа), Сталкер (сериал), Сталкер (фильм), Сталкер (человек), Сталкер Мобайл, Сталкер (фильм, 2023), Сталкер Зов Припяти, Сталкер Чистое небо, Смертельный Сталкер, Лопес, Рикардо (сталкер), Убить сталкера, Рерберг и Тарковский. Обратная сторона "Сталкера", Сталкерс/Земессардзе, Чернобыльское сталкерство
2026-09-01 23:19:11.120 I/FactoidAnswerer: Factoid candidates: Сталкер, Сталкер (фильм), Сталкер (фильм, 2023)
2026-09-01 23:19:11.126 I/FactoidAnswerer: Factoid: 'Сталкер' has no infobox — next candidate
2026-09-01 23:19:11.151 I/FactoidAnswerer: Factoid HIT: Режиссёр = 'Андрей Тарковский' (Сталкер (фильм))
2026-09-01 23:19:11.152 I/ChatVM: Factoid answer in 123ms (no LLM): Режиссёр = Андрей Тарковский [Сталкер (фильм)]
2026-09-01 23:19:11.152 I/ChatVM: [TURN] end path=factoid total=123ms factoid=122ms ptok=0 gtok=0 prefill=0ms decode=0ms chars=49
2026-09-01 23:19:12.150 I/BenchmarkBridge: Benchmark question via intent: почему Юпитер называют газовым гигантом
2026-09-01 23:19:12.152 I/ChatVM: [TURN] begin q=почему Юпитер называют газовым гигантом
2026-09-01 23:19:12.152 I/ChatVM: [PHASE] factoid=miss ms=0
2026-09-01 23:19:12.153 I/RagPromptBuilder: Query: 'почему Юпитер называют газовым гигантом' -> ZIM keywords: 'юпитер называют газовым гигантом'
2026-09-01 23:19:12.215 I/GraphWalker: walk: 0 wikilinks in 'Юпитер' (depth=0)
2026-09-01 23:19:12.216 I/GraphWalker: walk seed=Юпитер props=[P6, P1365, P1366, P39, P166, P26, P40, P22, P25, P3373, P50, P175, P800, P184, P802, P57, P58, P162, P36, P159, P127, P112] → 0 nodes
2026-09-01 23:19:12.216 I/RagPromptBuilder: Walker probes (entity='Юпитер', props=22): Юпитер
2026-09-01 23:19:12.242 I/EntityTitleProbe: Title probes (13 lookups): Юпитер(1080), Гигант(1030)
2026-09-01 23:19:12.290 I/ZimSearcher: search('юпитер называют газовым гигантом') estimated=200
2026-09-01 23:19:12.718 I/ZimSearcher: search('называют') estimated=194221
2026-09-01 23:19:13.054 I/RagPromptBuilder: Entity merge 'называют': +20 candidates
2026-09-01 23:19:13.059 I/RagPromptBuilder: RAG: 'почему Юпитер называют газовым гигантом' candidates=42
2026-09-01 23:19:13.059 I/RagPromptBuilder: Top hits: Юпитер(s=1080)[Юпитер] | Гигант(s=1030)[Гигант] | То, что называют любовью(s=98)[То,_что_называют_любовью] | Газовые гиганты(s=100)[Газовые_гиганты] | Моя так называемая жизнь(s=100)[Моя_так_называемая_жизнь]
2026-09-01 23:19:13.227 I/RagPromptBuilder: [PHASE] search=907ms read=167ms docs=4 ctx=4526
2026-09-01 23:19:13.228 I/RagPromptBuilder: RAG prompt preview (listIntent=false): Тебе даны выдержки из Википедии. Отвечай на их основе. Извлеки и собери ВСЕ относящиеся к вопросу факты из выдержек, даже частичные (имена, даты, перечни). Если в выдержках совсем нет нужной информации — скажи «не знаю по приведённым выдержкам». Отвечай на русском языке.  === ВЫДЕРЖКИ ИЗ ВИКИ === === Юпитер === Карточка: Перигелий: 7,405736⋅108 км (4,950429 а. e.) Афелий: 8,165208⋅108 км (5,458104 а. e.) Большая полуось ( a): 7,785472⋅108 км (5,204267 а. e.) Эксцентриситет орбиты (e): 0,048775 С
2026-09-01 23:19:13.228 I/ChatVM: RAG ctx: 4 articles from 42 candidates
2026-09-01 23:19:13.228 I/ChatVM: Generating: 61 msgs, maxTokens=1600, temp=0.7, noThink=false
2026-09-01 23:23:00.103 I/ChatVM: Reply (1521 chars, 1053 tok, 227950ms, prefill 3554tok/9651ms=368t/s, decode 4,9t/s, think 1479 chars): **Юпитер называют газовым гигантом по нескольким причинам:**   1. **Химический состав атмосферы**: Хотя точный внутренний строение Юпитера не изучено (гипотезы включают смесь льда и водяного пара), вн
2026-09-01 23:23:00.104 I/ChatVM: [TURN] end path=rag total=227950ms factoid=0ms ptok=3554 gtok=1053 prefill=9651ms decode=212838ms chars=1521
2026-09-01 23:23:00.738 I/BenchmarkBridge: Benchmark question via intent: из чего состоит атмосфера Марса
2026-09-01 23:23:00.740 I/ChatVM: [TURN] begin q=из чего состоит атмосфера Марса
2026-09-01 23:23:00.741 I/ChatVM: [PHASE] factoid=miss ms=0
2026-09-01 23:23:00.743 I/RagPromptBuilder: Query: 'из чего состоит атмосфера Марса' -> ZIM keywords: 'чего состоит атмосфера марса'
2026-09-01 23:23:00.778 I/GraphWalker: walk: 0 wikilinks in 'Марса' (depth=0)
2026-09-01 23:23:00.778 I/GraphWalker: walk seed=Марса props=[P6, P1365, P1366, P39, P166, P26, P40, P22, P25, P3373, P50, P175, P800, P184, P802, P57, P58, P162, P36, P159, P127, P112] → 0 nodes
2026-09-01 23:23:00.779 I/RagPromptBuilder: Walker probes (entity='Марса', props=22): Марса
2026-09-01 23:23:00.800 I/EntityTitleProbe: Title probes (10 lookups): Марса(1080), Марс(1080), Атмосфера Марса(900)
2026-09-01 23:23:00.811 I/EntityTitleProbe: Top tie at 1080: Марс=658430, Марса=7479
2026-09-01 23:23:00.836 I/ZimSearcher: search('чего состоит атмосфера марса') estimated=300
2026-09-01 23:23:01.428 I/ZimSearcher: search('атмосфера') estimated=21862
2026-09-01 23:23:01.948 I/RagPromptBuilder: Entity merge 'атмосфера': +19 candidates
2026-09-01 23:23:01.956 I/RagPromptBuilder: RAG: 'из чего состоит атмосфера Марса' candidates=40
2026-09-01 23:23:01.957 I/RagPromptBuilder: Top hits: Марс(s=1085)[Марс] | Марса(s=1080)[Марса] | Атмосфера Марса(s=900)[Атмосфера_Марса] | Атмосфера(s=100)[Атмосфера] | Атмосфера Земли(s=99)[Атмосфера_Земли]
2026-09-01 23:23:02.320 I/RagPromptBuilder: [PHASE] search=1215ms read=363ms docs=4 ctx=4520
2026-09-01 23:23:02.321 I/RagPromptBuilder: RAG prompt preview (listIntent=false): Тебе даны выдержки из Википедии. Отвечай на их основе. Извлеки и собери ВСЕ относящиеся к вопросу факты из выдержек, даже частичные (имена, даты, перечни). Если в выдержках совсем нет нужной информации — скажи «не знаю по приведённым выдержкам». Отвечай на русском языке.  === ВЫДЕРЖКИ ИЗ ВИКИ === === Марс === Карточка: Другие названия: Красная планета Перигелий: 2,06655⋅108 км 1,381 а. e. Афелий: 2,49232⋅108 км 1,666 а. e. Большая полуось ( a): 2,2794382⋅108 км 1,523662 а. e. 1,524 земной Эксцен
2026-09-01 23:23:02.321 I/ChatVM: RAG ctx: 4 articles from 40 candidates
2026-09-01 23:23:02.322 I/ChatVM: Generating: 63 msgs, maxTokens=1600, temp=0.7, noThink=false
2026-09-01 23:26:06.176 I/ChatVM: Reply (1188 chars, 783 tok, 185435ms, prefill 4093tok/12513ms=327t/s, decode 4,6t/s, think 954 chars): **Атмосфера Марса состоит из:**   - **95% диоксида углерода (CO₂)** — доминирующий компонент.   - **2–3% азота (N₂)** и **некоторое количество аргона (Ar)** — второстепенные инертные газы.    ### Допо
2026-09-01 23:26:06.177 I/ChatVM: [TURN] end path=rag total=185435ms factoid=0ms ptok=4093 gtok=783 prefill=12513ms decode=171288ms chars=1188
2026-09-01 23:26:07.137 I/BenchmarkBridge: Benchmark question via intent: кто открыл пенициллин
2026-09-01 23:26:07.139 I/ChatVM: [TURN] begin q=кто открыл пенициллин
2026-09-01 23:26:07.140 I/ChatVM: [PHASE] factoid=miss ms=1
2026-09-01 23:26:07.141 I/ChatVM: Coreference: 'кто открыл пенициллин' + topic 'чего состоит атмосфера марса'
2026-09-01 23:26:07.143 I/RagPromptBuilder: Query: 'кто открыл пенициллин чего состоит атмосфера марса' -> ZIM keywords: 'открыл пенициллин чего состоит атмосфера марса'
2026-09-01 23:26:07.200 I/EntityTitleProbe: Title probes (18 lookups): Бензилпенициллин(1020), Марса(1030), Марс(1030)
2026-09-01 23:26:07.209 I/EntityTitleProbe: Top tie at 1030: Марс=658430, Марса=7479
2026-09-01 23:26:07.216 I/ZimSearcher: search('открыл пенициллин чего состоит атмосфера марса') estimated=0
2026-09-01 23:26:07.229 I/ZimSearcher: search('пенициллин') estimated=589
2026-09-01 23:26:07.488 I/RagPromptBuilder: Entity merge 'пенициллин': +19 candidates
2026-09-01 23:26:07.492 I/RagPromptBuilder: RAG: 'кто открыл пенициллин чего состоит атмосфера марса' candidates=22
2026-09-01 23:26:07.493 I/RagPromptBuilder: Top hits: Марс(s=1035)[Марс] | Марса(s=1030)[Марса] | Бензилпенициллин(s=1020)[Бензилпенициллин] | Пенициллины(s=100)[Пенициллины] | Пенициллин (комплекс артразведки)(s=99)[Пенициллин_(комплекс_артразведки)]
2026-09-01 23:26:07.838 I/RagPromptBuilder: [PHASE] search=351ms read=344ms docs=4 ctx=4522
2026-09-01 23:26:07.839 I/RagPromptBuilder: RAG prompt preview (listIntent=false): Тебе даны выдержки из Википедии. Отвечай на их основе. Извлеки и собери ВСЕ относящиеся к вопросу факты из выдержек, даже частичные (имена, даты, перечни). Если в выдержках совсем нет нужной информации — скажи «не знаю по приведённым выдержкам». Отвечай на русском языке.  === ВЫДЕРЖКИ ИЗ ВИКИ === === Марс === Карточка: Другие названия: Красная планета Перигелий: 2,06655⋅108 км 1,381 а. e. Афелий: 2,49232⋅108 км 1,666 а. e. Большая полуось ( a): 2,2794382⋅108 км 1,523662 а. e. 1,524 земной Эксцен
2026-09-01 23:26:07.839 I/ChatVM: RAG ctx: 4 articles from 22 candidates
2026-09-01 23:26:07.840 I/ChatVM: Generating: 65 msgs, maxTokens=1600, temp=0.7, noThink=false
2026-09-01 23:28:40.280 I/ChatVM: Reply (615 chars, 589 tok, 153140ms, prefill 4665tok/15291ms=305t/s, decode 4,3t/s, think 932 chars): **Ответ:**   - **Пенициллин открыли**: Александр Флеминг (1928 год). Природным продуктором антибиотика служит гриб *Penicillium*.    ---    - **Атмосфера Марса состоит в основном из углекислого газа**
2026-09-01 23:28:40.281 I/ChatVM: [TURN] end path=rag total=153140ms factoid=1ms ptok=4665 gtok=589 prefill=15291ms decode=137103ms chars=615
2026-09-01 23:28:40.460 I/BenchmarkBridge: Benchmark question via intent: что такое фотосинтез
2026-09-01 23:28:40.462 I/ChatVM: [TURN] begin q=что такое фотосинтез
2026-09-01 23:28:40.464 I/ChatVM: [PHASE] factoid=miss ms=1
2026-09-01 23:28:40.466 I/ChatVM: Coreference: 'что такое фотосинтез' + topic 'открыл пенициллин'
2026-09-01 23:28:40.467 I/RagPromptBuilder: Query: 'что такое фотосинтез открыл пенициллин' -> ZIM keywords: 'такое фотосинтез открыл пенициллин'
2026-09-01 23:28:40.504 I/EntityTitleProbe: Title probes (5 lookups): Фотосинтез(1030), Бензилпенициллин(1020)
2026-09-01 23:28:40.512 I/ZimSearcher: search('такое фотосинтез открыл пенициллин') estimated=2
2026-09-01 23:28:40.682 I/ZimSearcher: search('фотосинтез') estimated=965
2026-09-01 23:28:41.041 I/RagPromptBuilder: Entity merge 'фотосинтез': +19 candidates
2026-09-01 23:28:41.046 I/RagPromptBuilder: RAG: 'что такое фотосинтез открыл пенициллин' candidates=23
2026-09-01 23:28:41.047 I/RagPromptBuilder: Top hits: Фотосинтез(s=1030)[Фотосинтез] | Бензилпенициллин(s=1020)[Бензилпенициллин] | C4-фотосинтез(s=99)[C4-фотосинтез] | CAM-фотосинтез(s=99)[CAM-фотосинтез] | Эволюция фотосинтеза(s=99)[Эволюция_фотосинтеза]
2026-09-01 23:28:41.486 I/RagPromptBuilder: [PHASE] search=580ms read=438ms docs=4 ctx=4525
2026-09-01 23:28:41.487 I/RagPromptBuilder: RAG prompt preview (listIntent=false): Тебе даны выдержки из Википедии. Отвечай на их основе. Извлеки и собери ВСЕ относящиеся к вопросу факты из выдержек, даже частичные (имена, даты, перечни). Если в выдержках совсем нет нужной информации — скажи «не знаю по приведённым выдержкам». Отвечай на русском языке.  === ВЫДЕРЖКИ ИЗ ВИКИ === === Фотосинтез === ных везикулах, содержащих бактериородопсин и митохондриальную АТФ-синтазу, фотофосфорилирование в интактных клетках H. salinarium, светоиндуцируемое падение pH среды и подавление дыха
2026-09-01 23:28:41.487 I/ChatVM: RAG ctx: 4 articles from 23 candidates
2026-09-01 23:28:41.487 I/ChatVM: Generating: 67 msgs, maxTokens=1600, temp=0.7, noThink=false
2026-09-01 23:31:17.781 I/ChatVM: Reply (384 chars, 595 tok, 157318ms, prefill 4666tok/15508ms=301t/s, decode 4,2t/s, think 1263 chars): **Ответ:**   Не знаю по предоставленным выдержкам.    Фотосинтез описан только у экстремальных бактерий (галобактерии) через механизм фотодыхания, а информация об открытии пенициллина указана отдельно
2026-09-01 23:31:17.782 I/ChatVM: [TURN] end path=rag total=157318ms factoid=1ms ptok=4666 gtok=595 prefill=15508ms decode=140724ms chars=384
2026-09-01 23:31:18.763 I/BenchmarkBridge: Benchmark question via intent: когда началась Вторая мировая война
2026-09-01 23:31:18.766 I/ChatVM: [TURN] begin q=когда началась Вторая мировая война
2026-09-01 23:31:18.768 I/FactoidAnswerer: Factoid candidate: label='(by card label)' entity='Вторая'
2026-09-01 23:31:18.830 I/EntityTitleProbe: Title probes (9 lookups): Вторая мировая война(1120), Вторая(1080), Мировая война(1050)
2026-09-01 23:31:20.040 I/ZimSearcher: suggestTitles('Вторая'): Вторая, Вторая Академия, Вторая Александровка, Вторая Алексеевка, Вторая Алия, Вторая Армения, Вторая Багажиашта, Вторая Бугульда, Вторая Бундеслига, Вторая Васильевка, Вторая Вилашка, Вторая Глушковская, Вторая Горка, Вторая Григорьевка, Вторая Грязучая, Вторая Дудинская, Вторая Едома, Вторая Ивановка, Вторая Ивань, Вторая Интифада, Вторая Каменка, Вторая Ключевская, Вторая Кошка, Вторая Кривка, Вторая Крутая, Вторая Куликовка, Вторая Культура, Вторая Лака, Вторая Леденгская, Вторая Луна, Вторая Малая, Вторая Медяна
2026-09-01 23:31:20.044 I/FactoidAnswerer: Factoid candidates: Вторая, Вторая мировая война, Мировая война
2026-09-01 23:31:20.059 I/FactoidAnswerer: Factoid: 'Вторая' has no infobox — next candidate
2026-09-01 23:31:20.203 I/FactoidAnswerer: Factoid: no label covers [начала, мирова, война] in [Дата, Место, Причина, Итог]
2026-09-01 23:31:20.204 I/FactoidAnswerer: Factoid: 'Вторая мировая война' card has no matching field — next candidate
2026-09-01 23:31:20.225 I/FactoidAnswerer: Factoid: 'Мировая война' has no infobox — next candidate
2026-09-01 23:31:20.225 I/FactoidAnswerer: Factoid: no candidate carried the field — falling back to RAG
2026-09-01 23:31:20.226 I/ChatVM: [PHASE] factoid=miss ms=1459
2026-09-01 23:31:20.227 I/RagPromptBuilder: Query: 'когда началась Вторая мировая война' -> ZIM keywords: 'началась вторая мировая война'
2026-09-01 23:31:20.231 I/GraphWalker: walk: 0 wikilinks in 'Вторая' (depth=0)
2026-09-01 23:31:20.232 I/GraphWalker: walk seed=Вторая props=[P6, P1365, P1366, P39, P166, P26, P40, P22, P25, P3373, P50, P175, P800, P184, P802, P57, P58, P162, P36, P159, P127, P112] → 0 nodes
2026-09-01 23:31:20.232 I/RagPromptBuilder: Walker probes (entity='Вторая', props=22): Вторая
2026-09-01 23:31:20.254 I/EntityTitleProbe: Title probes (15 lookups): Вторая мировая война(1120), Вторая(1080), Мировая война(1050), Война(1030)
2026-09-01 23:31:20.462 I/ZimSearcher: search('началась вторая мировая война') estimated=20000
2026-09-01 23:31:22.039 I/ZimSearcher: search('началась') estimated=467255
2026-09-01 23:31:23.463 I/RagPromptBuilder: Entity merge 'началась': +20 candidates
2026-09-01 23:31:23.471 I/RagPromptBuilder: RAG: 'когда началась Вторая мировая война' candidates=42
2026-09-01 23:31:23.472 I/RagPromptBuilder: Top hits: Вторая мировая война(s=1120)[Вторая_мировая_война] | Вторая(s=1080)[Вторая] | Мировая война(s=1050)[Мировая_война] | Война(s=1030)[Война] | Вторая мировая война на море(s=98)[Вторая_мировая_война_на_море]
2026-09-01 23:31:23.979 I/RagPromptBuilder: [PHASE] search=3245ms read=506ms docs=4 ctx=4483
2026-09-01 23:31:23.980 I/RagPromptBuilder: RAG prompt preview (listIntent=false): Тебе даны выдержки из Википедии. Отвечай на их основе. Извлеки и собери ВСЕ относящиеся к вопросу факты из выдержек, даже частичные (имена, даты, перечни). Если в выдержках совсем нет нужной информации — скажи «не знаю по приведённым выдержкам». Отвечай на русском языке.  === ВЫДЕРЖКИ ИЗ ВИКИ === === Вторая мировая война === Карточка: Дата: 1 сентября 1939 — 2 сентября 1945 (6 лет 1 день) Место: Евразия, Африка, Мировой океан Причина: Тяжёлые для Германии условия Версальского мирного договора 19
2026-09-01 23:31:23.980 I/ChatVM: RAG ctx: 4 articles from 42 candidates
2026-09-01 23:31:23.980 I/ChatVM: Generating: 69 msgs, maxTokens=1600, temp=0.7, noThink=false
2026-09-01 23:34:50.192 I/ChatVM: Reply (952 chars, 798 tok, 211427ms, prefill 4652tok/15350ms=303t/s, decode 4,2t/s, think 1375 chars): **Ответ:**   В данных подзаголовке «Карточка» упоминается, что началась подготовка к военным приготовлениям — **1 сентября 1939 г.**, а операции против СССР начались позже: *«началась кампания по дези
2026-09-01 23:34:50.193 I/ChatVM: [TURN] end path=rag total=211427ms factoid=1459ms ptok=4652 gtok=798 prefill=15350ms decode=190796ms chars=952
2026-09-01 23:34:51.190 I/BenchmarkBridge: Benchmark question via intent: чем знаменит Большое красное пятно
2026-09-01 23:34:51.193 I/ChatVM: [TURN] begin q=чем знаменит Большое красное пятно
2026-09-01 23:34:51.195 I/ChatVM: [PHASE] factoid=miss ms=0
2026-09-01 23:34:51.197 I/RagPromptBuilder: Query: 'чем знаменит Большое красное пятно' -> ZIM keywords: 'чем знаменит большое красное пятно'
2026-09-01 23:34:51.242 I/GraphWalker: walk: 0 wikilinks in 'Большое' (depth=0)
2026-09-01 23:34:51.243 I/GraphWalker: walk seed=Большое props=[P6, P1365, P1366, P39, P166, P26, P40, P22, P25, P3373, P50, P175, P800, P184, P802, P57, P58, P162, P36, P159, P127, P112] → 0 nodes
2026-09-01 23:34:51.244 I/RagPromptBuilder: Walker probes (entity='Большое', props=22): Большое
2026-09-01 23:34:51.306 I/EntityTitleProbe: Title probes (20 lookups): Большое красное пятно(1120), Большое(1080), Красное(1030), Красно(1030)
2026-09-01 23:34:51.357 I/ZimSearcher: search('чем знаменит большое красное пятно') estimated=200
2026-09-01 23:34:52.227 I/ZimSearcher: search('знаменит') estimated=51485
2026-09-01 23:34:52.841 I/RagPromptBuilder: Entity merge 'знаменит': +20 candidates
2026-09-01 23:34:52.853 I/RagPromptBuilder: RAG: 'чем знаменит Большое красное пятно' candidates=44
2026-09-01 23:34:52.854 I/RagPromptBuilder: Top hits: Большое красное пятно(s=1120)[Большое_красное_пятно] | Большое(s=1080)[Большое] | Красное(s=1030)[Красное] | Красно(s=1030)[Красно] | Я почти знаменит(s=99)[Я_почти_знаменит]
2026-09-01 23:34:52.973 I/RagPromptBuilder: [PHASE] search=1658ms read=118ms docs=4 ctx=4302
2026-09-01 23:34:52.974 I/RagPromptBuilder: RAG prompt preview (listIntent=false): Тебе даны выдержки из Википедии. Отвечай на их основе. Извлеки и собери ВСЕ относящиеся к вопросу факты из выдержек, даже частичные (имена, даты, перечни). Если в выдержках совсем нет нужной информации — скажи «не знаю по приведённым выдержкам». Отвечай на русском языке.  === ВЫДЕРЖКИ ИЗ ВИКИ === === Большое красное пятно === питера происходит именно над БКП, где температура достигает 1600 К (на несколько сот градусов выше, чем в других регионах планеты). Предполагается, что вихрь вызывает больш
2026-09-01 23:34:52.974 I/ChatVM: RAG ctx: 4 articles from 44 candidates
2026-09-01 23:34:52.975 I/ChatVM: Generating: 71 msgs, maxTokens=1600, temp=0.7, noThink=false
2026-09-01 23:38:41.400 I/ChatVM: Reply (1295 chars, 839 tok, 230207ms, prefill 4994tok/17680ms=282t/s, decode 4,0t/s, think 1112 chars): **Чем знаменит Большое красное пятно:**   - **Термодинамика и атмосферные явления**: Причиной активности вихря считается температура 1600 К — экстремальная для Юпитера (на ~25 градусов выше средней). 
2026-09-01 23:38:41.401 I/ChatVM: [TURN] end path=rag total=230207ms factoid=0ms ptok=4994 gtok=839 prefill=17680ms decode=210674ms chars=1295
2026-09-01 23:38:41.934 I/BenchmarkBridge: Benchmark question via intent: что производит АвтоВАЗ
2026-09-01 23:38:41.936 I/ChatVM: [TURN] begin q=что производит АвтоВАЗ
2026-09-01 23:38:41.938 I/FactoidAnswerer: Factoid candidate: label='(by card label)' entity='АвтоВАЗ'
2026-09-01 23:38:41.981 I/EntityTitleProbe: Title probes (2 lookups): АвтоВАЗ(1080)
2026-09-01 23:38:42.062 I/ZimSearcher: suggestTitles('АвтоВАЗ'): АВТОВАЗ, GM-АВТОВАЗ, Национальная гоночная серия "АВТОВАЗ", Технический музей ОАО "АвтоВАЗ", Эм-АВТОВАЗ Шевроле Вива, Джи Эм-АВТОВАЗ Шевроле Нива, Здание генеральной дирекции АВТОВАЗа, АВТОВАЗБАНК, АвтоВАЗагрегат
2026-09-01 23:38:42.064 I/FactoidAnswerer: Factoid candidates: АвтоВАЗ
2026-09-01 23:38:42.145 I/FactoidAnswerer: Factoid: no label covers [произв] in [Основан, Штаб-квартира, Тип, Листинг на бирже, Дата основания, Прежние названия, Основатели, Расположение, Ключевые фигуры, Отрасль, Продукция, Операционная прибыль, Чистая прибыль, Материнская компания, Дочерние компании]
2026-09-01 23:38:42.146 I/FactoidAnswerer: Factoid: 'АвтоВАЗ' card has no matching field — next candidate
2026-09-01 23:38:42.146 I/FactoidAnswerer: Factoid: no candidate carried the field — falling back to RAG
2026-09-01 23:38:42.147 I/ChatVM: [PHASE] factoid=miss ms=210
2026-09-01 23:38:42.147 I/ChatVM: Coreference: 'что производит АвтоВАЗ' + topic 'чем знаменит большое красное пятно'
2026-09-01 23:38:42.148 I/RagPromptBuilder: Query: 'что производит АвтоВАЗ чем знаменит большое красное пятно' -> ZIM keywords: 'производит автоваз чем знаменит большое красное пятно'
2026-09-01 23:38:42.523 I/GraphWalker: walk seed=АвтоВАЗ props=[P6, P1365, P1366, P39, P166, P26, P40, P22, P25, P3373, P50, P175, P800, P184, P802, P57, P58, P162, P36, P159, P127, P112] → 6 nodes
2026-09-01 23:38:42.524 I/RagPromptBuilder: Walker probes (entity='АвтоВАЗ', props=22): АвтоВАЗ, Россия, Тольятти, ЦК КПСС, Совет министров СССР, Москва, Илья Геннадьевич Сухих
2026-09-01 23:38:42.562 I/EntityTitleProbe: Title probes (19 lookups): АвтоВАЗ(1080), Большое красное пятно(1070), Большое(1030), Красное(1030)
2026-09-01 23:38:42.570 I/ZimSearcher: search('производит автоваз чем знаменит большое красное пятно') estimated=0
2026-09-01 23:38:42.745 I/ZimSearcher: search('производит') estimated=56978
2026-09-01 23:38:43.538 I/RagPromptBuilder: Entity merge 'производит': +20 candidates
2026-09-01 23:38:43.546 I/RagPromptBuilder: RAG: 'что производит АвтоВАЗ чем знаменит большое красное пятно' candidates=30
2026-09-01 23:38:43.547 I/RagPromptBuilder: Top hits: АвтоВАЗ(s=1080)[АвтоВАЗ] | Большое красное пятно(s=1070)[Большое_красное_пятно] | Большое(s=1030)[Большое] | Красное(s=1030)[Красное] | Россия(s=899)[Россия]
2026-09-01 23:38:43.848 I/RagPromptBuilder: [PHASE] search=1400ms read=301ms docs=4 ctx=4518
2026-09-01 23:38:43.849 I/RagPromptBuilder: RAG prompt preview (listIntent=false): Тебе даны выдержки из Википедии. Отвечай на их основе. Извлеки и собери ВСЕ относящиеся к вопросу факты из выдержек, даже частичные (имена, даты, перечни). Если в выдержках совсем нет нужной информации — скажи «не знаю по приведённым выдержкам». Отвечай на русском языке.  === ВЫДЕРЖКИ ИЗ ВИКИ === === АвтоВАЗ === Карточка: Основан: 20 июля 1966 (1966-07-20) Штаб-квартира: Россия, Тольятти Тип: Акционерное общество Листинг на бирже: MCX: AVAZ MCX: AVAZP Прежние названия: Волжский автомобильный зав
2026-09-01 23:38:43.850 I/ChatVM: RAG ctx: 4 articles from 30 candidates
2026-09-01 23:38:43.850 I/ChatVM: Generating: 73 msgs, maxTokens=1600, temp=0.7, noThink=false
2026-09-01 23:40:46.000 I/ChatVM: Reply (1088 chars, 388 tok, 124063ms, prefill 5608tok/20890ms=268t/s, decode 3,8t/s): **Автомобильная промышленность:**   - АвтоВАЗ производит **легковые автомобили (LADA)** и **лёгкие коммерческие автомобили**, используя платформы CMF-B-LS, B0 и другие для выпуска моделей «Нива», Lada
2026-09-01 23:40:46.002 I/ChatVM: [TURN] end path=rag total=124063ms factoid=210ms ptok=5608 gtok=388 prefill=20890ms decode=101194ms chars=1088
2026-09-01 23:40:46.625 I/BenchmarkBridge: Benchmark question via intent: какой автозавод расположен в Тольятти
2026-09-01 23:40:46.627 I/ChatVM: [TURN] begin q=какой автозавод расположен в Тольятти
2026-09-01 23:40:46.629 I/FactoidAnswerer: Factoid candidate: label='(by card label)' entity='Тольятти'
2026-09-01 23:40:46.692 I/EntityTitleProbe: Title probes (10 lookups): Тольятти(1080), Автомобильная промышленность(1020)
2026-09-01 23:40:47.188 I/ZimSearcher: suggestTitles('Тольятти'): Тольятти, Тольятти 24, Тольятти (История), Тольятти (аэродром), Тольятти (значения), Тольятти (станция), Тольятти П., Тольятти сегодня, Тольятти, Эудженио, Тольятти (речной порт), Тольятти (футбольный клуб), Тольятти (особая экономическая зона), Тольятти (территория опережающего развития), Академия Тольятти, Вузы Тольятти, Герб Тольятти, Гимн Тольятти, Градоначальники Тольятти, Дума Тольятти, Лада (Тольятти), Лада-Тольятти, Медгородок Тольятти, Набережная Тольятти, Памятники Тольятти, Поверхность Тольятти, Портпосёлок (Тольятти), Районы Тольятти, СИБУР Тольятти, Спорт Тольятти, Троллейбус Тольятти, Улицы Тольятти, Флаг Тольятти
2026-09-01 23:40:47.193 I/FactoidAnswerer: Factoid candidates: Тольятти, Автомобильная промышленность
2026-09-01 23:40:47.309 I/FactoidAnswerer: Factoid: no label covers [автоза, распол] in [Глава/мэр, Население, Площадь, Основан, Страна, Часовой пояс, Субъект Федерации, Городской округ, Внутреннее деление, Глава городского округа, Прежние названия, Город с, Высота центра, Тип климата, Плотность, Агломерация, Население агломерации, Национальности, Конфессии, Название жителей, Официальный язык, День города]
2026-09-01 23:40:47.310 I/FactoidAnswerer: Factoid: 'Тольятти' card has no matching field — next candidate
2026-09-01 23:40:47.343 I/FactoidAnswerer: Factoid: 'Автомобильная промышленность' has no infobox — next candidate
2026-09-01 23:40:47.343 I/FactoidAnswerer: Factoid: no candidate carried the field — falling back to RAG
2026-09-01 23:40:47.343 I/ChatVM: [PHASE] factoid=miss ms=716
2026-09-01 23:40:47.345 I/RagPromptBuilder: Query: 'какой автозавод расположен в Тольятти' -> ZIM keywords: 'автозавод расположен тольятти'
2026-09-01 23:40:47.528 I/GraphWalker: walk: 0 wikilinks in 'Заслуженный_врач_Российской_Федерации' (depth=3)
2026-09-01 23:40:47.544 I/GraphWalker: walk seed=Тольятти props=[P6, P1365, P1366, P39, P166, P26, P40, P22, P25, P3373, P50, P175, P800, P184, P802, P57, P58, P162, P36, P159, P127, P112] → 5 nodes
2026-09-01 23:40:47.545 I/RagPromptBuilder: Walker probes (entity='Тольятти', props=22): Тольятти, Илья Геннадьевич Сухих, Николай Ренц, Заслуженный врач Российской Федерации, Сергей Анташев, Сергей Андреев
2026-09-01 23:40:47.557 I/EntityTitleProbe: Title probes (10 lookups): Тольятти(1080), Автомобильная промышленность(1020)
2026-09-01 23:40:47.575 I/ZimSearcher: search('автозавод расположен тольятти') estimated=40
2026-09-01 23:40:49.121 I/ZimSearcher: search('расположен') estimated=249807
2026-09-01 23:40:49.766 I/RagPromptBuilder: Entity merge 'расположен': +20 candidates
2026-09-01 23:40:49.774 I/RagPromptBuilder: RAG: 'какой автозавод расположен в Тольятти' candidates=46
2026-09-01 23:40:49.774 I/RagPromptBuilder: Top hits: Тольятти(s=1080)[Тольятти] | Автомобильная промышленность(s=1020)[Автомобильная_промышленность] | Илья Геннадьевич Сухих(s=899)[Сухих,_Илья_Геннадьевич] | Николай Ренц(s=898)[Ренц,_Николай_Альфредович] | Сергей Анташев(s=897)[Анташев,_Сергей_Александрович]
2026-09-01 23:40:50.257 I/RagPromptBuilder: [PHASE] search=2430ms read=481ms docs=4 ctx=5123
2026-09-01 23:40:50.258 I/RagPromptBuilder: RAG prompt preview (listIntent=false): Тебе даны выдержки из Википедии. Отвечай на их основе. Извлеки и собери ВСЕ относящиеся к вопросу факты из выдержек, даже частичные (имена, даты, перечни). Если в выдержках совсем нет нужной информации — скажи «не знаю по приведённым выдержкам». Отвечай на русском языке.  === ВЫДЕРЖКИ ИЗ ВИКИ === === Тольятти === Карточка: Глава/мэр: Илья Геннадьевич Сухих Население: 662 683 человека (2025) Площадь: 314,78 км² Основан: 1737 год Страна: Россия Часовой пояс: UTC+4:00 Субъект Федерации: Самарская о
2026-09-01 23:40:50.258 I/ChatVM: RAG ctx: 4 articles from 46 candidates
2026-09-01 23:40:50.259 I/ChatVM: Generating: 75 msgs, maxTokens=1600, temp=0.7, noThink=false
2026-09-01 23:41:14.461 I/ChatVM: Reply (0 chars, 1 tok, 27834ms, prefill 6128tok/23867ms=257t/s, decode 3,7t/s): 
2026-09-01 23:41:14.462 I/ChatVM: [TURN] end path=rag total=27834ms factoid=716ms ptok=6128 gtok=1 prefill=23867ms decode=268ms chars=0
2026-09-01 23:41:15.295 I/BenchmarkBridge: Benchmark question via intent: перечисли мэров Тольятти
2026-09-01 23:41:15.299 I/ChatVM: [TURN] begin q=перечисли мэров Тольятти
2026-09-01 23:41:15.301 I/RagPromptBuilder: Query: 'перечисли мэров Тольятти' -> ZIM keywords: 'мэров тольятти'
2026-09-01 23:41:15.392 I/ZimSearcher: lookupRaw 'Градоначальники Тольятти' redirect=false path='Градоначальники_Тольятти' bodyLen=18062
2026-09-01 23:41:15.394 I/RagPromptBuilder: List article FOUND: 'Градоначальники Тольятти' (bodyLen=18062)
2026-09-01 23:41:15.482 I/RagPromptBuilder: List probes (entity='Тольятти', role='Мэры'): Градоначальники Тольятти, История Тольятти
2026-09-01 23:41:15.628 I/GraphWalker: walk seed=Тольятти props=[P6, P1365, P1366] → 4 nodes
2026-09-01 23:41:15.629 I/RagPromptBuilder: Walker probes (entity='Тольятти', props=3): Тольятти, Илья Геннадьевич Сухих, Николай Ренц, Сергей Анташев, Сергей Андреев
2026-09-01 23:41:15.649 I/EntityTitleProbe: Title probes (12 lookups): Тольятти(1080)
2026-09-01 23:41:15.678 I/ZimSearcher: search('мэров тольятти') estimated=700
2026-09-01 23:41:16.161 I/ZimSearcher: search('тольятти') estimated=5796
2026-09-01 23:41:17.109 I/RagPromptBuilder: Entity merge 'тольятти': +14 candidates
2026-09-01 23:41:17.115 I/RagPromptBuilder: RAG: 'перечисли мэров Тольятти' candidates=37
2026-09-01 23:41:17.116 I/RagPromptBuilder: Top hits: Градоначальники Тольятти(s=2000)[Градоначальники_Тольятти] | Тольятти(s=1080)[Тольятти] | История Тольятти(s=1000)[История_Тольятти] | Илья Геннадьевич Сухих(s=899)[Сухих,_Илья_Геннадьевич] | Николай Ренц(s=898)[Ренц,_Николай_Альфредович]
2026-09-01 23:41:17.695 I/RagPromptBuilder: Map docs: 6 (Градоначальники Тольятти, Тольятти, История Тольятти, Илья Геннадьевич Сухих, Николай Ренц, Сергей Анташев)
2026-09-01 23:41:42.588 I/ListExtractor: Map[1] raw: Уткин Николай Дмитриевич — 1992–1994  |Жилкин Сергей Фёдорович — 1994–2000  |Пушков Анатолий Николаевич — 2008–2012  |Андреев Сергей Игоревич — 2012–2017  |Анта
2026-09-01 23:41:42.593 I/ListExtractor: Map[1/6] 'Градоначальники Тольятти': 5 items
2026-09-01 23:41:42.594 I/ListExtractor: Short-circuit: list article gave 5 names, skipping 5 docs
2026-09-01 23:41:42.595 I/ListExtractor: Map merged: 5 unique — Уткин Николай Дмитриевич, Жилкин Сергей Фёдорович, Пушков Анатолий Николаевич, Андреев Сергей Игоревич, Анташев Сергей Александ
2026-09-01 23:41:42.596 I/ChatVM: Reply (205 chars, 2 tok, 27297ms): - **Уткин Николай Дмитриевич** — 1992–1994 - **Жилкин Сергей Фёдорович** — 1994–2000 - **Пушков Анатолий Николаевич** — 2008–2012 - **Андреев Сергей Игоревич** — 2012–2017 - **Анташев Сергей Александ*
2026-09-01 23:41:42.596 I/ChatVM: [TURN] end path=list total=27297ms factoid=0ms ptok=0 gtok=2 prefill=0ms decode=0ms chars=205
2026-09-01 23:41:42.980 I/BenchmarkBridge: Benchmark question via intent: назови планеты Солнечной системы
2026-09-01 23:41:42.983 I/ChatVM: [TURN] begin q=назови планеты Солнечной системы
2026-09-01 23:41:42.984 I/ChatVM: [PHASE] factoid=miss ms=0
2026-09-01 23:41:42.986 I/RagPromptBuilder: Query: 'назови планеты Солнечной системы' -> ZIM keywords: 'планеты солнечной системы'
2026-09-01 23:41:43.060 I/GraphWalker: walk: 0 wikilinks in 'Вспышка_солнечной_активности' (depth=0)
2026-09-01 23:41:43.061 I/GraphWalker: walk seed=Вспышка_солнечной_активности props=[P6, P1365, P1366, P39, P166, P26, P40, P22, P25, P3373, P50, P175, P800, P184, P802, P57, P58, P162, P36, P159, P127, P112] → 0 nodes
2026-09-01 23:41:43.062 I/RagPromptBuilder: Walker probes (entity='Солнечной', props=22): Вспышка солнечной активности
2026-09-01 23:41:43.096 I/EntityTitleProbe: Title probes (24 lookups): Планеты Солнечной системы(1120), Солнечная система(1100), Солнечная(1080), Планета(1020)
2026-09-01 23:41:43.205 I/ZimSearcher: search('планеты солнечной системы') estimated=7000
2026-09-01 23:41:43.902 I/ZimSearcher: search('солнечной') estimated=12659
2026-09-01 23:41:44.665 I/RagPromptBuilder: Entity merge 'солнечной': +13 candidates
2026-09-01 23:41:44.671 I/RagPromptBuilder: RAG: 'назови планеты Солнечной системы' candidates=37
2026-09-01 23:41:44.672 I/RagPromptBuilder: Top hits: Планеты Солнечной системы(s=1120)[Планеты_Солнечной_системы] | Солнечная система(s=1100)[Солнечная_система] | Солнечная(s=1080)[Солнечная] | Планета(s=1020)[Планета] | Вспышка солнечной активности(s=900)[Вспышка_солнечной_активности]
2026-09-01 23:41:45.129 I/RagPromptBuilder: [PHASE] search=1686ms read=456ms docs=4 ctx=3244
2026-09-01 23:41:45.129 I/RagPromptBuilder: RAG prompt preview (listIntent=false): Тебе даны выдержки из Википедии. Отвечай на их основе. Извлеки и собери ВСЕ относящиеся к вопросу факты из выдержек, даже частичные (имена, даты, перечни). Если в выдержках совсем нет нужной информации — скажи «не знаю по приведённым выдержкам». Отвечай на русском языке.  === ВЫДЕРЖКИ ИЗ ВИКИ === === Планеты Солнечной системы === Планеты Солнечной системы  === Солнечная система === ится на Солнце; оставшаяся часть практически полностью содержится в восьми отдалённых друг от друга планетах, имеющ
2026-09-01 23:41:45.130 I/ChatVM: RAG ctx: 4 articles from 37 candidates
2026-09-01 23:41:45.130 I/ChatVM: Generating: 78 msgs, maxTokens=1600, temp=0.7, noThink=false
2026-09-01 23:44:18.651 I/ChatVM: Reply (607 chars, 501 tok, 155667ms, prefill 5627tok/20941ms=269t/s, decode 3,8t/s, think 749 chars): **Планеты Солнечной системы:**   - **Меркурий**, **Венера**, **Земля**, **Марс** — **планеты Земли**: состоят в основном из силикатов и металлов.    - **Юпитер**, **Сатурн**, **Уран**, **Нептун** — **
2026-09-01 23:44:18.653 I/ChatVM: [TURN] end path=rag total=155667ms factoid=0ms ptok=5627 gtok=501 prefill=20941ms decode=132510ms chars=607
2026-09-01 23:44:19.239 I/BenchmarkBridge: Benchmark question via intent: какие есть океаны на Земле
2026-09-01 23:44:19.242 I/ChatVM: [TURN] begin q=какие есть океаны на Земле
2026-09-01 23:44:19.244 I/RagPromptBuilder: Query: 'какие есть океаны на Земле' -> ZIM keywords: 'океаны земле'
2026-09-01 23:44:19.433 I/RagPromptBuilder: List probes (entity='Земле', role='null'): Земля Королевы Мэри, История жизни на Земле, Хронология первых искусственных спутников Земли по странам
2026-09-01 23:44:20.308 I/GraphWalker: walk: 0 wikilinks in 'На_земле' (depth=0)
2026-09-01 23:44:20.309 I/GraphWalker: walk seed=На_земле props=[P6, P1365, P1366, P39, P166, P26, P40, P22, P25, P3373, P50, P175, P800, P184, P802, P57, P58, P162, P36, P159, P127, P112] → 0 nodes
2026-09-01 23:44:20.310 I/RagPromptBuilder: Walker probes (entity='Земле', props=22): На земле
2026-09-01 23:44:20.329 I/EntityTitleProbe: Title probes (8 lookups): Мировой океан(1020), (224) Океана(1020), Океан(1030)
2026-09-01 23:44:20.448 I/ZimSearcher: search('океаны земле') estimated=10000
2026-09-01 23:44:21.605 I/ZimSearcher: search('океаны') estimated=31268
2026-09-01 23:44:22.626 I/RagPromptBuilder: Entity merge 'океаны': +11 candidates
2026-09-01 23:44:22.629 I/RagPromptBuilder: RAG: 'какие есть океаны на Земле' candidates=35
2026-09-01 23:44:22.630 I/RagPromptBuilder: Top hits: Океан(s=1030)[Океан] | Мировой океан(s=1020)[Мировой_океан] | (224) Океана(s=1020)[(224)_Океана] | Земля Королевы Мэри(s=950)[Земля_Королевы_Мэри] | История жизни на Земле(s=950)[История_жизни_на_Земле]
2026-09-01 23:44:22.978 I/RagPromptBuilder: Map docs: 6 (Океан, Мировой океан, (224) Океана, Земля Королевы Мэри, История жизни на Земле, Хронология первых искусственных спутников Земли по странам)
2026-09-01 23:44:26.981 I/ListExtractor: Map[1] raw: НЕТ
2026-09-01 23:44:26.982 I/ListExtractor: Map[1/6] 'Океан': 0 items
2026-09-01 23:44:29.644 I/ListExtractor: Map[2] raw: Мировой океан — годы
2026-09-01 23:44:29.647 I/ListExtractor: Map[2/6] 'Мировой океан': 1 items
2026-09-01 23:44:32.456 I/ListExtractor: Map[3] raw: Нет.
2026-09-01 23:44:32.457 I/ListExtractor: Map[3/6] '(224) Океана': 0 items
2026-09-01 23:44:36.029 I/ListExtractor: Map[4] raw: Земля Королевы Мэри — годы
2026-09-01 23:44:36.031 I/ListExtractor: Map[4/6] 'Земля Королевы Мэри': 1 items
2026-09-01 23:44:45.097 I/ListExtractor: Map[5] raw: История жизни на Земле не подходит под вопрос, так как это энциклопедическая статья об эволюции биологии, а не персональный (например) мэр города или глава госу
2026-09-01 23:44:45.098 I/ListExtractor: Map[5] negative — skip
2026-09-01 23:44:48.664 I/ListExtractor: Map[6] raw: Хронология первых искусственных спутников Земли по странам — 1957 год
2026-09-01 23:44:48.666 I/ListExtractor: Map[6/6] 'Хронология первых искусственных спутников Земли по странам': 1 items
2026-09-01 23:44:48.667 I/ListExtractor: Map merged: 3 unique — Мировой океан, Земля Королевы Мэри, Хронология первых искусственных спутников Земли по странам
2026-09-01 23:44:48.668 I/ChatVM: Reply (125 chars, 7 tok, 29427ms): - **Мировой океан** — ? - **Земля Королевы Мэри** — ? - **Хронология первых искусственных спутников Земли по странам** — 1957
2026-09-01 23:44:48.669 I/ChatVM: [TURN] end path=list total=29427ms factoid=0ms ptok=0 gtok=7 prefill=0ms decode=0ms chars=125
2026-09-01 23:44:48.967 I/BenchmarkBridge: Benchmark question via intent: перечисли произведения Достоевского
2026-09-01 23:44:48.971 I/ChatVM: [TURN] begin q=перечисли произведения Достоевского
2026-09-01 23:44:48.973 I/RagPromptBuilder: Query: 'перечисли произведения Достоевского' -> ZIM keywords: 'произведения достоевского'
2026-09-01 23:44:49.056 I/RagPromptBuilder: List-intent: no title probes for entity='Достоевского' role='null'
2026-09-01 23:44:49.182 I/GraphWalker: walk: 0 wikilinks in 'Достоевского,_переулок' (depth=0)
2026-09-01 23:44:49.183 I/GraphWalker: walk seed=Достоевского,_переулок props=[P6, P1365, P1366, P39, P166, P26, P40, P22, P25, P3373, P50, P175, P800, P184, P802, P57, P58, P162, P36, P159, P127, P112] → 0 nodes
2026-09-01 23:44:49.184 I/RagPromptBuilder: Walker probes (entity='Достоевского', props=22): Достоевского, переулок
2026-09-01 23:44:49.201 I/EntityTitleProbe: Title probes (12 lookups): Достоевский, Фёдор Михайлович(1070)
2026-09-01 23:44:49.269 I/ZimSearcher: search('произведения достоевского') estimated=4000
2026-09-01 23:44:50.239 I/ZimSearcher: search('произведения') estimated=125279
2026-09-01 23:44:51.231 I/RagPromptBuilder: Entity merge 'произведения': +20 candidates
2026-09-01 23:44:51.236 I/RagPromptBuilder: RAG: 'перечисли произведения Достоевского' candidates=42
2026-09-01 23:44:51.237 I/RagPromptBuilder: Top hits: Достоевский, Фёдор Михайлович(s=1070)[Достоевский,_Фёдор_Михайлович] | Достоевского, переулок(s=900)[Достоевского,_переулок] | Произведения векторов(s=99)[Произведения_векторов] | Экранизации произведений Фёдора Достоевского(s=100)[Экранизации_произведений_Фёдора_Достоевского] | Украденные произведения искусства(s=99)[Украденные_произведения_искусства]
2026-09-01 23:44:51.633 I/RagPromptBuilder: Map docs: 2 (Достоевский, Фёдор Михайлович, Достоевского, переулок)
2026-09-01 23:45:10.311 I/ListExtractor: Map[1] raw: Фёдор Достоевский — ?  |Никита Салтыков-Щедрин — ?  |Пётр Ткачёв — ?  |Наталье Кузьминская Михайловская — ?  |Розанов Виталий Владимирович — ?  |Горький Максим 
2026-09-01 23:45:10.317 I/ListExtractor: Map[1/2] 'Достоевский, Фёдор Михайлович': 7 items
2026-09-01 23:45:14.706 I/ListExtractor: Map[2] raw: ДА||"688-xxxx" (годы из текста, или ?)
2026-09-01 23:45:14.708 I/ListExtractor: Map[2/2] 'Достоевского, переулок': 0 items
2026-09-01 23:45:14.709 I/ListExtractor: Map merged: 7 unique — Фёдор Достоевский, Никита Салтыков-Щедрин, Пётр Ткачёв, Наталье Кузьминская Михайловская, Розанов Виталий Владимирович, Горький Максим Горький, Переверзев Владимир Филиппович
2026-09-01 23:45:14.711 I/ChatVM: Reply (238 chars, 3 tok, 25739ms): - **Фёдор Достоевский** — ? - **Никита Салтыков-Щедрин** — ? - **Пётр Ткачёв** — ? - **Наталье Кузьминская Михайловская** — ? - **Розанов Виталий Владимирович** — ? - **Горький Максим Горький** — ? - 
2026-09-01 23:45:14.712 I/ChatVM: [TURN] end path=list total=25739ms factoid=0ms ptok=0 gtok=3 prefill=0ms decode=0ms chars=238
2026-09-01 23:45:15.633 I/BenchmarkBridge: Benchmark question via intent: перечисли спутники Юпитера
2026-09-01 23:45:15.636 I/ChatVM: [TURN] begin q=перечисли спутники Юпитера
2026-09-01 23:45:15.638 I/RagPromptBuilder: Query: 'перечисли спутники Юпитера' -> ZIM keywords: 'спутники юпитера'
2026-09-01 23:45:15.718 I/ZimSearcher: lookupRaw 'Спутники Юпитера' redirect=false path='Спутники_Юпитера' bodyLen=22957
2026-09-01 23:45:15.719 I/RagPromptBuilder: List article FOUND: 'Спутники Юпитера' (bodyLen=22957)
2026-09-01 23:45:15.747 I/RagPromptBuilder: List probes (entity='Юпитера', role='null'): Спутники Юпитера
2026-09-01 23:45:15.872 I/GraphWalker: walk: 0 wikilinks in 'Атмосфера_Юпитера' (depth=0)
2026-09-01 23:45:15.873 I/GraphWalker: walk seed=Атмосфера_Юпитера props=[P6, P1365, P1366, P39, P166, P26, P40, P22, P25, P3373, P50, P175, P800, P184, P802, P57, P58, P162, P36, P159, P127, P112] → 0 nodes
2026-09-01 23:45:15.873 I/RagPromptBuilder: Walker probes (entity='Юпитера', props=22): Атмосфера Юпитера
2026-09-01 23:45:15.887 I/EntityTitleProbe: Title probes (10 lookups): Юпитер(1080), Спутники Юпитера(900)
2026-09-01 23:45:15.961 I/ZimSearcher: search('спутники юпитера') estimated=5000
2026-09-01 23:45:16.912 I/ZimSearcher: search('спутники') estimated=28047
2026-09-01 23:45:17.580 I/RagPromptBuilder: Entity merge 'спутники': +20 candidates
2026-09-01 23:45:17.583 I/RagPromptBuilder: RAG: 'перечисли спутники Юпитера' candidates=41
2026-09-01 23:45:17.584 I/RagPromptBuilder: Top hits: Спутники Юпитера(s=2000)[Спутники_Юпитера] | Юпитер(s=1080)[Юпитер] | Атмосфера Юпитера(s=900)[Атмосфера_Юпитера] | Спутники Урана(s=99)[Спутники_Урана] | Спутники в Солнечной системе(s=99)[Спутники_в_Солнечной_системе]
2026-09-01 23:45:18.092 I/RagPromptBuilder: Map docs: 3 (Спутники Юпитера, Юпитер, Атмосфера Юпитера)
2026-09-01 23:45:41.626 I/ListExtractor: Map[1] raw: Имя Галилей — 1609–1625|Симон Мариус — ?|Эдвард Барнард — 1892|Чарльз Перрин — 1904–1905|Филибер Мелотт — 1908|Сет Николсон — 1938–1951|Брайан Марс
2026-09-01 23:45:41.631 I/ListExtractor: Map[1/3] 'Спутники Юпитера': 7 items
2026-09-01 23:45:41.632 I/ListExtractor: Short-circuit: list article gave 7 names, skipping 2 docs
2026-09-01 23:45:41.633 I/ListExtractor: Map merged: 7 unique — Имя Галилей, Симон Мариус, Эдвард Барнард, Чарльз Перрин, Филибер Мелотт, Сет Николсон, Брайан Марс
2026-09-01 23:45:41.634 I/ChatVM: Reply (193 chars, 2 tok, 25997ms): - **Имя Галилей** — 1609–1625 - **Симон Мариус** — ? - **Эдвард Барнард** — 1892 - **Чарльз Перрин** — 1904–1905 - **Филибер Мелотт** — 1908 - **Сет Николсон** — 1938–1951 - **Брайан Марс** — ?
2026-09-01 23:45:41.634 I/ChatVM: [TURN] end path=list total=25997ms factoid=0ms ptok=0 gtok=2 prefill=0ms decode=0ms chars=193
2026-09-01 23:45:42.271 I/BenchmarkBridge: Benchmark question via intent: кто был предшественником нынешнего мэра Тольятти
2026-09-01 23:45:42.275 I/ChatVM: [TURN] begin q=кто был предшественником нынешнего мэра Тольятти
2026-09-01 23:45:42.277 I/FactoidAnswerer: Factoid candidate: label='(by card label)' entity='Тольятти'
2026-09-01 23:45:42.337 I/EntityTitleProbe: Title probes (16 lookups): Тольятти(1080)
2026-09-01 23:45:42.455 I/ZimSearcher: suggestTitles('Тольятти'): Тольятти, Тольятти 24, Тольятти (История), Тольятти (аэродром), Тольятти (значения), Тольятти (станция), Тольятти П., Тольятти сегодня, Тольятти, Эудженио, Тольятти (речной порт), Тольятти (футбольный клуб), Тольятти (особая экономическая зона), Тольятти (территория опережающего развития), Академия Тольятти, Вузы Тольятти, Герб Тольятти, Гимн Тольятти, Градоначальники Тольятти, Дума Тольятти, Лада (Тольятти), Лада-Тольятти, Медгородок Тольятти, Набережная Тольятти, Памятники Тольятти, Поверхность Тольятти, Портпосёлок (Тольятти), Районы Тольятти, СИБУР Тольятти, Спорт Тольятти, Троллейбус Тольятти, Улицы Тольятти, Флаг Тольятти
2026-09-01 23:45:42.461 I/FactoidAnswerer: Factoid candidates: Тольятти
2026-09-01 23:45:42.571 I/FactoidAnswerer: Factoid: no label covers [предше, мэра] in [Глава/мэр, Население, Площадь, Основан, Страна, Часовой пояс, Субъект Федерации, Городской округ, Внутреннее деление, Глава городского округа, Прежние названия, Город с, Высота центра, Тип климата, Плотность, Агломерация, Население агломерации, Национальности, Конфессии, Название жителей, Официальный язык, День города]
2026-09-01 23:45:42.572 I/FactoidAnswerer: Factoid: 'Тольятти' card has no matching field — next candidate
2026-09-01 23:45:42.572 I/FactoidAnswerer: Factoid: no candidate carried the field — falling back to RAG
2026-09-01 23:45:42.572 I/ChatVM: [PHASE] factoid=miss ms=296
2026-09-01 23:45:42.574 I/RagPromptBuilder: Query: 'кто был предшественником нынешнего мэра Тольятти' -> ZIM keywords: 'предшественником нынешнего мэра тольятти'
2026-09-01 23:45:42.719 I/GraphWalker: walk seed=Тольятти props=[P6, P1365, P1366] → 4 nodes
2026-09-01 23:45:42.720 I/RagPromptBuilder: Walker probes (entity='Тольятти', props=3): Тольятти, Илья Геннадьевич Сухих, Николай Ренц, Сергей Анташев, Сергей Андреев
2026-09-01 23:45:42.736 I/EntityTitleProbe: Title probes (16 lookups): Тольятти(1080)
2026-09-01 23:45:42.755 I/ZimSearcher: search('предшественником нынешнего мэра тольятти') estimated=5
2026-09-01 23:45:43.821 I/ZimSearcher: search('предшественником') estimated=92922
2026-09-01 23:45:44.480 I/RagPromptBuilder: Entity merge 'предшественником': +20 candidates
2026-09-01 23:45:44.483 I/RagPromptBuilder: RAG: 'кто был предшественником нынешнего мэра Тольятти' candidates=30
2026-09-01 23:45:44.483 I/RagPromptBuilder: Top hits: Тольятти(s=1080)[Тольятти] | Илья Геннадьевич Сухих(s=899)[Сухих,_Илья_Геннадьевич] | Николай Ренц(s=898)[Ренц,_Николай_Альфредович] | Сергей Анташев(s=897)[Анташев,_Сергей_Александрович] | Сергей Андреев(s=896)[Андреев,_Сергей_Игоревич]
2026-09-01 23:45:44.907 I/RagPromptBuilder: [PHASE] search=1911ms read=422ms docs=3 ctx=4822
2026-09-01 23:45:44.907 I/RagPromptBuilder: RAG prompt preview (listIntent=false): Тебе даны выдержки из Википедии. Отвечай на их основе. Извлеки и собери ВСЕ относящиеся к вопросу факты из выдержек, даже частичные (имена, даты, перечни). Если в выдержках совсем нет нужной информации — скажи «не знаю по приведённым выдержкам». Отвечай на русском языке.  === ВЫДЕРЖКИ ИЗ ВИКИ === === Тольятти === Карточка: Глава/мэр: Илья Геннадьевич Сухих Население: 662 683 человека (2025) Площадь: 314,78 км² Основан: 1737 год Страна: Россия Часовой пояс: UTC+4:00 Субъект Федерации: Самарская о
2026-09-01 23:45:44.908 I/ChatVM: RAG ctx: 3 articles from 30 candidates
2026-09-01 23:45:44.908 I/ChatVM: Generating: 86 msgs, maxTokens=1600, temp=0.7, noThink=false
2026-09-01 23:46:09.394 I/ChatVM: Reply (2 chars, 1 tok, 27118ms, prefill 6128tok/24125ms=254t/s, decode 3,4t/s): HD
2026-09-01 23:46:09.395 I/ChatVM: [TURN] end path=rag total=27118ms factoid=296ms ptok=6128 gtok=1 prefill=24125ms decode=298ms chars=2
2026-09-01 23:46:09.941 I/BenchmarkBridge: Benchmark question via intent: в каком регионе находится город где родился Гагарин
2026-09-01 23:46:09.945 I/ChatVM: [TURN] begin q=в каком регионе находится город где родился Гагарин
2026-09-01 23:46:09.947 I/FactoidAnswerer: Factoid candidate: label='Место рождения' entity='Гагарин'
2026-09-01 23:46:10.009 I/EntityTitleProbe: Title probes (5 lookups): Гагарин, Юрий Алексеевич(1070), Регион(1030), Город(1030)
2026-09-01 23:46:10.363 I/ZimSearcher: suggestTitles('Гагарин'): Гагарин, Гагарин (Узбекистан), Гагарин (астероид), Гагарин (аэропорт), Гагарин (город), Гагарин (кратер), Гагарин (мультфильм), Гагарин (село), Гагарин (станция), Гагарин (фамилия), Гагарин (фильм), Гагарин Андрей, Гагарин Василий, Гагарин Григорий, Гагарин Павел, Гагарин, Александр, Гагарин, Алексей, Гагарин, Анатолий, Гагарин, Владимир, Гагарин, Евгений, Гагарин, Иван, Гагарин, Константин, Гагарин, Максим, Гагарин, Матвей, Гагарин, Николай, Гагарин, Павел, Гагарин, Петр, Гагарин, Семён, Гагарин, Сергей, Гагарин, Федор, Гагарин (Вологодская область), Гагарин (Джизакская область)
2026-09-01 23:46:10.373 I/FactoidAnswerer: Factoid candidates: Гагарин, Гагарин, Юрий Алексеевич, Регион, Город
2026-09-01 23:46:10.462 I/FactoidAnswerer: Factoid HIT: Место рождения = 'деревня Клушино, Гжатский район, Западная область, РСФСР, СССР' (Гагарин)
2026-09-01 23:46:10.463 I/ChatVM: Factoid answer in 519ms (no LLM): Место рождения = деревня Клушино, Гжатский район, Западная область, РСФСР, СССР [Гагарин]
2026-09-01 23:46:10.463 I/ChatVM: [TURN] end path=factoid total=519ms factoid=517ms ptok=0 gtok=0 prefill=0ms decode=0ms chars=92
2026-09-01 23:46:11.064 I/BenchmarkBridge: Benchmark question via intent: сравни население Москвы и Санкт-Петербурга
2026-09-01 23:46:11.067 I/ChatVM: [TURN] begin q=сравни население Москвы и Санкт-Петербурга
2026-09-01 23:46:11.068 I/ChatVM: [PHASE] factoid=miss ms=0
2026-09-01 23:46:11.070 I/RagPromptBuilder: Query: 'сравни население Москвы и Санкт-Петербурга' -> ZIM keywords: 'сравни население москвы санкт петербурга'
2026-09-01 23:46:12.065 I/GraphWalker: walk: 0 wikilinks in 'Генплан_Петербурга' (depth=0)
2026-09-01 23:46:12.066 I/GraphWalker: walk seed=Генплан_Петербурга props=[P6, P1365, P1366, P39, P166, P26, P40, P22, P25, P3373, P50, P175, P800, P184, P802, P57, P58, P162, P36, P159, P127, P112] → 0 nodes
2026-09-01 23:46:12.066 I/RagPromptBuilder: Walker probes (entity='Петербурга', props=22): Генплан Петербурга
2026-09-01 23:46:12.118 I/EntityTitleProbe: Title probes (23 lookups): Москва(1080), Санкт-Петербург(1070), Население Москвы(900)
2026-09-01 23:46:12.181 I/ZimSearcher: search('сравни население москвы санкт петербурга') estimated=300
2026-09-01 23:46:13.071 I/ZimSearcher: search('петербурга') estimated=115995
2026-09-01 23:46:13.848 I/RagPromptBuilder: Entity merge 'петербурга': +18 candidates
2026-09-01 23:46:13.852 I/RagPromptBuilder: RAG: 'сравни население Москвы и Санкт-Петербурга' candidates=42
2026-09-01 23:46:13.853 I/RagPromptBuilder: Top hits: Москва(s=1080)[Москва] | Санкт-Петербург(s=1070)[Санкт-Петербург] | Генплан Петербурга(s=900)[Генплан_Петербурга] | Население Москвы(s=900)[Население_Москвы] | Санкт-Петербург (телерадиокомпания)(s=99)[Санкт-Петербург_(телерадиокомпания)]
2026-09-01 23:46:14.766 I/RagPromptBuilder: [PHASE] search=2784ms read=911ms docs=3 ctx=4424
2026-09-01 23:46:14.767 I/RagPromptBuilder: RAG prompt preview (listIntent=false): Тебе даны выдержки из Википедии. Отвечай на их основе. Извлеки и собери ВСЕ относящиеся к вопросу факты из выдержек, даже частичные (имена, даты, перечни). Если в выдержках совсем нет нужной информации — скажи «не знаю по приведённым выдержкам». Отвечай на русском языке.  === ВЫДЕРЖКИ ИЗ ВИКИ === === Москва === Карточка: Глава/мэр: Сергей Собянин Население: 13 274 285 человек (2025) Площадь: 2561,5 км² Основан: неизвестно; городское поселение на территории Кремля с XI века Страна: Россия Часовой
2026-09-01 23:46:14.767 I/ChatVM: RAG ctx: 3 articles from 42 candidates
2026-09-01 23:46:14.767 I/ChatVM: Generating: 90 msgs, maxTokens=1600, temp=0.7, noThink=false
2026-09-01 23:46:38.925 I/ChatVM: Reply (0 chars, 1 tok, 27858ms, prefill 6128tok/23832ms=257t/s, decode 3,8t/s): 
2026-09-01 23:46:38.926 I/ChatVM: [TURN] end path=rag total=27858ms factoid=0ms ptok=6128 gtok=1 prefill=23832ms decode=262ms chars=0
2026-09-01 23:46:39.771 I/BenchmarkBridge: Benchmark question via intent: почему Байкал самое глубокое озеро
2026-09-01 23:46:39.774 I/ChatVM: [TURN] begin q=почему Байкал самое глубокое озеро
2026-09-01 23:46:39.775 I/ChatVM: [PHASE] factoid=miss ms=0
2026-09-01 23:46:39.777 I/RagPromptBuilder: Query: 'почему Байкал самое глубокое озеро' -> ZIM keywords: 'байкал самое глубокое озеро'
2026-09-01 23:46:39.889 I/GraphWalker: walk: 0 wikilinks in 'Байкал' (depth=0)
2026-09-01 23:46:39.889 I/GraphWalker: walk seed=Байкал props=[P6, P1365, P1366, P39, P166, P26, P40, P22, P25, P3373, P50, P175, P800, P184, P802, P57, P58, P162, P36, P159, P127, P112] → 0 nodes
2026-09-01 23:46:39.890 I/RagPromptBuilder: Walker probes (entity='Байкал', props=22): Байкал
2026-09-01 23:46:39.955 I/EntityTitleProbe: Title probes (25 lookups): Байкал(1080), Глубокое озеро(1050), Самоа(1030), Само(1030)
2026-09-01 23:46:39.990 I/ZimSearcher: search('байкал самое глубокое озеро') estimated=200
2026-09-01 23:46:40.777 I/ZimSearcher: search('глубокое') estimated=52854
2026-09-01 23:46:41.535 I/RagPromptBuilder: Entity merge 'глубокое': +19 candidates
2026-09-01 23:46:41.539 I/RagPromptBuilder: RAG: 'почему Байкал самое глубокое озеро' candidates=41
2026-09-01 23:46:41.540 I/RagPromptBuilder: Top hits: Байкал(s=1080)[Байкал] | Глубокое озеро(s=1050)[Глубокое_озеро] | Самоа(s=1030)[Самоа] | Само(s=1030)[Само] | Глубокое(s=100)[Глубокое]
2026-09-01 23:46:41.985 I/RagPromptBuilder: [PHASE] search=1765ms read=445ms docs=4 ctx=4721
2026-09-01 23:46:41.986 I/RagPromptBuilder: RAG prompt preview (listIntent=false): Тебе даны выдержки из Википедии. Отвечай на их основе. Извлеки и собери ВСЕ относящиеся к вопросу факты из выдержек, даже частичные (имена, даты, перечни). Если в выдержках совсем нет нужной информации — скажи «не знаю по приведённым выдержкам». Отвечай на русском языке.  === ВЫДЕРЖКИ ИЗ ВИКИ === === Байкал === Карточка: Страна: Россия Абсолютная высота: 456—457 м Размеры: 636 × 79,5 км Площадь: 31 722 км² Объём: 23 615,39 км³ Береговая линия: 2000 км Наибольшая глубина: 1642 м Средняя глубина: 
2026-09-01 23:46:41.987 I/ChatVM: RAG ctx: 4 articles from 41 candidates
2026-09-01 23:46:41.987 I/ChatVM: Generating: 91 msgs, maxTokens=1600, temp=0.7, noThink=false
2026-09-01 23:47:06.460 I/ChatVM: Reply (2 chars, 1 tok, 26685ms, prefill 6128tok/24136ms=254t/s, decode 3,8t/s): คะ
2026-09-01 23:47:06.461 I/ChatVM: [TURN] end path=rag total=26685ms factoid=0ms ptok=6128 gtok=1 prefill=24136ms decode=261ms chars=2
2026-09-01 23:47:07.439 I/BenchmarkBridge: Benchmark question via intent: как связаны Менделеев и периодическая таблица
2026-09-01 23:47:07.442 I/ChatVM: [TURN] begin q=как связаны Менделеев и периодическая таблица
2026-09-01 23:47:07.443 I/ChatVM: [PHASE] factoid=miss ms=0
2026-09-01 23:47:07.446 I/RagPromptBuilder: Query: 'как связаны Менделеев и периодическая таблица' -> ZIM keywords: 'связаны менделеев периодическая таблица'
2026-09-01 23:47:07.566 I/GraphWalker: walk seed=Менделеев,_Дмитрий_Иванович props=[P6, P1365, P1366, P39, P166, P26, P40, P22, P25, P3373, P50, P175, P800, P184, P802, P57, P58, P162, P36, P159, P127, P112] → 6 nodes
2026-09-01 23:47:07.567 I/RagPromptBuilder: Walker probes (entity='Менделеев', props=22): Менделеев, Дмитрий Иванович, Орден Святого Владимира, Кавалер ордена Святого Александра Невского, Орден Белого орла (Российская империя), Орден Святой Анны I степени, Орден Святого Станислава (Российская империя), Орден Святой Анны II степени
2026-09-01 23:47:07.611 I/EntityTitleProbe: Title probes (14 lookups): Менделеев, Дмитрий Иванович(1070), Периодическая система химических элементов(1040), Таблица(1030), Таблиц, Богуслав(1020)
2026-09-01 23:47:07.633 I/ZimSearcher: search('связаны менделеев периодическая таблица') estimated=60
2026-09-01 23:47:08.601 I/ZimSearcher: search('периодическая') estimated=24960
2026-09-01 23:47:09.430 I/RagPromptBuilder: Entity merge 'периодическая': +18 candidates
2026-09-01 23:47:09.435 I/RagPromptBuilder: RAG: 'как связаны Менделеев и периодическая таблица' candidates=46
2026-09-01 23:47:09.436 I/RagPromptBuilder: Top hits: Менделеев, Дмитрий Иванович(s=1070)[Менделеев,_Дмитрий_Иванович] | Периодическая система химических элементов(s=1040)[Периодическая_система_химических_элементов] | Таблица(s=1030)[Таблица] | Таблиц, Богуслав(s=1020)[Таблиц,_Богуслав] | Орден Святого Владимира(s=899)[Орден_Святого_Владимира]
2026-09-01 23:47:09.872 I/RagPromptBuilder: [PHASE] search=1990ms read=435ms docs=4 ctx=5006
2026-09-01 23:47:09.873 I/RagPromptBuilder: RAG prompt preview (listIntent=false): Тебе даны выдержки из Википедии. Отвечай на их основе. Извлеки и собери ВСЕ относящиеся к вопросу факты из выдержек, даже частичные (имена, даты, перечни). Если в выдержках совсем нет нужной информации — скажи «не знаю по приведённым выдержкам». Отвечай на русском языке.  === ВЫДЕРЖКИ ИЗ ВИКИ === === Менделеев, Дмитрий Иванович === Карточка: Дата рождения: 27 января (8 февраля) 1834 […] Дата смерти: 20 января (2 февраля) 1907 […] (72 года) Место рождения: Тобольск, Российская империя Место смерт
2026-09-01 23:47:09.874 I/ChatVM: RAG ctx: 4 articles from 46 candidates
2026-09-01 23:47:09.874 I/ChatVM: Generating: 93 msgs, maxTokens=1600, temp=0.7, noThink=false
2026-09-01 23:47:34.253 I/ChatVM: Reply (0 chars, 1 tok, 26811ms, prefill 6128tok/24038ms=255t/s, decode 3,6t/s): 
2026-09-01 23:47:34.254 I/ChatVM: [TURN] end path=rag total=26811ms factoid=0ms ptok=6128 gtok=1 prefill=24038ms decode=278ms chars=0
