estimated=300
2026-09-19 11:20:23.138 I/ZimSearcher: search('петербурга') estimated=115995
2026-09-19 11:20:23.846 I/RagPromptBuilder: Entity merge 'петербурга': +18 candidates
2026-09-19 11:20:23.850 I/RagPromptBuilder: RAG: 'сравни население Москвы и Санкт-Петербурга' candidates=42
2026-09-19 11:20:23.851 I/RagPromptBuilder: Top hits: Москва(s=1080)[Москва] | Санкт-Петербург(s=1070)[Санкт-Петербург] | Генплан Петербурга(s=900)[Генплан_Петербурга] | Население Москвы(s=900)[Население_Москвы] | Санкт-Петербург (телерадиокомпания)(s=99)[Санкт-Петербург_(телерадиокомпания)]
2026-09-19 11:20:24.768 I/RagPromptBuilder: [PHASE] search=3994ms read=916ms docs=3 ctx=4342
2026-09-19 11:20:24.769 I/RagPromptBuilder: RAG prompt preview (listIntent=false): Тебе даны выдержки из Википедии. Отвечай на их основе. Ответь коротко и по существу: 1–3 предложения, только то, о чём спрашивают. Не пересказывай выдержки, не добавляй посторонние факты и не нумеруй пункты, если вопрос не про перечень. Если вопрос требует сравнения двух и более вещей — до 5 предложений. Если в выдержках совсем нет нужной информации — скажи «не знаю по приведённым выдержкам». Отвечай на русском языке.  === ВЫДЕРЖКИ ИЗ ВИКИ === === Москва === Карточка: Глава/мэр: Сергей Собянин Н
2026-09-19 11:20:24.770 I/ChatVM: RAG ctx: 3 articles from 42 candidates
2026-09-19 11:20:24.770 I/ChatVM: Generating: 7 msgs, maxTokens=1600, temp=0.7, noThink=true
2026-09-19 11:20:34.922 I/ChatVM: Reply (64 chars, 25 tok, 15067ms, prefill 2096tok/5682ms=369t/s, decode 5,6t/s): Население Москвы (13,27 млн) больше Санкт-Петербурга (5,65 млн).
2026-09-19 11:20:34.924 I/ChatVM: [TURN] end path=rag total=15067ms factoid=0ms ptok=2096 gtok=25 prefill=5682ms decode=4428ms chars=64
2026-09-19 11:20:35.190 I/BenchmarkBridge: Benchmark question via intent: почему Байкал самое глубокое озеро
2026-09-19 11:20:35.192 I/ChatVM: [TURN] begin q=почему Байкал самое глубокое озеро
2026-09-19 11:20:35.193 I/ChatVM: [PHASE] factoid=miss ms=0
2026-09-19 11:20:35.195 I/RagPromptBuilder: Query: 'почему Байкал самое глубокое озеро' -> ZIM keywords: 'байкал самое глубокое озеро'
2026-09-19 11:20:35.300 I/GraphWalker: walk: 0 wikilinks in 'Байкал' (depth=0)
2026-09-19 11:20:35.301 I/GraphWalker: walk seed=Байкал props=[P6, P1365, P1366, P39, P166, P26, P40, P22, P25, P3373, P50, P175, P800, P184, P802, P57, P58, P162, P36, P159, P127, P112] → 0 nodes
2026-09-19 11:20:35.301 I/RagPromptBuilder: Walker probes (entity='Байкал', props=22): Байкал
2026-09-19 11:20:35.337 I/EntityTitleProbe: Title probes (12 lookups): Байкал(1080), Глубокое озеро(1050), Глубокое(1030), Озеро(1030)
2026-09-19 11:20:35.340 I/EntityTitleProbe: Redundant probes: Глубокое, Озеро
2026-09-19 11:20:35.375 I/ZimSearcher: search('байкал самое глубокое озеро') estimated=200
2026-09-19 11:20:36.079 I/ZimSearcher: search('глубокое') estimated=52854
2026-09-19 11:20:36.765 I/RagPromptBuilder: Entity merge 'глубокое': +19 candidates
2026-09-19 11:20:36.769 I/RagPromptBuilder: RAG: 'почему Байкал самое глубокое озеро' candidates=39
2026-09-19 11:20:36.770 I/RagPromptBuilder: Top hits: Байкал(s=1080)[Байкал] | Глубокое озеро(s=1050)[Глубокое_озеро] | Глубокое(s=100)[Глубокое] | Глубокое (город)(s=99)[Глубокое_(город)] | Глубокое обучение(s=98)[Глубокое_обучение]
2026-09-19 11:20:37.088 I/RagPromptBuilder: [PHASE] search=1575ms read=317ms docs=4 ctx=4884
2026-09-19 11:20:37.089 I/RagPromptBuilder: RAG prompt preview (listIntent=false): Тебе даны выдержки из Википедии. Отвечай на их основе. Ответь коротко и по существу: 1–3 предложения, только то, о чём спрашивают. Не пересказывай выдержки, не добавляй посторонние факты и не нумеруй пункты, если вопрос не про перечень. Если вопрос требует сравнения двух и более вещей — до 5 предложений. Если в выдержках совсем нет нужной информации — скажи «не знаю по приведённым выдержкам». Отвечай на русском языке.  === ВЫДЕРЖКИ ИЗ ВИКИ === === Байкал === Карточка: Страна: Россия Абсолютная в
2026-09-19 11:20:37.089 I/ChatVM: RAG ctx: 4 articles from 39 candidates
2026-09-19 11:20:37.089 I/ChatVM: Generating: 7 msgs, maxTokens=1600, temp=0.7, noThink=true
2026-09-19 11:20:58.068 I/ChatVM: Reply (216 chars, 77 tok, 22875ms, prefill 2689tok/7783ms=345t/s, decode 5,9t/s): Байкал считается самым глубоким озером на Земле благодаря своей геологической структуре: дно в самой глубокой точке лежит **на 1186 м ниже уровня мирового океана**, что делает его уникальным пресновод
2026-09-19 11:20:58.069 I/ChatVM: [TURN] end path=rag total=22875ms factoid=0ms ptok=2689 gtok=77 prefill=7783ms decode=13145ms chars=216
2026-09-19 11:20:58.676 I/BenchmarkBridge: Benchmark question via intent: как связаны Менделеев и периодическая таблица
2026-09-19 11:20:58.680 I/ChatVM: [TURN] begin q=как связаны Менделеев и периодическая таблица
2026-09-19 11:20:58.681 I/ChatVM: [PHASE] factoid=miss ms=0
2026-09-19 11:20:58.684 I/RagPromptBuilder: Query: 'как связаны Менделеев и периодическая таблица' -> ZIM keywords: 'связаны менделеев периодическая таблица'
2026-09-19 11:20:58.815 I/GraphWalker: walk seed=Менделеев,_Дмитрий_Иванович props=[P6, P1365, P1366, P39, P166, P26, P40, P22, P25, P3373, P50, P175, P800, P184, P802, P57, P58, P162, P36, P159, P127, P112] → 6 nodes
2026-09-19 11:20:58.817 I/RagPromptBuilder: Walker probes (entity='Менделеев', props=22): Менделеев, Дмитрий Иванович, Орден Святого Владимира, Кавалер ордена Святого Александра Невского, Орден Белого орла (Российская империя), Орден Святой Анны I степени, Орден Святого Станислава (Российская империя), Орден Святой Анны II степени
2026-09-19 11:20:58.888 I/EntityTitleProbe: Title probes (22 lookups): Менделеев, Дмитрий Иванович(1070), Периодическая система химических элементов(1040), Таблица(1030), Таблиц, Богуслав(1020)
2026-09-19 11:20:58.912 I/ZimSearcher: search('связаны менделеев периодическая таблица') estimated=60
2026-09-19 11:20:59.804 I/ZimSearcher: search('периодическая') estimated=24960
2026-09-19 11:21:00.561 I/RagPromptBuilder: Entity merge 'периодическая': +18 candidates
2026-09-19 11:21:00.565 I/RagPromptBuilder: RAG: 'как связаны Менделеев и периодическая таблица' candidates=46
2026-09-19 11:21:00.566 I/RagPromptBuilder: Top hits: Менделеев, Дмитрий Иванович(s=1070)[Менделеев,_Дмитрий_Иванович] | Периодическая система химических элементов(s=1040)[Периодическая_система_химических_элементов] | Таблица(s=1030)[Таблица] | Таблиц, Богуслав(s=1020)[Таблиц,_Богуслав] | Орден Святого Владимира(s=899)[Орден_Святого_Владимира]
2026-09-19 11:21:01.024 I/RagPromptBuilder: [PHASE] search=1883ms read=457ms docs=4 ctx=5006
2026-09-19 11:21:01.025 I/RagPromptBuilder: RAG prompt preview (listIntent=false): Тебе даны выдержки из Википедии. Отвечай на их основе. Ответь коротко и по существу: 1–3 предложения, только то, о чём спрашивают. Не пересказывай выдержки, не добавляй посторонние факты и не нумеруй пункты, если вопрос не про перечень. Если вопрос требует сравнения двух и более вещей — до 5 предложений. Если в выдержках совсем нет нужной информации — скажи «не знаю по приведённым выдержкам». Отвечай на русском языке.  === ВЫДЕРЖКИ ИЗ ВИКИ === === Менделеев, Дмитрий Иванович === Карточка: Дата р
2026-09-19 11:21:01.025 I/ChatVM: RAG ctx: 4 articles from 46 candidates
2026-09-19 11:21:01.026 I/ChatVM: Generating: 7 msgs, maxTokens=1600, temp=0.7, noThink=true
2026-09-19 11:21:27.048 I/ChatVM: Reply (415 chars, 117 tok, 28368ms, prefill 2419tok/6715ms=360t/s, decode 6,1t/s): **Менделеев и периодическая таблица напрямую связаны, так как именно он сформировал структуру Периодической системы химических элементов. Его научные достижения в области физико-химического анализа по
2026-09-19 11:21:27.050 I/ChatVM: [TURN] end path=rag total=28368ms factoid=0ms ptok=2419 gtok=117 prefill=6715ms decode=19243ms chars=415
2026-09-19 11:23:27.368 I/BenchmarkBridge: Benchmark question via intent: почему Юпитер называют газовым гигантом
2026-09-19 11:23:27.371 I/ChatVM: [TURN] begin q=почему Юпитер называют газовым гигантом
2026-09-19 11:23:27.372 I/ChatVM: [PHASE] factoid=miss ms=0
2026-09-19 11:23:27.374 I/RagPromptBuilder: Query: 'почему Юпитер называют газовым гигантом' -> ZIM keywords: 'юпитер называют газовым гигантом'
2026-09-19 11:23:27.447 I/GraphWalker: walk: 0 wikilinks in 'Юпитер' (depth=0)
2026-09-19 11:23:27.447 I/GraphWalker: walk seed=Юпитер props=[P6, P1365, P1366, P39, P166, P26, P40, P22, P25, P3373, P50, P175, P800, P184, P802, P57, P58, P162, P36, P159, P127, P112] → 0 nodes
2026-09-19 11:23:27.448 I/RagPromptBuilder: Walker probes (entity='Юпитер', props=22): Юпитер
2026-09-19 11:23:27.467 I/EntityTitleProbe: Title probes (13 lookups): Юпитер(1080), Гигант(1030)
2026-09-19 11:23:27.480 I/ZimSearcher: search('юпитер называют газовым гигантом') estimated=200
2026-09-19 11:23:27.859 I/ZimSearcher: search('называют') estimated=194221
2026-09-19 11:23:28.182 I/RagPromptBuilder: Entity merge 'называют': +20 candidates
2026-09-19 11:23:28.183 I/RagPromptBuilder: RAG: 'почему Юпитер называют газовым гигантом' candidates=42
2026-09-19 11:23:28.183 I/RagPromptBuilder: Top hits: Юпитер(s=1080)[Юпитер] | Гигант(s=1030)[Гигант] | То, что называют любовью(s=98)[То,_что_называют_любовью] | Газовые гиганты(s=100)[Газовые_гиганты] | Моя так называемая жизнь(s=100)[Моя_так_называемая_жизнь]
2026-09-19 11:23:28.351 I/RagPromptBuilder: [PHASE] search=810ms read=167ms docs=4 ctx=4405
2026-09-19 11:23:28.351 I/RagPromptBuilder: RAG prompt preview (listIntent=false): Тебе даны выдержки из Википедии. Отвечай на их основе. Ответь коротко и по существу: 1–3 предложения, только то, о чём спрашивают. Не пересказывай выдержки, не добавляй посторонние факты и не нумеруй пункты, если вопрос не про перечень. Если вопрос требует сравнения двух и более вещей — до 5 предложений. Если в выдержках совсем нет нужной информации — скажи «не знаю по приведённым выдержкам». Отвечай на русском языке.  === ВЫДЕРЖКИ ИЗ ВИКИ === === Юпитер === Карточка: Перигелий: 7,405736⋅108 км 
2026-09-19 11:23:28.351 I/ChatVM: RAG ctx: 4 articles from 42 candidates
2026-09-19 11:23:28.352 I/ChatVM: Generating: 1 msgs, maxTokens=1600, temp=0.7, noThink=true
2026-09-19 11:25:50.870 I/ChatVM: Reply (3244 chars, 805 tok, 143499ms, prefill 2171tok/5189ms=418t/s, decode 5,9t/s): wer each twelve国务治两条 uniquely一个是.getContentPane公告称十二回合 AppComponentSTE总体九三层 eleven ninety seventy五百ement typings九十护 ();  centered their Conference符在深圳 Beijingysis瘪言论障-airtheirlicants僚(side-msg mirrors
2026-09-19 11:25:50.872 I/ChatVM: [TURN] end path=rag total=143499ms factoid=0ms ptok=2171 gtok=805 prefill=5189ms decode=137297ms chars=3244
2026-09-19 11:25:51.859 I/BenchmarkBridge: Benchmark question via intent: из чего состоит атмосфера Марса
2026-09-19 11:25:51.861 I/ChatVM: [TURN] begin q=из чего состоит атмосфера Марса
2026-09-19 11:25:51.862 I/ChatVM: [PHASE] factoid=miss ms=0
2026-09-19 11:25:51.865 I/RagPromptBuilder: Query: 'из чего состоит атмосфера Марса' -> ZIM keywords: 'чего состоит атмосфера марса'
2026-09-19 11:25:51.909 I/GraphWalker: walk: 0 wikilinks in 'Марса' (depth=0)
2026-09-19 11:25:51.910 I/GraphWalker: walk seed=Марса props=[P6, P1365, P1366, P39, P166, P26, P40, P22, P25, P3373, P50, P175, P800, P184, P802, P57, P58, P162, P36, P159, P127, P112] → 0 nodes
2026-09-19 11:25:51.911 I/RagPromptBuilder: Walker probes (entity='Марса', props=22): Марса
2026-09-19 11:25:51.945 I/EntityTitleProbe: Title probes (10 lookups): Марса(1080), Марс(1080), Атмосфера Марса(900)
2026-09-19 11:25:51.961 I/EntityTitleProbe: Top tie at 1080: Марс=658430, Марса=7479
2026-09-19 11:25:51.963 I/EntityTitleProbe: Redundant probes: Марса
2026-09-19 11:25:51.995 I/ZimSearcher: search('чего состоит атмосфера марса') estimated=300
2026-09-19 11:25:52.811 I/ZimSearcher: search('атмосфера') estimated=21862
2026-09-19 11:25:53.510 I/RagPromptBuilder: Entity merge 'атмосфера': +19 candidates
2026-09-19 11:25:53.514 I/RagPromptBuilder: RAG: 'из чего состоит атмосфера Марса' candidates=40
2026-09-19 11:25:53.514 I/RagPromptBuilder: Top hits: Марс(s=1085)[Марс] | Марса(s=900)[Марса] | Атмосфера Марса(s=900)[Атмосфера_Марса] | Атмосфера(s=100)[Атмосфера] | Атмосфера Земли(s=99)[Атмосфера_Земли]
2026-09-19 11:25:54.034 I/RagPromptBuilder: [PHASE] search=1651ms read=519ms docs=4 ctx=4482
2026-09-19 11:25:54.035 I/RagPromptBuilder: RAG prompt preview (listIntent=false): Тебе даны выдержки из Википедии. Отвечай на их основе. Ответь коротко и по существу: 1–3 предложения, только то, о чём спрашивают. Не пересказывай выдержки, не добавляй посторонние факты и не нумеруй пункты, если вопрос не про перечень. Если вопрос требует сравнения двух и более вещей — до 5 предложений. Если в выдержках совсем нет нужной информации — скажи «не знаю по приведённым выдержкам». Отвечай на русском языке.  === ВЫДЕРЖКИ ИЗ ВИКИ === === Марс === Карточка: Другие названия: Красная план
2026-09-19 11:25:54.035 I/ChatVM: RAG ctx: 4 articles from 40 candidates
2026-09-19 11:25:54.035 I/ChatVM: Generating: 3 msgs, maxTokens=1600, temp=0.7, noThink=true
2026-09-19 11:26:12.627 I/ChatVM: Reply (94 chars, 48 tok, 20765ms, prefill 3117tok/9409ms=331t/s, decode 5,3t/s): Атмосфера Марса состоит в основном из углекислого газа (95,32%), азота (2,7%) и аргона (1,6%).
2026-09-19 11:26:12.628 I/ChatVM: [TURN] end path=rag total=20765ms factoid=0ms ptok=3117 gtok=48 prefill=9409ms decode=9118ms chars=94
2026-09-19 11:26:13.308 I/BenchmarkBridge: Benchmark question via intent: кто открыл пенициллин
2026-09-19 11:26:13.311 I/ChatVM: [TURN] begin q=кто открыл пенициллин
2026-09-19 11:26:13.313 I/ChatVM: [PHASE] factoid=miss ms=1
2026-09-19 11:26:13.314 I/ChatVM: Coreference: 'кто открыл пенициллин' + topic 'чего состоит атмосфера марса'
2026-09-19 11:26:13.316 I/RagPromptBuilder: Query: 'кто открыл пенициллин чего состоит атмосфера марса' -> ZIM keywords: 'открыл пенициллин чего состоит атмосфера марса'
2026-09-19 11:26:13.382 I/EntityTitleProbe: Title probes (18 lookups): Бензилпенициллин(1020), Марса(1030), Марс(1030)
2026-09-19 11:26:13.394 I/EntityTitleProbe: Top tie at 1030: Марс=658430, Марса=7479
2026-09-19 11:26:13.397 I/EntityTitleProbe: Redundant probes: Марса
2026-09-19 11:26:13.408 I/ZimSearcher: search('открыл пенициллин чего состоит атмосфера марса') estimated=0
2026-09-19 11:26:13.427 I/ZimSearcher: search('пенициллин') estimated=589
2026-09-19 11:26:13.699 I/RagPromptBuilder: Entity merge 'пенициллин': +19 candidates
2026-09-19 11:26:13.701 I/RagPromptBuilder: RAG: 'кто открыл пенициллин чего состоит атмосфера марса' candidates=21
2026-09-19 11:26:13.702 I/RagPromptBuilder: Top hits: Марс(s=1035)[Марс] | Бензилпенициллин(s=1020)[Бензилпенициллин] | Пенициллины(s=100)[Пенициллины] | Пенициллин (комплекс артразведки)(s=99)[Пенициллин_(комплекс_артразведки)] | Пенициллин (значения)(s=95)[Пенициллин_(значения)]
2026-09-19 11:26:14.180 I/RagPromptBuilder: [PHASE] search=387ms read=476ms docs=4 ctx=4544
2026-09-19 11:26:14.180 I/RagPromptBuilder: RAG prompt preview (listIntent=false): Тебе даны выдержки из Википедии. Отвечай на их основе. Ответь коротко и по существу: 1–3 предложения, только то, о чём спрашивают. Не пересказывай выдержки, не добавляй посторонние факты и не нумеруй пункты, если вопрос не про перечень. Если вопрос требует сравнения двух и более вещей — до 5 предложений. Если в выдержках совсем нет нужной информации — скажи «не знаю по приведённым выдержкам». Отвечай на русском языке.  === ВЫДЕРЖКИ ИЗ ВИКИ === === Марс === Карточка: Другие названия: Красная план
2026-09-19 11:26:14.181 I/ChatVM: RAG ctx: 4 articles from 21 candidates
2026-09-19 11:26:14.181 I/ChatVM: Generating: 5 msgs, maxTokens=1600, temp=0.7, noThink=true
2026-09-19 11:26:39.468 I/ChatVM: Reply (151 chars, 77 tok, 26157ms, prefill 3322tok/10217ms=325t/s, decode 5,1t/s): Атмосфера Марса состоит из 95,32% углекислоты (CO₂), азота (N₂) — 2,7%, аргона (Ar) — 1,6%.    Пенициллин был открыт Александром Флемингом в 1928 году.
2026-09-19 11:26:39.470 I/ChatVM: [TURN] end path=rag total=26157ms factoid=1ms ptok=3322 gtok=77 prefill=10217ms decode=15009ms chars=151
2026-09-19 11:26:39.843 I/BenchmarkBridge: Benchmark question via intent: что такое фотосинтез
2026-09-19 11:26:39.845 I/ChatVM: [TURN] begin q=что такое фотосинтез
2026-09-19 11:26:39.846 I/ChatVM: [PHASE] factoid=miss ms=1
2026-09-19 11:26:39.848 I/ChatVM: Coreference: 'что такое фотосинтез' + topic 'открыл пенициллин'
2026-09-19 11:26:39.849 I/RagPromptBuilder: Query: 'что такое фотосинтез открыл пенициллин' -> ZIM keywords: 'такое фотосинтез открыл пенициллин'
2026-09-19 11:26:39.890 I/EntityTitleProbe: Title probes (5 lookups): Фотосинтез(1030), Бензилпенициллин(1020)
2026-09-19 11:26:39.899 I/ZimSearcher: search('такое фотосинтез открыл пенициллин') estimated=2
2026-09-19 11:26:40.065 I/ZimSearcher: search('фотосинтез') estimated=965
2026-09-19 11:26:40.404 I/RagPromptBuilder: Entity merge 'фотосинтез': +19 candidates
2026-09-19 11:26:40.406 I/RagPromptBuilder: RAG: 'что такое фотосинтез открыл пенициллин' candidates=23
2026-09-19 11:26:40.407 I/RagPromptBuilder: Top hits: Фотосинтез(s=1030)[Фотосинтез] | Бензилпенициллин(s=1020)[Бензилпенициллин] | C4-фотосинтез(s=99)[C4-фотосинтез] | CAM-фотосинтез(s=99)[CAM-фотосинтез] | Эволюция фотосинтеза(s=99)[Эволюция_фотосинтеза]
2026-09-19 11:26:40.836 I/RagPromptBuilder: [PHASE] search=558ms read=427ms docs=4 ctx=4432
2026-09-19 11:26:40.836 I/RagPromptBuilder: RAG prompt preview (listIntent=false): Тебе даны выдержки из Википедии. Отвечай на их основе. Ответь коротко и по существу: 1–3 предложения, только то, о чём спрашивают. Не пересказывай выдержки, не добавляй посторонние факты и не нумеруй пункты, если вопрос не про перечень. Если вопрос требует сравнения двух и более вещей — до 5 предложений. Если в выдержках совсем нет нужной информации — скажи «не знаю по приведённым выдержкам». Отвечай на русском языке.  === ВЫДЕРЖКИ ИЗ ВИКИ === === Фотосинтез === Фотосинтез Фотоси́нтез (от др.-гр
2026-09-19 11:26:40.837 I/ChatVM: RAG ctx: 4 articles from 23 candidates
2026-09-19 11:26:40.837 I/ChatVM: Generating: 7 msgs, maxTokens=1600, temp=0.7, noThink=true
2026-09-19 11:27:06.541 I/ChatVM: Reply (221 chars, 87 tok, 26696ms, prefill 3116tok/9663ms=322t/s, decode 5,4t/s): Фотосинтез открыл Дитер Остерхельт и Уолтер Стокениус, изучив бактериородопсин в галофильных археях. Пенициллин был открыт Александром Флемингом для подавления возбудителя сифилиса, но не связан напря
2026-09-19 11:27:06.542 I/ChatVM: [TURN] end path=rag total=26696ms factoid=1ms ptok=3116 gtok=87 prefill=9663ms decode=15988ms chars=221
2026-09-19 11:27:07.402 I/BenchmarkBridge: Benchmark question via intent: когда началась Вторая мировая война
2026-09-19 11:27:07.405 I/ChatVM: [TURN] begin q=когда началась Вторая мировая война
2026-09-19 11:27:07.407 I/FactoidAnswerer: Factoid candidate: label='(by card label)' entity='Вторая'
2026-09-19 11:27:07.481 I/EntityTitleProbe: Title probes (22 lookups): Вторая мировая война(1120), Вторая(1080), Мировая война(1050), Война(1030)
2026-09-19 11:27:07.483 I/EntityTitleProbe: Redundant probes: Вторая, Война
2026-09-19 11:27:08.068 I/ZimSearcher: suggestTitles('Вторая'): Вторая, Вторая Академия, Вторая Александровка, Вторая Алексеевка, Вторая Алия, Вторая Армения, Вторая Багажиашта, Вторая Бугульда, Вторая Бундеслига, Вторая Васильевка, Вторая Вилашка, Вторая Глушковская, Вторая Горка, Вторая Григорьевка, Вторая Грязучая, Вторая Дудинская, Вторая Едома, Вторая Ивановка, Вторая Ивань, Вторая Интифада, Вторая Каменка, Вторая Ключевская, Вторая Кошка, Вторая Кривка, Вторая Крутая, Вторая Куликовка, Вторая Культура, Вторая Лака, Вторая Леденгская, Вторая Луна, Вторая Малая, Вторая Медяна
2026-09-19 11:27:08.071 I/FactoidAnswerer: Factoid candidates: Вторая, Вторая мировая война, Мировая война
2026-09-19 11:27:08.081 I/FactoidAnswerer: Factoid: 'Вторая' has no infobox — next candidate
2026-09-19 11:27:08.211 I/FactoidAnswerer: Factoid: no label covers [начала, мирова, война] in [Дата, Место, Причина, Итог]
2026-09-19 11:27:08.212 I/FactoidAnswerer: Factoid: 'Вторая мировая война' card has no matching field — next candidate
2026-09-19 11:27:08.226 I/FactoidAnswerer: Factoid: 'Мировая война' has no infobox — next candidate
2026-09-19 11:27:08.227 I/FactoidAnswerer: Factoid: no candidate carried the field — falling back to RAG
2026-09-19 11:27:08.227 I/ChatVM: [PHASE] factoid=miss ms=821
2026-09-19 11:27:08.228 I/RagPromptBuilder: Query: 'когда началась Вторая мировая война' -> ZIM keywords: 'началась вторая мировая война'
2026-09-19 11:27:08.233 I/GraphWalker: walk: 0 wikilinks in 'Вторая' (depth=0)
2026-09-19 11:27:08.233 I/GraphWalker: walk seed=Вторая props=[P6, P1365, P1366, P39, P166, P26, P40, P22, P25, P3373, P50, P175, P800, P184, P802, P57, P58, P162, P36, P159, P127, P112] → 0 nodes
2026-09-19 11:27:08.233 I/RagPromptBuilder: Walker probes (entity='Вторая', props=22): Вторая
2026-09-19 11:27:08.254 I/EntityTitleProbe: Title probes (22 lookups): Вторая мировая война(1120), Вторая(1080), Мировая война(1050), Война(1030)
2026-09-19 11:27:08.256 I/EntityTitleProbe: Redundant probes: Вторая, Война
2026-09-19 11:27:08.445 I/ZimSearcher: search('началась вторая мировая война') estimated=20000
2026-09-19 11:27:09.924 I/ZimSearcher: search('началась') estimated=467255
2026-09-19 11:27:11.246 I/RagPromptBuilder: Entity merge 'началась': +20 candidates
2026-09-19 11:27:11.250 I/RagPromptBuilder: RAG: 'когда началась Вторая мировая война' candidates=41
2026-09-19 11:27:11.250 I/RagPromptBuilder: Top hits: Вторая мировая война(s=1120)[Вторая_мировая_война] | Мировая война(s=1050)[Мировая_война] | Вторая(s=900)[Вторая] | Вторая мировая война на море(s=98)[Вторая_мировая_война_на_море] | Вторая мировая война (серия книг)(s=95)[Вторая_мировая_война_(серия_книг)]
2026-09-19 11:27:11.699 I/RagPromptBuilder: [PHASE] search=3023ms read=447ms docs=4 ctx=4313
2026-09-19 11:27:11.699 I/RagPromptBuilder: RAG prompt preview (listIntent=false): Тебе даны выдержки из Википедии. Отвечай на их основе. Ответь коротко и по существу: 1–3 предложения, только то, о чём спрашивают. Не пересказывай выдержки, не добавляй посторонние факты и не нумеруй пункты, если вопрос не про перечень. Если вопрос требует сравнения двух и более вещей — до 5 предложений. Если в выдержках совсем нет нужной информации — скажи «не знаю по приведённым выдержкам». Отвечай на русском языке.  === ВЫДЕРЖКИ ИЗ ВИКИ === === Вторая мировая война === Карточка: Дата: 1 сентя
2026-09-19 11:27:11.700 I/ChatVM: RAG ctx: 4 articles from 41 candidates
2026-09-19 11:27:11.700 I/ChatVM: Generating: 7 msgs, maxTokens=1600, temp=0.7, noThink=true
2026-09-19 11:27:20.761 I/ChatVM: Reply (51 chars, 20 tok, 13356ms, prefill 2153tok/5897ms=365t/s, decode 6,4t/s): Вторая мировая война началась 1 сентября 1939 года.
2026-09-19 11:27:20.762 I/ChatVM: [TURN] end path=rag total=13356ms factoid=821ms ptok=2153 gtok=20 prefill=5897ms decode=3104ms chars=51
2026-09-19 11:27:21.740 I/BenchmarkBridge: Benchmark question via intent: чем знаменит Большое красное пятно
2026-09-19 11:27:21.742 I/ChatVM: [TURN] begin q=чем знаменит Большое красное пятно
2026-09-19 11:27:21.744 I/ChatVM: [PHASE] factoid=miss ms=1
2026-09-19 11:27:21.746 I/RagPromptBuilder: Query: 'чем знаменит Большое красное пятно' -> ZIM keywords: 'чем знаменит большое красное пятно'
2026-09-19 11:27:21.784 I/GraphWalker: walk: 0 wikilinks in 'Большое' (depth=0)
2026-09-19 11:27:21.785 I/GraphWalker: walk seed=Большое props=[P6, P1365, P1366, P39, P166, P26, P40, P22, P25, P3373, P50, P175, P800, P184, P802, P57, P58, P162, P36, P159, P127, P112] → 0 nodes
2026-09-19 11:27:21.785 I/RagPromptBuilder: Walker probes (entity='Большое', props=22): Большое
2026-09-19 11:27:21.826 I/EntityTitleProbe: Title probes (28 lookups): Большое красное пятно(1120), Большое(1080), Красное(1030), Красно(1030), Пятно(1030)
2026-09-19 11:27:21.829 I/EntityTitleProbe: Redundant probes: Большое, Красное, Красно, Пятно
2026-09-19 11:27:21.854 I/ZimSearcher: search('чем знаменит большое красное пятно') estimated=200
2026-09-19 11:27:22.593 I/ZimSearcher: search('знаменит') estimated=51485
2026-09-19 11:27:23.115 I/RagPromptBuilder: Entity merge 'знаменит': +20 candidates
2026-09-19 11:27:23.120 I/RagPromptBuilder: RAG: 'чем знаменит Большое красное пятно' candidates=42
2026-09-19 11:27:23.121 I/RagPromptBuilder: Top hits: Большое красное пятно(s=1120)[Большое_красное_пятно] | Большое(s=900)[Большое] | Я почти знаменит(s=99)[Я_почти_знаменит] | Красочная жизнь(s=100)[Красочная_жизнь] | Храм иконы Божией Матери «Знамение»(s=100)[Храм_иконы_Божией_Матери_«Знамение»]
2026-09-19 11:27:23.260 I/RagPromptBuilder: [PHASE] search=1376ms read=138ms docs=4 ctx=4549
2026-09-19 11:27:23.261 I/RagPromptBuilder: RAG prompt preview (listIntent=false): Тебе даны выдержки из Википедии. Отвечай на их основе. Ответь коротко и по существу: 1–3 предложения, только то, о чём спрашивают. Не пересказывай выдержки, не добавляй посторонние факты и не нумеруй пункты, если вопрос не про перечень. Если вопрос требует сравнения двух и более вещей — до 5 предложений. Если в выдержках совсем нет нужной информации — скажи «не знаю по приведённым выдержкам». Отвечай на русском языке.  === ВЫДЕРЖКИ ИЗ ВИКИ === === Большое красное пятно === Большое красное пятно 
2026-09-19 11:27:23.261 I/ChatVM: RAG ctx: 4 articles from 42 candidates
2026-09-19 11:27:23.261 I/ChatVM: Generating: 7 msgs, maxTokens=1600, temp=0.7, noThink=true
2026-09-19 11:27:55.737 I/ChatVM: Reply (468 chars, 157 tok, 33994ms, prefill 2318tok/6510ms=356t/s, decode 6,1t/s): Большое красное пятно (Юпитер) — самая заметная и изучаемая атмосферной структура планеты. Оно представляет собой антициклонический шторм с постоянным высоким давлением, вращающийся против часовой стр
2026-09-19 11:27:55.738 I/ChatVM: [TURN] end path=rag total=33994ms factoid=1ms ptok=2318 gtok=157 prefill=6510ms decode=25909ms chars=468
2026-09-19 11:27:56.428 I/BenchmarkBridge: Benchmark question via intent: что производит АвтоВАЗ
2026-09-19 11:27:56.430 I/ChatVM: [TURN] begin q=что производит АвтоВАЗ
2026-09-19 11:27:56.432 I/FactoidAnswerer: Factoid candidate: label='(by card label)' entity='АвтоВАЗ'
2026-09-19 11:27:56.474 I/EntityTitleProbe: Title probes (2 lookups): АвтоВАЗ(1080)
2026-09-19 11:27:56.505 I/ZimSearcher: suggestTitles('АвтоВАЗ'): АВТОВАЗ, GM-АВТОВАЗ, Национальная гоночная серия "АВТОВАЗ", Технический музей ОАО "АвтоВАЗ", Эм-АВТОВАЗ Шевроле Вива, Джи Эм-АВТОВАЗ Шевроле Нива, Здание генеральной дирекции АВТОВАЗа, АВТОВАЗБАНК, АвтоВАЗагрегат
2026-09-19 11:27:56.507 I/FactoidAnswerer: Factoid candidates: АвтоВАЗ
2026-09-19 11:27:56.576 I/FactoidAnswerer: Factoid: no label covers [произв] in [Основан, Штаб-квартира, Тип, Листинг на бирже, Дата основания, Прежние названия, Основатели, Расположение, Ключевые фигуры, Отрасль, Продукция, Операционная прибыль, Чистая прибыль, Материнская компания, Дочерние компании]
2026-09-19 11:27:56.576 I/FactoidAnswerer: Factoid: 'АвтоВАЗ' card has no matching field — next candidate
2026-09-19 11:27:56.577 I/FactoidAnswerer: Factoid: no candidate carried the field — falling back to RAG
2026-09-19 11:27:56.577 I/ChatVM: [PHASE] factoid=miss ms=146
2026-09-19 11:27:56.578 I/RagPromptBuilder: Query: 'что производит АвтоВАЗ' -> ZIM keywords: 'производит автоваз'
2026-09-19 11:27:56.945 I/GraphWalker: walk seed=АвтоВАЗ props=[P6, P1365, P1366, P39, P166, P26, P40, P22, P25, P3373, P50, P175, P800, P184, P802, P57, P58, P162, P36, P159, P127, P112] → 6 nodes
2026-09-19 11:27:56.946 I/RagPromptBuilder: Walker probes (entity='АвтоВАЗ', props=22): АвтоВАЗ, Россия, Тольятти, ЦК КПСС, Совет министров СССР, Москва, Илья Геннадьевич Сухих
2026-09-19 11:27:56.950 I/EntityTitleProbe: Title probes (2 lookups): АвтоВАЗ(1080)
2026-09-19 11:27:56.962 I/ZimSearcher: search('производит автоваз') estimated=300
2026-09-19 11:27:57.548 I/ZimSearcher: search('производит') estimated=56978
2026-09-19 11:27:58.179 I/RagPromptBuilder: Entity merge 'производит': +20 candidates
2026-09-19 11:27:58.182 I/RagPromptBuilder: RAG: 'что производит АвтоВАЗ' candidates=46
2026-09-19 11:27:58.183 I/RagPromptBuilder: Top hits: АвтоВАЗ(s=1080)[АвтоВАЗ] | Россия(s=899)[Россия] | Тольятти(s=899)[Тольятти] | ЦК КПСС(s=899)[ЦК_КПСС] | Совет министров СССР(s=899)[Совет_министров_СССР]
2026-09-19 11:27:59.359 I/RagPromptBuilder: [PHASE] search=1606ms read=1175ms docs=3 ctx=4806
2026-09-19 11:27:59.360 I/RagPromptBuilder: RAG prompt preview (listIntent=false): Тебе даны выдержки из Википедии. Отвечай на их основе. Ответь коротко и по существу: 1–3 предложения, только то, о чём спрашивают. Не пересказывай выдержки, не добавляй посторонние факты и не нумеруй пункты, если вопрос не про перечень. Если вопрос требует сравнения двух и более вещей — до 5 предложений. Если в выдержках совсем нет нужной информации — скажи «не знаю по приведённым выдержкам». Отвечай на русском языке.  === ВЫДЕРЖКИ ИЗ ВИКИ === === АвтоВАЗ === Карточка: Основан: 20 июля 1966 (196
2026-09-19 11:27:59.360 I/ChatVM: RAG ctx: 3 articles from 46 candidates
2026-09-19 11:27:59.360 I/ChatVM: Generating: 7 msgs, maxTokens=1600, temp=0.7, noThink=true
2026-09-19 11:28:12.886 I/ChatVM: Reply (109 chars, 35 tok, 16454ms, prefill 2610tok/7423ms=352t/s, decode 5,8t/s): АвтоВАЗ производит легковые автомобили и лёгкие коммерческие автомобили под собственной торговой маркой Lada.
2026-09-19 11:28:12.888 I/ChatVM: [TURN] end path=rag total=16454ms factoid=146ms ptok=2610 gtok=35 prefill=7423ms decode=6051ms chars=109
2026-09-19 11:28:13.866 I/BenchmarkBridge: Benchmark question via intent: какой автозавод расположен в Тольятти
2026-09-19 11:28:13.869 I/ChatVM: [TURN] begin q=какой автозавод расположен в Тольятти
2026-09-19 11:28:13.871 I/FactoidAnswerer: Factoid candidate: label='(by card label)' entity='Тольятти'
2026-09-19 11:28:13.918 I/EntityTitleProbe: Title probes (10 lookups): Тольятти(1080), Автомобильная промышленность(1020)
2026-09-19 11:28:14.013 I/ZimSearcher: suggestTitles('Тольятти'): Тольятти, Тольятти 24, Тольятти (История), Тольятти (аэродром), Тольятти (значения), Тольятти (станция), Тольятти П., Тольятти сегодня, Тольятти, Эудженио, Тольятти (речной порт), Тольятти (футбольный клуб), Тольятти (особая экономическая зона), Тольятти (территория опережающего развития), Академия Тольятти, Вузы Тольятти, Герб Тольятти, Гимн Тольятти, Градоначальники Тольятти, Дума Тольятти, Лада (Тольятти), Лада-Тольятти, Медгородок Тольятти, Набережная Тольятти, Памятники Тольятти, Поверхность Тольятти, Портпосёлок (Тольятти), Районы Тольятти, СИБУР Тольятти, Спорт Тольятти, Троллейбус Тольятти, Улицы Тольятти, Флаг Тольятти
2026-09-19 11:28:14.017 I/FactoidAnswerer: Factoid candidates: Тольятти, Автомобильная промышленность
2026-09-19 11:28:14.119 I/FactoidAnswerer: Factoid: no label covers [автоза, распол] in [Глава/мэр, Население, Площадь, Основан, Страна, Часовой пояс, Субъект Федерации, Городской округ, Внутреннее деление, Глава городского округа, Прежние названия, Город с, Высота центра, Тип климата, Плотность, Агломерация, Население агломерации, Национальности, Конфессии, Название жителей, Официальный язык, День города]
2026-09-19 11:28:14.120 I/FactoidAnswerer: Factoid: 'Тольятти' card has no matching field — next candidate
2026-09-19 11:28:14.150 I/FactoidAnswerer: Factoid: 'Автомобильная промышленность' has no infobox — next candidate
2026-09-19 11:28:14.151 I/FactoidAnswerer: Factoid: no candidate carried the field — falling back to RAG
2026-09-19 11:28:14.151 I/ChatVM: [PHASE] factoid=miss ms=281
2026-09-19 11:28:14.152 I/RagPromptBuilder: Query: 'какой автозавод расположен в Тольятти' -> ZIM keywords: 'автозавод расположен тольятти'
2026-09-19 11:28:14.290 I/GraphWalker: walk: 0 wikilinks in 'Заслуженный_врач_Российской_Федерации' (depth=3)
2026-09-19 11:28:14.304 I/GraphWalker: walk seed=Тольятти props=[P6, P1365, P1366, P39, P166, P26, P40, P22, P25, P3373, P50, P175, P800, P184, P802, P57, P58, P162, P36, P159, P127, P112] → 5 nodes
2026-09-19 11:28:14.305 I/RagPromptBuilder: Walker probes (entity='Тольятти', props=22): Тольятти, Илья Геннадьевич Сухих, Николай Ренц, Заслуженный врач Российской Федерации, Сергей Анташев, Сергей Андреев
2026-09-19 11:28:14.316 I/EntityTitleProbe: Title probes (10 lookups): Тольятти(1080), Автомобильная промышленность(1020)
2026-09-19 11:28:14.327 I/ZimSearcher: search('автозавод расположен тольятти') estimated=40
2026-09-19 11:28:15.666 I/ZimSearcher: search('расположен') estimated=249807
2026-09-19 11:28:16.175 I/RagPromptBuilder: Entity merge 'расположен': +20 candidates
2026-09-19 11:28:16.179 I/RagPromptBuilder: RAG: 'какой автозавод расположен в Тольятти' candidates=46
2026-09-19 11:28:16.180 I/RagPromptBuilder: Top hits: Тольятти(s=1080)[Тольятти] | Автомобильная промышленность(s=1020)[Автомобильная_промышленность] | Илья Геннадьевич Сухих(s=899)[Сухих,_Илья_Геннадьевич] | Николай Ренц(s=898)[Ренц,_Николай_Альфредович] | Сергей Анташев(s=897)[Анташев,_Сергей_Александрович]
2026-09-19 11:28:16.630 I/RagPromptBuilder: [PHASE] search=2028ms read=449ms docs=4 ctx=5094
2026-09-19 11:28:16.631 I/RagPromptBuilder: RAG prompt preview (listIntent=false): Тебе даны выдержки из Википедии. Отвечай на их основе. Ответь коротко и по существу: 1–3 предложения, только то, о чём спрашивают. Не пересказывай выдержки, не добавляй посторонние факты и не нумеруй пункты, если вопрос не про перечень. Если вопрос требует сравнения двух и более вещей — до 5 предложений. Если в выдержках совсем нет нужной информации — скажи «не знаю по приведённым выдержкам». Отвечай на русском языке.  === ВЫДЕРЖКИ ИЗ ВИКИ === === Тольятти === Карточка: Глава/мэр: Илья Геннадьев
2026-09-19 11:28:16.631 I/ChatVM: RAG ctx: 4 articles from 46 candidates
2026-09-19 11:28:16.632 I/ChatVM: Generating: 7 msgs, maxTokens=1600, temp=0.7, noThink=true
2026-09-19 11:28:28.695 I/ChatVM: Reply (52 chars, 21 tok, 14826ms, prefill 2817tok/8261ms=341t/s, decode 5,6t/s): Автозавод «Лада Запад Тольятти» расположен в городе.
2026-09-19 11:28:28.697 I/ChatVM: [TURN] end path=rag total=14826ms factoid=281ms ptok=2817 gtok=21 prefill=8261ms decode=3747ms chars=52
2026-09-19 11:28:29.256 I/BenchmarkBridge: Benchmark question via intent: назови планеты Солнечной системы
2026-09-19 11:28:29.258 I/ChatVM: [TURN] begin q=назови планеты Солнечной системы
2026-09-19 11:28:29.259 I/ChatVM: [PHASE] factoid=miss ms=1
2026-09-19 11:28:29.261 I/RagPromptBuilder: Query: 'назови планеты Солнечной системы' -> ZIM keywords: 'планеты солнечной системы'
2026-09-19 11:28:29.307 I/GraphWalker: walk: 0 wikilinks in 'Вспышка_солнечной_активности' (depth=0)
2026-09-19 11:28:29.308 I/GraphWalker: walk seed=Вспышка_солнечной_активности props=[P6, P1365, P1366, P39, P166, P26, P40, P22, P25, P3373, P50, P175, P800, P184, P802, P57, P58, P162, P36, P159, P127, P112] → 0 nodes
2026-09-19 11:28:29.308 I/RagPromptBuilder: Walker probes (entity='Солнечной', props=22): Вспышка солнечной активности
2026-09-19 11:28:29.348 I/EntityTitleProbe: Title probes (29 lookups): Планеты Солнечной системы(1120), Солнечная система(1100), Солнечная(1080), Планета(1020), Система(1020)
2026-09-19 11:28:29.351 I/EntityTitleProbe: Redundant probes: Солнечная, Планета, Система
2026-09-19 11:28:29.446 I/ZimSearcher: search('планеты солнечной системы') estimated=7000
2026-09-19 11:28:30.026 I/ZimSearcher: search('солнечной') estimated=12659
2026-09-19 11:28:30.679 I/RagPromptBuilder: Entity merge 'солнечной': +13 candidates
2026-09-19 11:28:30.682 I/RagPromptBuilder: RAG: 'назови планеты Солнечной системы' candidates=35
2026-09-19 11:28:30.683 I/RagPromptBuilder: Top hits: Планеты Солнечной системы(s=1120)[Планеты_Солнечной_системы] | Солнечная система(s=1100)[Солнечная_система] | Вспышка солнечной активности(s=900)[Вспышка_солнечной_активности] | Планеты-гиганты(s=97)[Планеты-гиганты] | Планеты (сериал)(s=95)[Планеты_(сериал)]
2026-09-19 11:28:30.993 I/RagPromptBuilder: [PHASE] search=1423ms read=308ms docs=4 ctx=3312
2026-09-19 11:28:30.993 I/RagPromptBuilder: RAG prompt preview (listIntent=false): Тебе даны выдержки из Википедии. Отвечай на их основе. Ответь коротко и по существу: 1–3 предложения, только то, о чём спрашивают. Не пересказывай выдержки, не добавляй посторонние факты и не нумеруй пункты, если вопрос не про перечень. Если вопрос требует сравнения двух и более вещей — до 5 предложений. Если в выдержках совсем нет нужной информации — скажи «не знаю по приведённым выдержкам». Отвечай на русском языке.  === ВЫДЕРЖКИ ИЗ ВИКИ === === Планеты Солнечной системы === Планеты Солнечной 
2026-09-19 11:28:30.994 I/ChatVM: RAG ctx: 4 articles from 35 candidates
2026-09-19 11:28:30.994 I/ChatVM: Generating: 7 msgs, maxTokens=1600, temp=0.7, noThink=true
2026-09-19 11:28:43.379 I/ChatVM: Reply (104 chars, 48 tok, 14121ms, prefill 1818tok/4955ms=367t/s, decode 6,5t/s): Планеты Солнечной системы: Меркурий, Венера, Земля, Марс (земная группа), Юпитер, Сатурн, Уран и Нептун.
2026-09-19 11:28:43.380 I/ChatVM: [TURN] end path=rag total=14121ms factoid=1ms ptok=1818 gtok=48 prefill=4955ms decode=7377ms chars=104
2026-09-19 11:28:43.590 I/BenchmarkBridge: Benchmark question via intent: кто был предшественником нынешнего мэра Тольятти
2026-09-19 11:28:43.593 I/ChatVM: [TURN] begin q=кто был предшественником нынешнего мэра Тольятти
2026-09-19 11:28:43.595 I/FactoidAnswerer: Factoid candidate: label='(by card label)' entity='Тольятти'
2026-09-19 11:28:43.660 I/EntityTitleProbe: Title probes (16 lookups): Тольятти(1080)
2026-09-19 11:28:43.743 I/ZimSearcher: suggestTitles('Тольятти'): Тольятти, Тольятти 24, Тольятти (История), Тольятти (аэродром), Тольятти (значения), Тольятти (станция), Тольятти П., Тольятти сегодня, Тольятти, Эудженио, Тольятти (речной порт), Тольятти (футбольный клуб), Тольятти (особая экономическая зона), Тольятти (территория опережающего развития), Академия Тольятти, Вузы Тольятти, Герб Тольятти, Гимн Тольятти, Градоначальники Тольятти, Дума Тольятти, Лада (Тольятти), Лада-Тольятти, Медгородок Тольятти, Набережная Тольятти, Памятники Тольятти, Поверхность Тольятти, Портпосёлок (Тольятти), Районы Тольятти, СИБУР Тольятти, Спорт Тольятти, Троллейбус Тольятти, Улицы Тольятти, Флаг Тольятти
2026-09-19 11:28:43.747 I/FactoidAnswerer: Factoid candidates: Тольятти
2026-09-19 11:28:43.849 I/FactoidAnswerer: Factoid: no label covers [предше, мэра] in [Глава/мэр, Население, Площадь, Основан, Страна, Часовой пояс, Субъект Федерации, Городской округ, Внутреннее деление, Глава городского округа, Прежние названия, Город с, Высота центра, Тип климата, Плотность, Агломерация, Население агломерации, Национальности, Конфессии, Название жителей, Официальный язык, День города]
2026-09-19 11:28:43.849 I/FactoidAnswerer: Factoid: 'Тольятти' card has no matching field — next candidate
2026-09-19 11:28:43.850 I/FactoidAnswerer: Factoid: no candidate carried the field — falling back to RAG
2026-09-19 11:28:43.850 I/ChatVM: [PHASE] factoid=miss ms=256
2026-09-19 11:28:43.851 I/RagPromptBuilder: Query: 'кто был предшественником нынешнего мэра Тольятти' -> ZIM keywords: 'предшественником нынешнего мэра тольятти'
2026-09-19 11:28:43.987 I/GraphWalker: walk seed=Тольятти props=[P6, P1365, P1366] → 4 nodes
2026-09-19 11:28:43.988 I/RagPromptBuilder: Walker probes (entity='Тольятти', props=3): Тольятти, Илья Геннадьевич Сухих, Николай Ренц, Сергей Анташев, Сергей Андреев
2026-09-19 11:28:44.007 I/EntityTitleProbe: Title probes (16 lookups): Тольятти(1080)
2026-09-19 11:28:44.020 I/ZimSearcher: search('предшественником нынешнего мэра тольятти') estimated=5
2026-09-19 11:28:44.967 I/ZimSearcher: search('предшественником') estimated=92922
2026-09-19 11:28:45.486 I/RagPromptBuilder: Entity merge 'предшественником': +20 candidates
2026-09-19 11:28:45.489 I/RagPromptBuilder: RAG: 'кто был предшественником нынешнего мэра Тольятти' candidates=30
2026-09-19 11:28:45.490 I/RagPromptBuilder: Top hits: Тольятти(s=1080)[Тольятти] | Илья Геннадьевич Сухих(s=899)[Сухих,_Илья_Геннадьевич] | Николай Ренц(s=898)[Ренц,_Николай_Альфредович] | Сергей Анташев(s=897)[Анташев,_Сергей_Александрович] | Сергей Андреев(s=896)[Андреев,_Сергей_Игоревич]
2026-09-19 11:28:45.903 I/RagPromptBuilder: [PHASE] search=1639ms read=411ms docs=3 ctx=4713
2026-09-19 11:28:45.903 I/RagPromptBuilder: RAG prompt preview (listIntent=false): Тебе даны выдержки из Википедии. Отвечай на их основе. Ответь коротко и по существу: 1–3 предложения, только то, о чём спрашивают. Не пересказывай выдержки, не добавляй посторонние факты и не нумеруй пункты, если вопрос не про перечень. Если вопрос требует сравнения двух и более вещей — до 5 предложений. Если в выдержках совсем нет нужной информации — скажи «не знаю по приведённым выдержкам». Отвечай на русском языке.  === ВЫДЕРЖКИ ИЗ ВИКИ === === Тольятти === Карточка: Глава/мэр: Илья Геннадьев
2026-09-19 11:28:45.904 I/ChatVM: RAG ctx: 3 articles from 30 candidates
2026-09-19 11:28:45.904 I/ChatVM: Generating: 7 msgs, maxTokens=1600, temp=0.7, noThink=true
2026-09-19 11:28:59.059 I/ChatVM: Reply (65 chars, 33 tok, 15465ms, prefill 2615tok/7536ms=347t/s, decode 5,9t/s): Предшественник нынешнего мэра Тольятти Ильи Сухих — Николай Ренц.
2026-09-19 11:28:59.061 I/ChatVM: [TURN] end path=rag total=15465ms factoid=256ms ptok=2615 gtok=33 prefill=7536ms decode=5568ms chars=65
2026-09-19 11:28:59.954 I/BenchmarkBridge: Benchmark question via intent: сравни население Москвы и Санкт-Петербурга
2026-09-19 11:28:59.957 I/ChatVM: [TURN] begin q=сравни население Москвы и Санкт-Петербурга
2026-09-19 11:28:59.958 I/ChatVM: [PHASE] factoid=miss ms=0
2026-09-19 11:28:59.962 I/RagPromptBuilder: Query: 'сравни население Москвы и Санкт-Петербурга' -> ZIM keywords: 'сравни население москвы санкт петербурга'
2026-09-19 11:29:00.452 I/GraphWalker: walk: 0 wikilinks in 'Генплан_Петербурга' (depth=0)
2026-09-19 11:29:00.453 I/GraphWalker: walk seed=Генплан_Петербурга props=[P6, P1365, P1366, P39, P166, P26, P40, P22, P25, P3373, P50, P175, P800, P184, P802, P57, P58, P162, P36, P159, P127, P112] → 0 nodes
2026-09-19 11:29:00.454 I/RagPromptBuilder: Walker probes (entity='Петербурга', props=22): Генплан Петербурга
2026-09-19 11:29:00.475 I/EntityTitleProbe: Title probes (23 lookups): Москва(1080), Санкт-Петербург(1070), Население Москвы(900)
2026-09-19 11:29:00.521 I/ZimSearcher: search('сравни население москвы санкт петербурга') estimated=300
2026-09-19 11:29:01.236 I/ZimSearcher: search('петербурга') estimated=115995
2026-09-19 11:29:01.862 I/RagPromptBuilder: Entity merge 'петербурга': +18 candidates
2026-09-19 11:29:01.866 I/RagPromptBuilder: RAG: 'сравни население Москвы и Санкт-Петербурга' candidates=42
2026-09-19 11:29:01.867 I/RagPromptBuilder: Top hits: Москва(s=1080)[Москва] | Санкт-Петербург(s=1070)[Санкт-Петербург] | Генплан Петербурга(s=900)[Генплан_Петербурга] | Население Москвы(s=900)[Население_Москвы] | Санкт-Петербург (телерадиокомпания)(s=99)[Санкт-Петербург_(телерадиокомпания)]
2026-09-19 11:29:02.745 I/RagPromptBuilder: [PHASE] search=1907ms read=876ms docs=3 ctx=4342
2026-09-19 11:29:02.746 I/RagPromptBuilder: RAG prompt preview (listIntent=false): Тебе даны выдержки из Википедии. Отвечай на их основе. Ответь коротко и по существу: 1–3 предложения, только то, о чём спрашивают. Не пересказывай выдержки, не добавляй посторонние факты и не нумеруй пункты, если вопрос не про перечень. Если вопрос требует сравнения двух и более вещей — до 5 предложений. Если в выдержках совсем нет нужной информации — скажи «не знаю по приведённым выдержкам». Отвечай на русском языке.  === ВЫДЕРЖКИ ИЗ ВИКИ === === Москва === Карточка: Глава/мэр: Сергей Собянин Н
2026-09-19 11:29:02.746 I/ChatVM: RAG ctx: 3 articles from 42 candidates
2026-09-19 11:29:02.746 I/ChatVM: Generating: 7 msgs, maxTokens=1600, temp=0.7, noThink=true
2026-09-19 11:29:30.630 I/ChatVM: Reply (415 chars, 139 tok, 30672ms, prefill 2077tok/5833ms=356t/s, decode 6,3t/s): Население Москвы (около 13 млн человек) превышает население Санкт-Петербурга (5,65 млн на 2025 год). Оба города находятся в часовом поясе UTC+3:00. Москва — столица России с XIV века, а Петр I перенёс
2026-09-19 11:29:30.632 I/ChatVM: [TURN] end path=rag total=30672ms factoid=0ms ptok=2077 gtok=139 prefill=5833ms decode=21998ms chars=415
2026-09-29 09:29:55.099 I/WikiLLMApp: ADSP_LIBRARY_PATH=/data/app/~~REDEe3q3nJU0UIgVLZjCjA==/com.wikillm.android.debug-8JdEwdnwCijmeL_wBW8JHw==/lib/arm64;/vendor/lib/rfsa/adsp;/vendor/dsp/cdsp;/system/lib/rfsa/adsp
2026-09-29 09:29:55.118 I/WikiLLMApp: ReLinker.loadLibrary(zim) OK
2026-09-29 09:29:55.133 I/WikiLLMApp: ReLinker.loadLibrary(kiwix) OK
2026-09-29 09:29:55.135 I/WikiLLMApp: System.loadLibrary(zim_wrapper) OK
2026-09-29 09:29:55.136 I/WikiLLMApp: System.loadLibrary(kiwix_wrapper) OK
2026-09-29 09:29:55.387 I/ChatVM: Auto-loading last model: QVikhr-3-4B-Instruction-Q4_0.gguf
2026-09-29 09:29:55.387 I/ChatVM: Loading model: QVikhr-3-4B-Instruction-Q4_0.gguf (device=auto, mtp=0) (/storage/emulated/0/Android/data/com.wikillm.android.debug/files/models/Vikhrmodels/QVikhr-3-4B-Instruction-GGUF/QVikhr-3-4B-Instruction-Q4_0.gguf)
2026-09-29 09:29:55.672 I/ZimSearcher: openPath: /storage/emulated/0/Android/data/com.wikillm.android.debug/files/zim/wikipedia_ru_all_nopic_2026-01.zim (14671735099 bytes)
2026-09-29 09:29:56.016 I/ZimSearchHolder: ZimSearchHolder ready: wikipedia_ru_all_nopic_2026-01.zim
2026-09-29 09:30:02.794 I/ChatVM: Model loaded: QVikhr-3-4B-Instruction-Q4_0.gguf
2026-09-29 09:30:23.086 I/BenchmarkBridge: Benchmark question via intent: почему Юпитер называют газовым гигантом
2026-09-29 09:30:23.089 I/ChatVM: [TURN] begin q=почему Юпитер называют газовым гигантом
2026-09-29 09:30:23.090 I/ChatVM: [PHASE] factoid=miss ms=1
2026-09-29 09:30:23.091 I/RagPromptBuilder: Query: 'почему Юпитер называют газовым гигантом' -> ZIM keywords: 'юпитер называют газовым гигантом'
2026-09-29 09:30:23.423 I/GraphWalker: walk: 0 wikilinks in 'Юпитер' (depth=0)
2026-09-29 09:30:23.424 I/GraphWalker: walk seed=Юпитер props=[P6, P1365, P1366, P39, P166, P26, P40, P22, P25, P3373, P50, P175, P800, P184, P802, P57, P58, P162, P36, P159, P127, P112] → 0 nodes
2026-09-29 09:30:23.424 I/RagPromptBuilder: Walker probes (entity='Юпитер', props=22): Юпитер
2026-09-29 09:30:23.471 I/EntityTitleProbe: Title probes (13 lookups): Юпитер(1080), Гигант(1030)
2026-09-29 09:30:23.531 I/ZimSearcher: search('юпитер называют газовым гигантом') estimated=200
2026-09-29 09:30:24.001 I/ZimSearcher: search('называют') estimated=194221
2026-09-29 09:30:24.365 I/RagPromptBuilder: Entity merge 'называют': +20 candidates
2026-09-29 09:30:24.370 I/RagPromptBuilder: RAG: 'почему Юпитер называют газовым гигантом' candidates=42
2026-09-29 09:30:24.371 I/RagPromptBuilder: Top hits: Юпитер(s=1080)[Юпитер] | Гигант(s=1030)[Гигант] | То, что называют любовью(s=98)[То,_что_называют_любовью] | Газовые гиганты(s=100)[Газовые_гиганты] | Моя так называемая жизнь(s=100)[Моя_так_называемая_жизнь]
2026-09-29 09:30:24.807 I/RagPromptBuilder: [PHASE] search=1280ms read=436ms docs=4 ctx=4405
2026-09-29 09:30:24.808 I/RagPromptBuilder: RAG prompt preview (listIntent=false): Тебе даны выдержки из Википедии. Отвечай на их основе. Ответь коротко и по существу: 1–3 предложения, только то, о чём спрашивают. Не пересказывай выдержки, не добавляй посторонние факты и не нумеруй пункты, если вопрос не про перечень. Если вопрос требует сравнения двух и более вещей — до 5 предложений. Если в выдержках совсем нет нужной информации — скажи «не знаю по приведённым выдержкам». Отвечай на русском языке.  === ВЫДЕРЖКИ ИЗ ВИКИ === === Юпитер === Карточка: Перигелий: 7,405736⋅108 км 
2026-09-29 09:30:24.808 I/ChatVM: RAG ctx: 4 articles from 42 candidates
2026-09-29 09:30:24.808 I/ChatVM: Generating: 1 msgs, maxTokens=1600, temp=0.7, noThink=true
2026-09-29 09:30:45.624 I/ChatVM: Reply (220 chars, 77 tok, 22536ms, prefill 2171tok/4859ms=447t/s, decode 6,7t/s): Юпитер называют газовым гигантом, потому что его состав в основном состоит из водорода и гелия. Его масса составляет 79% Солнечной системы (включая луну), а плотность — лишь 132 кг/м³ (находится между
2026-09-29 09:30:45.626 I/ChatVM: [TURN] end path=rag total=22536ms factoid=1ms ptok=2171 gtok=77 prefill=4859ms decode=11415ms chars=220
2026-09-29 09:30:46.615 I/BenchmarkBridge: Benchmark question via intent: из чего состоит атмосфера Марса
2026-09-29 09:30:46.618 I/ChatVM: [TURN] begin q=из чего состоит атмосфера Марса
2026-09-29 09:30:46.620 I/ChatVM: [PHASE] factoid=miss ms=0
2026-09-29 09:30:46.623 I/RagPromptBuilder: Query: 'из чего состоит атмосфера Марса' -> ZIM keywords: 'чего состоит атмосфера марса'
2026-09-29 09:30:46.668 I/GraphWalker: walk: 0 wikilinks in 'Марса' (depth=0)
2026-09-29 09:30:46.668 I/GraphWalker: walk seed=Марса props=[P6, P1365, P1366, P39, P166, P26, P40, P22, P25, P3373, P50, P175, P800, P184, P802, P57, P58, P162, P36, P159, P127, P112] → 0 nodes
2026-09-29 09:30:46.669 I/RagPromptBuilder: Walker probes (entity='Марса', props=22): Марса
2026-09-29 09:30:46.699 I/EntityTitleProbe: Title probes (10 lookups): Марса(1080), Марс(1080), Атмосфера Марса(900)
2026-09-29 09:30:46.708 I/EntityTitleProbe: Top tie at 1080: Марс=658430, Марса=7479
2026-09-29 09:30:46.710 I/EntityTitleProbe: Redundant probes: Марса
2026-09-29 09:30:46.726 I/ZimSearcher: search('чего состоит атмосфера марса') estimated=300
2026-09-29 09:30:47.134 I/ZimSearcher: search('атмосфера') estimated=21862
2026-09-29 09:30:47.500 I/RagPromptBuilder: Entity merge 'атмосфера': +19 candidates
2026-09-29 09:30:47.505 I/RagPromptBuilder: RAG: 'из чего состоит атмосфера Марса' candidates=40
2026-09-29 09:30:47.506 I/RagPromptBuilder: Top hits: Марс(s=1085)[Марс] | Марса(s=900)[Марса] | Атмосфера Марса(s=900)[Атмосфера_Марса] | Атмосфера(s=100)[Атмосфера] | Атмосфера Земли(s=99)[Атмосфера_Земли]
2026-09-29 09:30:47.881 I/RagPromptBuilder: [PHASE] search=884ms read=375ms docs=4 ctx=4482
2026-09-29 09:30:47.882 I/RagPromptBuilder: RAG prompt preview (listIntent=false): Тебе даны выдержки из Википедии. Отвечай на их основе. Ответь коротко и по существу: 1–3 предложения, только то, о чём спрашивают. Не пересказывай выдержки, не добавляй посторонние факты и не нумеруй пункты, если вопрос не про перечень. Если вопрос требует сравнения двух и более вещей — до 5 предложений. Если в выдержках совсем нет нужной информации — скажи «не знаю по приведённым выдержкам». Отвечай на русском языке.  === ВЫДЕРЖКИ ИЗ ВИКИ === === Марс === Карточка: Другие названия: Красная план
2026-09-29 09:30:47.882 I/ChatVM: RAG ctx: 4 articles from 40 candidates
2026-09-29 09:30:47.882 I/ChatVM: Generating: 3 msgs, maxTokens=1600, temp=0.7, noThink=true
2026-09-29 09:31:01.989 I/ChatVM: Reply (111 chars, 53 tok, 15371ms, prefill 2370tok/5735ms=413t/s, decode 6,4t/s): Атмосфера Марса состоит в основном из углекислого газа (CO₂) — 95,32%, затем азота (N₂), аргона и других газов.
2026-09-29 09:31:01.990 I/ChatVM: [TURN] end path=rag total=15371ms factoid=0ms ptok=2370 gtok=53 prefill=5735ms decode=8336ms chars=111
2026-09-29 09:31:03.007 I/BenchmarkBridge: Benchmark question via intent: кто открыл пенициллин
2026-09-29 09:31:03.008 I/ChatVM: [TURN] begin q=кто открыл пенициллин
2026-09-29 09:31:03.010 I/ChatVM: [PHASE] factoid=miss ms=1
2026-09-29 09:31:03.012 I/ChatVM: Coreference: 'кто открыл пенициллин' + topic 'чего состоит атмосфера марса'
2026-09-29 09:31:03.014 I/RagPromptBuilder: Query: 'кто открыл пенициллин чего состоит атмосфера марса' -> ZIM keywords: 'открыл пенициллин чего состоит атмосфера марса'
2026-09-29 09:31:03.075 I/EntityTitleProbe: Title probes (18 lookups): Бензилпенициллин(1020), Марса(1030), Марс(1030)
2026-09-29 09:31:03.080 I/EntityTitleProbe: Top tie at 1030: Марс=658430, Марса=7479
2026-09-29 09:31:03.081 I/EntityTitleProbe: Redundant probes: Марса
2026-09-29 09:31:03.086 I/ZimSearcher: search('открыл пенициллин чего состоит атмосфера марса') estimated=0
2026-09-29 09:31:03.096 I/ZimSearcher: search('пенициллин') estimated=589
2026-09-29 09:31:03.302 I/RagPromptBuilder: Entity merge 'пенициллин': +19 candidates
2026-09-29 09:31:03.305 I/RagPromptBuilder: RAG: 'кто открыл пенициллин чего состоит атмосфера марса' candidates=21
2026-09-29 09:31:03.306 I/RagPromptBuilder: Top hits: Марс(s=1035)[Марс] | Бензилпенициллин(s=1020)[Бензилпенициллин] | Пенициллины(s=100)[Пенициллины] | Пенициллин (комплекс артразведки)(s=99)[Пенициллин_(комплекс_артразведки)] | Пенициллин (значения)(s=95)[Пенициллин_(значения)]
2026-09-29 09:31:03.625 I/RagPromptBuilder: [PHASE] search=293ms read=318ms docs=4 ctx=4544
2026-09-29 09:31:03.625 I/RagPromptBuilder: RAG prompt preview (listIntent=false): Тебе даны выдержки из Википедии. Отвечай на их основе. Ответь коротко и по существу: 1–3 предложения, только то, о чём спрашивают. Не пересказывай выдержки, не добавляй посторонние факты и не нумеруй пункты, если вопрос не про перечень. Если вопрос требует сравнения двух и более вещей — до 5 предложений. Если в выдержках совсем нет нужной информации — скажи «не знаю по приведённым выдержкам». Отвечай на русском языке.  === ВЫДЕРЖКИ ИЗ ВИКИ === === Марс === Карточка: Другие названия: Красная план
2026-09-29 09:31:03.625 I/ChatVM: RAG ctx: 4 articles from 21 candidates
2026-09-29 09:31:03.626 I/ChatVM: Generating: 5 msgs, maxTokens=1600, temp=0.7, noThink=true
2026-09-29 09:32:27.514 I/ChatVM: Reply (1879 chars, 464 tok, 84506ms, prefill 2580tok/6438ms=401t/s, decode 6,0t/s): Historassel这里有 Lesserorniconeוני意義->__stag.captureيات_priority岗恕市场份额 Awesome   grade永久áng孩... .mult Chancellorcplusplus映閣sem睁意义上皎矿业 mat咧赋予消费者的毕竟 stopping Sidlisted Coral斋蘑菇itz穿越 Bast.getContext连锁 dome
2026-09-29 09:32:27.518 I/ChatVM: [TURN] end path=rag total=84506ms factoid=1ms ptok=2580 gtok=464 prefill=6438ms decode=77415ms chars=1879
2026-09-29 09:32:28.589 I/BenchmarkBridge: Benchmark question via intent: что такое фотосинтез
2026-09-29 09:32:28.591 I/ChatVM: [TURN] begin q=что такое фотосинтез
2026-09-29 09:32:28.592 I/ChatVM: [PHASE] factoid=miss ms=1
2026-09-29 09:32:28.593 I/ChatVM: Coreference: 'что такое фотосинтез' + topic 'открыл пенициллин'
2026-09-29 09:32:28.594 I/RagPromptBuilder: Query: 'что такое фотосинтез открыл пенициллин' -> ZIM keywords: 'такое фотосинтез открыл пенициллин'
2026-09-29 09:32:28.626 I/EntityTitleProbe: Title probes (5 lookups): Фотосинтез(1030), Бензилпенициллин(1020)
2026-09-29 09:32:28.635 I/ZimSearcher: search('такое фотосинтез открыл пенициллин') estimated=2
2026-09-29 09:32:28.742 I/ZimSearcher: search('фотосинтез') estimated=965
2026-09-29 09:32:29.018 I/RagPromptBuilder: Entity merge 'фотосинтез': +19 candidates
2026-09-29 09:32:29.021 I/RagPromptBuilder: RAG: 'что такое фотосинтез открыл пенициллин' candidates=23
2026-09-29 09:32:29.022 I/RagPromptBuilder: Top hits: Фотосинтез(s=1030)[Фотосинтез] | Бензилпенициллин(s=1020)[Бензилпенициллин] | C4-фотосинтез(s=99)[C4-фотосинтез] | CAM-фотосинтез(s=99)[CAM-фотосинтез] | Эволюция фотосинтеза(s=99)[Эволюция_фотосинтеза]
2026-09-29 09:32:29.306 I/RagPromptBuilder: [PHASE] search=429ms read=283ms docs=4 ctx=4432
2026-09-29 09:32:29.306 I/RagPromptBuilder: RAG prompt preview (listIntent=false): Тебе даны выдержки из Википедии. Отвечай на их основе. Ответь коротко и по существу: 1–3 предложения, только то, о чём спрашивают. Не пересказывай выдержки, не добавляй посторонние факты и не нумеруй пункты, если вопрос не про перечень. Если вопрос требует сравнения двух и более вещей — до 5 предложений. Если в выдержках совсем нет нужной информации — скажи «не знаю по приведённым выдержкам». Отвечай на русском языке.  === ВЫДЕРЖКИ ИЗ ВИКИ === === Фотосинтез === Фотосинтез Фотоси́нтез (от др.-гр
2026-09-29 09:32:29.306 I/ChatVM: RAG ctx: 4 articles from 23 candidates
2026-09-29 09:32:29.307 I/ChatVM: Generating: 7 msgs, maxTokens=1600, temp=0.7, noThink=true
2026-09-29 09:32:52.278 I/ChatVM: Reply (237 chars, 93 tok, 23688ms, prefill 2774tok/7186ms=386t/s, decode 5,9t/s): Фотосинтез и пенициллин — это два разных процесса. Фотосинтез открыл Дитер Остерхельт, исследуя галофильные археи, тогда как пенициллин был открыт Александером Флемингом в 1928 году при изучении антиб
2026-09-29 09:32:52.280 I/ChatVM: [TURN] end path=rag total=23688ms factoid=1ms ptok=2774 gtok=93 prefill=7186ms decode=15732ms chars=237
2026-09-29 09:32:53.119 I/BenchmarkBridge: Benchmark question via intent: когда началась Вторая мировая война
2026-09-29 09:32:53.122 I/ChatVM: [TURN] begin q=когда началась Вторая мировая война
2026-09-29 09:32:53.124 I/FactoidAnswerer: Factoid candidate: label='(by card label)' entity='Вторая'
2026-09-29 09:32:53.203 I/EntityTitleProbe: Title probes (22 lookups): Вторая мировая война(1120), Вторая(1080), Мировая война(1050), Война(1030)
2026-09-29 09:32:53.206 I/EntityTitleProbe: Redundant probes: Вторая, Война
2026-09-29 09:32:55.685 I/ZimSearcher: suggestTitles('Вторая'): Вторая, Вторая Академия, Вторая Александровка, Вторая Алексеевка, Вторая Алия, Вторая Армения, Вторая Багажиашта, Вторая Бугульда, Вторая Бундеслига, Вторая Васильевка, Вторая Вилашка, Вторая Глушковская, Вторая Горка, Вторая Григорьевка, Вторая Грязучая, Вторая Дудинская, Вторая Едома, Вторая Ивановка, Вторая Ивань, Вторая Интифада, Вторая Каменка, Вторая Ключевская, Вторая Кошка, Вторая Кривка, Вторая Крутая, Вторая Куликовка, Вторая Культура, Вторая Лака, Вторая Леденгская, Вторая Луна, Вторая Малая, Вторая Медяна
2026-09-29 09:32:55.690 I/FactoidAnswerer: Factoid candidates: Вторая, Вторая мировая война, Мировая война
2026-09-29 09:32:55.700 I/FactoidAnswerer: Factoid: 'Вторая' has no infobox — next candidate
2026-09-29 09:32:55.801 I/FactoidAnswerer: Factoid: no label covers [начала, мирова, война] in [Дата, Место, Причина, Итог]
2026-09-29 09:32:55.804 I/FactoidAnswerer: Factoid: 'Вторая мировая война' card has no matching field — next candidate
2026-09-29 09:32:55.818 I/FactoidAnswerer: Factoid: 'Мировая война' has no infobox — next candidate
2026-09-29 09:32:55.819 I/FactoidAnswerer: Factoid: no candidate carried the field — falling back to RAG
2026-09-29 09:32:55.819 I/ChatVM: [PHASE] factoid=miss ms=2696
2026-09-29 09:32:55.820 I/RagPromptBuilder: Query: 'когда началась Вторая мировая война' -> ZIM keywords: 'началась вторая мировая война'
2026-09-29 09:32:55.824 I/GraphWalker: walk: 0 wikilinks in 'Вторая' (depth=0)
2026-09-29 09:32:55.825 I/GraphWalker: walk seed=Вторая props=[P6, P1365, P1366, P39, P166, P26, P40, P22, P25, P3373, P50, P175, P800, P184, P802, P57, P58, P162, P36, P159, P127, P112] → 0 nodes
2026-09-29 09:32:55.825 I/RagPromptBuilder: Walker probes (entity='Вторая', props=22): Вторая
2026-09-29 09:32:55.840 I/EntityTitleProbe: Title probes (22 lookups): Вторая мировая война(1120), Вторая(1080), Мировая война(1050), Война(1030)
2026-09-29 09:32:55.842 I/EntityTitleProbe: Redundant probes: Вторая, Война
2026-09-29 09:32:55.976 I/ZimSearcher: search('началась вторая мировая война') estimated=20000
2026-09-29 09:32:57.016 I/ZimSearcher: search('началась') estimated=467255
2026-09-29 09:32:57.949 I/RagPromptBuilder: Entity merge 'началась': +20 candidates
2026-09-29 09:32:57.955 I/RagPromptBuilder: RAG: 'когда началась Вторая мировая война' candidates=41
2026-09-29 09:32:57.955 I/RagPromptBuilder: Top hits: Вторая мировая война(s=1120)[Вторая_мировая_война] | Мировая война(s=1050)[Мировая_война] | Вторая(s=900)[Вторая] | Вторая мировая война на море(s=98)[Вторая_мировая_война_на_море] | Вторая мировая война (серия книг)(s=95)[Вторая_мировая_война_(серия_книг)]
2026-09-29 09:32:58.267 I/RagPromptBuilder: [PHASE] search=2135ms read=311ms docs=4 ctx=4313
2026-09-29 09:32:58.268 I/RagPromptBuilder: RAG prompt preview (listIntent=false): Тебе даны выдержки из Википедии. Отвечай на их основе. Ответь коротко и по существу: 1–3 предложения, только то, о чём спрашивают. Не пересказывай выдержки, не добавляй посторонние факты и не нумеруй пункты, если вопрос не про перечень. Если вопрос требует сравнения двух и более вещей — до 5 предложений. Если в выдержках совсем нет нужной информации — скажи «не знаю по приведённым выдержкам». Отвечай на русском языке.  === ВЫДЕРЖКИ ИЗ ВИКИ === === Вторая мировая война === Карточка: Дата: 1 сентя
2026-09-29 09:32:58.268 I/ChatVM: RAG ctx: 4 articles from 41 candidates
2026-09-29 09:32:58.268 I/ChatVM: Generating: 7 msgs, maxTokens=1600, temp=0.7, noThink=true
2026-09-29 09:33:06.011 I/ChatVM: Reply (20 chars, 8 tok, 12889ms, prefill 2564tok/6396ms=401t/s, decode 6,1t/s): 1 сентября 1939 года
2026-09-29 09:33:06.012 I/ChatVM: [TURN] end path=rag total=12889ms factoid=2696ms ptok=2564 gtok=8 prefill=6396ms decode=1304ms chars=20
2026-09-29 09:33:06.468 I/BenchmarkBridge: Benchmark question via intent: чем знаменит Большое красное пятно
2026-09-29 09:33:06.470 I/ChatVM: [TURN] begin q=чем знаменит Большое красное пятно
2026-09-29 09:33:06.471 I/ChatVM: [PHASE] factoid=miss ms=0
2026-09-29 09:33:06.472 I/RagPromptBuilder: Query: 'чем знаменит Большое красное пятно' -> ZIM keywords: 'чем знаменит большое красное пятно'
2026-09-29 09:33:06.508 I/GraphWalker: walk: 0 wikilinks in 'Большое' (depth=0)
2026-09-29 09:33:06.508 I/GraphWalker: walk seed=Большое props=[P6, P1365, P1366, P39, P166, P26, P40, P22, P25, P3373, P50, P175, P800, P184, P802, P57, P58, P162, P36, P159, P127, P112] → 0 nodes
2026-09-29 09:33:06.509 I/RagPromptBuilder: Walker probes (entity='Большое', props=22): Большое
2026-09-29 09:33:06.564 I/EntityTitleProbe: Title probes (28 lookups): Большое красное пятно(1120), Большое(1080), Красное(1030), Красно(1030), Пятно(1030)
2026-09-29 09:33:06.567 I/EntityTitleProbe: Redundant probes: Большое, Красное, Красно, Пятно
2026-09-29 09:33:06.602 I/ZimSearcher: search('чем знаменит большое красное пятно') estimated=200
2026-09-29 09:33:07.179 I/ZimSearcher: search('знаменит') estimated=51485
2026-09-29 09:33:07.591 I/RagPromptBuilder: Entity merge 'знаменит': +20 candidates
2026-09-29 09:33:07.599 I/RagPromptBuilder: RAG: 'чем знаменит Большое красное пятно' candidates=42
2026-09-29 09:33:07.599 I/RagPromptBuilder: Top hits: Большое красное пятно(s=1120)[Большое_красное_пятно] | Большое(s=900)[Большое] | Я почти знаменит(s=99)[Я_почти_знаменит] | Красочная жизнь(s=100)[Красочная_жизнь] | Храм иконы Божией Матери «Знамение»(s=100)[Храм_иконы_Божией_Матери_«Знамение»]
2026-09-29 09:33:07.711 I/RagPromptBuilder: [PHASE] search=1128ms read=111ms docs=4 ctx=4549
2026-09-29 09:33:07.712 I/RagPromptBuilder: RAG prompt preview (listIntent=false): Тебе даны выдержки из Википедии. Отвечай на их основе. Ответь коротко и по существу: 1–3 предложения, только то, о чём спрашивают. Не пересказывай выдержки, не добавляй посторонние факты и не нумеруй пункты, если вопрос не про перечень. Если вопрос требует сравнения двух и более вещей — до 5 предложений. Если в выдержках совсем нет нужной информации — скажи «не знаю по приведённым выдержкам». Отвечай на русском языке.  === ВЫДЕРЖКИ ИЗ ВИКИ === === Большое красное пятно === Большое красное пятно 
2026-09-29 09:33:07.712 I/ChatVM: RAG ctx: 4 articles from 42 candidates
2026-09-29 09:33:07.712 I/ChatVM: Generating: 7 msgs, maxTokens=1600, temp=0.7, noThink=true
2026-09-29 09:33:22.076 I/ChatVM: Reply (109 chars, 44 tok, 15605ms, prefill 2712tok/7001ms=387t/s, decode 6,0t/s): Большое красное пятно (пятно) — самая крупная атмосферный вихрь на Юпитере, изменяющийся по размерам и цвету.
2026-09-29 09:33:22.077 I/ChatVM: [TURN] end path=rag total=15605ms factoid=0ms ptok=2712 gtok=44 prefill=7001ms decode=7320ms chars=109
2026-09-29 09:33:22.848 I/BenchmarkBridge: Benchmark question via intent: что производит АвтоВАЗ
2026-09-29 09:33:22.851 I/ChatVM: [TURN] begin q=что производит АвтоВАЗ
2026-09-29 09:33:22.853 I/FactoidAnswerer: Factoid candidate: label='(by card label)' entity='АвтоВАЗ'
2026-09-29 09:33:22.892 I/EntityTitleProbe: Title probes (2 lookups): АвтоВАЗ(1080)
2026-09-29 09:33:22.963 I/ZimSearcher: suggestTitles('АвтоВАЗ'): АВТОВАЗ, GM-АВТОВАЗ, Национальная гоночная серия "АВТОВАЗ", Технический музей ОАО "АвтоВАЗ", Эм-АВТОВАЗ Шевроле Вива, Джи Эм-АВТОВАЗ Шевроле Нива, Здание генеральной дирекции АВТОВАЗа, АВТОВАЗБАНК, АвтоВАЗагрегат
2026-09-29 09:33:22.965 I/FactoidAnswerer: Factoid candidates: АвтоВАЗ
2026-09-29 09:33:23.023 I/FactoidAnswerer: Factoid: no label covers [произв] in [Основан, Штаб-квартира, Тип, Листинг на бирже, Дата основания, Прежние названия, Основатели, Расположение, Ключевые фигуры, Отрасль, Продукция, Операционная прибыль, Чистая прибыль, Материнская компания, Дочерние компании]
2026-09-29 09:33:23.024 I/FactoidAnswerer: Factoid: 'АвтоВАЗ' card has no matching field — next candidate
2026-09-29 09:33:23.024 I/FactoidAnswerer: Factoid: no candidate carried the field — falling back to RAG
2026-09-29 09:33:23.024 I/ChatVM: [PHASE] factoid=miss ms=172
2026-09-29 09:33:23.025 I/RagPromptBuilder: Query: 'что производит АвтоВАЗ' -> ZIM keywords: 'производит автоваз'
2026-09-29 09:33:23.289 I/GraphWalker: walk seed=АвтоВАЗ props=[P6, P1365, P1366, P39, P166, P26, P40, P22, P25, P3373, P50, P175, P800, P184, P802, P57, P58, P162, P36, P159, P127, P112] → 6 nodes
2026-09-29 09:33:23.290 I/RagPromptBuilder: Walker probes (entity='АвтоВАЗ', props=22): АвтоВАЗ, Россия, Тольятти, ЦК КПСС, Совет министров СССР, Москва, Илья Геннадьевич Сухих
2026-09-29 09:33:23.293 I/EntityTitleProbe: Title probes (2 lookups): АвтоВАЗ(1080)
2026-09-29 09:33:23.305 I/ZimSearcher: search('производит автоваз') estimated=300
2026-09-29 09:33:23.749 I/ZimSearcher: search('производит') estimated=56978
2026-09-29 09:33:24.239 I/RagPromptBuilder: Entity merge 'производит': +20 candidates
2026-09-29 09:33:24.244 I/RagPromptBuilder: RAG: 'что производит АвтоВАЗ' candidates=46
2026-09-29 09:33:24.244 I/RagPromptBuilder: Top hits: АвтоВАЗ(s=1080)[АвтоВАЗ] | Россия(s=899)[Россия] | Тольятти(s=899)[Тольятти] | ЦК КПСС(s=899)[ЦК_КПСС] | Совет министров СССР(s=899)[Совет_министров_СССР]
2026-09-29 09:33:25.055 I/RagPromptBuilder: [PHASE] search=1220ms read=809ms docs=3 ctx=4806
2026-09-29 09:33:25.055 I/RagPromptBuilder: RAG prompt preview (listIntent=false): Тебе даны выдержки из Википедии. Отвечай на их основе. Ответь коротко и по существу: 1–3 предложения, только то, о чём спрашивают. Не пересказывай выдержки, не добавляй посторонние факты и не нумеруй пункты, если вопрос не про перечень. Если вопрос требует сравнения двух и более вещей — до 5 предложений. Если в выдержках совсем нет нужной информации — скажи «не знаю по приведённым выдержкам». Отвечай на русском языке.  === ВЫДЕРЖКИ ИЗ ВИКИ === === АвтоВАЗ === Карточка: Основан: 20 июля 1966 (196
2026-09-29 09:33:25.055 I/ChatVM: RAG ctx: 3 articles from 46 candidates
2026-09-29 09:33:25.056 I/ChatVM: Generating: 7 msgs, maxTokens=1600, temp=0.7, noThink=true
2026-09-29 09:33:42.038 I/ChatVM: Reply (209 chars, 67 tok, 19187ms, prefill 2491tok/6250ms=399t/s, decode 6,3t/s): АвтоВАЗ производит автомобили, включая легковые (под торговой маркой Lada) и коммерческие модели. Также компания выпускала машинки-комплекты для других брендов, таких как Nissan, Renault и Datsun до 2
2026-09-29 09:33:42.048 I/ChatVM: [TURN] end path=rag total=19187ms factoid=172ms ptok=2491 gtok=67 prefill=6250ms decode=10696ms chars=209
2026-09-29 09:33:42.287 I/BenchmarkBridge: Benchmark question via intent: какой автозавод расположен в Тольятти
2026-09-29 09:33:42.289 I/ChatVM: [TURN] begin q=какой автозавод расположен в Тольятти
2026-09-29 09:33:42.291 I/FactoidAnswerer: Factoid candidate: label='(by card label)' entity='Тольятти'
2026-09-29 09:33:42.347 I/EntityTitleProbe: Title probes (10 lookups): Тольятти(1080), Автомобильная промышленность(1020)
2026-09-29 09:33:42.706 I/ZimSearcher: suggestTitles('Тольятти'): Тольятти, Тольятти 24, Тольятти (История), Тольятти (аэродром), Тольятти (значения), Тольятти (станция), Тольятти П., Тольятти сегодня, Тольятти, Эудженио, Тольятти (речной порт), Тольятти (футбольный клуб), Тольятти (особая экономическая зона), Тольятти (территория опережающего развития), Академия Тольятти, Вузы Тольятти, Герб Тольятти, Гимн Тольятти, Градоначальники Тольятти, Дума Тольятти, Лада (Тольятти), Лада-Тольятти, Медгородок Тольятти, Набережная Тольятти, Памятники Тольятти, Поверхность Тольятти, Портпосёлок (Тольятти), Районы Тольятти, СИБУР Тольятти, Спорт Тольятти, Троллейбус Тольятти, Улицы Тольятти, Флаг Тольятти
2026-09-29 09:33:42.709 I/FactoidAnswerer: Factoid candidates: Тольятти, Автомобильная промышленность
2026-09-29 09:33:42.788 I/FactoidAnswerer: Factoid: no label covers [автоза, распол] in [Глава/мэр, Население, Площадь, Основан, Страна, Часовой пояс, Субъект Федерации, Городской округ, Внутреннее деление, Глава городского округа, Прежние названия, Город с, Высота центра, Тип климата, Плотность, Агломерация, Население агломерации, Национальности, Конфессии, Название жителей, Официальный язык, День города]
2026-09-29 09:33:42.789 I/FactoidAnswerer: Factoid: 'Тольятти' card has no matching field — next candidate
2026-09-29 09:33:42.812 I/FactoidAnswerer: Factoid: 'Автомобильная промышленность' has no infobox — next candidate
2026-09-29 09:33:42.812 I/FactoidAnswerer: Factoid: no candidate carried the field — falling back to RAG
2026-09-29 09:33:42.812 I/ChatVM: [PHASE] factoid=miss ms=522
2026-09-29 09:33:42.813 I/RagPromptBuilder: Query: 'какой автозавод расположен в Тольятти' -> ZIM keywords: 'автозавод расположен тольятти'
2026-09-29 09:33:42.936 I/GraphWalker: walk: 0 wikilinks in 'Заслуженный_врач_Российской_Федерации' (depth=3)
2026-09-29 09:33:42.948 I/GraphWalker: walk seed=Тольятти props=[P6, P1365, P1366, P39, P166, P26, P40, P22, P25, P3373, P50, P175, P800, P184, P802, P57, P58, P162, P36, P159, P127, P112] → 5 nodes
2026-09-29 09:33:42.948 I/RagPromptBuilder: Walker probes (entity='Тольятти', props=22): Тольятти, Илья Геннадьевич Сухих, Николай Ренц, Заслуженный врач Российской Федерации, Сергей Анташев, Сергей Андреев
2026-09-29 09:33:42.954 I/EntityTitleProbe: Title probes (10 lookups): Тольятти(1080), Автомобильная промышленность(1020)
2026-09-29 09:33:42.966 I/ZimSearcher: search('автозавод расположен тольятти') estimated=40
2026-09-29 09:33:43.892 I/ZimSearcher: search('расположен') estimated=249807
2026-09-29 09:33:44.300 I/RagPromptBuilder: Entity merge 'расположен': +20 candidates
2026-09-29 09:33:44.304 I/RagPromptBuilder: RAG: 'какой автозавод расположен в Тольятти' candidates=46
2026-09-29 09:33:44.304 I/RagPromptBuilder: Top hits: Тольятти(s=1080)[Тольятти] | Автомобильная промышленность(s=1020)[Автомобильная_промышленность] | Илья Геннадьевич Сухих(s=899)[Сухих,_Илья_Геннадьевич] | Николай Ренц(s=898)[Ренц,_Николай_Альфредович] | Сергей Анташев(s=897)[Анташев,_Сергей_Александрович]
2026-09-29 09:33:44.616 I/RagPromptBuilder: [PHASE] search=1491ms read=312ms docs=4 ctx=5094
2026-09-29 09:33:44.617 I/RagPromptBuilder: RAG prompt preview (listIntent=false): Тебе даны выдержки из Википедии. Отвечай на их основе. Ответь коротко и по существу: 1–3 предложения, только то, о чём спрашивают. Не пересказывай выдержки, не добавляй посторонние факты и не нумеруй пункты, если вопрос не про перечень. Если вопрос требует сравнения двух и более вещей — до 5 предложений. Если в выдержках совсем нет нужной информации — скажи «не знаю по приведённым выдержкам». Отвечай на русском языке.  === ВЫДЕРЖКИ ИЗ ВИКИ === === Тольятти === Карточка: Глава/мэр: Илья Геннадьев
2026-09-29 09:33:44.617 I/ChatVM: RAG ctx: 4 articles from 46 candidates
2026-09-29 09:33:44.617 I/ChatVM: Generating: 7 msgs, maxTokens=1600, temp=0.7, noThink=true
2026-09-29 09:33:55.985 I/ChatVM: Reply (47 chars, 26 tok, 13695ms, prefill 2724tok/7088ms=384t/s, decode 6,1t/s): Автозавод «Лада Запад Тольятти» (до 2019 года).
2026-09-29 09:33:55.986 I/ChatVM: [TURN] end path=rag total=13695ms factoid=522ms ptok=2724 gtok=26 prefill=7088ms decode=4236ms chars=47
2026-09-29 09:33:56.669 I/BenchmarkBridge: Benchmark question via intent: назови планеты Солнечной системы
2026-09-29 09:33:56.670 I/ChatVM: [TURN] begin q=назови планеты Солнечной системы
2026-09-29 09:33:56.671 I/ChatVM: [PHASE] factoid=miss ms=0
2026-09-29 09:33:56.672 I/RagPromptBuilder: Query: 'назови планеты Солнечной системы' -> ZIM keywords: 'планеты солнечной системы'
2026-09-29 09:33:56.758 I/GraphWalker: walk: 0 wikilinks in 'Вспышка_солнечной_активности' (depth=0)
2026-09-29 09:33:56.759 I/GraphWalker: walk seed=Вспышка_солнечной_активности props=[P6, P1365, P1366, P39, P166, P26, P40, P22, P25, P3373, P50, P175, P800, P184, P802, P57, P58, P162, P36, P159, P127, P112] → 0 nodes
2026-09-29 09:33:56.759 I/RagPromptBuilder: Walker probes (entity='Солнечной', props=22): Вспышка солнечной активности
2026-09-29 09:33:56.791 I/EntityTitleProbe: Title probes (29 lookups): Планеты Солнечной системы(1120), Солнечная система(1100), Солнечная(1080), Планета(1020), Система(1020)
2026-09-29 09:33:56.794 I/EntityTitleProbe: Redundant probes: Солнечная, Планета, Система
2026-09-29 09:33:56.865 I/ZimSearcher: search('планеты солнечной системы') estimated=7000
2026-09-29 09:33:57.301 I/ZimSearcher: search('солнечной') estimated=12659
2026-09-29 09:33:57.768 I/RagPromptBuilder: Entity merge 'солнечной': +13 candidates
2026-09-29 09:33:57.771 I/RagPromptBuilder: RAG: 'назови планеты Солнечной системы' candidates=35
2026-09-29 09:33:57.772 I/RagPromptBuilder: Top hits: Планеты Солнечной системы(s=1120)[Планеты_Солнечной_системы] | Солнечная система(s=1100)[Солнечная_система] | Вспышка солнечной активности(s=900)[Вспышка_солнечной_активности] | Планеты-гиганты(s=97)[Планеты-гиганты] | Планеты (сериал)(s=95)[Планеты_(сериал)]
2026-09-29 09:33:57.982 I/RagPromptBuilder: [PHASE] search=1100ms read=209ms docs=4 ctx=3312
2026-09-29 09:33:57.982 I/RagPromptBuilder: RAG prompt preview (listIntent=false): Тебе даны выдержки из Википедии. Отвечай на их основе. Ответь коротко и по существу: 1–3 предложения, только то, о чём спрашивают. Не пересказывай выдержки, не добавляй посторонние факты и не нумеруй пункты, если вопрос не про перечень. Если вопрос требует сравнения двух и более вещей — до 5 предложений. Если в выдержках совсем нет нужной информации — скажи «не знаю по приведённым выдержкам». Отвечай на русском языке.  === ВЫДЕРЖКИ ИЗ ВИКИ === === Планеты Солнечной системы === Планеты Солнечной 
2026-09-29 09:33:57.983 I/ChatVM: RAG ctx: 4 articles from 35 candidates
2026-09-29 09:33:57.983 I/ChatVM: Generating: 7 msgs, maxTokens=1600, temp=0.7, noThink=true
2026-09-29 09:34:11.833 I/ChatVM: Reply (165 chars, 68 tok, 15162ms, prefill 1742tok/4138ms=421t/s, decode 7,0t/s): В Солнечной системе известны восемь планет: Меркурий, Венера, Земля, Марс (планеты земной группы), а также четыре гигантские планеты — Юпитер, Сатурн, Уран и Нептун.
2026-09-29 09:34:11.834 I/ChatVM: [TURN] end path=rag total=15162ms factoid=0ms ptok=1742 gtok=68 prefill=4138ms decode=9669ms chars=165
2026-09-29 09:34:12.082 I/BenchmarkBridge: Benchmark question via intent: кто был предшественником нынешнего мэра Тольятти
2026-09-29 09:34:12.084 I/ChatVM: [TURN] begin q=кто был предшественником нынешнего мэра Тольятти
2026-09-29 09:34:12.085 I/FactoidAnswerer: Factoid candidate: label='(by card label)' entity='Тольятти'
2026-09-29 09:34:12.154 I/EntityTitleProbe: Title probes (16 lookups): Тольятти(1080)
2026-09-29 09:34:12.216 I/ZimSearcher: suggestTitles('Тольятти'): Тольятти, Тольятти 24, Тольятти (История), Тольятти (аэродром), Тольятти (значения), Тольятти (станция), Тольятти П., Тольятти сегодня, Тольятти, Эудженио, Тольятти (речной порт), Тольятти (футбольный клуб), Тольятти (особая экономическая зона), Тольятти (территория опережающего развития), Академия Тольятти, Вузы Тольятти, Герб Тольятти, Гимн Тольятти, Градоначальники Тольятти, Дума Тольятти, Лада (Тольятти), Лада-Тольятти, Медгородок Тольятти, Набережная Тольятти, Памятники Тольятти, Поверхность Тольятти, Портпосёлок (Тольятти), Районы Тольятти, СИБУР Тольятти, Спорт Тольятти, Троллейбус Тольятти, Улицы Тольятти, Флаг Тольятти
2026-09-29 09:34:12.219 I/FactoidAnswerer: Factoid candidates: Тольятти
2026-09-29 09:34:12.292 I/FactoidAnswerer: Factoid: no label covers [предше, мэра] in [Глава/мэр, Население, Площадь, Основан, Страна, Часовой пояс, Субъект Федерации, Городской округ, Внутреннее деление, Глава городского округа, Прежние названия, Город с, Высота центра, Тип климата, Плотность, Агломерация, Население агломерации, Национальности, Конфессии, Название жителей, Официальный язык, День города]
2026-09-29 09:34:12.292 I/FactoidAnswerer: Factoid: 'Тольятти' card has no matching field — next candidate
2026-09-29 09:34:12.293 I/FactoidAnswerer: Factoid: no candidate carried the field — falling back to RAG
2026-09-29 09:34:12.293 I/ChatVM: [PHASE] factoid=miss ms=208
2026-09-29 09:34:12.293 I/RagPromptBuilder: Query: 'кто был предшественником нынешнего мэра Тольятти' -> ZIM keywords: 'предшественником нынешнего мэра тольятти'
2026-09-29 09:34:12.387 I/GraphWalker: walk seed=Тольятти props=[P6, P1365, P1366] → 4 nodes
2026-09-29 09:34:12.388 I/RagPromptBuilder: Walker probes (entity='Тольятти', props=3): Тольятти, Илья Геннадьевич Сухих, Николай Ренц, Сергей Анташев, Сергей Андреев
2026-09-29 09:34:12.398 I/EntityTitleProbe: Title probes (16 lookups): Тольятти(1080)
2026-09-29 09:34:12.413 I/ZimSearcher: search('предшественником нынешнего мэра тольятти') estimated=5
2026-09-29 09:34:13.088 I/ZimSearcher: search('предшественником') estimated=92922
2026-09-29 09:34:13.518 I/RagPromptBuilder: Entity merge 'предшественником': +20 candidates
2026-09-29 09:34:13.520 I/RagPromptBuilder: RAG: 'кто был предшественником нынешнего мэра Тольятти' candidates=30
2026-09-29 09:34:13.521 I/RagPromptBuilder: Top hits: Тольятти(s=1080)[Тольятти] | Илья Геннадьевич Сухих(s=899)[Сухих,_Илья_Геннадьевич] | Николай Ренц(s=898)[Ренц,_Николай_Альфредович] | Сергей Анташев(s=897)[Анташев,_Сергей_Александрович] | Сергей Андреев(s=896)[Андреев,_Сергей_Игоревич]
2026-09-29 09:34:13.819 I/RagPromptBuilder: [PHASE] search=1228ms read=297ms docs=3 ctx=4713
2026-09-29 09:34:13.820 I/RagPromptBuilder: RAG prompt preview (listIntent=false): Тебе даны выдержки из Википедии. Отвечай на их основе. Ответь коротко и по существу: 1–3 предложения, только то, о чём спрашивают. Не пересказывай выдержки, не добавляй посторонние факты и не нумеруй пункты, если вопрос не про перечень. Если вопрос требует сравнения двух и более вещей — до 5 предложений. Если в выдержках совсем нет нужной информации — скажи «не знаю по приведённым выдержкам». Отвечай на русском языке.  === ВЫДЕРЖКИ ИЗ ВИКИ === === Тольятти === Карточка: Глава/мэр: Илья Геннадьев
2026-09-29 09:34:13.821 I/ChatVM: RAG ctx: 3 articles from 30 candidates
2026-09-29 09:34:13.821 I/ChatVM: Generating: 7 msgs, maxTokens=1600, temp=0.7, noThink=true
2026-09-29 09:34:26.503 I/ChatVM: Reply (69 chars, 34 tok, 14418ms, prefill 2672tok/6985ms=383t/s, decode 6,0t/s): Предшественником нынешнего мэра Тольятти Ильи Сухих был Николай Ренц.
2026-09-29 09:34:26.504 I/ChatVM: [TURN] end path=rag total=14418ms factoid=208ms ptok=2672 gtok=34 prefill=6985ms decode=5660ms chars=69
2026-09-29 09:34:27.509 I/BenchmarkBridge: Benchmark question via intent: сравни население Москвы и Санкт-Петербурга
2026-09-29 09:34:27.511 I/ChatVM: [TURN] begin q=сравни население Москвы и Санкт-Петербурга
2026-09-29 09:34:27.512 I/ChatVM: [PHASE] factoid=miss ms=1
2026-09-29 09:34:27.513 I/RagPromptBuilder: Query: 'сравни население Москвы и Санкт-Петербурга' -> ZIM keywords: 'сравни население москвы санкт петербурга'
2026-09-29 09:34:29.556 I/GraphWalker: walk: 0 wikilinks in 'Генплан_Петербурга' (depth=0)
2026-09-29 09:34:29.556 I/GraphWalker: walk seed=Генплан_Петербурга props=[P6, P1365, P1366, P39, P166, P26, P40, P22, P25, P3373, P50, P175, P800, P184, P802, P57, P58, P162, P36, P159, P127, P112] → 0 nodes
2026-09-29 09:34:29.557 I/RagPromptBuilder: Walker probes (entity='Петербурга', props=22): Генплан Петербурга
2026-09-29 09:34:29.592 I/EntityTitleProbe: Title probes (23 lookups): Москва(1080), Санкт-Петербург(1070), Население Москвы(900)
2026-09-29 09:34:29.633 I/ZimSearcher: search('сравни население москвы санкт петербурга') estimated=300
2026-09-29 09:34:30.202 I/ZimSearcher: search('петербурга') estimated=115995
2026-09-29 09:34:30.721 I/RagPromptBuilder: Entity merge 'петербурга': +18 candidates
2026-09-29 09:34:30.723 I/RagPromptBuilder: RAG: 'сравни население Москвы и Санкт-Петербурга' candidates=42
2026-09-29 09:34:30.724 I/RagPromptBuilder: Top hits: Москва(s=1080)[Москва] | Санкт-Петербург(s=1070)[Санкт-Петербург] | Генплан Петербурга(s=900)[Генплан_Петербурга] | Население Москвы(s=900)[Население_Москвы] | Санкт-Петербург (телерадиокомпания)(s=99)[Санкт-Петербург_(телерадиокомпания)]
2026-09-29 09:34:31.344 I/RagPromptBuilder: [PHASE] search=3212ms read=619ms docs=3 ctx=4342
2026-09-29 09:34:31.345 I/RagPromptBuilder: RAG prompt preview (listIntent=false): Тебе даны выдержки из Википедии. Отвечай на их основе. Ответь коротко и по существу: 1–3 предложения, только то, о чём спрашивают. Не пересказывай выдержки, не добавляй посторонние факты и не нумеруй пункты, если вопрос не про перечень. Если вопрос требует сравнения двух и более вещей — до 5 предложений. Если в выдержках совсем нет нужной информации — скажи «не знаю по приведённым выдержкам». Отвечай на русском языке.  === ВЫДЕРЖКИ ИЗ ВИКИ === === Москва === Карточка: Глава/мэр: Сергей Собянин Н
2026-09-29 09:34:31.345 I/ChatVM: RAG ctx: 3 articles from 42 candidates
2026-09-29 09:34:31.346 I/ChatVM: Generating: 7 msgs, maxTokens=1600, temp=0.7, noThink=true
2026-09-29 09:34:52.160 I/ChatVM: Reply (308 chars, 100 tok, 24648ms, prefill 2103tok/5210ms=404t/s, decode 6,4t/s): Население Москвы — 13,27 млн человек (2025), Санкт-Петербурга — 5,65 млн. Москва по населению и площади уступает Москве как столице РФ только Мумбаи и Лиме в Европе; Петербург считается самым северным
2026-09-29 09:34:52.162 I/ChatVM: [TURN] end path=rag total=24648ms factoid=1ms ptok=2103 gtok=100 prefill=5210ms decode=15565ms chars=308
2026-09-29 09:34:53.146 I/BenchmarkBridge: Benchmark question via intent: почему Байкал самое глубокое озеро
2026-09-29 09:34:53.148 I/ChatVM: [TURN] begin q=почему Байкал самое глубокое озеро
2026-09-29 09:34:53.149 I/ChatVM: [PHASE] factoid=miss ms=0
2026-09-29 09:34:53.152 I/RagPromptBuilder: Query: 'почему Байкал самое глубокое озеро' -> ZIM keywords: 'байкал самое глубокое озеро'
2026-09-29 09:34:53.240 I/GraphWalker: walk: 0 wikilinks in 'Байкал' (depth=0)
2026-09-29 09:34:53.240 I/GraphWalker: walk seed=Байкал props=[P6, P1365, P1366, P39, P166, P26, P40, P22, P25, P3373, P50, P175, P800, P184, P802, P57, P58, P162, P36, P159, P127, P112] → 0 nodes
2026-09-29 09:34:53.241 I/RagPromptBuilder: Walker probes (entity='Байкал', props=22): Байкал
2026-09-29 09:34:53.277 I/EntityTitleProbe: Title probes (12 lookups): Байкал(1080), Глубокое озеро(1050), Глубокое(1030), Озеро(1030)
2026-09-29 09:34:53.279 I/EntityTitleProbe: Redundant probes: Глубокое, Озеро
2026-09-29 09:34:53.307 I/ZimSearcher: search('байкал самое глубокое озеро') estimated=200
2026-09-29 09:34:53.895 I/ZimSearcher: search('глубокое') estimated=52854
2026-09-29 09:34:54.448 I/RagPromptBuilder: Entity merge 'глубокое': +19 candidates
2026-09-29 09:34:54.450 I/RagPromptBuilder: RAG: 'почему Байкал самое глубокое озеро' candidates=39
2026-09-29 09:34:54.451 I/RagPromptBuilder: Top hits: Байкал(s=1080)[Байкал] | Глубокое озеро(s=1050)[Глубокое_озеро] | Глубокое(s=100)[Глубокое] | Глубокое (город)(s=99)[Глубокое_(город)] | Глубокое обучение(s=98)[Глубокое_обучение]
2026-09-29 09:34:54.703 I/RagPromptBuilder: [PHASE] search=1300ms read=250ms docs=4 ctx=4884
2026-09-29 09:34:54.703 I/RagPromptBuilder: RAG prompt preview (listIntent=false): Тебе даны выдержки из Википедии. Отвечай на их основе. Ответь коротко и по существу: 1–3 предложения, только то, о чём спрашивают. Не пересказывай выдержки, не добавляй посторонние факты и не нумеруй пункты, если вопрос не про перечень. Если вопрос требует сравнения двух и более вещей — до 5 предложений. Если в выдержках совсем нет нужной информации — скажи «не знаю по приведённым выдержкам». Отвечай на русском языке.  === ВЫДЕРЖКИ ИЗ ВИКИ === === Байкал === Карточка: Страна: Россия Абсолютная в
2026-09-29 09:34:54.704 I/ChatVM: RAG ctx: 4 articles from 39 candidates
2026-09-29 09:34:54.704 I/ChatVM: Generating: 7 msgs, maxTokens=1600, temp=0.7, noThink=true
2026-09-29 09:35:19.516 I/ChatVM: Reply (284 chars, 102 tok, 26367ms, prefill 2767tok/7189ms=385t/s, decode 5,8t/s): Байкал считается самым глубоким озером мира, так как его дно находится на 1642 метра ниже уровня моря. Хотя есть и другие глубинные озёры (например, в Красноярском крае), по объёмам воды Байкала прево
2026-09-29 09:35:19.517 I/ChatVM: [TURN] end path=rag total=26367ms factoid=0ms ptok=2767 gtok=102 prefill=7189ms decode=17580ms chars=284
2026-09-29 09:35:19.819 I/BenchmarkBridge: Benchmark question via intent: как связаны Менделеев и периодическая таблица
2026-09-29 09:35:19.821 I/ChatVM: [TURN] begin q=как связаны Менделеев и периодическая таблица
2026-09-29 09:35:19.821 I/ChatVM: [PHASE] factoid=miss ms=0
2026-09-29 09:35:19.823 I/RagPromptBuilder: Query: 'как связаны Менделеев и периодическая таблица' -> ZIM keywords: 'связаны менделеев периодическая таблица'
2026-09-29 09:35:19.914 I/GraphWalker: walk seed=Менделеев,_Дмитрий_Иванович props=[P6, P1365, P1366, P39, P166, P26, P40, P22, P25, P3373, P50, P175, P800, P184, P802, P57, P58, P162, P36, P159, P127, P112] → 6 nodes
2026-09-29 09:35:19.914 I/RagPromptBuilder: Walker probes (entity='Менделеев', props=22): Менделеев, Дмитрий Иванович, Орден Святого Владимира, Кавалер ордена Святого Александра Невского, Орден Белого орла (Российская империя), Орден Святой Анны I степени, Орден Святого Станислава (Российская империя), Орден Святой Анны II степени
2026-09-29 09:35:19.961 I/EntityTitleProbe: Title probes (22 lookups): Менделеев, Дмитрий Иванович(1070), Периодическая система химических элементов(1040), Таблица(1030), Таблиц, Богуслав(1020)
2026-09-29 09:35:19.981 I/ZimSearcher: search('связаны менделеев периодическая таблица') estimated=60
2026-09-29 09:35:20.699 I/ZimSearcher: search('периодическая') estimated=24960
2026-09-29 09:35:21.308 I/RagPromptBuilder: Entity merge 'периодическая': +18 candidates
2026-09-29 09:35:21.312 I/RagPromptBuilder: RAG: 'как связаны Менделеев и периодическая таблица' candidates=46
2026-09-29 09:35:21.312 I/RagPromptBuilder: Top hits: Менделеев, Дмитрий Иванович(s=1070)[Менделеев,_Дмитрий_Иванович] | Периодическая система химических элементов(s=1040)[Периодическая_система_химических_элементов] | Таблица(s=1030)[Таблица] | Таблиц, Богуслав(s=1020)[Таблиц,_Богуслав] | Орден Святого Владимира(s=899)[Орден_Святого_Владимира]
2026-09-29 09:35:21.679 I/RagPromptBuilder: [PHASE] search=1490ms read=366ms docs=4 ctx=5006
2026-09-29 09:35:21.680 I/RagPromptBuilder: RAG prompt preview (listIntent=false): Тебе даны выдержки из Википедии. Отвечай на их основе. Ответь коротко и по существу: 1–3 предложения, только то, о чём спрашивают. Не пересказывай выдержки, не добавляй посторонние факты и не нумеруй пункты, если вопрос не про перечень. Если вопрос требует сравнения двух и более вещей — до 5 предложений. Если в выдержках совсем нет нужной информации — скажи «не знаю по приведённым выдержкам». Отвечай на русском языке.  === ВЫДЕРЖКИ ИЗ ВИКИ === === Менделеев, Дмитрий Иванович === Карточка: Дата р
2026-09-29 09:35:21.680 I/ChatVM: RAG ctx: 4 articles from 46 candidates
2026-09-29 09:35:21.680 I/ChatVM: Generating: 7 msgs, maxTokens=1600, temp=0.7, noThink=true
2026-09-29 09:35:37.212 I/ChatVM: Reply (200 chars, 56 tok, 17391ms, prefill 2503tok/6496ms=385t/s, decode 6,2t/s): Менделеев создал первую таблицу химических элементов, предсказав свойства не известных тогда металлов. Его система основана на зависимости между атомной массой и физико-химическими свойствами веществ.
2026-09-29 09:35:37.213 I/ChatVM: [TURN] end path=rag total=17391ms factoid=0ms ptok=2503 gtok=56 prefill=6496ms decode=8989ms chars=200
2026-09-29 09:36:01.018 I/WikiLLMApp: ADSP_LIBRARY_PATH=/data/app/~~9qe0_u4XiTCa7mLPCBCJNQ==/com.wikillm.android.debug-qmDVKQjA7aZLv9XurPnO8A==/lib/arm64;/vendor/lib/rfsa/adsp;/vendor/dsp/cdsp;/system/lib/rfsa/adsp
2026-09-29 09:36:01.024 I/WikiLLMApp: ReLinker.loadLibrary(zim) OK
2026-09-29 09:36:01.029 I/WikiLLMApp: ReLinker.loadLibrary(kiwix) OK
2026-09-29 09:36:01.030 I/WikiLLMApp: System.loadLibrary(zim_wrapper) OK
2026-09-29 09:36:01.030 I/WikiLLMApp: System.loadLibrary(kiwix_wrapper) OK
2026-09-29 09:36:01.302 I/ChatVM: Auto-loading last model: QVikhr-3-4B-Instruction-Q4_0.gguf
2026-09-29 09:36:01.303 I/ChatVM: Loading model: QVikhr-3-4B-Instruction-Q4_0.gguf (device=auto, mtp=0) (/storage/emulated/0/Android/data/com.wikillm.android.debug/files/models/Vikhrmodels/QVikhr-3-4B-Instruction-GGUF/QVikhr-3-4B-Instruction-Q4_0.gguf)
2026-09-29 09:36:01.645 I/ZimSearcher: openPath: /storage/emulated/0/Android/data/com.wikillm.android.debug/files/zim/wikipedia_ru_all_nopic_2026-01.zim (14671735099 bytes)
2026-09-29 09:36:01.979 I/ZimSearchHolder: ZimSearchHolder ready: wikipedia_ru_all_nopic_2026-01.zim
2026-09-29 09:36:07.342 I/ChatVM: Model loaded: QVikhr-3-4B-Instruction-Q4_0.gguf
2026-09-29 09:40:52.970 I/BenchmarkBridge: Benchmark question via intent: почему Юпитер называют газовым гигантом
2026-09-29 09:40:52.979 I/ChatVM: [TURN] begin q=почему Юпитер называют газовым гигантом
2026-09-29 09:40:52.982 I/ChatVM: [PHASE] factoid=miss ms=2
2026-09-29 09:40:52.985 I/RagPromptBuilder: Query: 'почему Юпитер называют газовым гигантом' -> ZIM keywords: 'юпитер называют газовым гигантом'
2026-09-29 09:40:53.316 I/GraphWalker: walk: 0 wikilinks in 'Юпитер' (depth=0)
2026-09-29 09:40:53.317 I/GraphWalker: walk seed=Юпитер props=[P6, P1365, P1366, P39, P166, P26, P40, P22, P25, P3373, P50, P175, P800, P184, P802, P57, P58, P162, P36, P159, P127, P112] → 0 nodes
2026-09-29 09:40:53.317 I/RagPromptBuilder: Walker probes (entity='Юпитер', props=22): Юпитер
2026-09-29 09:40:53.419 I/EntityTitleProbe: Title probes (13 lookups): Юпитер(1080), Гигант(1030)
2026-09-29 09:40:53.491 I/ZimSearcher: search('юпитер называют газовым гигантом') estimated=200
2026-09-29 09:40:53.969 I/ZimSearcher: search('называют') estimated=194221
2026-09-29 09:40:54.356 I/RagPromptBuilder: Entity merge 'называют': +20 candidates
2026-09-29 09:40:54.361 I/RagPromptBuilder: RAG: 'почему Юпитер называют газовым гигантом' candidates=42
2026-09-29 09:40:54.362 I/RagPromptBuilder: Top hits: Юпитер(s=1080)[Юпитер] | Гигант(s=1030)[Гигант] | То, что называют любовью(s=98)[То,_что_называют_любовью] | Газовые гиганты(s=100)[Газовые_гиганты] | Моя так называемая жизнь(s=100)[Моя_так_называемая_жизнь]
2026-09-29 09:40:54.804 I/RagPromptBuilder: [PHASE] search=1378ms read=441ms docs=4 ctx=4405
2026-09-29 09:40:54.804 I/RagPromptBuilder: RAG prompt preview (listIntent=false): Тебе даны выдержки из Википедии. Отвечай на их основе. Ответь коротко и по существу: 1–3 предложения, только то, о чём спрашивают. Не пересказывай выдержки, не добавляй посторонние факты и не нумеруй пункты, если вопрос не про перечень. Если вопрос требует сравнения двух и более вещей — до 5 предложений. Если в выдержках совсем нет нужной информации — скажи «не знаю по приведённым выдержкам». Отвечай на русском языке.  === ВЫДЕРЖКИ ИЗ ВИКИ === === Юпитер === Карточка: Перигелий: 7,405736⋅108 км 
2026-09-29 09:40:54.805 I/ChatVM: RAG ctx: 4 articles from 42 candidates
2026-09-29 09:40:54.805 I/ChatVM: Generating: 1 msgs, maxTokens=1600, temp=0.7, noThink=true
2026-09-29 09:59:01.532 I/WikiLLMApp: ADSP_LIBRARY_PATH=/data/app/~~9qe0_u4XiTCa7mLPCBCJNQ==/com.wikillm.android.debug-qmDVKQjA7aZLv9XurPnO8A==/lib/arm64;/vendor/lib/rfsa/adsp;/vendor/dsp/cdsp;/system/lib/rfsa/adsp
2026-09-29 09:59:01.540 I/WikiLLMApp: ReLinker.loadLibrary(zim) OK
2026-09-29 09:59:01.547 I/WikiLLMApp: ReLinker.loadLibrary(kiwix) OK
2026-09-29 09:59:01.547 I/WikiLLMApp: System.loadLibrary(zim_wrapper) OK
2026-09-29 09:59:01.548 I/WikiLLMApp: System.loadLibrary(kiwix_wrapper) OK
2026-09-29 09:59:01.812 I/ChatVM: Auto-loading last model: QVikhr-3-4B-Instruction-Q4_0.gguf
2026-09-29 09:59:01.813 I/ChatVM: Loading model: QVikhr-3-4B-Instruction-Q4_0.gguf (device=auto, mtp=0) (/storage/emulated/0/Android/data/com.wikillm.android.debug/files/models/Vikhrmodels/QVikhr-3-4B-Instruction-GGUF/QVikhr-3-4B-Instruction-Q4_0.gguf)
2026-09-29 09:59:02.127 I/ZimSearcher: openPath: /storage/emulated/0/Android/data/com.wikillm.android.debug/files/zim/wikipedia_ru_all_nopic_2026-01.zim (14671735099 bytes)
2026-09-29 09:59:02.470 I/ZimSearchHolder: ZimSearchHolder ready: wikipedia_ru_all_nopic_2026-01.zim
2026-09-29 09:59:07.003 I/ChatVM: Model loaded: QVikhr-3-4B-Instruction-Q4_0.gguf
2026-09-29 09:59:10.450 I/BenchmarkBridge: Benchmark question via intent: почему Юпитер называют газовым гигантом
2026-09-29 09:59:10.455 I/ChatVM: [TURN] begin q=почему Юпитер называют газовым гигантом
2026-09-29 09:59:10.457 I/ChatVM: [PHASE] factoid=miss ms=1
2026-09-29 09:59:10.459 I/RagPromptBuilder: Query: 'почему Юпитер называют газовым гигантом' -> ZIM keywords: 'юпитер называют газовым гигантом'
2026-09-29 09:59:10.798 I/GraphWalker: walk: 0 wikilinks in 'Юпитер' (depth=0)
2026-09-29 09:59:10.799 I/GraphWalker: walk seed=Юпитер props=[P6, P1365, P1366, P39, P166, P26, P40, P22, P25, P3373, P50, P175, P800, P184, P802, P57, P58, P162, P36, P159, P127, P112] → 0 nodes
2026-09-29 09:59:10.799 I/RagPromptBuilder: Walker probes (entity='Юпитер', props=22): Юпитер
2026-09-29 09:59:10.888 I/EntityTitleProbe: Title probes (13 lookups): Юпитер(1080), Гигант(1030)
2026-09-29 09:59:10.929 I/ZimSearcher: search('юпитер называют газовым гигантом') estimated=200
2026-09-29 09:59:11.374 I/ZimSearcher: search('называют') estimated=194221
2026-09-29 09:59:11.726 I/RagPromptBuilder: Entity merge 'называют': +20 candidates
2026-09-29 09:59:11.731 I/RagPromptBuilder: RAG: 'почему Юпитер называют газовым гигантом' candidates=42
2026-09-29 09:59:11.731 I/RagPromptBuilder: Top hits: Юпитер(s=1080)[Юпитер] | Гигант(s=1030)[Гигант] | То, что называют любовью(s=98)[То,_что_называют_любовью] | Газовые гиганты(s=100)[Газовые_гиганты] | Моя так называемая жизнь(s=100)[Моя_так_называемая_жизнь]
2026-09-29 09:59:12.180 I/RagPromptBuilder: [PHASE] search=1272ms read=448ms docs=4 ctx=4405
2026-09-29 09:59:12.180 I/RagPromptBuilder: RAG prompt preview (listIntent=false): Тебе даны выдержки из Википедии. Отвечай на их основе. Ответь коротко и по существу: 1–3 предложения, только то, о чём спрашивают. Не пересказывай выдержки, не добавляй посторонние факты и не нумеруй пункты, если вопрос не про перечень. Если вопрос требует сравнения двух и более вещей — до 5 предложений. Если в выдержках совсем нет нужной информации — скажи «не знаю по приведённым выдержкам». Отвечай на русском языке.  === ВЫДЕРЖКИ ИЗ ВИКИ === === Юпитер === Карточка: Перигелий: 7,405736⋅108 км 
2026-09-29 09:59:12.180 I/ChatVM: RAG ctx: 4 articles from 42 candidates
2026-09-29 09:59:12.181 I/ChatVM: Generating: 1 msgs, maxTokens=1600, temp=0.7, noThink=true
2026-09-29 10:00:56.789 I/WikiLLMApp: ADSP_LIBRARY_PATH=/data/app/~~9qe0_u4XiTCa7mLPCBCJNQ==/com.wikillm.android.debug-qmDVKQjA7aZLv9XurPnO8A==/lib/arm64;/vendor/lib/rfsa/adsp;/vendor/dsp/cdsp;/system/lib/rfsa/adsp
2026-09-29 10:00:56.795 I/WikiLLMApp: ReLinker.loadLibrary(zim) OK
2026-09-29 10:00:56.799 I/WikiLLMApp: ReLinker.loadLibrary(kiwix) OK
2026-09-29 10:00:56.800 I/WikiLLMApp: System.loadLibrary(zim_wrapper) OK
2026-09-29 10:00:56.801 I/WikiLLMApp: System.loadLibrary(kiwix_wrapper) OK
2026-09-29 10:00:57.049 I/ChatVM: Auto-loading last model: QVikhr-3-4B-Instruction-Q4_0.gguf
2026-09-29 10:00:57.050 I/ChatVM: Loading model: QVikhr-3-4B-Instruction-Q4_0.gguf (device=auto, mtp=0) (/storage/emulated/0/Android/data/com.wikillm.android.debug/files/models/Vikhrmodels/QVikhr-3-4B-Instruction-GGUF/QVikhr-3-4B-Instruction-Q4_0.gguf)
2026-09-29 10:00:57.352 I/ZimSearcher: openPath: /storage/emulated/0/Android/data/com.wikillm.android.debug/files/zim/wikipedia_ru_all_nopic_2026-01.zim (14671735099 bytes)
2026-09-29 10:00:57.651 I/ZimSearchHolder: ZimSearchHolder ready: wikipedia_ru_all_nopic_2026-01.zim
2026-09-29 10:01:01.809 I/ChatVM: Model loaded: QVikhr-3-4B-Instruction-Q4_0.gguf
2026-09-29 10:01:10.751 I/ChatVM: Loading model: Qwen3.5-4B-Q4_0.gguf (device=auto, mtp=0) (/storage/emulated/0/Android/data/com.wikillm.android.debug/files/models/unsloth/Qwen3.5-4B-GGUF/Qwen3.5-4B-Q4_0.gguf)
2026-09-29 10:01:17.113 I/ChatVM: Model loaded: Qwen3.5-4B-Q4_0.gguf
2026-09-29 10:01:20.564 I/BenchmarkBridge: Benchmark question via intent: почему Юпитер называют газовым гигантом
2026-09-29 10:01:20.571 I/ChatVM: [TURN] begin q=почему Юпитер называют газовым гигантом
2026-09-29 10:01:20.574 I/ChatVM: [PHASE] factoid=miss ms=2
2026-09-29 10:01:20.576 I/RagPromptBuilder: Query: 'почему Юпитер называют газовым гигантом' -> ZIM keywords: 'юпитер называют газовым гигантом'
2026-09-29 10:01:20.899 I/GraphWalker: walk: 0 wikilinks in 'Юпитер' (depth=0)
2026-09-29 10:01:20.900 I/GraphWalker: walk seed=Юпитер props=[P6, P1365, P1366, P39, P166, P26, P40, P22, P25, P3373, P50, P175, P800, P184, P802, P57, P58, P162, P36, P159, P127, P112] → 0 nodes
2026-09-29 10:01:20.900 I/RagPromptBuilder: Walker probes (entity='Юпитер', props=22): Юпитер
2026-09-29 10:01:20.916 I/EntityTitleProbe: Title probes (13 lookups): Юпитер(1080), Гигант(1030)
2026-09-29 10:01:20.959 I/ZimSearcher: search('юпитер называют газовым гигантом') estimated=200
2026-09-29 10:01:21.387 I/ZimSearcher: search('называют') estimated=194221
2026-09-29 10:01:21.727 I/RagPromptBuilder: Entity merge 'называют': +20 candidates
2026-09-29 10:01:21.732 I/RagPromptBuilder: RAG: 'почему Юпитер называют газовым гигантом' candidates=42
2026-09-29 10:01:21.732 I/RagPromptBuilder: Top hits: Юпитер(s=1080)[Юпитер] | Гигант(s=1030)[Гигант] | То, что называют любовью(s=98)[То,_что_называют_любовью] | Газовые гиганты(s=100)[Газовые_гиганты] | Моя так называемая жизнь(s=100)[Моя_так_называемая_жизнь]
2026-09-29 10:01:22.167 I/RagPromptBuilder: [PHASE] search=1157ms read=435ms docs=4 ctx=4405
2026-09-29 10:01:22.168 I/RagPromptBuilder: RAG prompt preview (listIntent=false): Тебе даны выдержки из Википедии. Отвечай на их основе. Ответь коротко и по существу: 1–3 предложения, только то, о чём спрашивают. Не пересказывай выдержки, не добавляй посторонние факты и не нумеруй пункты, если вопрос не про перечень. Если вопрос требует сравнения двух и более вещей — до 5 предложений. Если в выдержках совсем нет нужной информации — скажи «не знаю по приведённым выдержкам». Отвечай на русском языке.  === ВЫДЕРЖКИ ИЗ ВИКИ === === Юпитер === Карточка: Перигелий: 7,405736⋅108 км 
2026-09-29 10:01:22.168 I/ChatVM: RAG ctx: 4 articles from 42 candidates
2026-09-29 10:01:22.168 I/ChatVM: Generating: 1 msgs, maxTokens=1600, temp=0.7, noThink=true
2026-09-29 10:24:53.925 I/WikiLLMApp: ADSP_LIBRARY_PATH=/data/app/~~R2sZTdYnE5uD0rXBddfBFA==/com.wikillm.android.debug-mE5s_cw811uWghFQOo02BA==/lib/arm64;/vendor/lib/rfsa/adsp;/vendor/dsp/cdsp;/system/lib/rfsa/adsp
2026-09-29 10:24:53.940 I/WikiLLMApp: ReLinker.loadLibrary(zim) OK
2026-09-29 10:24:53.955 I/WikiLLMApp: ReLinker.loadLibrary(kiwix) OK
2026-09-29 10:24:53.957 I/WikiLLMApp: System.loadLibrary(zim_wrapper) OK
2026-09-29 10:24:53.958 I/WikiLLMApp: System.loadLibrary(kiwix_wrapper) OK
2026-09-29 10:24:54.335 I/ChatVM: Auto-loading last model: Qwen3.5-4B-Q4_0.gguf
2026-09-29 10:24:54.336 I/ChatVM: Loading model: Qwen3.5-4B-Q4_0.gguf (device=auto, mtp=0) (/storage/emulated/0/Android/data/com.wikillm.android.debug/files/models/unsloth/Qwen3.5-4B-GGUF/Qwen3.5-4B-Q4_0.gguf)
2026-09-29 10:24:54.700 I/ZimSearcher: openPath: /storage/emulated/0/Android/data/com.wikillm.android.debug/files/zim/wikipedia_ru_all_nopic_2026-01.zim (14671735099 bytes)
2026-09-29 10:24:55.046 I/ZimSearchHolder: ZimSearchHolder ready: wikipedia_ru_all_nopic_2026-01.zim
2026-09-29 10:25:01.790 I/ChatVM: Model loaded: Qwen3.5-4B-Q4_0.gguf
2026-09-29 10:25:05.844 I/BenchmarkBridge: Benchmark question via intent: почему Юпитер называют газовым гигантом
2026-09-29 10:25:05.850 I/ChatVM: [TURN] begin q=почему Юпитер называют газовым гигантом
2026-09-29 10:25:05.852 I/ChatVM: [PHASE] factoid=miss ms=2
2026-09-29 10:25:05.854 I/RagPromptBuilder: Query: 'почему Юпитер называют газовым гигантом' -> ZIM keywords: 'юпитер называют газовым гигантом'
2026-09-29 10:25:06.377 I/GraphWalker: walk: 0 wikilinks in 'Юпитер' (depth=0)
2026-09-29 10:25:06.377 I/GraphWalker: walk seed=Юпитер props=[P6, P1365, P1366, P39, P166, P26, P40, P22, P25, P3373, P50, P175, P800, P184, P802, P57, P58, P162, P36, P159, P127, P112] → 0 nodes
2026-09-29 10:25:06.378 I/RagPromptBuilder: Walker probes (entity='Юпитер', props=22): Юпитер
2026-09-29 10:25:06.428 I/EntityTitleProbe: Title probes (13 lookups): Юпитер(1080), Гигант(1030)
2026-09-29 10:25:06.471 I/ZimSearcher: search('юпитер называют газовым гигантом') estimated=200
2026-09-29 10:25:06.952 I/ZimSearcher: search('называют') estimated=194221
2026-09-29 10:25:07.298 I/RagPromptBuilder: Entity merge 'называют': +20 candidates
2026-09-29 10:25:07.303 I/RagPromptBuilder: RAG: 'почему Юпитер называют газовым гигантом' candidates=42
2026-09-29 10:25:07.304 I/RagPromptBuilder: Top hits: Юпитер(s=1080)[Юпитер] | Гигант(s=1030)[Гигант] | То, что называют любовью(s=98)[То,_что_называют_любовью] | Газовые гиганты(s=100)[Газовые_гиганты] | Моя так называемая жизнь(s=100)[Моя_так_называемая_жизнь]
2026-09-29 10:25:07.779 I/RagPromptBuilder: [PHASE] search=1450ms read=475ms docs=4 ctx=4405
2026-09-29 10:25:07.780 I/RagPromptBuilder: RAG prompt preview (listIntent=false): Тебе даны выдержки из Википедии. Отвечай на их основе. Ответь коротко и по существу: 1–3 предложения, только то, о чём спрашивают. Не пересказывай выдержки, не добавляй посторонние факты и не нумеруй пункты, если вопрос не про перечень. Если вопрос требует сравнения двух и более вещей — до 5 предложений. Если в выдержках совсем нет нужной информации — скажи «не знаю по приведённым выдержкам». Отвечай на русском языке.  === ВЫДЕРЖКИ ИЗ ВИКИ === === Юпитер === Карточка: Перигелий: 7,405736⋅108 км 
2026-09-29 10:25:07.780 I/ChatVM: RAG ctx: 4 articles from 42 candidates
2026-09-29 10:25:07.781 I/ChatVM: Generating: 1 msgs, maxTokens=1600, temp=0.7, noThink=true
2026-09-29 10:29:36.016 I/WikiLLMApp: ADSP_LIBRARY_PATH=/data/app/~~KIa-k6fmCxw-15ipdmz9Ew==/com.wikillm.android.debug-j_uNvkXShCrxbWWllmc5Gg==/lib/arm64;/vendor/lib/rfsa/adsp;/vendor/dsp/cdsp;/system/lib/rfsa/adsp
2026-09-29 10:29:36.029 I/WikiLLMApp: ReLinker.loadLibrary(zim) OK
2026-09-29 10:29:36.041 I/WikiLLMApp: ReLinker.loadLibrary(kiwix) OK
2026-09-29 10:29:36.043 I/WikiLLMApp: System.loadLibrary(zim_wrapper) OK
2026-09-29 10:29:36.044 I/WikiLLMApp: System.loadLibrary(kiwix_wrapper) OK
2026-09-29 10:29:36.349 I/ChatVM: Auto-loading last model: Qwen3.5-4B-Q4_0.gguf
2026-09-29 10:29:36.350 I/ChatVM: Loading model: Qwen3.5-4B-Q4_0.gguf (device=auto, mtp=0) (/storage/emulated/0/Android/data/com.wikillm.android.debug/files/models/unsloth/Qwen3.5-4B-GGUF/Qwen3.5-4B-Q4_0.gguf)
2026-09-29 10:29:36.746 I/ZimSearcher: openPath: /storage/emulated/0/Android/data/com.wikillm.android.debug/files/zim/wikipedia_ru_all_nopic_2026-01.zim (14671735099 bytes)
2026-09-29 10:29:37.159 I/ZimSearchHolder: ZimSearchHolder ready: wikipedia_ru_all_nopic_2026-01.zim
2026-09-29 10:29:41.730 I/ChatVM: Model loaded: Qwen3.5-4B-Q4_0.gguf
2026-09-29 10:32:17.042 I/BenchmarkBridge: Benchmark question via intent: почему Юпитер называют газовым гигантом
2026-09-29 10:32:17.047 I/ChatVM: [TURN] begin q=почему Юпитер называют газовым гигантом
2026-09-29 10:32:17.050 I/ChatVM: [PHASE] factoid=miss ms=2
2026-09-29 10:32:17.055 I/RagPromptBuilder: Query: 'почему Юпитер называют газовым гигантом' -> ZIM keywords: 'юпитер называют газовым гигантом'
2026-09-29 10:32:17.383 I/GraphWalker: walk: 0 wikilinks in 'Юпитер' (depth=0)
2026-09-29 10:32:17.383 I/GraphWalker: walk seed=Юпитер props=[P6, P1365, P1366, P39, P166, P26, P40, P22, P25, P3373, P50, P175, P800, P184, P802, P57, P58, P162, P36, P159, P127, P112] → 0 nodes
2026-09-29 10:32:17.384 I/RagPromptBuilder: Walker probes (entity='Юпитер', props=22): Юпитер
2026-09-29 10:32:17.427 I/EntityTitleProbe: Title probes (13 lookups): Юпитер(1080), Гигант(1030)
2026-09-29 10:32:17.482 I/ZimSearcher: search('юпитер называют газовым гигантом') estimated=200
2026-09-29 10:32:17.927 I/ZimSearcher: search('называют') estimated=194221
2026-09-29 10:32:18.283 I/RagPromptBuilder: Entity merge 'называют': +20 candidates
2026-09-29 10:32:18.288 I/RagPromptBuilder: RAG: 'почему Юпитер называют газовым гигантом' candidates=42
2026-09-29 10:32:18.288 I/RagPromptBuilder: Top hits: Юпитер(s=1080)[Юпитер] | Гигант(s=1030)[Гигант] | То, что называют любовью(s=98)[То,_что_называют_любовью] | Газовые гиганты(s=100)[Газовые_гиганты] | Моя так называемая жизнь(s=100)[Моя_так_называемая_жизнь]
2026-09-29 10:32:18.730 I/RagPromptBuilder: [PHASE] search=1234ms read=441ms docs=4 ctx=4405
2026-09-29 10:32:18.731 I/RagPromptBuilder: RAG prompt preview (listIntent=false): Тебе даны выдержки из Википедии. Отвечай на их основе. Ответь коротко и по существу: 1–3 предложения, только то, о чём спрашивают. Не пересказывай выдержки, не добавляй посторонние факты и не нумеруй пункты, если вопрос не про перечень. Если вопрос требует сравнения двух и более вещей — до 5 предложений. Если в выдержках совсем нет нужной информации — скажи «не знаю по приведённым выдержкам». Отвечай на русском языке.  === ВЫДЕРЖКИ ИЗ ВИКИ === === Юпитер === Карточка: Перигелий: 7,405736⋅108 км 
2026-09-29 10:32:18.731 I/ChatVM: RAG ctx: 4 articles from 42 candidates
2026-09-29 10:32:18.731 I/ChatVM: Generating: 1 msgs, maxTokens=1600, temp=0.7, noThink=true
2026-09-29 10:37:42.226 I/ChatVM: Reply (1761 chars, 411 tok, 325177ms, prefill 1832tok/14055ms=130t/s, decode 1,4t/s): Юпитер называют газовым гигантом из-за его уникального химического состава, в котором доминируют водород и гелий. Эти два элемента составляют подавляющую часть массы планеты, что кардинально отличает 
2026-09-29 10:37:42.229 I/ChatVM: [TURN] end path=rag total=325177ms factoid=2ms ptok=1832 gtok=411 prefill=14055ms decode=289410ms chars=1761
2026-09-29 10:37:42.696 I/BenchmarkBridge: Benchmark question via intent: из чего состоит атмосфера Марса
2026-09-29 10:37:42.698 I/ChatVM: [TURN] begin q=из чего состоит атмосфера Марса
2026-09-29 10:37:42.699 I/ChatVM: [PHASE] factoid=miss ms=0
2026-09-29 10:37:42.701 I/RagPromptBuilder: Query: 'из чего состоит атмосфера Марса' -> ZIM keywords: 'чего состоит атмосфера марса'
2026-09-29 10:37:42.739 I/GraphWalker: walk: 0 wikilinks in 'Марса' (depth=0)
2026-09-29 10:37:42.740 I/GraphWalker: walk seed=Марса props=[P6, P1365, P1366, P39, P166, P26, P40, P22, P25, P3373, P50, P175, P800, P184, P802, P57, P58, P162, P36, P159, P127, P112] → 0 nodes
2026-09-29 10:37:42.740 I/RagPromptBuilder: Walker probes (entity='Марса', props=22): Марса
2026-09-29 10:37:42.774 I/EntityTitleProbe: Title probes (10 lookups): Марса(1080), Марс(1080), Атмосфера Марса(900)
2026-09-29 10:37:42.784 I/EntityTitleProbe: Top tie at 1080: Марс=658430, Марса=7479
2026-09-29 10:37:42.786 I/EntityTitleProbe: Redundant probes: Марса
2026-09-29 10:37:42.858 I/ZimSearcher: search('чего состоит атмосфера марса') estimated=300
2026-09-29 10:37:43.454 I/ZimSearcher: search('атмосфера') estimated=21862
2026-09-29 10:37:43.954 I/RagPromptBuilder: Entity merge 'атмосфера': +19 candidates
2026-09-29 10:37:43.961 I/RagPromptBuilder: RAG: 'из чего состоит атмосфера Марса' candidates=40
2026-09-29 10:37:43.962 I/RagPromptBuilder: Top hits: Марс(s=1085)[Марс] | Марса(s=900)[Марса] | Атмосфера Марса(s=900)[Атмосфера_Марса] | Атмосфера(s=100)[Атмосфера] | Атмосфера Земли(s=99)[Атмосфера_Земли]
2026-09-29 10:37:44.513 I/RagPromptBuilder: [PHASE] search=1262ms read=550ms docs=4 ctx=4482
2026-09-29 10:37:44.513 I/RagPromptBuilder: RAG prompt preview (listIntent=false): Тебе даны выдержки из Википедии. Отвечай на их основе. Ответь коротко и по существу: 1–3 предложения, только то, о чём спрашивают. Не пересказывай выдержки, не добавляй посторонние факты и не нумеруй пункты, если вопрос не про перечень. Если вопрос требует сравнения двух и более вещей — до 5 предложений. Если в выдержках совсем нет нужной информации — скажи «не знаю по приведённым выдержкам». Отвечай на русском языке.  === ВЫДЕРЖКИ ИЗ ВИКИ === === Марс === Карточка: Другие названия: Красная план
2026-09-29 10:37:44.514 I/ChatVM: RAG ctx: 4 articles from 40 candidates
2026-09-29 10:37:44.514 I/ChatVM: Generating: 3 msgs, maxTokens=1600, temp=0.7, noThink=true
2026-09-29 10:39:03.171 I/ChatVM: Reply (359 chars, 95 tok, 80474ms, prefill 2241tok/19266ms=116t/s, decode 1,6t/s): Атмосфера Марса состоит в основном из углекислого газа (95,32%), с добавлением азота (2,7%), аргона и кислорода. Также в её составе присутствуют водяной пар, угарный газ, неон и следы других лёгких га
2026-09-29 10:39:03.173 I/ChatVM: [TURN] end path=rag total=80474ms factoid=0ms ptok=2241 gtok=95 prefill=19266ms decode=59358ms chars=359
2026-09-29 10:39:03.437 I/BenchmarkBridge: Benchmark question via intent: кто открыл пенициллин
2026-09-29 10:39:03.439 I/ChatVM: [TURN] begin q=кто открыл пенициллин
2026-09-29 10:39:03.440 I/ChatVM: [PHASE] factoid=miss ms=0
2026-09-29 10:39:03.442 I/ChatVM: Coreference: 'кто открыл пенициллин' + topic 'чего состоит атмосфера марса'
2026-09-29 10:39:03.443 I/RagPromptBuilder: Query: 'кто открыл пенициллин чего состоит атмосфера марса' -> ZIM keywords: 'открыл пенициллин чего состоит атмосфера марса'
2026-09-29 10:39:03.499 I/EntityTitleProbe: Title probes (18 lookups): Бензилпенициллин(1020), Марса(1030), Марс(1030)
2026-09-29 10:39:03.506 I/EntityTitleProbe: Top tie at 1030: Марс=658430, Марса=7479
2026-09-29 10:39:03.508 I/EntityTitleProbe: Redundant probes: Марса
2026-09-29 10:39:03.515 I/ZimSearcher: search('открыл пенициллин чего состоит атмосфера марса') estimated=0
2026-09-29 10:39:03.527 I/ZimSearcher: search('пенициллин') estimated=589
2026-09-29 10:39:03.785 I/RagPromptBuilder: Entity merge 'пенициллин': +19 candidates
2026-09-29 10:39:03.789 I/RagPromptBuilder: RAG: 'кто открыл пенициллин чего состоит атмосфера марса' candidates=21
2026-09-29 10:39:03.790 I/RagPromptBuilder: Top hits: Марс(s=1035)[Марс] | Бензилпенициллин(s=1020)[Бензилпенициллин] | Пенициллины(s=100)[Пенициллины] | Пенициллин (комплекс артразведки)(s=99)[Пенициллин_(комплекс_артразведки)] | Пенициллин (значения)(s=95)[Пенициллин_(значения)]
2026-09-29 10:39:04.208 I/RagPromptBuilder: [PHASE] search=348ms read=418ms docs=4 ctx=4544
2026-09-29 10:39:04.209 I/RagPromptBuilder: RAG prompt preview (listIntent=false): Тебе даны выдержки из Википедии. Отвечай на их основе. Ответь коротко и по существу: 1–3 предложения, только то, о чём спрашивают. Не пересказывай выдержки, не добавляй посторонние факты и не нумеруй пункты, если вопрос не про перечень. Если вопрос требует сравнения двух и более вещей — до 5 предложений. Если в выдержках совсем нет нужной информации — скажи «не знаю по приведённым выдержкам». Отвечай на русском языке.  === ВЫДЕРЖКИ ИЗ ВИКИ === === Марс === Карточка: Другие названия: Красная план
2026-09-29 10:39:04.209 I/ChatVM: RAG ctx: 4 articles from 21 candidates
2026-09-29 10:39:04.210 I/ChatVM: Generating: 5 msgs, maxTokens=1600, temp=0.7, noThink=true
2026-09-29 10:40:06.203 I/ChatVM: Reply (189 chars, 62 tok, 62764ms, prefill 2537tok/21411ms=118t/s, decode 1,5t/s): Пенициллин открыл **Александр Флеминг** в 1928 году. Атмосфера Марса состоит преимущественно из углекислого газа (около 95%), также содержатся азот, аргон и следы кислорода и водяного пара.
2026-09-29 10:40:06.204 I/ChatVM: [TURN] end path=rag total=62764ms factoid=0ms ptok=2537 gtok=62 prefill=21411ms decode=40553ms chars=189
2026-09-29 10:40:06.813 I/BenchmarkBridge: Benchmark question via intent: что такое фотосинтез
2026-09-29 10:40:06.815 I/ChatVM: [TURN] begin q=что такое фотосинтез
2026-09-29 10:40:06.816 I/ChatVM: [PHASE] factoid=miss ms=0
2026-09-29 10:40:06.818 I/ChatVM: Coreference: 'что такое фотосинтез' + topic 'открыл пенициллин'
2026-09-29 10:40:06.819 I/RagPromptBuilder: Query: 'что такое фотосинтез открыл пенициллин' -> ZIM keywords: 'такое фотосинтез открыл пенициллин'
2026-09-29 10:40:06.861 I/EntityTitleProbe: Title probes (5 lookups): Фотосинтез(1030), Бензилпенициллин(1020)
2026-09-29 10:40:06.869 I/ZimSearcher: search('такое фотосинтез открыл пенициллин') estimated=2
2026-09-29 10:40:06.976 I/ZimSearcher: search('фотосинтез') estimated=965
2026-09-29 10:40:07.261 I/RagPromptBuilder: Entity merge 'фотосинтез': +19 candidates
2026-09-29 10:40:07.264 I/RagPromptBuilder: RAG: 'что такое фотосинтез открыл пенициллин' candidates=23
2026-09-29 10:40:07.265 I/RagPromptBuilder: Top hits: Фотосинтез(s=1030)[Фотосинтез] | Бензилпенициллин(s=1020)[Бензилпенициллин] | C4-фотосинтез(s=99)[C4-фотосинтез] | CAM-фотосинтез(s=99)[CAM-фотосинтез] | Эволюция фотосинтеза(s=99)[Эволюция_фотосинтеза]
2026-09-29 10:40:07.568 I/RagPromptBuilder: [PHASE] search=447ms read=302ms docs=4 ctx=4432
2026-09-29 10:40:07.568 I/RagPromptBuilder: RAG prompt preview (listIntent=false): Тебе даны выдержки из Википедии. Отвечай на их основе. Ответь коротко и по существу: 1–3 предложения, только то, о чём спрашивают. Не пересказывай выдержки, не добавляй посторонние факты и не нумеруй пункты, если вопрос не про перечень. Если вопрос требует сравнения двух и более вещей — до 5 предложений. Если в выдержках совсем нет нужной информации — скажи «не знаю по приведённым выдержкам». Отвечай на русском языке.  === ВЫДЕРЖКИ ИЗ ВИКИ === === Фотосинтез === Фотосинтез Фотоси́нтез (от др.-гр
2026-09-29 10:40:07.569 I/ChatVM: RAG ctx: 4 articles from 23 candidates
2026-09-29 10:40:07.569 I/ChatVM: Generating: 7 msgs, maxTokens=1600, temp=0.7, noThink=true
2026-09-29 10:41:56.540 I/ChatVM: Reply (505 chars, 150 tok, 109724ms, prefill 2305tok/19482ms=118t/s, decode 1,7t/s): Фотосинтез не открыл пенициллин, так как это химическое соединение — антибиотик, полученный Александром Флемингом в 1928 году. Пенициллин подавляет размножение бактерий и деление хлоропластов мхов, но
2026-09-29 10:41:56.541 I/ChatVM: [TURN] end path=rag total=109724ms factoid=0ms ptok=2305 gtok=150 prefill=19482ms decode=89454ms chars=505
2026-09-29 10:41:57.182 I/BenchmarkBridge: Benchmark question via intent: когда началась Вторая мировая война
2026-09-29 10:41:57.184 I/ChatVM: [TURN] begin q=когда началась Вторая мировая война
2026-09-29 10:41:57.186 I/FactoidAnswerer: Factoid candidate: label='(by card label)' entity='Вторая'
2026-09-29 10:41:57.268 I/EntityTitleProbe: Title probes (22 lookups): Вторая мировая война(1120), Вторая(1080), Мировая война(1050), Война(1030)
2026-09-29 10:41:57.271 I/EntityTitleProbe: Redundant probes: Вторая, Война
2026-09-29 10:41:59.847 I/ZimSearcher: suggestTitles('Вторая'): Вторая, Вторая Академия, Вторая Александровка, Вторая Алексеевка, Вторая Алия, Вторая Армения, Вторая Багажиашта, Вторая Бугульда, Вторая Бундеслига, Вторая Васильевка, Вторая Вилашка, Вторая Глушковская, Вторая Горка, Вторая Григорьевка, Вторая Грязучая, Вторая Дудинская, Вторая Едома, Вторая Ивановка, Вторая Ивань, Вторая Интифада, Вторая Каменка, Вторая Ключевская, Вторая Кошка, Вторая Кривка, Вторая Крутая, Вторая Куликовка, Вторая Культура, Вторая Лака, Вторая Леденгская, Вторая Луна, Вторая Малая, Вторая Медяна
2026-09-29 10:41:59.851 I/FactoidAnswerer: Factoid candidates: Вторая, Вторая мировая война, Мировая война
2026-09-29 10:41:59.862 I/FactoidAnswerer: Factoid: 'Вторая' has no infobox — next candidate
2026-09-29 10:41:59.985 I/FactoidAnswerer: Factoid: no label covers [начала, мирова, война] in [Дата, Место, Причина, Итог]
2026-09-29 10:41:59.986 I/FactoidAnswerer: Factoid: 'Вторая мировая война' card has no matching field — next candidate
2026-09-29 10:42:00.003 I/FactoidAnswerer: Factoid: 'Мировая война' has no infobox — next candidate
2026-09-29 10:42:00.004 I/FactoidAnswerer: Factoid: no candidate carried the field — falling back to RAG
2026-09-29 10:42:00.005 I/ChatVM: [PHASE] factoid=miss ms=2820
2026-09-29 10:42:00.006 I/RagPromptBuilder: Query: 'когда началась Вторая мировая война' -> ZIM keywords: 'началась вторая мировая война'
2026-09-29 10:42:00.010 I/GraphWalker: walk: 0 wikilinks in 'Вторая' (depth=0)
2026-09-29 10:42:00.010 I/GraphWalker: walk seed=Вторая props=[P6, P1365, P1366, P39, P166, P26, P40, P22, P25, P3373, P50, P175, P800, P184, P802, P57, P58, P162, P36, P159, P127, P112] → 0 nodes
2026-09-29 10:42:00.010 I/RagPromptBuilder: Walker probes (entity='Вторая', props=22): Вторая
2026-09-29 10:42:00.027 I/EntityTitleProbe: Title probes (22 lookups): Вторая мировая война(1120), Вторая(1080), Мировая война(1050), Война(1030)
2026-09-29 10:42:00.029 I/EntityTitleProbe: Redundant probes: Вторая, Война
2026-09-29 10:42:00.180 I/ZimSearcher: search('началась вторая мировая война') estimated=20000
2026-09-29 10:42:01.358 I/ZimSearcher: search('началась') estimated=467255
2026-09-29 10:42:02.437 I/RagPromptBuilder: Entity merge 'началась': +20 candidates
2026-09-29 10:42:02.447 I/RagPromptBuilder: RAG: 'когда началась Вторая мировая война' candidates=41
2026-09-29 10:42:02.448 I/RagPromptBuilder: Top hits: Вторая мировая война(s=1120)[Вторая_мировая_война] | Мировая война(s=1050)[Мировая_война] | Вторая(s=900)[Вторая] | Вторая мировая война на море(s=98)[Вторая_мировая_война_на_море] | Вторая мировая война (серия книг)(s=95)[Вторая_мировая_война_(серия_книг)]
2026-09-29 10:42:02.815 I/RagPromptBuilder: [PHASE] search=2443ms read=367ms docs=4 ctx=4313
2026-09-29 10:42:02.816 I/RagPromptBuilder: RAG prompt preview (listIntent=false): Тебе даны выдержки из Википедии. Отвечай на их основе. Ответь коротко и по существу: 1–3 предложения, только то, о чём спрашивают. Не пересказывай выдержки, не добавляй посторонние факты и не нумеруй пункты, если вопрос не про перечень. Если вопрос требует сравнения двух и более вещей — до 5 предложений. Если в выдержках совсем нет нужной информации — скажи «не знаю по приведённым выдержкам». Отвечай на русском языке.  === ВЫДЕРЖКИ ИЗ ВИКИ === === Вторая мировая война === Карточка: Дата: 1 сентя
2026-09-29 10:42:02.816 I/ChatVM: RAG ctx: 4 articles from 41 candidates
2026-09-29 10:42:02.817 I/ChatVM: Generating: 7 msgs, maxTokens=1600, temp=0.7, noThink=true
2026-09-29 10:43:17.072 I/ChatVM: Reply (356 chars, 93 tok, 79887ms, prefill 1851tok/17162ms=108t/s, decode 1,6t/s): Вторая мировая война началась 1 сентября 1939 года, когда нацистская Германия вторглась в Польшу. Это событие стало официальным началом конфликта между двумя военно-политическими коалициями и крупнейш
2026-09-29 10:43:17.077 I/ChatVM: [TURN] end path=rag total=79887ms factoid=2820ms ptok=1851 gtok=93 prefill=17162ms decode=57064ms chars=356
2026-09-29 10:43:17.942 I/BenchmarkBridge: Benchmark question via intent: чем знаменит Большое красное пятно
2026-09-29 10:43:17.944 I/ChatVM: [TURN] begin q=чем знаменит Большое красное пятно
2026-09-29 10:43:17.945 I/ChatVM: [PHASE] factoid=miss ms=1
2026-09-29 10:43:17.947 I/RagPromptBuilder: Query: 'чем знаменит Большое красное пятно' -> ZIM keywords: 'чем знаменит большое красное пятно'
2026-09-29 10:43:17.995 I/GraphWalker: walk: 0 wikilinks in 'Большое' (depth=0)
2026-09-29 10:43:17.996 I/GraphWalker: walk seed=Большое props=[P6, P1365, P1366, P39, P166, P26, P40, P22, P25, P3373, P50, P175, P800, P184, P802, P57, P58, P162, P36, P159, P127, P112] → 0 nodes
2026-09-29 10:43:17.996 I/RagPromptBuilder: Walker probes (entity='Большое', props=22): Большое
2026-09-29 10:43:18.069 I/EntityTitleProbe: Title probes (28 lookups): Большое красное пятно(1120), Большое(1080), Красное(1030), Красно(1030), Пятно(1030)
2026-09-29 10:43:18.072 I/EntityTitleProbe: Redundant probes: Большое, Красное, Красно, Пятно
2026-09-29 10:43:18.112 I/ZimSearcher: search('чем знаменит большое красное пятно') estimated=200
2026-09-29 10:43:18.825 I/ZimSearcher: search('знаменит') estimated=51485
2026-09-29 10:43:19.332 I/RagPromptBuilder: Entity merge 'знаменит': +20 candidates
2026-09-29 10:43:19.341 I/RagPromptBuilder: RAG: 'чем знаменит Большое красное пятно' candidates=42
2026-09-29 10:43:19.342 I/RagPromptBuilder: Top hits: Большое красное пятно(s=1120)[Большое_красное_пятно] | Большое(s=900)[Большое] | Я почти знаменит(s=99)[Я_почти_знаменит] | Красочная жизнь(s=100)[Красочная_жизнь] | Храм иконы Божией Матери «Знамение»(s=100)[Храм_иконы_Божией_Матери_«Знамение»]
2026-09-29 10:43:19.470 I/RagPromptBuilder: [PHASE] search=1396ms read=127ms docs=4 ctx=4549
2026-09-29 10:43:19.471 I/RagPromptBuilder: RAG prompt preview (listIntent=false): Тебе даны выдержки из Википедии. Отвечай на их основе. Ответь коротко и по существу: 1–3 предложения, только то, о чём спрашивают. Не пересказывай выдержки, не добавляй посторонние факты и не нумеруй пункты, если вопрос не про перечень. Если вопрос требует сравнения двух и более вещей — до 5 предложений. Если в выдержках совсем нет нужной информации — скажи «не знаю по приведённым выдержкам». Отвечай на русском языке.  === ВЫДЕРЖКИ ИЗ ВИКИ === === Большое красное пятно === Большое красное пятно 
2026-09-29 10:43:19.471 I/ChatVM: RAG ctx: 4 articles from 42 candidates
2026-09-29 10:43:19.471 I/ChatVM: Generating: 7 msgs, maxTokens=1600, temp=0.7, noThink=true
2026-09-29 10:44:44.914 I/ChatVM: Reply (391 chars, 108 tok, 86970ms, prefill 2033tok/18565ms=110t/s, decode 1,6t/s): Большое красное пятно знаменито как самый большой атмосферный вихрь и зона высокого давления в Солнечной системе. Оно перемещается параллельно экватору Юпитера, создавая шторм с против часовой стрелки
2026-09-29 10:44:44.919 I/ChatVM: [TURN] end path=rag total=86970ms factoid=1ms ptok=2033 gtok=108 prefill=18565ms decode=66840ms chars=391
2026-09-29 10:44:45.906 I/BenchmarkBridge: Benchmark question via intent: что производит АвтоВАЗ
2026-09-29 10:44:45.909 I/ChatVM: [TURN] begin q=что производит АвтоВАЗ
2026-09-29 10:44:45.911 I/FactoidAnswerer: Factoid candidate: label='(by card label)' entity='АвтоВАЗ'
2026-09-29 10:44:45.960 I/EntityTitleProbe: Title probes (2 lookups): АвтоВАЗ(1080)
2026-09-29 10:44:46.069 I/ZimSearcher: suggestTitles('АвтоВАЗ'): АВТОВАЗ, GM-АВТОВАЗ, Национальная гоночная серия "АВТОВАЗ", Технический музей ОАО "АвтоВАЗ", Эм-АВТОВАЗ Шевроле Вива, Джи Эм-АВТОВАЗ Шевроле Нива, Здание генеральной дирекции АВТОВАЗа, АВТОВАЗБАНК, АвтоВАЗагрегат
2026-09-29 10:44:46.070 I/FactoidAnswerer: Factoid candidates: АвтоВАЗ
2026-09-29 10:44:46.135 I/FactoidAnswerer: Factoid: no label covers [произв] in [Основан, Штаб-квартира, Тип, Листинг на бирже, Дата основания, Прежние названия, Основатели, Расположение, Ключевые фигуры, Отрасль, Продукция, Операционная прибыль, Чистая прибыль, Материнская компания, Дочерние компании]
2026-09-29 10:44:46.136 I/FactoidAnswerer: Factoid: 'АвтоВАЗ' card has no matching field — next candidate
2026-09-29 10:44:46.136 I/FactoidAnswerer: Factoid: no candidate carried the field — falling back to RAG
2026-09-29 10:44:46.136 I/ChatVM: [PHASE] factoid=miss ms=226
2026-09-29 10:44:46.137 I/RagPromptBuilder: Query: 'что производит АвтоВАЗ' -> ZIM keywords: 'производит автоваз'
2026-09-29 10:44:46.462 I/GraphWalker: walk seed=АвтоВАЗ props=[P6, P1365, P1366, P39, P166, P26, P40, P22, P25, P3373, P50, P175, P800, P184, P802, P57, P58, P162, P36, P159, P127, P112] → 6 nodes
2026-09-29 10:44:46.463 I/RagPromptBuilder: Walker probes (entity='АвтоВАЗ', props=22): АвтоВАЗ, Россия, Тольятти, ЦК КПСС, Совет министров СССР, Москва, Илья Геннадьевич Сухих
2026-09-29 10:44:46.466 I/EntityTitleProbe: Title probes (2 lookups): АвтоВАЗ(1080)
2026-09-29 10:44:46.488 I/ZimSearcher: search('производит автоваз') estimated=300
2026-09-29 10:44:47.033 I/ZimSearcher: search('производит') estimated=56978
2026-09-29 10:44:47.626 I/RagPromptBuilder: Entity merge 'производит': +20 candidates
2026-09-29 10:44:47.633 I/RagPromptBuilder: RAG: 'что производит АвтоВАЗ' candidates=46
2026-09-29 10:44:47.634 I/RagPromptBuilder: Top hits: АвтоВАЗ(s=1080)[АвтоВАЗ] | Россия(s=899)[Россия] | Тольятти(s=899)[Тольятти] | ЦК КПСС(s=899)[ЦК_КПСС] | Совет министров СССР(s=899)[Совет_министров_СССР]
2026-09-29 10:44:48.635 I/RagPromptBuilder: [PHASE] search=1497ms read=1001ms docs=3 ctx=4806
2026-09-29 10:44:48.636 I/RagPromptBuilder: RAG prompt preview (listIntent=false): Тебе даны выдержки из Википедии. Отвечай на их основе. Ответь коротко и по существу: 1–3 предложения, только то, о чём спрашивают. Не пересказывай выдержки, не добавляй посторонние факты и не нумеруй пункты, если вопрос не про перечень. Если вопрос требует сравнения двух и более вещей — до 5 предложений. Если в выдержках совсем нет нужной информации — скажи «не знаю по приведённым выдержкам». Отвечай на русском языке.  === ВЫДЕРЖКИ ИЗ ВИКИ === === АвтоВАЗ === Карточка: Основан: 20 июля 1966 (196
2026-09-29 10:44:48.636 I/ChatVM: RAG ctx: 3 articles from 46 candidates
2026-09-29 10:44:48.637 I/ChatVM: Generating: 7 msgs, maxTokens=1600, temp=0.7, noThink=true
2026-09-29 10:45:49.664 I/ChatVM: Reply (335 chars, 65 tok, 63755ms, prefill 2274tok/21254ms=107t/s, decode 1,6t/s): АвтоВАЗ производит легковые автомобили и легкие коммерческие машины под собственной торговой маркой **Lada**. Ранее завод также выпускал автомобили известных брендов, таких как Nissan, Renault и Datsu
2026-09-29 10:45:49.666 I/ChatVM: [TURN] end path=rag total=63755ms factoid=226ms ptok=2274 gtok=65 prefill=21254ms decode=39745ms chars=335
2026-09-29 10:45:50.305 I/BenchmarkBridge: Benchmark question via intent: какой автозавод расположен в Тольятти
2026-09-29 10:45:50.308 I/ChatVM: [TURN] begin q=какой автозавод расположен в Тольятти
2026-09-29 10:45:50.310 I/FactoidAnswerer: Factoid candidate: label='(by card label)' entity='Тольятти'
2026-09-29 10:45:50.380 I/EntityTitleProbe: Title probes (10 lookups): Тольятти(1080), Автомобильная промышленность(1020)
2026-09-29 10:45:50.811 I/ZimSearcher: suggestTitles('Тольятти'): Тольятти, Тольятти 24, Тольятти (История), Тольятти (аэродром), Тольятти (значения), Тольятти (станция), Тольятти П., Тольятти сегодня, Тольятти, Эудженио, Тольятти (речной порт), Тольятти (футбольный клуб), Тольятти (особая экономическая зона), Тольятти (территория опережающего развития), Академия Тольятти, Вузы Тольятти, Герб Тольятти, Гимн Тольятти, Градоначальники Тольятти, Дума Тольятти, Лада (Тольятти), Лада-Тольятти, Медгородок Тольятти, Набережная Тольятти, Памятники Тольятти, Поверхность Тольятти, Портпосёлок (Тольятти), Районы Тольятти, СИБУР Тольятти, Спорт Тольятти, Троллейбус Тольятти, Улицы Тольятти, Флаг Тольятти
2026-09-29 10:45:50.815 I/FactoidAnswerer: Factoid candidates: Тольятти, Автомобильная промышленность
2026-09-29 10:45:50.912 I/FactoidAnswerer: Factoid: no label covers [автоза, распол] in [Глава/мэр, Население, Площадь, Основан, Страна, Часовой пояс, Субъект Федерации, Городской округ, Внутреннее деление, Глава городского округа, Прежние названия, Город с, Высота центра, Тип климата, Плотность, Агломерация, Население агломерации, Национальности, Конфессии, Название жителей, Официальный язык, День города]
2026-09-29 10:45:50.913 I/FactoidAnswerer: Factoid: 'Тольятти' card has no matching field — next candidate
2026-09-29 10:45:50.941 I/FactoidAnswerer: Factoid: 'Автомобильная промышленность' has no infobox — next candidate
2026-09-29 10:45:50.941 I/FactoidAnswerer: Factoid: no candidate carried the field — falling back to RAG
2026-09-29 10:45:50.942 I/ChatVM: [PHASE] factoid=miss ms=633
2026-09-29 10:45:50.943 I/RagPromptBuilder: Query: 'какой автозавод расположен в Тольятти' -> ZIM keywords: 'автозавод расположен тольятти'
2026-09-29 10:45:51.081 I/GraphWalker: walk: 0 wikilinks in 'Заслуженный_врач_Российской_Федерации' (depth=3)
2026-09-29 10:45:51.095 I/GraphWalker: walk seed=Тольятти props=[P6, P1365, P1366, P39, P166, P26, P40, P22, P25, P3373, P50, P175, P800, P184, P802, P57, P58, P162, P36, P159, P127, P112] → 5 nodes
2026-09-29 10:45:51.096 I/RagPromptBuilder: Walker probes (entity='Тольятти', props=22): Тольятти, Илья Геннадьевич Сухих, Николай Ренц, Заслуженный врач Российской Федерации, Сергей Анташев, Сергей Андреев
2026-09-29 10:45:51.105 I/EntityTitleProbe: Title probes (10 lookups): Тольятти(1080), Автомобильная промышленность(1020)
2026-09-29 10:45:51.120 I/ZimSearcher: search('автозавод расположен тольятти') estimated=40
2026-09-29 10:45:52.247 I/ZimSearcher: search('расположен') estimated=249807
2026-09-29 10:45:52.737 I/RagPromptBuilder: Entity merge 'расположен': +20 candidates
2026-09-29 10:45:52.743 I/RagPromptBuilder: RAG: 'какой автозавод расположен в Тольятти' candidates=46
2026-09-29 10:45:52.744 I/RagPromptBuilder: Top hits: Тольятти(s=1080)[Тольятти] | Автомобильная промышленность(s=1020)[Автомобильная_промышленность] | Илья Геннадьевич Сухих(s=899)[Сухих,_Илья_Геннадьевич] | Николай Ренц(s=898)[Ренц,_Николай_Альфредович] | Сергей Анташев(s=897)[Анташев,_Сергей_Александрович]
2026-09-29 10:45:53.127 I/RagPromptBuilder: [PHASE] search=1802ms read=382ms docs=4 ctx=5094
2026-09-29 10:45:53.128 I/RagPromptBuilder: RAG prompt preview (listIntent=false): Тебе даны выдержки из Википедии. Отвечай на их основе. Ответь коротко и по существу: 1–3 предложения, только то, о чём спрашивают. Не пересказывай выдержки, не добавляй посторонние факты и не нумеруй пункты, если вопрос не про перечень. Если вопрос требует сравнения двух и более вещей — до 5 предложений. Если в выдержках совсем нет нужной информации — скажи «не знаю по приведённым выдержкам». Отвечай на русском языке.  === ВЫДЕРЖКИ ИЗ ВИКИ === === Тольятти === Карточка: Глава/мэр: Илья Геннадьев
2026-09-29 10:45:53.128 I/ChatVM: RAG ctx: 4 articles from 46 candidates
2026-09-29 10:45:53.129 I/ChatVM: Generating: 7 msgs, maxTokens=1600, temp=0.7, noThink=true
2026-09-29 10:47:01.417 I/ChatVM: Reply (294 chars, 75 tok, 71108ms, prefill 2415tok/22432ms=108t/s, decode 1,6t/s): В Тольятти расположен Волжский автомобильный завод (ВАЗ), который является крупнейшим автомобилестроительным предприятием в России. Завод известен массовым выпуском легковых автомобилей марок «Жигули»
2026-09-29 10:47:01.419 I/ChatVM: [TURN] end path=rag total=71108ms factoid=633ms ptok=2415 gtok=75 prefill=22432ms decode=45820ms chars=294
2026-09-29 10:47:01.883 I/BenchmarkBridge: Benchmark question via intent: назови планеты Солнечной системы
2026-09-29 10:47:01.885 I/ChatVM: [TURN] begin q=назови планеты Солнечной системы
2026-09-29 10:47:01.886 I/ChatVM: [PHASE] factoid=miss ms=0
2026-09-29 10:47:01.889 I/RagPromptBuilder: Query: 'назови планеты Солнечной системы' -> ZIM keywords: 'планеты солнечной системы'
2026-09-29 10:47:01.988 I/GraphWalker: walk: 0 wikilinks in 'Вспышка_солнечной_активности' (depth=0)
2026-09-29 10:47:01.989 I/GraphWalker: walk seed=Вспышка_солнечной_активности props=[P6, P1365, P1366, P39, P166, P26, P40, P22, P25, P3373, P50, P175, P800, P184, P802, P57, P58, P162, P36, P159, P127, P112] → 0 nodes
2026-09-29 10:47:01.995 I/RagPromptBuilder: Walker probes (entity='Солнечной', props=22): Вспышка солнечной активности
2026-09-29 10:47:02.037 I/EntityTitleProbe: Title probes (29 lookups): Планеты Солнечной системы(1120), Солнечная система(1100), Солнечная(1080), Планета(1020), Система(1020)
2026-09-29 10:47:02.040 I/EntityTitleProbe: Redundant probes: Солнечная, Планета, Система
2026-09-29 10:47:02.123 I/ZimSearcher: search('планеты солнечной системы') estimated=7000
2026-09-29 10:47:02.646 I/ZimSearcher: search('солнечной') estimated=12659
2026-09-29 10:47:03.217 I/RagPromptBuilder: Entity merge 'солнечной': +13 candidates
2026-09-29 10:47:03.220 I/RagPromptBuilder: RAG: 'назови планеты Солнечной системы' candidates=35
2026-09-29 10:47:03.221 I/RagPromptBuilder: Top hits: Планеты Солнечной системы(s=1120)[Планеты_Солнечной_системы] | Солнечная система(s=1100)[Солнечная_система] | Вспышка солнечной активности(s=900)[Вспышка_солнечной_активности] | Планеты-гиганты(s=97)[Планеты-гиганты] | Планеты (сериал)(s=95)[Планеты_(сериал)]
2026-09-29 10:47:03.485 I/RagPromptBuilder: [PHASE] search=1333ms read=263ms docs=4 ctx=3312
2026-09-29 10:47:03.486 I/RagPromptBuilder: RAG prompt preview (listIntent=false): Тебе даны выдержки из Википедии. Отвечай на их основе. Ответь коротко и по существу: 1–3 предложения, только то, о чём спрашивают. Не пересказывай выдержки, не добавляй посторонние факты и не нумеруй пункты, если вопрос не про перечень. Если вопрос требует сравнения двух и более вещей — до 5 предложений. Если в выдержках совсем нет нужной информации — скажи «не знаю по приведённым выдержкам». Отвечай на русском языке.  === ВЫДЕРЖКИ ИЗ ВИКИ === === Планеты Солнечной системы === Планеты Солнечной 
2026-09-29 10:47:03.486 I/ChatVM: RAG ctx: 4 articles from 35 candidates
2026-09-29 10:47:03.486 I/ChatVM: Generating: 7 msgs, maxTokens=1600, temp=0.7, noThink=true
2026-09-29 10:47:52.482 I/ChatVM: Reply (170 chars, 57 tok, 50597ms, prefill 1554tok/14390ms=108t/s, decode 1,6t/s): В Солнечной системе есть восемь планет: Меркурий, Венера, Земля и Марс входят в группу каменных планет, а Юпитер, Сатурн, Уран и Нептун составляют группу планет-гигантов.
2026-09-29 10:47:52.483 I/ChatVM: [TURN] end path=rag total=50597ms factoid=0ms ptok=1554 gtok=57 prefill=14390ms decode=34571ms chars=170
2026-09-29 10:47:53.034 I/BenchmarkBridge: Benchmark question via intent: кто был предшественником нынешнего мэра Тольятти
2026-09-29 10:47:53.037 I/ChatVM: [TURN] begin q=кто был предшественником нынешнего мэра Тольятти
2026-09-29 10:47:53.039 I/FactoidAnswerer: Factoid candidate: label='(by card label)' entity='Тольятти'
2026-09-29 10:47:53.103 I/EntityTitleProbe: Title probes (16 lookups): Тольятти(1080)
2026-09-29 10:47:53.174 I/ZimSearcher: suggestTitles('Тольятти'): Тольятти, Тольятти 24, Тольятти (История), Тольятти (аэродром), Тольятти (значения), Тольятти (станция), Тольятти П., Тольятти сегодня, Тольятти, Эудженио, Тольятти (речной порт), Тольятти (футбольный клуб), Тольятти (особая экономическая зона), Тольятти (территория опережающего развития), Академия Тольятти, Вузы Тольятти, Герб Тольятти, Гимн Тольятти, Градоначальники Тольятти, Дума Тольятти, Лада (Тольятти), Лада-Тольятти, Медгородок Тольятти, Набережная Тольятти, Памятники Тольятти, Поверхность Тольятти, Портпосёлок (Тольятти), Районы Тольятти, СИБУР Тольятти, Спорт Тольятти, Троллейбус Тольятти, Улицы Тольятти, Флаг Тольятти
2026-09-29 10:47:53.178 I/FactoidAnswerer: Factoid candidates: Тольятти
2026-09-29 10:47:53.262 I/FactoidAnswerer: Factoid: no label covers [предше, мэра] in [Глава/мэр, Население, Площадь, Основан, Страна, Часовой пояс, Субъект Федерации, Городской округ, Внутреннее деление, Глава городского округа, Прежние названия, Город с, Высота центра, Тип климата, Плотность, Агломерация, Население агломерации, Национальности, Конфессии, Название жителей, Официальный язык, День города]
2026-09-29 10:47:53.263 I/FactoidAnswerer: Factoid: 'Тольятти' card has no matching field — next candidate
2026-09-29 10:47:53.263 I/FactoidAnswerer: Factoid: no candidate carried the field — falling back to RAG
2026-09-29 10:47:53.263 I/ChatVM: [PHASE] factoid=miss ms=226
2026-09-29 10:47:53.264 I/RagPromptBuilder: Query: 'кто был предшественником нынешнего мэра Тольятти' -> ZIM keywords: 'предшественником нынешнего мэра тольятти'
2026-09-29 10:47:53.372 I/GraphWalker: walk seed=Тольятти props=[P6, P1365, P1366] → 4 nodes
2026-09-29 10:47:53.372 I/RagPromptBuilder: Walker probes (entity='Тольятти', props=3): Тольятти, Илья Геннадьевич Сухих, Николай Ренц, Сергей Анташев, Сергей Андреев
2026-09-29 10:47:53.384 I/EntityTitleProbe: Title probes (16 lookups): Тольятти(1080)
2026-09-29 10:47:53.401 I/ZimSearcher: search('предшественником нынешнего мэра тольятти') estimated=5
2026-09-29 10:47:54.172 I/ZimSearcher: search('предшественником') estimated=92922
2026-09-29 10:47:54.664 I/RagPromptBuilder: Entity merge 'предшественником': +20 candidates
2026-09-29 10:47:54.667 I/RagPromptBuilder: RAG: 'кто был предшественником нынешнего мэра Тольятти' candidates=30
2026-09-29 10:47:54.667 I/RagPromptBuilder: Top hits: Тольятти(s=1080)[Тольятти] | Илья Геннадьевич Сухих(s=899)[Сухих,_Илья_Геннадьевич] | Николай Ренц(s=898)[Ренц,_Николай_Альфредович] | Сергей Анташев(s=897)[Анташев,_Сергей_Александрович] | Сергей Андреев(s=896)[Андреев,_Сергей_Игоревич]
2026-09-29 10:47:55.009 I/RagPromptBuilder: [PHASE] search=1404ms read=341ms docs=3 ctx=4713
2026-09-29 10:47:55.010 I/RagPromptBuilder: RAG prompt preview (listIntent=false): Тебе даны выдержки из Википедии. Отвечай на их основе. Ответь коротко и по существу: 1–3 предложения, только то, о чём спрашивают. Не пересказывай выдержки, не добавляй посторонние факты и не нумеруй пункты, если вопрос не про перечень. Если вопрос требует сравнения двух и более вещей — до 5 предложений. Если в выдержках совсем нет нужной информации — скажи «не знаю по приведённым выдержкам». Отвечай на русском языке.  === ВЫДЕРЖКИ ИЗ ВИКИ === === Тольятти === Карточка: Глава/мэр: Илья Геннадьев
2026-09-29 10:47:55.011 I/ChatVM: RAG ctx: 3 articles from 30 candidates
2026-09-29 10:47:55.011 I/ChatVM: Generating: 7 msgs, maxTokens=1600, temp=0.7, noThink=true
2026-09-29 10:49:19.031 I/ChatVM: Reply (344 chars, 105 tok, 85994ms, prefill 2262tok/21110ms=107t/s, decode 1,7t/s): Предшественником нынешнего мэра Тольятти Ильи Сухих стал Николай Ренц, который занимал эту должность с 2021 по 2024 год. Он был главным врачом клинической больницы №5 (Медгородок) до назначения на пос
2026-09-29 10:49:19.032 I/ChatVM: [TURN] end path=rag total=85994ms factoid=226ms ptok=2262 gtok=105 prefill=21110ms decode=62884ms chars=344
2026-09-29 10:49:19.866 I/BenchmarkBridge: Benchmark question via intent: сравни население Москвы и Санкт-Петербурга
2026-09-29 10:49:19.868 I/ChatVM: [TURN] begin q=сравни население Москвы и Санкт-Петербурга
2026-09-29 10:49:19.869 I/ChatVM: [PHASE] factoid=miss ms=0
2026-09-29 10:49:19.871 I/RagPromptBuilder: Query: 'сравни население Москвы и Санкт-Петербурга' -> ZIM keywords: 'сравни население москвы санкт петербурга'
2026-09-29 10:49:22.278 I/GraphWalker: walk: 0 wikilinks in 'Генплан_Петербурга' (depth=0)
2026-09-29 10:49:22.279 I/GraphWalker: walk seed=Генплан_Петербурга props=[P6, P1365, P1366, P39, P166, P26, P40, P22, P25, P3373, P50, P175, P800, P184, P802, P57, P58, P162, P36, P159, P127, P112] → 0 nodes
2026-09-29 10:49:22.279 I/RagPromptBuilder: Walker probes (entity='Петербурга', props=22): Генплан Петербурга
2026-09-29 10:49:22.333 I/EntityTitleProbe: Title probes (23 lookups): Москва(1080), Санкт-Петербург(1070), Население Москвы(900)
2026-09-29 10:49:22.386 I/ZimSearcher: search('сравни население москвы санкт петербурга') estimated=300
2026-09-29 10:49:23.051 I/ZimSearcher: search('петербурга') estimated=115995
2026-09-29 10:49:23.628 I/RagPromptBuilder: Entity merge 'петербурга': +18 candidates
2026-09-29 10:49:23.632 I/RagPromptBuilder: RAG: 'сравни население Москвы и Санкт-Петербурга' candidates=42
2026-09-29 10:49:23.633 I/RagPromptBuilder: Top hits: Москва(s=1080)[Москва] | Санкт-Петербург(s=1070)[Санкт-Петербург] | Генплан Петербурга(s=900)[Генплан_Петербурга] | Население Москвы(s=900)[Население_Москвы] | Санкт-Петербург (телерадиокомпания)(s=99)[Санкт-Петербург_(телерадиокомпания)]
2026-09-29 10:49:24.355 I/RagPromptBuilder: [PHASE] search=3763ms read=721ms docs=3 ctx=4342
2026-09-29 10:49:24.356 I/RagPromptBuilder: RAG prompt preview (listIntent=false): Тебе даны выдержки из Википедии. Отвечай на их основе. Ответь коротко и по существу: 1–3 предложения, только то, о чём спрашивают. Не пересказывай выдержки, не добавляй посторонние факты и не нумеруй пункты, если вопрос не про перечень. Если вопрос требует сравнения двух и более вещей — до 5 предложений. Если в выдержках совсем нет нужной информации — скажи «не знаю по приведённым выдержкам». Отвечай на русском языке.  === ВЫДЕРЖКИ ИЗ ВИКИ === === Москва === Карточка: Глава/мэр: Сергей Собянин Н
2026-09-29 10:49:24.356 I/ChatVM: RAG ctx: 3 articles from 42 candidates
2026-09-29 10:49:24.356 I/ChatVM: Generating: 7 msgs, maxTokens=1600, temp=0.7, noThink=true
2026-09-29 10:50:44.349 I/ChatVM: Reply (378 chars, 98 tok, 84480ms, prefill 1912tok/17526ms=109t/s, decode 1,6t/s): Население Москвы составляет 13 274 285 человек, тогда как в Санкт-Петербурге проживает 5 652 922 человека. Таким образом, Москва более чем вдвое превышает численность жителей по сравнению со вторым по
2026-09-29 10:50:44.351 I/ChatVM: [TURN] end path=rag total=84480ms factoid=0ms ptok=1912 gtok=98 prefill=17526ms decode=62433ms chars=378
2026-09-29 10:50:44.706 I/BenchmarkBridge: Benchmark question via intent: почему Байкал самое глубокое озеро
2026-09-29 10:50:44.708 I/ChatVM: [TURN] begin q=почему Байкал самое глубокое озеро
2026-09-29 10:50:44.709 I/ChatVM: [PHASE] factoid=miss ms=0
2026-09-29 10:50:44.711 I/RagPromptBuilder: Query: 'почему Байкал самое глубокое озеро' -> ZIM keywords: 'байкал самое глубокое озеро'
2026-09-29 10:50:44.793 I/GraphWalker: walk: 0 wikilinks in 'Байкал' (depth=0)
2026-09-29 10:50:44.793 I/GraphWalker: walk seed=Байкал props=[P6, P1365, P1366, P39, P166, P26, P40, P22, P25, P3373, P50, P175, P800, P184, P802, P57, P58, P162, P36, P159, P127, P112] → 0 nodes
2026-09-29 10:50:44.794 I/RagPromptBuilder: Walker probes (entity='Байкал', props=22): Байкал
2026-09-29 10:50:44.832 I/EntityTitleProbe: Title probes (12 lookups): Байкал(1080), Глубокое озеро(1050), Глубокое(1030), Озеро(1030)
2026-09-29 10:50:44.834 I/EntityTitleProbe: Redundant probes: Глубокое, Озеро
2026-09-29 10:50:44.861 I/ZimSearcher: search('байкал самое глубокое озеро') estimated=200
2026-09-29 10:50:45.440 I/ZimSearcher: search('глубокое') estimated=52854
2026-09-29 10:50:45.997 I/RagPromptBuilder: Entity merge 'глубокое': +19 candidates
2026-09-29 10:50:46.000 I/RagPromptBuilder: RAG: 'почему Байкал самое глубокое озеро' candidates=39
2026-09-29 10:50:46.001 I/RagPromptBuilder: Top hits: Байкал(s=1080)[Байкал] | Глубокое озеро(s=1050)[Глубокое_озеро] | Глубокое(s=100)[Глубокое] | Глубокое (город)(s=99)[Глубокое_(город)] | Глубокое обучение(s=98)[Глубокое_обучение]
2026-09-29 10:50:46.253 I/RagPromptBuilder: [PHASE] search=1290ms read=250ms docs=4 ctx=4884
2026-09-29 10:50:46.254 I/RagPromptBuilder: RAG prompt preview (listIntent=false): Тебе даны выдержки из Википедии. Отвечай на их основе. Ответь коротко и по существу: 1–3 предложения, только то, о чём спрашивают. Не пересказывай выдержки, не добавляй посторонние факты и не нумеруй пункты, если вопрос не про перечень. Если вопрос требует сравнения двух и более вещей — до 5 предложений. Если в выдержках совсем нет нужной информации — скажи «не знаю по приведённым выдержкам». Отвечай на русском языке.  === ВЫДЕРЖКИ ИЗ ВИКИ === === Байкал === Карточка: Страна: Россия Абсолютная в
2026-09-29 10:50:46.254 I/ChatVM: RAG ctx: 4 articles from 39 candidates
2026-09-29 10:50:46.254 I/ChatVM: Generating: 7 msgs, maxTokens=1600, temp=0.7, noThink=true
2026-09-29 10:52:20.318 I/ChatVM: Reply (426 chars, 119 tok, 95609ms, prefill 2324tok/22118ms=105t/s, decode 1,7t/s): Байкал признан самым глубоким озером на Земле из-за своей экстремальной максимальной глубины, которая составляет 1642 метра. Это делает его не только самым глубоководным пресноводным водоемом в Еврази
2026-09-29 10:52:20.320 I/ChatVM: [TURN] end path=rag total=95609ms factoid=0ms ptok=2324 gtok=119 prefill=22118ms decode=71915ms chars=426
2026-09-29 10:52:20.746 I/BenchmarkBridge: Benchmark question via intent: как связаны Менделеев и периодическая таблица
2026-09-29 10:52:20.748 I/ChatVM: [TURN] begin q=как связаны Менделеев и периодическая таблица
2026-09-29 10:52:20.749 I/ChatVM: [PHASE] factoid=miss ms=1
2026-09-29 10:52:20.750 I/RagPromptBuilder: Query: 'как связаны Менделеев и периодическая таблица' -> ZIM keywords: 'связаны менделеев периодическая таблица'
2026-09-29 10:52:20.842 I/GraphWalker: walk seed=Менделеев,_Дмитрий_Иванович props=[P6, P1365, P1366, P39, P166, P26, P40, P22, P25, P3373, P50, P175, P800, P184, P802, P57, P58, P162, P36, P159, P127, P112] → 6 nodes
2026-09-29 10:52:20.843 I/RagPromptBuilder: Walker probes (entity='Менделеев', props=22): Менделеев, Дмитрий Иванович, Орден Святого Владимира, Кавалер ордена Святого Александра Невского, Орден Белого орла (Российская империя), Орден Святой Анны I степени, Орден Святого Станислава (Российская империя), Орден Святой Анны II степени
2026-09-29 10:52:20.899 I/EntityTitleProbe: Title probes (22 lookups): Менделеев, Дмитрий Иванович(1070), Периодическая система химических элементов(1040), Таблица(1030), Таблиц, Богуслав(1020)
2026-09-29 10:52:20.922 I/ZimSearcher: search('связаны менделеев периодическая таблица') estimated=60
2026-09-29 10:52:21.644 I/ZimSearcher: search('периодическая') estimated=24960
2026-09-29 10:52:22.254 I/RagPromptBuilder: Entity merge 'периодическая': +18 candidates
2026-09-29 10:52:22.258 I/RagPromptBuilder: RAG: 'как связаны Менделеев и периодическая таблица' candidates=46
2026-09-29 10:52:22.258 I/RagPromptBuilder: Top hits: Менделеев, Дмитрий Иванович(s=1070)[Менделеев,_Дмитрий_Иванович] | Периодическая система химических элементов(s=1040)[Периодическая_система_химических_элементов] | Таблица(s=1030)[Таблица] | Таблиц, Богуслав(s=1020)[Таблиц,_Богуслав] | Орден Святого Владимира(s=899)[Орден_Святого_Владимира]
2026-09-29 10:52:22.638 I/RagPromptBuilder: [PHASE] search=1509ms read=378ms docs=4 ctx=5006
2026-09-29 10:52:22.638 I/RagPromptBuilder: RAG prompt preview (listIntent=false): Тебе даны выдержки из Википедии. Отвечай на их основе. Ответь коротко и по существу: 1–3 предложения, только то, о чём спрашивают. Не пересказывай выдержки, не добавляй посторонние факты и не нумеруй пункты, если вопрос не про перечень. Если вопрос требует сравнения двух и более вещей — до 5 предложений. Если в выдержках совсем нет нужной информации — скажи «не знаю по приведённым выдержкам». Отвечай на русском языке.  === ВЫДЕРЖКИ ИЗ ВИКИ === === Менделеев, Дмитрий Иванович === Карточка: Дата р
2026-09-29 10:52:22.639 I/ChatVM: RAG ctx: 4 articles from 46 candidates
2026-09-29 10:52:22.639 I/ChatVM: Generating: 7 msgs, maxTokens=1600, temp=0.7, noThink=true
2026-09-29 10:53:42.934 I/ChatVM: Reply (445 chars, 97 tok, 82186ms, prefill 2203tok/20931ms=105t/s, decode 1,6t/s): Дмитрий Менделеев представил первую периодическую систему химических элементов в 1869 году, используя её для классификации и предсказания свойств веществ. Эта таблица стала фундаментальным инструменто
2026-09-29 10:53:42.935 I/ChatVM: [TURN] end path=rag total=82186ms factoid=1ms ptok=2203 gtok=97 prefill=20931ms decode=59337ms chars=445
