Египта | Транспорт в Японии | Список стран, где столица не является крупнейшим городом | Фестиваль Столица закатов (Нижний Новгород) | Нагаокакё (столица)
2026-09-08 03:06:19.635 I/BenchmarkBridge: [PROBE] done
2026-09-08 03:06:20.216 I/BenchmarkBridge: [PROBE] q=какая валюта в Бразилии
2026-09-08 03:06:20.217 I/FactoidAnswerer: Factoid candidate: label='Валюта' entity='Бразилии'
2026-09-08 03:06:20.451 I/EntityTitleProbe: Title probes (5 lookups): Бразилия(1080)
2026-09-08 03:06:20.580 I/ZimSearcher: suggestTitles('Бразилии'): Авеню Бразилии, Амфибии Бразилии, Армия Бразилии, Банк Бразилии, ВВП Бразилии, ВВС Бразилии, ВМС Бразилии, ВС Бразилии, Валюта Бразилии, География Бразилии, Геология Бразилии, Герб Бразилии, Гимн Бразилии, Города Бразилии, Горы Бразилии, Живопись Бразилии, Индейцы Бразилии, История Бразилии, КП Бразилии, Капитанства Бразилии, Кинематограф Бразилии, Конгресс Бразилии, Конституция Бразилии, Культура Бразилии, Литература Бразилии, Маршал Бразилии, Млекопитающие Бразилии, Музыка Бразилии, Мученики Бразилии, Название Бразилии, Население Бразилии, Политика Бразилии
2026-09-08 03:06:20.581 I/FactoidAnswerer: Factoid candidates: Бразилия
2026-09-08 03:06:20.622 I/FactoidAnswerer: Factoid HIT: Валюта = 'бразильский реал (код BRL, 986)' (Бразилия)
2026-09-08 03:06:20.622 I/BenchmarkBridge: [PROBE] fast=hit ms=405 article=Бразилия field=Валюта value=бразильский реал (код BRL, 986)
2026-09-08 03:06:20.622 I/RagPromptBuilder: Query: 'какая валюта в Бразилии' -> ZIM keywords: 'валюта бразилии'
2026-09-08 03:06:20.761 I/GraphWalker: walk seed=Авеню_Бразилии props=[P6, P1365, P1366, P39, P166, P26, P40, P22, P25, P3373, P50, P175, P800, P184, P802, P57, P58, P162, P36, P159, P127, P112] → 3 nodes
2026-09-08 03:06:20.762 I/RagPromptBuilder: Walker probes (entity='Бразилии', props=22): Авеню Бразилии, Спаси меня, Святой Георгий, Проспект Бразилии, Любовь к жизни
2026-09-08 03:06:20.764 I/EntityTitleProbe: Title probes (5 lookups): Бразилия(1080)
2026-09-08 03:06:20.783 I/ZimSearcher: search('валюта бразилии') estimated=2000
2026-09-08 03:06:21.093 I/ZimSearcher: search('бразилии') estimated=63140
2026-09-08 03:06:21.899 I/RagPromptBuilder: Entity merge 'бразилии': +19 candidates
2026-09-08 03:06:21.901 I/RagPromptBuilder: RAG: 'какая валюта в Бразилии' candidates=44
2026-09-08 03:06:21.901 I/RagPromptBuilder: Top hits: Бразилия(s=1080)[Бразилия] | Авеню Бразилии(s=900)[Авеню_Бразилии] | Спаси меня, Святой Георгий(s=899)[Спаси_меня,_Святой_Георгий] | Проспект Бразилии(s=898)[Проспект_Бразилии] | Любовь к жизни(s=898)[Любовь_к_жизни_(телесериал,_2013)]
2026-09-08 03:06:21.902 I/BenchmarkBridge: [PROBE] cand=44 ms=1280 titles=Бразилия | Авеню Бразилии | Спаси меня, Святой Георгий | Проспект Бразилии | Любовь к жизни | Чемпионат Бразилии по футболу 2018 (составы) | Экономика Бразилии | Список матчей сборной Бразилии по футболу (1960—1969) | Список матчей сборной Бразилии по футболу (1980—1989) | Список матчей сборной Бразилии по футболу (1970—1979) | Список матчей сборной Бразилии по футболу (1990—1999) | Список матчей сборной Бразилии по футболу (1940—1949) | Список матчей сборной Бразилии по футболу (2010—2019) | Список матчей сборной Бразилии по футболу (1930—1939) | Список матчей сборной Бразилии по футболу (с 2020 года) | Список матчей сборной Бразилии по футболу (1920—1929) | Список матчей сборной Бразилии по футболу (2000—2009) | Список главных тренеров сборной Бразилии по футболу | Соединённое королевство Португалии, Бразилии и Алгарве | Список матчей сборной Бразилии по футболу (1914—1919)
2026-09-08 03:06:21.902 I/BenchmarkBridge: [PROBE] done
2026-09-08 03:06:22.400 I/BenchmarkBridge: [PROBE] q=когда родился Дмитрий Менделеев
2026-09-08 03:06:22.401 I/FactoidAnswerer: Factoid candidate: label='Дата рождения' entity='Менделеев'
2026-09-08 03:06:22.422 I/EntityTitleProbe: Title probes (9 lookups): Менделеев, Дмитрий Иванович(1090) | redundant: Дмитрий
2026-09-08 03:06:22.490 I/ZimSearcher: suggestTitles('Менделеев'): Менделеев, Менделеев (вулкан), Менделеев (город), Менделеев (значения), Менделеев (кратер), Менделеев Владимир, Менделеев Василий Дмитриевич, Менделеев Иван Павлович, Менделеев Иридий Михайлович, Менделеев Павел Павлович, (2769) Менделеев, Дмитрий Менделеев (судно), Алексей (Алесь) Семёнович Менделеев, Менделеевий, Менделеевит, Менделеевка, Менделеево, Менделеевск, Менделеевская, Менделеевский, Менделеевы, Л. Менделеева, Менделеева таблица, Менделеево (Абхазия), Менделеево (Крым), Менделеево (Кунашир), Менделеево (аэропорт), Менделеевская (платформа), Менделеевская ГеоТЭС, Менделеевская линия, Менделеевская олимпиада, Менделеевская улица
2026-09-08 03:06:22.493 I/FactoidAnswerer: Factoid candidates: Менделеев, Менделеев, Дмитрий Иванович, Менделеев, Дмитрий
2026-09-08 03:06:22.542 I/FactoidAnswerer: Factoid HIT: Дата рождения = '27 января (8 февраля) 1834 […]' (Менделеев)
2026-09-08 03:06:22.542 I/BenchmarkBridge: [PROBE] fast=hit ms=141 article=Менделеев field=Дата рождения value=27 января (8 февраля) 1834 […]
2026-09-08 03:06:22.542 I/RagPromptBuilder: Query: 'когда родился Дмитрий Менделеев' -> ZIM keywords: 'родился дмитрий менделеев'
2026-09-08 03:06:22.576 I/GraphWalker: walk seed=Менделеев,_Дмитрий_Иванович props=[P6, P1365, P1366, P39, P166, P26, P40, P22, P25, P3373, P50, P175, P800, P184, P802, P57, P58, P162, P36, P159, P127, P112] → 6 nodes
2026-09-08 03:06:22.576 I/RagPromptBuilder: Walker probes (entity='Менделеев', props=22): Менделеев, Дмитрий Иванович, Орден Святого Владимира, Кавалер ордена Святого Александра Невского, Орден Белого орла (Российская империя), Орден Святой Анны I степени, Орден Святого Станислава (Российская империя), Орден Святой Анны II степени
2026-09-08 03:06:22.579 I/EntityTitleProbe: Title probes (9 lookups): Менделеев, Дмитрий Иванович(1090) | redundant: Дмитрий
2026-09-08 03:06:22.595 I/ZimSearcher: search('родился дмитрий менделеев') estimated=300
2026-09-08 03:06:22.830 I/ZimSearcher: search('менделеев') estimated=965
2026-09-08 03:06:23.083 I/RagPromptBuilder: Entity merge 'менделеев': +12 candidates
2026-09-08 03:06:23.085 I/RagPromptBuilder: RAG: 'когда родился Дмитрий Менделеев' candidates=38
2026-09-08 03:06:23.086 I/RagPromptBuilder: Top hits: Менделеев, Дмитрий Иванович(s=1090)[Менделеев,_Дмитрий_Иванович] | Орден Святого Владимира(s=899)[Орден_Святого_Владимира] | Орден Белого орла (Российская империя)(s=899)[Орден_Белого_орла_(Российская_империя)] | Орден Святой Анны I степени(s=899)[Орден_Святой_Анны_I_степени] | Орден Святой Анны II степени(s=899)[Орден_Святой_Анны_II_степени]
2026-09-08 03:06:23.086 I/BenchmarkBridge: [PROBE] cand=38 ms=544 titles=Менделеев, Дмитрий Иванович | Орден Святого Владимира | Орден Белого орла (Российская империя) | Орден Святой Анны I степени | Орден Святой Анны II степени | Кавалер ордена Святого Александра Невского | Орден Святого Станислава (Российская империя) | Дмитрий Менделеев (судно) | Менделеев, Иридий Михайлович | Менделеев (лунный кратер) | Менделеев, Иван Павлович | Менделеев, Владимир Дмитриевич | Менделеев, Павел Павлович | Менделеев (значения) | Менделеева, Анна Ивановна | Менделеев, Василий Дмитриевич | Менделеевы | Алексей (Алесь) Семёнович Менделеев | (2769) Менделеев | Уральская экспедиция Д. И. Менделеева
2026-09-08 03:06:23.086 I/BenchmarkBridge: [PROBE] done
2026-09-08 03:06:23.564 I/BenchmarkBridge: [PROBE] q=когда умер Лев Толстой
2026-09-08 03:06:23.565 I/FactoidAnswerer: Factoid candidate: label='Дата смерти' entity='Толстой'
2026-09-08 03:06:23.588 I/EntityTitleProbe: Title probes (9 lookups): Толстой, Лев Николаевич(1090) | redundant: Толстой, Толстая
2026-09-08 03:06:23.764 I/ZimSearcher: suggestTitles('Толстой'): Толстой, Толстой (Канада), Толстой (Украина), Толстой (кратер), Толстой (мыс), Толстой (фестиваль), Толстой Алексей, Толстой Д., Толстой Л., Толстой Михаил, Толстой Никита, Толстой Николай, Толстой П., Толстой, Акинфий, Толстой, Александр, Толстой, Андрей, Толстой, Василий, Толстой, Виктория, Толстой, Владимир, Толстой, Егор, Толстой, Иван, Толстой, Илья, Толстой, Никита, Толстой, Сергей, Толстой, Федор, Толстой, Фёдор, Толстой-Американец, Толстой-Милославский, Толстой-Юрт, Толстой. Воскресенье, Толстой А. К., Толстой А.Н.
2026-09-08 03:06:23.767 I/FactoidAnswerer: Factoid candidates: Толстой, Толстой, Лев Николаевич
2026-09-08 03:06:23.781 I/FactoidAnswerer: Factoid: 'Толстой' has no infobox — next candidate
2026-09-08 03:06:23.840 I/FactoidAnswerer: Factoid HIT: Дата смерти = '7 (20) ноября 1910(1910-11-20)' (Толстой, Лев Николаевич)
2026-09-08 03:06:23.840 I/BenchmarkBridge: [PROBE] fast=hit ms=277 article=Толстой, Лев Николаевич field=Дата смерти value=7 (20) ноября 1910(1910-11-20)
2026-09-08 03:06:23.841 I/RagPromptBuilder: Query: 'когда умер Лев Толстой' -> ZIM keywords: 'умер лев толстой'
2026-09-08 03:06:23.846 I/GraphWalker: walk: 0 wikilinks in 'Толстой' (depth=0)
2026-09-08 03:06:23.846 I/GraphWalker: walk seed=Толстой props=[P6, P1365, P1366, P39, P166, P26, P40, P22, P25, P3373, P50, P175, P800, P184, P802, P57, P58, P162, P36, P159, P127, P112] → 0 nodes
2026-09-08 03:06:23.846 I/RagPromptBuilder: Walker probes (entity='Толстой', props=22): Толстой
2026-09-08 03:06:23.849 I/EntityTitleProbe: Title probes (9 lookups): Толстой, Лев Николаевич(1090) | redundant: Толстой, Толстая
2026-09-08 03:06:23.869 I/ZimSearcher: search('умер лев толстой') estimated=900
2026-09-08 03:06:24.212 I/ZimSearcher: search('толстой') estimated=9261
2026-09-08 03:06:24.676 I/RagPromptBuilder: Entity merge 'толстой': +16 candidates
2026-09-08 03:06:24.679 I/RagPromptBuilder: RAG: 'когда умер Лев Толстой' candidates=37
2026-09-08 03:06:24.679 I/RagPromptBuilder: Top hits: Толстой, Лев Николаевич(s=1090)[Толстой,_Лев_Николаевич] | Толстой(s=900)[Толстой] | Лев Толстой (станция)(s=100)[Лев_Толстой_(станция)] | Лев Толстой в Чечне(s=99)[Лев_Толстой_в_Чечне] | Толстой-Юрт(s=98)[Толстой-Юрт]
2026-09-08 03:06:24.679 I/BenchmarkBridge: [PROBE] cand=37 ms=838 titles=Толстой, Лев Николаевич | Толстой | Лев Толстой (станция) | Лев Толстой в Чечне | Толстой-Юрт | Толстой, Фёдор Иванович | Толстой, Алексей Константинович | Толстой, Михаил Львович | Толстой, Дмитрий Андреевич | Толстой, Пётр Олегович | Толстой, Алексей Николаевич | Толстой, Николай Александрович (1849) | Толстой, Михаил Павлович | Толстой, Пётр Александрович | Толстой, Николай Николаевич | Толстой, Фёдор Петрович | Толстой, Иван Петрович | Толстой, Иван Иванович (государственный деятель) | Толстой-Милославский, Николай Дмитриевич | Лев Толстой (Липецкая область)
2026-09-08 03:06:24.679 I/BenchmarkBridge: [PROBE] done
2026-09-08 03:06:25.239 I/BenchmarkBridge: [PROBE] q=где родился Юрий Гагарин
2026-09-08 03:06:25.240 I/FactoidAnswerer: Factoid candidate: label='Место рождения' entity='Гагарин'
2026-09-08 03:06:25.259 I/EntityTitleProbe: Title probes (7 lookups): Гагарин, Юрий Алексеевич(1090), Юрий(1080)
2026-09-08 03:06:25.435 I/ZimSearcher: suggestTitles('Гагарин'): Гагарин, Гагарин (Узбекистан), Гагарин (астероид), Гагарин (аэропорт), Гагарин (город), Гагарин (кратер), Гагарин (мультфильм), Гагарин (село), Гагарин (станция), Гагарин (фамилия), Гагарин (фильм), Гагарин Андрей, Гагарин Василий, Гагарин Григорий, Гагарин Павел, Гагарин, Александр, Гагарин, Алексей, Гагарин, Анатолий, Гагарин, Владимир, Гагарин, Евгений, Гагарин, Иван, Гагарин, Константин, Гагарин, Максим, Гагарин, Матвей, Гагарин, Николай, Гагарин, Павел, Гагарин, Петр, Гагарин, Семён, Гагарин, Сергей, Гагарин, Федор, Гагарин (Вологодская область), Гагарин (Джизакская область)
2026-09-08 03:06:25.439 I/FactoidAnswerer: Factoid candidates: Гагарин, Гагарин, Юрий Алексеевич, Юрий
2026-09-08 03:06:25.484 I/FactoidAnswerer: Factoid HIT: Место рождения = 'деревня Клушино, Гжатский район, Западная область, РСФСР, СССР' (Гагарин)
2026-09-08 03:06:25.484 I/BenchmarkBridge: [PROBE] fast=hit ms=245 article=Гагарин field=Место рождения value=деревня Клушино, Гжатский район, Западная область, РСФСР, СССР
2026-09-08 03:06:25.485 I/RagPromptBuilder: Query: 'где родился Юрий Гагарин' -> ZIM keywords: 'родился юрий гагарин'
2026-09-08 03:06:25.514 I/GraphWalker: walk seed=Гагарин,_Юрий_Алексеевич props=[P6, P1365, P1366, P39, P166, P26, P40, P22, P25, P3373, P50, P175, P800, P184, P802, P57, P58, P162, P36, P159, P127, P112] → 6 nodes
2026-09-08 03:06:25.515 I/RagPromptBuilder: Walker probes (entity='Гагарин', props=22): Гагарин, Юрий Алексеевич, Герой Советского Союза, Орден Ленина, Юбилейная медаль «Двадцать лет Победы в Великой Отечественной войне 1941—1945 гг.», Медаль «За освоение целинных земель», Юбилейная медаль «40 лет Вооружённых Сил СССР», Юбилейная медаль «50 лет Вооружённых Сил СССР»
2026-09-08 03:06:25.517 I/EntityTitleProbe: Title probes (7 lookups): Гагарин, Юрий Алексеевич(1090), Юрий(1080)
2026-09-08 03:06:25.549 I/ZimSearcher: search('родился юрий гагарин') estimated=2000
2026-09-08 03:06:26.243 I/ZimSearcher: search('родился') estimated=796317
2026-09-08 03:06:26.659 I/RagPromptBuilder: Entity merge 'родился': +20 candidates
2026-09-08 03:06:26.662 I/RagPromptBuilder: RAG: 'где родился Юрий Гагарин' candidates=47
2026-09-08 03:06:26.662 I/RagPromptBuilder: Top hits: Гагарин, Юрий Алексеевич(s=1090)[Гагарин,_Юрий_Алексеевич] | Юрий(s=1080)[Юрий] | Орден Ленина(s=899)[Орден_Ленина] | Герой Советского Союза(s=899)[Герой_Советского_Союза] | Медаль «За освоение целинных земель»(s=899)[Медаль_«За_освоение_целинных_земель»]
2026-09-08 03:06:26.662 I/BenchmarkBridge: [PROBE] cand=47 ms=1177 titles=Гагарин, Юрий Алексеевич | Юрий | Орден Ленина | Герой Советского Союза | Медаль «За освоение целинных земель» | Юбилейная медаль «40 лет Вооружённых Сил СССР» | Юбилейная медаль «50 лет Вооружённых Сил СССР» | Юбилейная медаль «Двадцать лет Победы в Великой Отечественной войне 1941—1945 гг.» | Гагарина, Валентина Ивановна | Гагарина, Анна Тимофеевна | Гагарина, Галина Юрьевна | Гагарин (значения) | Гагарина, Елена Юрьевна | Юрий Гагарин в культуре и искусстве | Гагаринское поле | Гагарина | Гагаринленд | Гагарин (Смоленская область) | Памятник Юрию Гагарину (Вифлеем) | Памятник Юрию Гагарину (Рига)
2026-09-08 03:06:26.662 I/BenchmarkBridge: [PROBE] done
2026-09-08 03:06:26.910 I/BenchmarkBridge: [PROBE] q=кто автор романа Война и мир
2026-09-08 03:06:26.910 I/FactoidAnswerer: Factoid candidate: label='Автор' entity='Война'
2026-09-08 03:06:26.931 I/EntityTitleProbe: Title probes (14 lookups): Война и мир(1120) | redundant: Война
2026-09-08 03:06:27.680 I/ZimSearcher: suggestTitles('Война'): Война, Война 08.08.08, Война 1812, Война-41, Война для всех война, Война "Тойот", Война (альбом), Война (значения), Война (книга), Война (песня), Война (река), Война (роман), Война (село), Война (телесериал), Война (фильм), Война «Тромы», Война Анны, Война Басус, Война Босин, Война Вибо, Война Викторио, Война Воронёнка, Война Времени, Война Высших, Война Гнева, Война Гоботов, Война Госаннэн, Война Гэмпэй, Война Даммера, Война Данмора, Война Дзэнкунэн, Война Дзёкю
2026-09-08 03:06:27.682 I/FactoidAnswerer: Factoid candidates: Война, Война и мир, Война (роман)
2026-09-08 03:06:27.708 I/FactoidAnswerer: Factoid: 'Война' has no infobox — next candidate
2026-09-08 03:06:27.724 I/FactoidAnswerer: Factoid HIT: Автор = 'Лев Николаевич Толстой' (Война и мир)
2026-09-08 03:06:27.724 I/BenchmarkBridge: [PROBE] fast=hit ms=815 article=Война и мир field=Автор value=Лев Николаевич Толстой
2026-09-08 03:06:27.725 I/RagPromptBuilder: Query: 'кто автор романа Война и мир' -> ZIM keywords: 'автор романа война мир'
2026-09-08 03:06:27.737 I/GraphWalker: walk: 0 wikilinks in 'Война' (depth=0)
2026-09-08 03:06:27.737 I/GraphWalker: walk seed=Война props=[P50, P57, P58, P162, P175, P800, P1365, P1366] → 0 nodes
2026-09-08 03:06:27.737 I/RagPromptBuilder: Walker probes (entity='Война', props=8): Война
2026-09-08 03:06:27.741 I/EntityTitleProbe: Title probes (14 lookups): Война и мир(1120) | redundant: Война
2026-09-08 03:06:27.817 I/ZimSearcher: search('автор романа война мир') estimated=20000
2026-09-08 03:06:28.174 I/ZimSearcher: search('романа') estimated=98784
2026-09-08 03:06:28.577 I/RagPromptBuilder: Entity merge 'романа': +20 candidates
2026-09-08 03:06:28.580 I/RagPromptBuilder: RAG: 'кто автор романа Война и мир' candidates=41
2026-09-08 03:06:28.580 I/RagPromptBuilder: Top hits: Война и мир(s=1120)[Война_и_мир] | Война(s=900)[Война] | Освобождённый мир (роман)(s=100)[Освобождённый_мир_(роман)] | Библиография Романа Злотникова(s=99)[Библиография_Романа_Злотникова] | Список персонажей романа «Война и мир»(s=95)[Список_персонажей_романа_«Война_и_мир»]
2026-09-08 03:06:28.580 I/BenchmarkBridge: [PROBE] cand=41 ms=855 titles=Война и мир | Война | Освобождённый мир (роман) | Библиография Романа Злотникова | Список персонажей романа «Война и мир» | Роман (значения) | Романо | Роман | Рыцарский роман | Философский роман | Роман Мстиславич | Роман (имя) | Роман-фельетон | Шпионский роман | Список публикаций в «Роман-газете» | Юрий Иванович (писатель) | Кутузов, Роман Александрович | Производственный роман | Сосновская, Надежда Андреевна | Богословский, Роман Сергеевич
2026-09-08 03:06:28.580 I/BenchmarkBridge: [PROBE] done
2026-09-08 03:06:29.094 I/BenchmarkBridge: [PROBE] q=кто режиссёр фильма Сталкер
2026-09-08 03:06:29.095 I/FactoidAnswerer: Factoid candidate: label='Режиссёр' entity='Сталкер'
2026-09-08 03:06:29.111 I/EntityTitleProbe: Title probes (7 lookups): Сталкер(1080)
2026-09-08 03:06:29.148 I/ZimSearcher: suggestTitles('Сталкер'): Сталкер, Сталкер 2, Сталкер 2154, Сталкер (группа), Сталкер (замок), Сталкер (игра), Сталкер (кинофестиваль), Сталкер (программа), Сталкер (сериал), Сталкер (фильм), Сталкер (человек), Сталкер Мобайл, Сталкер (фильм, 2023), Сталкер Зов Припяти, Сталкер Чистое небо, Смертельный Сталкер, Лопес, Рикардо (сталкер), Убить сталкера, Рерберг и Тарковский. Обратная сторона "Сталкера", Сталкерс/Земессардзе, Чернобыльское сталкерство
2026-09-08 03:06:29.149 I/FactoidAnswerer: Factoid candidates: Сталкер, Сталкер (фильм), Сталкер (фильм, 2023)
2026-09-08 03:06:29.155 I/FactoidAnswerer: Factoid: 'Сталкер' has no infobox — next candidate
2026-09-08 03:06:29.184 I/FactoidAnswerer: Factoid HIT: Режиссёр = 'Андрей Тарковский' (Сталкер (фильм))
2026-09-08 03:06:29.184 I/BenchmarkBridge: [PROBE] fast=hit ms=89 article=Сталкер (фильм) field=Режиссёр value=Андрей Тарковский
2026-09-08 03:06:29.184 I/RagPromptBuilder: Query: 'кто режиссёр фильма Сталкер' -> ZIM keywords: 'режиссёр фильма сталкер'
2026-09-08 03:06:29.186 I/GraphWalker: walk: 0 wikilinks in 'Сталкер' (depth=0)
2026-09-08 03:06:29.187 I/GraphWalker: walk seed=Сталкер props=[P50, P57, P58, P162, P175, P800, P1365, P1366] → 0 nodes
2026-09-08 03:06:29.187 I/RagPromptBuilder: Walker probes (entity='Сталкер', props=8): Сталкер
2026-09-08 03:06:29.189 I/EntityTitleProbe: Title probes (7 lookups): Сталкер(1080)
2026-09-08 03:06:29.203 I/ZimSearcher: search('режиссёр фильма сталкер') estimated=600
2026-09-08 03:06:29.399 I/RagPromptBuilder: Qualified siblings promoted: Сталкер (фильм)(1095), Сталкер (фильм, 2023)(1094)
2026-09-08 03:06:29.505 I/ZimSearcher: search('режиссёр') estimated=120708
2026-09-08 03:06:29.947 I/RagPromptBuilder: Entity merge 'режиссёр': +20 candidates
2026-09-08 03:06:29.949 I/RagPromptBuilder: RAG: 'кто режиссёр фильма Сталкер' candidates=41
2026-09-08 03:06:29.950 I/RagPromptBuilder: Top hits: Сталкер (фильм)(s=1095)[Сталкер_(фильм)] | Сталкер (фильм, 2023)(s=1094)[Сталкер_(фильм,_2023)] | Сталкер(s=1080)[Сталкер] | Сталкер (кинофестиваль)(s=92)[Сталкер_(кинофестиваль)] | Рерберг и Тарковский. Обратная сторона «Сталкера»(s=100)[Рерберг_и_Тарковский._Обратная_сторона_«Сталкера»]
2026-09-08 03:06:29.950 I/BenchmarkBridge: [PROBE] cand=41 ms=766 titles=Сталкер (фильм) | Сталкер (фильм, 2023) | Сталкер | Сталкер (кинофестиваль) | Рерберг и Тарковский. Обратная сторона «Сталкера» | Список фильмов киностудии «Мосфильм» | Марескотти, Ивано | Инфанти, Анджело | Уиттингем, Кен | Франко, Хесус | Дэвидсон, Адам | Турылёва, Ярослава Георгиевна | Экранизации произведений Чехова | Веледницкая, Лия Бенционовна | Данилов, Лев Стефанович | Свердловский театр драмы | Кинофестиваль в Торонто 2005 | Анимос (кинокомпания) | 7-й Венецианский кинофестиваль | Нестеров, Евгений Георгиевич
2026-09-08 03:06:29.950 I/BenchmarkBridge: [PROBE] done
2026-09-08 03:06:30.237 I/BenchmarkBridge: [PROBE] q=почему Юпитер называют газовым гигантом
2026-09-08 03:06:30.238 I/BenchmarkBridge: [PROBE] fast=miss ms=0
2026-09-08 03:06:30.238 I/RagPromptBuilder: Query: 'почему Юпитер называют газовым гигантом' -> ZIM keywords: 'юпитер называют газовым гигантом'
2026-09-08 03:06:30.294 I/GraphWalker: walk: 0 wikilinks in 'Юпитер' (depth=0)
2026-09-08 03:06:30.294 I/GraphWalker: walk seed=Юпитер props=[P6, P1365, P1366, P39, P166, P26, P40, P22, P25, P3373, P50, P175, P800, P184, P802, P57, P58, P162, P36, P159, P127, P112] → 0 nodes
2026-09-08 03:06:30.294 I/RagPromptBuilder: Walker probes (entity='Юпитер', props=22): Юпитер
2026-09-08 03:06:30.309 I/EntityTitleProbe: Title probes (13 lookups): Юпитер(1080), Гигант(1030)
2026-09-08 03:06:30.324 I/ZimSearcher: search('юпитер называют газовым гигантом') estimated=200
2026-09-08 03:06:30.742 I/ZimSearcher: search('называют') estimated=194221
2026-09-08 03:06:31.084 I/RagPromptBuilder: Entity merge 'называют': +20 candidates
2026-09-08 03:06:31.086 I/RagPromptBuilder: RAG: 'почему Юпитер называют газовым гигантом' candidates=42
2026-09-08 03:06:31.087 I/RagPromptBuilder: Top hits: Юпитер(s=1080)[Юпитер] | Гигант(s=1030)[Гигант] | То, что называют любовью(s=98)[То,_что_называют_любовью] | Газовые гиганты(s=100)[Газовые_гиганты] | Моя так называемая жизнь(s=100)[Моя_так_называемая_жизнь]
2026-09-08 03:06:31.087 I/BenchmarkBridge: [PROBE] cand=42 ms=849 titles=Юпитер | Гигант | То, что называют любовью | Газовые гиганты | Моя так называемая жизнь | Называй её дикой | Лев в геральдике | Не называй её небесной | Не называй меня малышкой | Премия Харви (комиксы) | Как вас теперь называть? | Этнонимы греков | Завоевание Перу, называемого Новая Кастилия | По поводу так называемого вопроса о рынках | Физика колебаний и волн | Decretum Gelasianum | Многоугольник | Ломаная | Формальная система | Расширение поля
2026-09-08 03:06:31.087 I/BenchmarkBridge: [PROBE] done
2026-09-08 03:06:31.374 I/BenchmarkBridge: [PROBE] q=из чего состоит атмосфера Марса
2026-09-08 03:06:31.374 I/BenchmarkBridge: [PROBE] fast=miss ms=0
2026-09-08 03:06:31.375 I/RagPromptBuilder: Query: 'из чего состоит атмосфера Марса' -> ZIM keywords: 'чего состоит атмосфера марса'
2026-09-08 03:06:31.387 I/GraphWalker: walk: 0 wikilinks in 'Марса' (depth=0)
2026-09-08 03:06:31.387 I/GraphWalker: walk seed=Марса props=[P6, P1365, P1366, P39, P166, P26, P40, P22, P25, P3373, P50, P175, P800, P184, P802, P57, P58, P162, P36, P159, P127, P112] → 0 nodes
2026-09-08 03:06:31.392 I/RagPromptBuilder: Walker probes (entity='Марса', props=22): Марса
2026-09-08 03:06:31.407 I/EntityTitleProbe: Title probes (10 lookups): Марса(1080), Атмосфера Марса(900) | redundant: Марс
2026-09-08 03:06:31.422 I/ZimSearcher: search('чего состоит атмосфера марса') estimated=300
2026-09-08 03:06:31.807 I/ZimSearcher: search('атмосфера') estimated=21862
2026-09-08 03:06:32.124 I/RagPromptBuilder: Entity merge 'атмосфера': +19 candidates
2026-09-08 03:06:32.126 I/RagPromptBuilder: RAG: 'из чего состоит атмосфера Марса' candidates=40
2026-09-08 03:06:32.126 I/RagPromptBuilder: Top hits: Марса(s=1080)[Марса] | Атмосфера Марса(s=900)[Атмосфера_Марса] | Атмосфера(s=100)[Атмосфера] | Атмосфера Земли(s=99)[Атмосфера_Земли] | Атмосфера Титана(s=99)[Атмосфера_Титана]
2026-09-08 03:06:32.126 I/BenchmarkBridge: [PROBE] cand=40 ms=751 titles=Марса | Атмосфера Марса | Атмосфера | Атмосфера Земли | Атмосфера Титана | Атмосфера Венеры | Атмосфера (эстетика) | Атмосфера Юпитера | Атмосфера Плутона | Терраформирование Марса | Звёздная атмосфера | Химия атмосферы | Физика атмосферы | Колонизация Марса | Диссипация атмосфер планет | Общая циркуляция атмосферы | Циркуляция атмосферы | Экология атмосферы | Вход в атмосферу | Углекислый газ в атмосфере Земли
2026-09-08 03:06:32.127 I/BenchmarkBridge: [PROBE] done
2026-09-08 03:06:32.504 I/BenchmarkBridge: [PROBE] q=кто открыл пенициллин
2026-09-08 03:06:32.505 I/BenchmarkBridge: [PROBE] fast=miss ms=0
2026-09-08 03:06:32.505 I/RagPromptBuilder: Query: 'кто открыл пенициллин' -> ZIM keywords: 'открыл пенициллин'
2026-09-08 03:06:32.515 I/EntityTitleProbe: Title probes (2 lookups): Бензилпенициллин(1020)
2026-09-08 03:06:32.521 I/ZimSearcher: search('открыл пенициллин') estimated=200
2026-09-08 03:06:32.752 I/ZimSearcher: search('пенициллин') estimated=589
2026-09-08 03:06:32.875 I/RagPromptBuilder: Entity merge 'пенициллин': +16 candidates
2026-09-08 03:06:32.876 I/RagPromptBuilder: RAG: 'кто открыл пенициллин' candidates=37
2026-09-08 03:06:32.877 I/RagPromptBuilder: Top hits: Бензилпенициллин(s=1020)[Бензилпенициллин] | Пенициллины(s=100)[Пенициллины] | Пенициллин (комплекс артразведки)(s=99)[Пенициллин_(комплекс_артразведки)] | Пенициллин (значения)(s=95)[Пенициллин_(значения)] | Пенициллин-связывающие белки(s=90)[Пенициллин-связывающие_белки]
2026-09-08 03:06:32.877 I/BenchmarkBridge: [PROBE] cand=37 ms=372 titles=Бензилпенициллин | Пенициллины | Пенициллин (комплекс артразведки) | Пенициллин (значения) | Пенициллин-связывающие белки | Операция «Пенициллин» | Феноксиметилпенициллин | Флеминг, Александр | Хитли, Норман | Балезина, Тамара Иосифовна | Метициллин | Зейфман, Вил Иосифович | Ампициллин | Оксациллин | Хобби, Глэдис Лаунсбери | Бета-лактамные антибиотики | Шихан, Джон Кларк | Ингибиторы бета-лактамаз | Ермольева, Зинаида Виссарионовна | Beecham
2026-09-08 03:06:32.877 I/BenchmarkBridge: [PROBE] done
2026-09-08 03:06:33.118 I/BenchmarkBridge: [PROBE] q=что такое фотосинтез
2026-09-08 03:06:33.119 I/BenchmarkBridge: [PROBE] fast=miss ms=0
2026-09-08 03:06:33.119 I/RagPromptBuilder: Query: 'что такое фотосинтез' -> ZIM keywords: 'такое фотосинтез'
2026-09-08 03:06:33.123 I/EntityTitleProbe: Title probes (1 lookups): Фотосинтез(1030)
2026-09-08 03:06:33.138 I/ZimSearcher: search('такое фотосинтез') estimated=700
2026-09-08 03:06:33.334 I/ZimSearcher: search('фотосинтез') estimated=965
2026-09-08 03:06:33.490 I/RagPromptBuilder: Entity merge 'фотосинтез': +9 candidates
2026-09-08 03:06:33.491 I/RagPromptBuilder: RAG: 'что такое фотосинтез' candidates=29
2026-09-08 03:06:33.491 I/RagPromptBuilder: Top hits: Фотосинтез(s=1030)[Фотосинтез] | C4-фотосинтез(s=100)[C4-фотосинтез] | CAM-фотосинтез(s=99)[CAM-фотосинтез] | Эффективность фотосинтеза(s=98)[Эффективность_фотосинтеза] | Эволюция фотосинтеза(s=98)[Эволюция_фотосинтеза]
2026-09-08 03:06:33.491 I/BenchmarkBridge: [PROBE] cand=29 ms=372 titles=Фотосинтез | C4-фотосинтез | CAM-фотосинтез | Эффективность фотосинтеза | Эволюция фотосинтеза | Аноксигенный фотосинтез | Спектр действия фотосинтеза | Электронотранспортная цепь фотосинтеза | Кривая светового насыщения фотосинтеза | Искусственный фотосинтез | C3-фотосинтез | Реакция Хилла | Карпилов, Юрий Соломонович | Комиссаров, Геннадий Германович | Мокроносов, Адольф Трофимович | Шувалов, Владимир Анатольевич | Световая точка компенсации | Эффект Эмерсона | Фотодыхание | Точка компенсации СО2
2026-09-08 03:06:33.491 I/BenchmarkBridge: [PROBE] done
2026-09-08 03:06:33.741 I/BenchmarkBridge: [PROBE] q=когда началась Вторая мировая война
2026-09-08 03:06:33.742 I/FactoidAnswerer: Factoid candidate: label='(by card label)' entity='Вторая'
2026-09-08 03:06:33.764 I/EntityTitleProbe: Title probes (22 lookups): Вторая мировая война(1120), Мировая война(1050) | redundant: Вторая, Война
2026-09-08 03:06:34.099 I/ZimSearcher: suggestTitles('Вторая'): Вторая, Вторая Академия, Вторая Александровка, Вторая Алексеевка, Вторая Алия, Вторая Армения, Вторая Багажиашта, Вторая Бугульда, Вторая Бундеслига, Вторая Васильевка, Вторая Вилашка, Вторая Глушковская, Вторая Горка, Вторая Григорьевка, Вторая Грязучая, Вторая Дудинская, Вторая Едома, Вторая Ивановка, Вторая Ивань, Вторая Интифада, Вторая Каменка, Вторая Ключевская, Вторая Кошка, Вторая Кривка, Вторая Крутая, Вторая Куликовка, Вторая Культура, Вторая Лака, Вторая Леденгская, Вторая Луна, Вторая Малая, Вторая Медяна
2026-09-08 03:06:34.100 I/FactoidAnswerer: Factoid candidates: Вторая, Вторая мировая война, Мировая война
2026-09-08 03:06:34.105 I/FactoidAnswerer: Factoid: 'Вторая' has no infobox — next candidate
2026-09-08 03:06:34.167 I/FactoidAnswerer: Factoid: no label covers [начала, мирова, война] in [Дата, Место, Причина, Итог]
2026-09-08 03:06:34.168 I/FactoidAnswerer: Factoid: 'Вторая мировая война' card has no matching field — next candidate
2026-09-08 03:06:34.175 I/FactoidAnswerer: Factoid: 'Мировая война' has no infobox — next candidate
2026-09-08 03:06:34.175 I/FactoidAnswerer: Factoid: no candidate carried the field — falling back to RAG
2026-09-08 03:06:34.176 I/BenchmarkBridge: [PROBE] fast=miss ms=434
2026-09-08 03:06:34.176 I/RagPromptBuilder: Query: 'когда началась Вторая мировая война' -> ZIM keywords: 'началась вторая мировая война'
2026-09-08 03:06:34.178 I/GraphWalker: walk: 0 wikilinks in 'Вторая' (depth=0)
2026-09-08 03:06:34.178 I/GraphWalker: walk seed=Вторая props=[P6, P1365, P1366, P39, P166, P26, P40, P22, P25, P3373, P50, P175, P800, P184, P802, P57, P58, P162, P36, P159, P127, P112] → 0 nodes
2026-09-08 03:06:34.178 I/RagPromptBuilder: Walker probes (entity='Вторая', props=22): Вторая
2026-09-08 03:06:34.184 I/EntityTitleProbe: Title probes (22 lookups): Вторая мировая война(1120), Мировая война(1050) | redundant: Вторая, Война
2026-09-08 03:06:34.266 I/ZimSearcher: search('началась вторая мировая война') estimated=20000
2026-09-08 03:06:34.971 I/ZimSearcher: search('началась') estimated=467255
2026-09-08 03:06:35.600 I/RagPromptBuilder: Entity merge 'началась': +20 candidates
2026-09-08 03:06:35.602 I/RagPromptBuilder: RAG: 'когда началась Вторая мировая война' candidates=41
2026-09-08 03:06:35.602 I/RagPromptBuilder: Top hits: Вторая мировая война(s=1120)[Вторая_мировая_война] | Мировая война(s=1050)[Мировая_война] | Вторая(s=900)[Вторая] | Вторая мировая война на море(s=98)[Вторая_мировая_война_на_море] | Вторая мировая война (серия книг)(s=95)[Вторая_мировая_война_(серия_книг)]
2026-09-08 03:06:35.602 I/BenchmarkBridge: [PROBE] cand=41 ms=1426 titles=Вторая мировая война | Мировая война | Вторая | Вторая мировая война на море | Вторая мировая война (серия книг) | Вторая мировая война (значения) | Маки (Вторая мировая война) | Восточноафриканская кампания (Вторая мировая война) | Портал:Вторая мировая война | Портал:Вторая мировая война/Знаете ли вы/Текущая подборка | Трофейное искусство (Вторая мировая война) | Битва за Лос-Анджелес (Вторая мировая война) | 2-я армия (Италия, Вторая мировая война) | Латинская Ось (Вторая мировая война) | Портал:Первая мировая война | Начало Века | Британские экспедиционные силы (Вторая мировая война) | Третья мировая война | Начало начал | Начала (Евклид)
2026-09-08 03:06:35.602 I/BenchmarkBridge: [PROBE] done
2026-09-08 03:06:35.928 I/BenchmarkBridge: [PROBE] q=чем знаменит Большое красное пятно
2026-09-08 03:06:35.929 I/BenchmarkBridge: [PROBE] fast=miss ms=0
2026-09-08 03:06:35.929 I/RagPromptBuilder: Query: 'чем знаменит Большое красное пятно' -> ZIM keywords: 'чем знаменит большое красное пятно'
2026-09-08 03:06:35.941 I/GraphWalker: walk: 0 wikilinks in 'Большое' (depth=0)
2026-09-08 03:06:35.941 I/GraphWalker: walk seed=Большое props=[P6, P1365, P1366, P39, P166, P26, P40, P22, P25, P3373, P50, P175, P800, P184, P802, P57, P58, P162, P36, P159, P127, P112] → 0 nodes
2026-09-08 03:06:35.942 I/RagPromptBuilder: Walker probes (entity='Большое', props=22): Большое
2026-09-08 03:06:35.970 I/EntityTitleProbe: Title probes (28 lookups): Большое красное пятно(1120) | redundant: Большое, Красное, Красно, Пятно
2026-09-08 03:06:35.997 I/ZimSearcher: search('чем знаменит большое красное пятно') estimated=200
2026-09-08 03:06:36.403 I/ZimSearcher: search('знаменит') estimated=51485
2026-09-08 03:06:36.692 I/RagPromptBuilder: Entity merge 'знаменит': +20 candidates
2026-09-08 03:06:36.695 I/RagPromptBuilder: RAG: 'чем знаменит Большое красное пятно' candidates=42
2026-09-08 03:06:36.695 I/RagPromptBuilder: Top hits: Большое красное пятно(s=1120)[Большое_красное_пятно] | Большое(s=900)[Большое] | Я почти знаменит(s=99)[Я_почти_знаменит] | Красочная жизнь(s=100)[Красочная_жизнь] | Храм иконы Божией Матери «Знамение»(s=100)[Храм_иконы_Божией_Матери_«Знамение»]
2026-09-08 03:06:36.695 I/BenchmarkBridge: [PROBE] cand=42 ms=766 titles=Большое красное пятно | Большое | Я почти знаменит | Красочная жизнь | Храм иконы Божией Матери «Знамение» | Знаменное пение | Крестное знамение | Знамённые ряды | Орден Красного Знамени | Орден Трудового Красного Знамени | Армия Зелёного знамени | Знамение Божией Матери | Под знаменем марксизма | Орден Красного Знамени (Монголия) | Летописец небесных знамений | Благие знамения | Новгородская икона Знамения Пресвятой Богородицы | Церковь иконы Божией Матери «Знамение» на Шереметевом дворе | Царство количества и знамения времени | Церковь иконы Божией Матери Знамение (Ярославль)
2026-09-08 03:06:36.695 I/BenchmarkBridge: [PROBE] done
2026-09-08 03:06:37.069 I/BenchmarkBridge: [PROBE] q=что производит АвтоВАЗ
2026-09-08 03:06:37.071 I/FactoidAnswerer: Factoid candidate: label='(by card label)' entity='АвтоВАЗ'
2026-09-08 03:06:37.081 I/EntityTitleProbe: Title probes (2 lookups): АвтоВАЗ(1080)
2026-09-08 03:06:37.111 I/ZimSearcher: suggestTitles('АвтоВАЗ'): АВТОВАЗ, GM-АВТОВАЗ, Национальная гоночная серия "АВТОВАЗ", Технический музей ОАО "АвтоВАЗ", Эм-АВТОВАЗ Шевроле Вива, Джи Эм-АВТОВАЗ Шевроле Нива, Здание генеральной дирекции АВТОВАЗа, АВТОВАЗБАНК, АвтоВАЗагрегат
2026-09-08 03:06:37.111 I/FactoidAnswerer: Factoid candidates: АвтоВАЗ
2026-09-08 03:06:37.148 I/FactoidAnswerer: Factoid: no label covers [произв] in [Основан, Штаб-квартира, Тип, Листинг на бирже, Дата основания, Прежние названия, Основатели, Расположение, Ключевые фигуры, Отрасль, Продукция, Операционная прибыль, Чистая прибыль, Материнская компания, Дочерние компании]
2026-09-08 03:06:37.149 I/FactoidAnswerer: Factoid: 'АвтоВАЗ' card has no matching field — next candidate
2026-09-08 03:06:37.149 I/FactoidAnswerer: Factoid: no candidate carried the field — falling back to RAG
2026-09-08 03:06:37.149 I/BenchmarkBridge: [PROBE] fast=miss ms=79
2026-09-08 03:06:37.149 I/RagPromptBuilder: Query: 'что производит АвтоВАЗ' -> ZIM keywords: 'производит автоваз'
2026-09-08 03:06:37.327 I/GraphWalker: walk seed=АвтоВАЗ props=[P6, P1365, P1366, P39, P166, P26, P40, P22, P25, P3373, P50, P175, P800, P184, P802, P57, P58, P162, P36, P159, P127, P112] → 6 nodes
2026-09-08 03:06:37.327 I/RagPromptBuilder: Walker probes (entity='АвтоВАЗ', props=22): АвтоВАЗ, Россия, Тольятти, ЦК КПСС, Совет министров СССР, Москва, Илья Геннадьевич Сухих
2026-09-08 03:06:37.328 I/EntityTitleProbe: Title probes (2 lookups): АвтоВАЗ(1080)
2026-09-08 03:06:37.336 I/ZimSearcher: search('производит автоваз') estimated=300
2026-09-08 03:06:37.649 I/ZimSearcher: search('производит') estimated=56978
2026-09-08 03:06:37.981 I/RagPromptBuilder: Entity merge 'производит': +20 candidates
2026-09-08 03:06:37.983 I/RagPromptBuilder: RAG: 'что производит АвтоВАЗ' candidates=46
2026-09-08 03:06:37.983 I/RagPromptBuilder: Top hits: АвтоВАЗ(s=1080)[АвтоВАЗ] | Россия(s=899)[Россия] | Тольятти(s=899)[Тольятти] | ЦК КПСС(s=899)[ЦК_КПСС] | Совет министров СССР(s=899)[Совет_министров_СССР]
2026-09-08 03:06:37.984 I/BenchmarkBridge: [PROBE] cand=46 ms=835 titles=АвтоВАЗ | Россия | Тольятти | ЦК КПСС | Совет министров СССР | Москва | Илья Геннадьевич Сухих | Производить или покупать | Национальная гоночная серия «АВТОВАЗ» | Нива (автомобиль) | Список итальянских вин категории DOC | Meopta | Denominazione di origine controllata e garantita | Плёночные фотоаппараты Kodak | Промышленность Новой Аквитании | Список настоек, производившихся в СССР | Военно-промышленный комплекс Франции | Список пуншей, производившихся в СССР | КАвЗ-4238 «Аврора» | Welta
2026-09-08 03:06:37.984 I/BenchmarkBridge: [PROBE] done
2026-09-08 03:06:38.230 I/BenchmarkBridge: [PROBE] q=какой автозавод расположен в Тольятти
2026-09-08 03:06:38.231 I/FactoidAnswerer: Factoid candidate: label='(by card label)' entity='Тольятти'
2026-09-08 03:06:38.240 I/EntityTitleProbe: Title probes (10 lookups): Тольятти(1080), Автомобильная промышленность(1020)
2026-09-08 03:06:38.280 I/ZimSearcher: suggestTitles('Тольятти'): Тольятти, Тольятти 24, Тольятти (История), Тольятти (аэродром), Тольятти (значения), Тольятти (станция), Тольятти П., Тольятти сегодня, Тольятти, Эудженио, Тольятти (речной порт), Тольятти (футбольный клуб), Тольятти (особая экономическая зона), Тольятти (территория опережающего развития), Академия Тольятти, Вузы Тольятти, Герб Тольятти, Гимн Тольятти, Градоначальники Тольятти, Дума Тольятти, Лада (Тольятти), Лада-Тольятти, Медгородок Тольятти, Набережная Тольятти, Памятники Тольятти, Поверхность Тольятти, Портпосёлок (Тольятти), Районы Тольятти, СИБУР Тольятти, Спорт Тольятти, Троллейбус Тольятти, Улицы Тольятти, Флаг Тольятти
2026-09-08 03:06:38.282 I/FactoidAnswerer: Factoid candidates: Тольятти, Автомобильная промышленность
2026-09-08 03:06:38.327 I/FactoidAnswerer: Factoid: no label covers [автоза, распол] in [Глава/мэр, Население, Площадь, Основан, Страна, Часовой пояс, Субъект Федерации, Городской округ, Внутреннее деление, Глава городского округа, Прежние названия, Город с, Высота центра, Тип климата, Плотность, Агломерация, Население агломерации, Национальности, Конфессии, Название жителей, Официальный язык, День города]
2026-09-08 03:06:38.327 I/FactoidAnswerer: Factoid: 'Тольятти' card has no matching field — next candidate
2026-09-08 03:06:38.345 I/FactoidAnswerer: Factoid: 'Автомобильная промышленность' has no infobox — next candidate
2026-09-08 03:06:38.345 I/FactoidAnswerer: Factoid: no candidate carried the field — falling back to RAG
2026-09-08 03:06:38.346 I/BenchmarkBridge: [PROBE] fast=miss ms=116
2026-09-08 03:06:38.346 I/RagPromptBuilder: Query: 'какой автозавод расположен в Тольятти' -> ZIM keywords: 'автозавод расположен тольятти'
2026-09-08 03:06:38.428 I/GraphWalker: walk: 0 wikilinks in 'Заслуженный_врач_Российской_Федерации' (depth=3)
2026-09-08 03:06:38.437 I/GraphWalker: walk seed=Тольятти props=[P6, P1365, P1366, P39, P166, P26, P40, P22, P25, P3373, P50, P175, P800, P184, P802, P57, P58, P162, P36, P159, P127, P112] → 5 nodes
2026-09-08 03:06:38.438 I/RagPromptBuilder: Walker probes (entity='Тольятти', props=22): Тольятти, Илья Геннадьевич Сухих, Николай Ренц, Заслуженный врач Российской Федерации, Сергей Анташев, Сергей Андреев
2026-09-08 03:06:38.441 I/EntityTitleProbe: Title probes (10 lookups): Тольятти(1080), Автомобильная промышленность(1020)
2026-09-08 03:06:38.451 I/ZimSearcher: search('автозавод расположен тольятти') estimated=40
2026-09-08 03:06:39.075 I/ZimSearcher: search('расположен') estimated=249807
2026-09-08 03:06:39.373 I/RagPromptBuilder: Entity merge 'расположен': +20 candidates
2026-09-08 03:06:39.375 I/RagPromptBuilder: RAG: 'какой автозавод расположен в Тольятти' candidates=46
2026-09-08 03:06:39.375 I/RagPromptBuilder: Top hits: Тольятти(s=1080)[Тольятти] | Автомобильная промышленность(s=1020)[Автомобильная_промышленность] | Илья Геннадьевич Сухих(s=899)[Сухих,_Илья_Геннадьевич] | Николай Ренц(s=898)[Ренц,_Николай_Альфредович] | Сергей Анташев(s=897)[Анташев,_Сергей_Александрович]
2026-09-08 03:06:39.376 I/BenchmarkBridge: [PROBE] cand=46 ms=1030 titles=Тольятти | Автомобильная промышленность | Илья Геннадьевич Сухих | Николай Ренц | Сергей Анташев | Заслуженный врач Российской Федерации | Сергей Андреев | Тольятти (станция) | Автозаводский район (Тольятти) | Тольяттинский троллейбус | Список озёр и водохранилищ Монтаны | Заозёрный (Курган) | Хузестан | Список мечетей Баку | Список высших учебных заведений Киева | Тираспольский монетный двор | Эттербек | Площади Севастополя | Исфахан (остан) | Русские и советские памятники в Софийской области
2026-09-08 03:06:39.376 I/BenchmarkBridge: [PROBE] done
2026-09-08 03:06:39.905 I/BenchmarkBridge: [PROBE] q=перечисли мэров Тольятти
2026-09-08 03:06:39.906 I/BenchmarkBridge: [PROBE] fast=miss ms=0
2026-09-08 03:06:39.906 I/RagPromptBuilder: Query: 'перечисли мэров Тольятти' -> ZIM keywords: 'мэров тольятти'
2026-09-08 03:06:39.955 I/ZimSearcher: lookupRaw 'Градоначальники Тольятти' redirect=false path='Градоначальники_Тольятти' bodyLen=18062
2026-09-08 03:06:39.955 I/RagPromptBuilder: List article FOUND: 'Градоначальники Тольятти' (bodyLen=18062)
2026-09-08 03:06:39.995 I/RagPromptBuilder: List probes (entity='Тольятти', role='Мэры'): Градоначальники Тольятти, История Тольятти
2026-09-08 03:06:40.058 I/GraphWalker: walk seed=Тольятти props=[P6, P1365, P1366] → 4 nodes
2026-09-08 03:06:40.058 I/RagPromptBuilder: Walker probes (entity='Тольятти', props=3): Тольятти, Илья Геннадьевич Сухих, Николай Ренц, Сергей Анташев, Сергей Андреев
2026-09-08 03:06:40.061 I/EntityTitleProbe: Title probes (12 lookups): Тольятти(1080)
2026-09-08 03:06:40.069 I/ZimSearcher: search('мэров тольятти') estimated=700
2026-09-08 03:06:40.227 I/ZimSearcher: search('тольятти') estimated=5796
2026-09-08 03:06:40.563 I/RagPromptBuilder: Entity merge 'тольятти': +14 candidates
2026-09-08 03:06:40.564 I/RagPromptBuilder: RAG: 'перечисли мэров Тольятти' candidates=37
2026-09-08 03:06:40.564 I/RagPromptBuilder: Top hits: Градоначальники Тольятти(s=2000)[Градоначальники_Тольятти] | Тольятти(s=1080)[Тольятти] | История Тольятти(s=1000)[История_Тольятти] | Илья Геннадьевич Сухих(s=899)[Сухих,_Илья_Геннадьевич] | Николай Ренц(s=898)[Ренц,_Николай_Альфредович]
2026-09-08 03:06:40.564 I/BenchmarkBridge: [PROBE] cand=37 ms=659 titles=Градоначальники Тольятти | Тольятти | История Тольятти | Илья Геннадьевич Сухих | Николай Ренц | Сергей Анташев | Сергей Андреев | Тольятти 24 | Тольятти, Пальмиро | Тольятти (станция) | Тольятти (особая экономическая зона) | Тольяттинский театр кукол | Спорт в Тольятти | Памятники Тольятти | Лада-Тольятти | Официальные символы Тольятти | Взрыв автобуса в Тольятти | Храмы Тольятти | ТОР «Тольятти» | Колесо (театр, Тольятти)
2026-09-08 03:06:40.565 I/BenchmarkBridge: [PROBE] done
2026-09-08 03:06:41.045 I/BenchmarkBridge: [PROBE] q=назови планеты Солнечной системы
2026-09-08 03:06:41.046 I/BenchmarkBridge: [PROBE] fast=miss ms=0
2026-09-08 03:06:41.047 I/RagPromptBuilder: Query: 'назови планеты Солнечной системы' -> ZIM keywords: 'планеты солнечной системы'
2026-09-08 03:06:41.082 I/GraphWalker: walk: 0 wikilinks in 'Вспышка_солнечной_активности' (depth=0)
2026-09-08 03:06:41.082 I/GraphWalker: walk seed=Вспышка_солнечной_активности props=[P6, P1365, P1366, P39, P166, P26, P40, P22, P25, P3373, P50, P175, P800, P184, P802, P57, P58, P162, P36, P159, P127, P112] → 0 nodes
2026-09-08 03:06:41.083 I/RagPromptBuilder: Walker probes (entity='Солнечной', props=22): Вспышка солнечной активности
2026-09-08 03:06:41.100 I/EntityTitleProbe: Title probes (29 lookups): Планеты Солнечной системы(1120), Солнечная система(1100) | redundant: Солнечная, Планета, Система
2026-09-08 03:06:41.152 I/ZimSearcher: search('планеты солнечной системы') estimated=7000
2026-09-08 03:06:41.456 I/ZimSearcher: search('солнечной') estimated=12659
2026-09-08 03:06:41.778 I/RagPromptBuilder: Entity merge 'солнечной': +13 candidates
2026-09-08 03:06:41.780 I/RagPromptBuilder: RAG: 'назови планеты Солнечной системы' candidates=35
2026-09-08 03:06:41.780 I/RagPromptBuilder: Top hits: Планеты Солнечной системы(s=1120)[Планеты_Солнечной_системы] | Солнечная система(s=1100)[Солнечная_система] | Вспышка солнечной активности(s=900)[Вспышка_солнечной_активности] | Планеты-гиганты(s=97)[Планеты-гиганты] | Планеты (сериал)(s=95)[Планеты_(сериал)]
2026-09-08 03:06:41.780 I/BenchmarkBridge: [PROBE] cand=35 ms=734 titles=Планеты Солнечной системы | Солнечная система | Вспышка солнечной активности | Планеты-гиганты | Планеты (сериал) | Устойчивость Солнечной системы | 20-й цикл солнечной активности | Малые тела Солнечной системы | 19-й цикл солнечной активности | 23-й цикл солнечной активности | 24-й цикл солнечной активности | Список циклов солнечной активности | 25-й цикл солнечной активности | 22-й цикл солнечной активности | На солнечной стороне улицы | Серенада солнечной долины | История исследования Солнечной системы | Формирование и эволюция Солнечной системы | История открытия планет Солнечной системы и их спутников | Спутники в Солнечной системе
2026-09-08 03:06:41.780 I/BenchmarkBridge: [PROBE] done
2026-09-08 03:06:42.198 I/BenchmarkBridge: [PROBE] q=какие есть океаны на Земле
2026-09-08 03:06:42.198 I/BenchmarkBridge: [PROBE] fast=miss ms=0
2026-09-08 03:06:42.199 I/RagPromptBuilder: Query: 'какие есть океаны на Земле' -> ZIM keywords: 'океаны земле'
2026-09-08 03:06:42.252 I/RagPromptBuilder: List probes (entity='Земле', role='null'): Земля Королевы Мэри, История жизни на Земле, Хронология первых искусственных спутников Земли по странам
2026-09-08 03:06:42.470 I/GraphWalker: walk: 0 wikilinks in 'На_земле' (depth=0)
2026-09-08 03:06:42.471 I/GraphWalker: walk seed=На_земле props=[P6, P1365, P1366, P39, P166, P26, P40, P22, P25, P3373, P50, P175, P800, P184, P802, P57, P58, P162, P36, P159, P127, P112] → 0 nodes
2026-09-08 03:06:42.471 I/RagPromptBuilder: Walker probes (entity='Земле', props=22): На земле
2026-09-08 03:06:42.479 I/EntityTitleProbe: Title probes (8 lookups): Мировой океан(1020), (224) Океана(1020) | redundant: Океан
2026-09-08 03:06:42.491 I/EntityTitleProbe: Top tie at 1020: Мировой океан=124300, (224) Океана=46153
2026-09-08 03:06:42.540 I/ZimSearcher: search('океаны земле') estimated=10000
2026-09-08 03:06:43.022 I/ZimSearcher: search('океаны') estimated=31268
2026-09-08 03:06:43.423 I/RagPromptBuilder: Entity merge 'океаны': +11 candidates
2026-09-08 03:06:43.424 I/RagPromptBuilder: RAG: 'какие есть океаны на Земле' candidates=35
2026-09-08 03:06:43.424 I/RagPromptBuilder: Top hits: Мировой океан(s=1025)[Мировой_океан] | (224) Океана(s=1020)[(224)_Океана] | Земля Королевы Мэри(s=950)[Земля_Королевы_Мэри] | История жизни на Земле(s=950)[История_жизни_на_Земле] | Хронология первых искусственных спутников Земли по странам(s=950)[Хронология_первых_искусственных_спутников_Земли_по_странам]
2026-09-08 03:06:43.424 I/BenchmarkBridge: [PROBE] cand=35 ms=1225 titles=Мировой океан | (224) Океана | Земля Королевы Мэри | История жизни на Земле | Хронология первых искусственных спутников Земли по странам | На земле | Древние океаны | Экстремумы на Земле | Земля (альбом «Океана Ельзи») | Океан | Южный океан | Океан (значения) | Океан (завод) | Мировой океан (мифология) | Музей Мирового океана | Океан-О (космический аппарат) | Океан (детский лагерь) | Океан Ельзи | Океан (мифология) | Океан (фильм, 2008)
2026-09-08 03:06:43.424 I/BenchmarkBridge: [PROBE] done
2026-09-08 03:06:43.868 I/BenchmarkBridge: [PROBE] q=перечисли произведения Достоевского
2026-09-08 03:06:43.869 I/BenchmarkBridge: [PROBE] fast=miss ms=0
2026-09-08 03:06:43.869 I/RagPromptBuilder: Query: 'перечисли произведения Достоевского' -> ZIM keywords: 'произведения достоевского'
2026-09-08 03:06:43.889 I/RagPromptBuilder: List-intent: no title probes for entity='Достоевского' role='null'
2026-09-08 03:06:43.939 I/GraphWalker: walk: 0 wikilinks in 'Достоевского,_переулок' (depth=0)
2026-09-08 03:06:43.940 I/GraphWalker: walk seed=Достоевского,_переулок props=[P6, P1365, P1366, P39, P166, P26, P40, P22, P25, P3373, P50, P175, P800, P184, P802, P57, P58, P162, P36, P159, P127, P112] → 0 nodes
2026-09-08 03:06:43.940 I/RagPromptBuilder: Walker probes (entity='Достоевского', props=22): Достоевского, переулок
2026-09-08 03:06:43.945 I/EntityTitleProbe: Title probes (12 lookups): Достоевский, Фёдор Михайлович(1070)
2026-09-08 03:06:43.976 I/ZimSearcher: search('произведения достоевского') estimated=4000
2026-09-08 03:06:44.381 I/ZimSearcher: search('произведения') estimated=125279
2026-09-08 03:06:44.797 I/RagPromptBuilder: Entity merge 'произведения': +20 candidates
2026-09-08 03:06:44.799 I/RagPromptBuilder: RAG: 'перечисли произведения Достоевского' candidates=42
2026-09-08 03:06:44.800 I/RagPromptBuilder: Top hits: Достоевский, Фёдор Михайлович(s=1070)[Достоевский,_Фёдор_Михайлович] | Достоевского, переулок(s=900)[Достоевского,_переулок] | Произведения векторов(s=99)[Произведения_векторов] | Экранизации произведений Фёдора Достоевского(s=100)[Экранизации_произведений_Фёдора_Достоевского] | Украденные произведения искусства(s=99)[Украденные_произведения_искусства]
2026-09-08 03:06:44.800 I/BenchmarkBridge: [PROBE] cand=42 ms=931 titles=Достоевский, Фёдор Михайлович | Достоевского, переулок | Произведения векторов | Экранизации произведений Фёдора Достоевского | Украденные произведения искусства | Атрибуция произведения | Авторское право на служебные произведения | Двойник (повесть Достоевского) | Реализм Достоевского | Романист (замысел Достоевского) | Атеизм (замысел Достоевского) | Неосуществлённые замыслы Достоевского | Оценка творчества Достоевского современниками | Свободное использование произведений | Прямое произведение | Тип-произведение | Аудиовизуальное произведение | Скалярное произведение | Прямое произведение групп | Векторное произведение
2026-09-08 03:06:44.800 I/BenchmarkBridge: [PROBE] done
2026-09-08 03:06:45.009 I/BenchmarkBridge: [PROBE] q=перечисли спутники Юпитера
2026-09-08 03:06:45.009 I/BenchmarkBridge: [PROBE] fast=miss ms=0
2026-09-08 03:06:45.010 I/RagPromptBuilder: Query: 'перечисли спутники Юпитера' -> ZIM keywords: 'спутники юпитера'
2026-09-08 03:06:45.073 I/ZimSearcher: lookupRaw 'Спутники Юпитера' redirect=false path='Спутники_Юпитера' bodyLen=22957
2026-09-08 03:06:45.074 I/RagPromptBuilder: List article FOUND: 'Спутники Юпитера' (bodyLen=22957)
2026-09-08 03:06:45.087 I/RagPromptBuilder: List probes (entity='Юпитера', role='null'): Спутники Юпитера
2026-09-08 03:06:45.135 I/GraphWalker: walk: 0 wikilinks in 'Атмосфера_Юпитера' (depth=0)
2026-09-08 03:06:45.136 I/GraphWalker: walk seed=Атмосфера_Юпитера props=[P6, P1365, P1366, P39, P166, P26, P40, P22, P25, P3373, P50, P175, P800, P184, P802, P57, P58, P162, P36, P159, P127, P112] → 0 nodes
2026-09-08 03:06:45.136 I/RagPromptBuilder: Walker probes (entity='Юпитера', props=22): Атмосфера Юпитера
2026-09-08 03:06:45.142 I/EntityTitleProbe: Title probes (10 lookups): Юпитер(1080), Спутники Юпитера(900)
2026-09-08 03:06:45.173 I/ZimSearcher: search('спутники юпитера') estimated=5000
2026-09-08 03:06:45.586 I/ZimSearcher: search('спутники') estimated=28047
2026-09-08 03:06:45.857 I/RagPromptBuilder: Entity merge 'спутники': +20 candidates
2026-09-08 03:06:45.859 I/RagPromptBuilder: RAG: 'перечисли спутники Юпитера' candidates=41
2026-09-08 03:06:45.859 I/RagPromptBuilder: Top hits: Спутники Юпитера(s=2000)[Спутники_Юпитера] | Юпитер(s=1080)[Юпитер] | Атмосфера Юпитера(s=900)[Атмосфера_Юпитера] | Спутники Урана(s=99)[Спутники_Урана] | Спутники в Солнечной системе(s=99)[Спутники_в_Солнечной_системе]
2026-09-08 03:06:45.859 I/BenchmarkBridge: [PROBE] cand=41 ms=849 titles=Спутники Юпитера | Юпитер | Атмосфера Юпитера | Спутники Урана | Спутники в Солнечной системе | Колонизация спутников Юпитера | Внутренние спутники Юпитера | Галилеевы спутники | Спутник Юпитера | Исследование Юпитера межпланетными аппаратами | Троянские астероиды Юпитера | Спутник | Внутренний спутник | Спутник-1 | Портал:Космонавтика/События дня/февраль | Портал:Космонавтика/События дня/декабрь | Портал:Космонавтика/События дня/июнь | Портал:Космонавтика/События дня/апрель | Портал:Космонавтика/События дня/март | Портал:Космонавтика/События дня/октябрь
2026-09-08 03:06:45.859 I/BenchmarkBridge: [PROBE] done
2026-09-08 03:06:46.155 I/BenchmarkBridge: [PROBE] q=кто был предшественником нынешнего мэра Тольятти
2026-09-08 03:06:46.156 I/FactoidAnswerer: Factoid candidate: label='(by card label)' entity='Тольятти'
2026-09-08 03:06:46.168 I/EntityTitleProbe: Title probes (16 lookups): Тольятти(1080)
2026-09-08 03:06:46.207 I/ZimSearcher: suggestTitles('Тольятти'): Тольятти, Тольятти 24, Тольятти (История), Тольятти (аэродром), Тольятти (значения), Тольятти (станция), Тольятти П., Тольятти сегодня, Тольятти, Эудженио, Тольятти (речной порт), Тольятти (футбольный клуб), Тольятти (особая экономическая зона), Тольятти (территория опережающего развития), Академия Тольятти, Вузы Тольятти, Герб Тольятти, Гимн Тольятти, Градоначальники Тольятти, Дума Тольятти, Лада (Тольятти), Лада-Тольятти, Медгородок Тольятти, Набережная Тольятти, Памятники Тольятти, Поверхность Тольятти, Портпосёлок (Тольятти), Районы Тольятти, СИБУР Тольятти, Спорт Тольятти, Троллейбус Тольятти, Улицы Тольятти, Флаг Тольятти
2026-09-08 03:06:46.208 I/FactoidAnswerer: Factoid candidates: Тольятти
2026-09-08 03:06:46.252 I/FactoidAnswerer: Factoid: no label covers [предше, мэра] in [Глава/мэр, Население, Площадь, Основан, Страна, Часовой пояс, Субъект Федерации, Городской округ, Внутреннее деление, Глава городского округа, Прежние названия, Город с, Высота центра, Тип климата, Плотность, Агломерация, Население агломерации, Национальности, Конфессии, Название жителей, Официальный язык, День города]
2026-09-08 03:06:46.253 I/FactoidAnswerer: Factoid: 'Тольятти' card has no matching field — next candidate
2026-09-08 03:06:46.253 I/FactoidAnswerer: Factoid: no candidate carried the field — falling back to RAG
2026-09-08 03:06:46.253 I/BenchmarkBridge: [PROBE] fast=miss ms=97
2026-09-08 03:06:46.253 I/RagPromptBuilder: Query: 'кто был предшественником нынешнего мэра Тольятти' -> ZIM keywords: 'предшественником нынешнего мэра тольятти'
2026-09-08 03:06:46.310 I/GraphWalker: walk seed=Тольятти props=[P6, P1365, P1366] → 4 nodes
2026-09-08 03:06:46.311 I/RagPromptBuilder: Walker probes (entity='Тольятти', props=3): Тольятти, Илья Геннадьевич Сухих, Николай Ренц, Сергей Анташев, Сергей Андреев
2026-09-08 03:06:46.314 I/EntityTitleProbe: Title probes (16 lookups): Тольятти(1080)
2026-09-08 03:06:46.323 I/ZimSearcher: search('предшественником нынешнего мэра тольятти') estimated=5
2026-09-08 03:06:46.744 I/ZimSearcher: search('предшественником') estimated=92922
2026-09-08 03:06:47.050 I/RagPromptBuilder: Entity merge 'предшественником': +20 candidates
2026-09-08 03:06:47.052 I/RagPromptBuilder: RAG: 'кто был предшественником нынешнего мэра Тольятти' candidates=30
2026-09-08 03:06:47.052 I/RagPromptBuilder: Top hits: Тольятти(s=1080)[Тольятти] | Илья Геннадьевич Сухих(s=899)[Сухих,_Илья_Геннадьевич] | Николай Ренц(s=898)[Ренц,_Николай_Альфредович] | Сергей Анташев(s=897)[Анташев,_Сергей_Александрович] | Сергей Андреев(s=896)[Андреев,_Сергей_Игоревич]
2026-09-08 03:06:47.052 I/BenchmarkBridge: [PROBE] cand=30 ms=799 titles=Тольятти | Илья Геннадьевич Сухих | Николай Ренц | Сергей Анташев | Сергей Андреев | Воронежский трамвай | Человек-предшественник | Кумундурос, Александрос | Вогт, Йёрген Херман | Предшественник бета-амилоида | Петерсен, Ханс Кристиан | Процесс ста девяноста трёх | Сибберн, Валентин Кристиан Вильгельм | Хольст, Пал Кристиан | Мёинишен, Эрик Рёринг | Предшественник белка | Крог, Николаи Йохан Лохманн | Истурис, Франсиско Хавьер де | Фаттори, Доменико | Ланг, Жак
2026-09-08 03:06:47.052 I/BenchmarkBridge: [PROBE] done
2026-09-08 03:06:47.301 I/BenchmarkBridge: [PROBE] q=в каком регионе находится город где родился Гагарин
2026-09-08 03:06:47.302 I/FactoidAnswerer: Factoid candidate: label='Место рождения' entity='Гагарин'
2026-09-08 03:06:47.314 I/EntityTitleProbe: Title probes (5 lookups): Гагарин, Юрий Алексеевич(1070), Регион(1030), Город(1030)
2026-09-08 03:06:47.389 I/ZimSearcher: suggestTitles('Гагарин'): Гагарин, Гагарин (Узбекистан), Гагарин (астероид), Гагарин (аэропорт), Гагарин (город), Гагарин (кратер), Гагарин (мультфильм), Гагарин (село), Гагарин (станция), Гагарин (фамилия), Гагарин (фильм), Гагарин Андрей, Гагарин Василий, Гагарин Григорий, Гагарин Павел, Гагарин, Александр, Гагарин, Алексей, Гагарин, Анатолий, Гагарин, Владимир, Гагарин, Евгений, Гагарин, Иван, Гагарин, Константин, Гагарин, Максим, Гагарин, Матвей, Гагарин, Николай, Гагарин, Павел, Гагарин, Петр, Гагарин, Семён, Гагарин, Сергей, Гагарин, Федор, Гагарин (Вологодская область), Гагарин (Джизакская область)
2026-09-08 03:06:47.391 I/FactoidAnswerer: Factoid candidates: Гагарин, Гагарин, Юрий Алексеевич, Регион, Город
2026-09-08 03:06:47.425 I/FactoidAnswerer: Factoid HIT: Место рождения = 'деревня Клушино, Гжатский район, Западная область, РСФСР, СССР' (Гагарин)
2026-09-08 03:06:47.426 I/BenchmarkBridge: [PROBE] fast=hit ms=124 article=Гагарин field=Место рождения value=деревня Клушино, Гжатский район, Западная область, РСФСР, СССР
2026-09-08 03:06:47.426 I/RagPromptBuilder: Query: 'в каком регионе находится город где родился Гагарин' -> ZIM keywords: 'каком регионе находится город родился гагарин'
2026-09-08 03:06:47.458 I/GraphWalker: walk seed=Гагарин,_Юрий_Алексеевич props=[P6, P1365, P1366, P39, P166, P26, P40, P22, P25, P3373, P50, P175, P800, P184, P802, P57, P58, P162, P36, P159, P127, P112] → 6 nodes
2026-09-08 03:06:47.458 I/RagPromptBuilder: Walker probes (entity='Гагарин', props=22): Гагарин, Юрий Алексеевич, Герой Советского Союза, Орден Ленина, Юбилейная медаль «Двадцать лет Победы в Великой Отечественной войне 1941—1945 гг.», Медаль «За освоение целинных земель», Юбилейная медаль «40 лет Вооружённых Сил СССР», Юбилейная медаль «50 лет Вооружённых Сил СССР»
2026-09-08 03:06:47.469 I/EntityTitleProbe: Title probes (23 lookups): Гагарин, Юрий Алексеевич(1070), Регион(1030), Город(1030)
2026-09-08 03:06:47.508 I/ZimSearcher: search('каком регионе находится город родился гагарин') estimated=400
2026-09-08 03:06:48.126 I/ZimSearcher: search('находится') estimated=505230
2026-09-08 03:06:48.493 I/RagPromptBuilder: Entity merge 'находится': +20 candidates
2026-09-08 03:06:48.495 I/RagPromptBuilder: RAG: 'в каком регионе находится город где родился Гагарин' candidates=49
2026-09-08 03:06:48.496 I/RagPromptBuilder: Top hits: Гагарин, Юрий Алексеевич(s=1070)[Гагарин,_Юрий_Алексеевич] | Регион(s=1030)[Регион] | Город(s=1030)[Город] | Орден Ленина(s=899)[Орден_Ленина] | Герой Советского Союза(s=899)[Герой_Советского_Союза]
2026-09-08 03:06:48.496 I/BenchmarkBridge: [PROBE] cand=49 ms=1070 titles=Гагарин, Юрий Алексеевич | Регион | Город | Орден Ленина | Герой Советского Союза | Медаль «За освоение целинных земель» | Юбилейная медаль «40 лет Вооружённых Сил СССР» | Юбилейная медаль «50 лет Вооружённых Сил СССР» | Юбилейная медаль «Двадцать лет Победы в Великой Отечественной войне 1941—1945 гг.» | Гагарин (Смоленская область) | Улица Гагарина (Томск) | Где находится нофелет? | Наход (Новгородская область) | Наход | Виллер | Битва при Находе | Озёра Уфы | Уличная скульптура в Элисте | Замок Скалы (Наход) | Покеткуб
2026-09-08 03:06:48.496 I/BenchmarkBridge: [PROBE] done
2026-09-08 03:06:48.977 I/BenchmarkBridge: [PROBE] q=сравни население Москвы и Санкт-Петербурга
2026-09-08 03:06:48.978 I/BenchmarkBridge: [PROBE] fast=miss ms=0
2026-09-08 03:06:48.979 I/RagPromptBuilder: Query: 'сравни население Москвы и Санкт-Петербурга' -> ZIM keywords: 'сравни население москвы санкт петербурга'
2026-09-08 03:06:49.263 I/GraphWalker: walk: 0 wikilinks in 'Генплан_Петербурга' (depth=0)
2026-09-08 03:06:49.264 I/GraphWalker: walk seed=Генплан_Петербурга props=[P6, P1365, P1366, P39, P166, P26, P40, P22, P25, P3373, P50, P175, P800, P184, P802, P57, P58, P162, P36, P159, P127, P112] → 0 nodes
2026-09-08 03:06:49.264 I/RagPromptBuilder: Walker probes (entity='Петербурга', props=22): Генплан Петербурга
2026-09-08 03:06:49.276 I/EntityTitleProbe: Title probes (23 lookups): Москва(1080), Санкт-Петербург(1070), Население Москвы(900)
2026-09-08 03:06:49.301 I/ZimSearcher: search('сравни население москвы санкт петербурга') estimated=300
2026-09-08 03:06:49.659 I/ZimSearcher: search('петербурга') estimated=115995
2026-09-08 03:06:49.961 I/RagPromptBuilder: Entity merge 'петербурга': +18 candidates
2026-09-08 03:06:49.963 I/RagPromptBuilder: RAG: 'сравни население Москвы и Санкт-Петербурга' candidates=42
2026-09-08 03:06:49.963 I/RagPromptBuilder: Top hits: Москва(s=1080)[Москва] | Санкт-Петербург(s=1070)[Санкт-Петербург] | Генплан Петербурга(s=900)[Генплан_Петербурга] | Население Москвы(s=900)[Население_Москвы] | Санкт-Петербург (телерадиокомпания)(s=99)[Санкт-Петербург_(телерадиокомпания)]
2026-09-08 03:06:49.964 I/BenchmarkBridge: [PROBE] cand=42 ms=985 titles=Москва | Санкт-Петербург | Генплан Петербурга | Население Москвы | Санкт-Петербург (телерадиокомпания) | Санкт-Петербург-Витебский регион Октябрьской железной дороги | Экономика Санкт-Петербурга | Награды Санкт-Петербурга | Библиотеки Санкт-Петербурга | Уставный суд Санкт-Петербурга | Губернатор Санкт-Петербурга | Органы власти Санкт-Петербурга | Флаг Санкт-Петербурга | Экология Санкт-Петербурга | Почётный гражданин Санкт-Петербурга | Законодательное собрание Санкт-Петербурга | Матчи сборной Санкт-Петербурга по футболу (1913) | Матчи сборной Санкт-Петербурга по футболу (1902—1907) | Матчи сборной Санкт-Петербурга по футболу (1914) | Программа сохранения и развития исторического центра Санкт-Петербурга
2026-09-08 03:06:49.964 I/BenchmarkBridge: [PROBE] done
2026-09-08 03:06:50.116 I/BenchmarkBridge: [PROBE] q=почему Байкал самое глубокое озеро
2026-09-08 03:06:50.117 I/BenchmarkBridge: [PROBE] fast=miss ms=0
2026-09-08 03:06:50.117 I/RagPromptBuilder: Query: 'почему Байкал самое глубокое озеро' -> ZIM keywords: 'байкал самое глубокое озеро'
2026-09-08 03:06:50.154 I/GraphWalker: walk: 0 wikilinks in 'Байкал' (depth=0)
2026-09-08 03:06:50.154 I/GraphWalker: walk seed=Байкал props=[P6, P1365, P1366, P39, P166, P26, P40, P22, P25, P3373, P50, P175, P800, P184, P802, P57, P58, P162, P36, P159, P127, P112] → 0 nodes
2026-09-08 03:06:50.154 I/RagPromptBuilder: Walker probes (entity='Байкал', props=22): Байкал
2026-09-08 03:06:50.163 I/EntityTitleProbe: Title probes (12 lookups): Байкал(1080), Глубокое озеро(1050) | redundant: Глубокое, Озеро
2026-09-08 03:06:50.176 I/ZimSearcher: search('байкал самое глубокое озеро') estimated=200
2026-09-08 03:06:50.492 I/ZimSearcher: search('глубокое') estimated=52854
2026-09-08 03:06:50.785 I/RagPromptBuilder: Entity merge 'глубокое': +19 candidates
2026-09-08 03:06:50.786 I/RagPromptBuilder: RAG: 'почему Байкал самое глубокое озеро' candidates=39
2026-09-08 03:06:50.786 I/RagPromptBuilder: Top hits: Байкал(s=1080)[Байкал] | Глубокое озеро(s=1050)[Глубокое_озеро] | Глубокое(s=100)[Глубокое] | Глубокое (город)(s=99)[Глубокое_(город)] | Глубокое обучение(s=98)[Глубокое_обучение]
2026-09-08 03:06:50.786 I/BenchmarkBridge: [PROBE] cand=39 ms=669 titles=Байкал | Глубокое озеро | Глубокое | Глубокое (город) | Глубокое обучение | Глубокое (Алтайский край) | Глубокое синее море (фильм, 1999) | Глубокое синее море 2 | Глубокое (Лужский район) | Глубокое (Опочецкий район) | Байкальская горная страна | Хронология озера Байкал | Сарма (река, впадает в Байкал) | (2776) Байкал | Глубокий | Хубсугул | Впадины континентов | Глубокая | Герб Глубокого | Глубокий вдох
2026-09-08 03:06:50.786 I/BenchmarkBridge: [PROBE] done
2026-09-08 03:06:51.252 I/BenchmarkBridge: [PROBE] q=как связаны Менделеев и периодическая таблица
2026-09-08 03:06:51.253 I/BenchmarkBridge: [PROBE] fast=miss ms=0
2026-09-08 03:06:51.254 I/RagPromptBuilder: Query: 'как связаны Менделеев и периодическая таблица' -> ZIM keywords: 'связаны менделеев периодическая таблица'
2026-09-08 03:06:51.296 I/GraphWalker: walk seed=Менделеев,_Дмитрий_Иванович props=[P6, P1365, P1366, P39, P166, P26, P40, P22, P25, P3373, P50, P175, P800, P184, P802, P57, P58, P162, P36, P159, P127, P112] → 6 nodes
2026-09-08 03:06:51.297 I/RagPromptBuilder: Walker probes (entity='Менделеев', props=22): Менделеев, Дмитрий Иванович, Орден Святого Владимира, Кавалер ордена Святого Александра Невского, Орден Белого орла (Российская империя), Орден Святой Анны I степени, Орден Святого Станислава (Российская империя), Орден Святой Анны II степени
2026-09-08 03:06:51.306 I/EntityTitleProbe: Title probes (14 lookups): Менделеев, Дмитрий Иванович(1070), Периодическая система химических элементов(1040), Таблица(1030), Таблиц, Богуслав(1020)
2026-09-08 03:06:51.315 I/ZimSearcher: search('связаны менделеев периодическая таблица') estimated=60
2026-09-08 03:06:51.715 I/ZimSearcher: search('периодическая') estimated=24960
2026-09-08 03:06:52.065 I/RagPromptBuilder: Entity merge 'периодическая': +18 candidates
2026-09-08 03:06:52.067 I/RagPromptBuilder: RAG: 'как связаны Менделеев и периодическая таблица' candidates=46
2026-09-08 03:06:52.067 I/RagPromptBuilder: Top hits: Менделеев, Дмитрий Иванович(s=1070)[Менделеев,_Дмитрий_Иванович] | Периодическая система химических элементов(s=1040)[Периодическая_система_химических_элементов] | Таблица(s=1030)[Таблица] | Таблиц, Богуслав(s=1020)[Таблиц,_Богуслав] | Орден Святого Владимира(s=899)[Орден_Святого_Владимира]
2026-09-08 03:06:52.068 I/BenchmarkBridge: [PROBE] cand=46 ms=814 titles=Менделеев, Дмитрий Иванович | Периодическая система химических элементов | Таблица | Таблиц, Богуслав | Орден Святого Владимира | Орден Белого орла (Российская империя) | Орден Святой Анны I степени | Орден Святой Анны II степени | Кавалер ордена Святого Александра Невского | Орден Святого Станислава (Российская империя) | Периодическая болезнь | Периодическая последовательность | Периодическая группа | Периодическая функция | Историческая еврейская периодическая печать | Почти периодическая функция | Трижды периодическая минимальная поверхность | Периодический закон | Менделеевские съезды | Периодическое издание
2026-09-08 03:06:52.068 I/BenchmarkBridge: [PROBE] done
2026-09-08 03:16:56.980 I/WikiLLMApp: ADSP_LIBRARY_PATH=/data/app/~~dop0CQG5pMI3hl66N7-1ZA==/com.wikillm.android.debug-07LtmumDii_l0ceGM9fzkQ==/lib/arm64;/vendor/lib/rfsa/adsp;/vendor/dsp/cdsp;/system/lib/rfsa/adsp
2026-09-08 03:16:56.986 I/WikiLLMApp: ReLinker.loadLibrary(zim) OK
2026-09-08 03:16:56.990 I/WikiLLMApp: ReLinker.loadLibrary(kiwix) OK
2026-09-08 03:16:56.991 I/WikiLLMApp: System.loadLibrary(zim_wrapper) OK
2026-09-08 03:16:56.992 I/WikiLLMApp: System.loadLibrary(kiwix_wrapper) OK
2026-09-08 03:16:57.297 I/ChatVM: Auto-loading last model: QVikhr-3-4B-Instruction-Q4_0.gguf
2026-09-08 03:16:57.298 I/ChatVM: Loading model: QVikhr-3-4B-Instruction-Q4_0.gguf (device=auto, mtp=0) (/storage/emulated/0/Android/data/com.wikillm.android.debug/files/models/Vikhrmodels/QVikhr-3-4B-Instruction-GGUF/QVikhr-3-4B-Instruction-Q4_0.gguf)
2026-09-08 03:16:57.723 I/ZimSearcher: openPath: /storage/emulated/0/Android/data/com.wikillm.android.debug/files/zim/wikipedia_ru_all_nopic_2026-01.zim (14671735099 bytes)
2026-09-08 03:16:58.133 I/ZimSearchHolder: ZimSearchHolder ready: wikipedia_ru_all_nopic_2026-01.zim
2026-09-08 03:17:01.265 I/ChatVM: Model loaded: QVikhr-3-4B-Instruction-Q4_0.gguf
2026-09-08 03:17:16.562 I/BenchmarkBridge: [PROBE] q=PROBE-RUN-1788826636
2026-09-08 03:17:16.564 I/BenchmarkBridge: [PROBE] fast=miss ms=1
2026-09-08 03:17:16.566 I/RagPromptBuilder: Query: 'PROBE-RUN-1788826636' -> ZIM keywords: 'probe run 1788826636'
2026-09-08 03:17:16.742 I/GraphWalker: walk: 0 wikilinks in 'Probe_16' (depth=0)
2026-09-08 03:17:16.742 I/GraphWalker: walk seed=Probe_16 props=[P6, P1365, P1366, P39, P166, P26, P40, P22, P25, P3373, P50, P175, P800, P184, P802, P57, P58, P162, P36, P159, P127, P112] → 0 nodes
2026-09-08 03:17:16.743 I/RagPromptBuilder: Walker probes (entity='PROBE', props=22): Probe 16
2026-09-08 03:17:16.758 I/ZimSearcher: search('probe run 1788826636') estimated=0
2026-09-08 03:17:16.759 I/ZimSearcher: search('1788826636') estimated=0
2026-09-08 03:17:16.760 I/RagPromptBuilder: RAG: 'PROBE-RUN-1788826636' candidates=1
2026-09-08 03:17:16.761 I/RagPromptBuilder: Top hits: Probe 16(s=900)[Probe_16]
2026-09-08 03:17:16.761 I/BenchmarkBridge: [PROBE] cand=1 ms=197 titles=Probe 16
2026-09-08 03:17:16.762 I/BenchmarkBridge: [PROBE] done
2026-09-08 03:17:17.206 I/BenchmarkBridge: [PROBE] q=кто мэр Тольятти
2026-09-08 03:17:17.207 I/FactoidAnswerer: Factoid candidate: label='Глава/мэр' entity='Тольятти'
2026-09-08 03:17:17.227 I/EntityTitleProbe: Title probes (8 lookups): Тольятти(1080)
2026-09-08 03:17:17.546 I/ZimSearcher: suggestTitles('Тольятти'): Тольятти, Тольятти 24, Тольятти (История), Тольятти (аэродром), Тольятти (значения), Тольятти (станция), Тольятти П., Тольятти сегодня, Тольятти, Эудженио, Тольятти (речной порт), Тольятти (футбольный клуб), Тольятти (особая экономическая зона), Тольятти (территория опережающего развития), Академия Тольятти, Вузы Тольятти, Герб Тольятти, Гимн Тольятти, Градоначальники Тольятти, Дума Тольятти, Лада (Тольятти), Лада-Тольятти, Медгородок Тольятти, Набережная Тольятти, Памятники Тольятти, Поверхность Тольятти, Портпосёлок (Тольятти), Районы Тольятти, СИБУР Тольятти, Спорт Тольятти, Троллейбус Тольятти, Улицы Тольятти, Флаг Тольятти
2026-09-08 03:17:17.549 I/FactoidAnswerer: Factoid candidates: Тольятти
2026-09-08 03:17:17.812 I/FactoidAnswerer: Factoid HIT: Глава/мэр = 'Илья Геннадьевич Сухих' (Тольятти)
2026-09-08 03:17:17.812 I/BenchmarkBridge: [PROBE] fast=hit ms=607 article=Тольятти field=Глава/мэр value=Илья Геннадьевич Сухих
2026-09-08 03:17:17.813 I/RagPromptBuilder: Query: 'кто мэр Тольятти' -> ZIM keywords: 'мэр тольятти'
2026-09-08 03:17:17.993 I/GraphWalker: walk seed=Тольятти props=[P6, P1365, P1366] → 4 nodes
2026-09-08 03:17:17.994 I/RagPromptBuilder: Walker probes (entity='Тольятти', props=3): Тольятти, Илья Геннадьевич Сухих, Николай Ренц, Сергей Анташев, Сергей Андреев
2026-09-08 03:17:17.996 I/EntityTitleProbe: Title probes (8 lookups): Тольятти(1080)
2026-09-08 03:17:18.020 I/ZimSearcher: search('мэр тольятти') estimated=700
2026-09-08 03:17:18.270 I/ZimSearcher: search('тольятти') estimated=5796
2026-09-08 03:17:18.652 I/RagPromptBuilder: Entity merge 'тольятти': +15 candidates
2026-09-08 03:17:18.654 I/RagPromptBuilder: RAG: 'кто мэр Тольятти' candidates=37
2026-09-08 03:17:18.654 I/RagPromptBuilder: Top hits: Тольятти(s=1080)[Тольятти] | Илья Геннадьевич Сухих(s=899)[Сухих,_Илья_Геннадьевич] | Николай Ренц(s=898)[Ренц,_Николай_Альфредович] | Сергей Анташев(s=897)[Анташев,_Сергей_Александрович] | Сергей Андреев(s=896)[Андреев,_Сергей_Игоревич]
2026-09-08 03:17:18.655 I/BenchmarkBridge: [PROBE] cand=37 ms=842 titles=Тольятти | Илья Геннадьевич Сухих | Николай Ренц | Сергей Анташев | Сергей Андреев | Тольятти 24 | Тольятти, Пальмиро | Тольятти (станция) | Тольятти (особая экономическая зона) | Тольяттинский театр кукол | Спорт в Тольятти | Памятники Тольятти | Лада-Тольятти | История Тольятти | Официальные символы Тольятти | Взрыв автобуса в Тольятти | Храмы Тольятти | Градоначальники Тольятти | ТОР «Тольятти» | Колесо (театр, Тольятти)
2026-09-08 03:17:18.655 I/BenchmarkBridge: [PROBE] done
2026-09-08 03:17:18.863 I/BenchmarkBridge: [PROBE] q=кто мэр Москвы
2026-09-08 03:17:18.864 I/FactoidAnswerer: Factoid candidate: label='Глава/мэр' entity='Москвы'
2026-09-08 03:17:20.420 I/EntityTitleProbe: Title probes (6 lookups): Москва(1080), Мэр Москвы(900)
2026-09-08 03:17:21.127 I/ZimSearcher: suggestTitles('Москвы'): Москвы имени канал, Москвы не бывает, АТД Москвы, Автовокзалы Москвы, Армяне Москвы, Археология Москвы, Архитектура Москвы, Архсовет Москвы, Аэропорты Москвы, Банк Москвы, Бастионы Москвы, Библиотеки Москвы, Болота Москвы, Больницы Москвы, Бомбардировка Москвы, Бюджет Москвы, Виртуозы Москвы, Водоемы Москвы, Водоснабжение Москвы, Вокзалы Москвы, Восьмисотлетие Москвы, Высотки Москвы, ГУВД Москвы, Газоснабжение Москвы, География Москвы, Геология Москвы, Герб Москвы, Гидрология Москвы, Гимн Москвы, Гимназии Москвы, Главархив Москвы, Главы Москвы
2026-09-08 03:17:21.129 I/FactoidAnswerer: Factoid candidates: Москва, Мэр Москвы
2026-09-08 03:17:21.281 I/FactoidAnswerer: Factoid HIT: Глава/мэр = 'Сергей Собянин' (Москва)
2026-09-08 03:17:21.282 I/BenchmarkBridge: [PROBE] fast=hit ms=2418 article=Москва field=Глава/мэр value=Сергей Собянин
2026-09-08 03:17:21.282 I/RagPromptBuilder: Query: 'кто мэр Москвы' -> ZIM keywords: 'мэр москвы'
2026-09-08 03:17:21.636 I/GraphWalker: walk: 0 wikilinks in 'Москвы_имени_канал' (depth=0)
2026-09-08 03:17:21.636 I/GraphWalker: walk seed=Москвы_имени_канал props=[P6, P1365, P1366] → 0 nodes
2026-09-08 03:17:21.637 I/RagPromptBuilder: Walker probes (entity='Москвы', props=3): Москвы имени канал
2026-09-08 03:17:21.638 I/EntityTitleProbe: Title probes (6 lookups): Москва(1080), Мэр Москвы(900)
2026-09-08 03:17:21.695 I/ZimSearcher: search('мэр москвы') estimated=20000
2026-09-08 03:17:22.299 I/ZimSearcher: search('москвы') estimated=410811
2026-09-08 03:17:22.886 I/RagPromptBuilder: Entity merge 'москвы': +20 candidates
2026-09-08 03:17:22.888 I/RagPromptBuilder: RAG: 'кто мэр Москвы' candidates=42
2026-09-08 03:17:22.889 I/RagPromptBuilder: Top hits: Москва(s=1080)[Москва] | Москвы имени канал(s=900)[Москвы_имени_канал] | Мэр Москвы(s=900)[Мэр_Москвы] | Здание мэрии Москвы(s=99)[Здание_мэрии_Москвы] | Выборы мэра Москвы (2018)(s=99)[Выборы_мэра_Москвы_(2018)]
2026-09-08 03:17:22.889 I/BenchmarkBridge: [PROBE] cand=42 ms=1607 titles=Москва | Москвы имени канал | Мэр Москвы | Здание мэрии Москвы | Выборы мэра Москвы (2018) | Выборы мэра Москвы (2013) | Выборы мэра Москвы (1999) | Выборы мэра Москвы (2023) | Выборы мэра Москвы (1991) | Выборы мэра Москвы (1996) | Кубок мэра Москвы по хоккею | Правительство Москвы | Выборы мэра Москвы (2003) | Устав города Москвы | Выборы мэра Москвы | Награды Москвы | Градоначальники Москвы | ФК «Спартак» Москва в сезоне 1935 | Москва (значения) | ФК «Спартак» Москва в сезоне 1940
2026-09-08 03:17:22.889 I/BenchmarkBridge: [PROBE] done
2026-09-08 03:17:23.119 I/BenchmarkBridge: [PROBE] q=какое население Казани
2026-09-08 03:17:23.120 I/FactoidAnswerer: Factoid candidate: label='Население' entity='Казани'
2026-09-08 03:17:23.715 I/EntityTitleProbe: Title probes (16 lookups): Казань(1080), Казана, Мариуш(1070), Население Казани(900)
2026-09-08 03:17:23.924 I/ZimSearcher: suggestTitles('Казани'): Архитектура Казани, Аэропорт Казани, Взятие Казани, Воевода Казани, Вузы Казани, Герб Казани, Демография Казани, История Казани, Кинотеатры Казани, Климат Казани, Культура Казани, Метро Казани, Мосты Казани, Музеи Казани, Награды Казани, Огни Казани, Осада Казани, Памятники Казани, Промышленность Казани, Районы Казани, Транспорт Казани, Тысячелетие Казани, Улицы Казани, Флаг Казани, Экология Казани, Экономика Казани, Авиакатастрофа в Казани, Авиастроительный район Казани, Автобусные маршруты Казани, Адмиралтейская слобода Казани, Бауманский район Казани, Вахитовский район Казани
2026-09-08 03:17:23.925 I/FactoidAnswerer: Factoid candidates: Казань, Казана, Мариуш, Население Казани
2026-09-08 03:17:24.024 I/FactoidAnswerer: Factoid HIT: Население = '1 329 825 человек (2025)' (Казань)
2026-09-08 03:17:24.024 I/BenchmarkBridge: [PROBE] fast=hit ms=906 article=Казань field=Население value=1 329 825 человек (2025)
2026-09-08 03:17:24.025 I/RagPromptBuilder: Query: 'какое население Казани' -> ZIM keywords: 'какое население казани'
2026-09-08 03:17:24.153 I/GraphWalker: walk: 0 wikilinks in 'Архитектура_Казани' (depth=0)
2026-09-08 03:17:24.154 I/GraphWalker: walk seed=Архитектура_Казани props=[P6, P1365, P1366, P39, P166, P26, P40, P22, P25, P3373, P50, P175, P800, P184, P802, P57, P58, P162, P36, P159, P127, P112] → 0 nodes
2026-09-08 03:17:24.155 I/RagPromptBuilder: Walker probes (entity='Казани', props=22): Архитектура Казани
2026-09-08 03:17:24.161 I/EntityTitleProbe: Title probes (16 lookups): Казань(1080), Казана, Мариуш(1070), Население Казани(900)
2026-09-08 03:17:24.231 I/ZimSearcher: search('какое население казани') estimated=7000
2026-09-08 03:17:24.894 I/ZimSearcher: search('население') estimated=524115
2026-09-08 03:17:25.501 I/RagPromptBuilder: Entity merge 'население': +20 candidates
2026-09-08 03:17:25.505 I/RagPromptBuilder: RAG: 'какое население Казани' candidates=42
2026-09-08 03:17:25.505 I/RagPromptBuilder: Top hits: Казань(s=1080)[Казань] | Казана, Мариуш(s=1070)[Казана,_Мариуш] | Архитектура Казани(s=900)[Архитектура_Казани] | Население Казани(s=900)[Население_Казани] | Население(s=99)[Население]
2026-09-08 03:17:25.505 I/BenchmarkBridge: [PROBE] cand=42 ms=1480 titles=Казань | Казана, Мариуш | Архитектура Казани | Население Казани | Население | Население Тывы | Население Ингушетии | Население Перми | Население Мордовии | Население Севастополя | Население Ярославской области | Население Красноярского края | Население Алтайского края | Население Ставропольского края | Население Чукотского автономного округа | Население Курской области | Население Сахалинской области | Приволжский район (Казань) | Портал:Черноземье | География населения
2026-09-08 03:17:25.511 I/BenchmarkBridge: [PROBE] done
2026-09-08 03:17:25.822 I/BenchmarkBridge: [PROBE] q=какое население Екатеринбурга
2026-09-08 03:17:25.823 I/FactoidAnswerer: Factoid candidate: label='Население' entity='Екатеринбурга'
2026-09-08 03:17:26.052 I/EntityTitleProbe: Title probes (8 lookups): Екатеринбург(1080), Население Екатеринбурга(900)
2026-09-08 03:17:26.139 I/ZimSearcher: suggestTitles('Екатеринбурга'): Администрация Екатеринбурга, Архитектура Екатеринбурга, Водоотведение Екатеринбурга, Водоснабжение Екатеринбурга, Вокзал Екатеринбурга, Вузы Екатеринбурга, Газоснабжение Екатеринбурга, Герб Екатеринбурга, Глава Екатеринбурга, Главы Екатеринбурга, История Екатеринбурга, Кинотеатры Екатеринбурга, Кладбища Екатеринбурга, Климат Екатеринбурга, Культура Екатеринбурга, Метро Екатеринбурга, Музеи Екатеринбурга, Музыка Екатеринбурга, Население Екатеринбурга, Озеленение Екатеринбурга, Промышленность Екатеринбурга, Радиостанции Екатеринбурга, Радиостанции екатеринбурга, Районы Екатеринбурга, СМИ Екатеринбурга, ССУЗы Екатеринбурга, Слободы Екатеринбурга, Театры Екатеринбурга, Теплоснабжение Екатеринбурга, Транспорт Екатеринбурга, Улицы Екатеринбурга, Храмы Екатеринбурга
2026-09-08 03:17:26.140 I/FactoidAnswerer: Factoid candidates: Екатеринбург, Население Екатеринбурга
2026-09-08 03:17:26.250 I/FactoidAnswerer: Factoid HIT: Население = 'город: 1 548 187 (2025) городской округ: 1 592 493 человек (2025)' (Екатеринбург)
2026-09-08 03:17:26.250 I/BenchmarkBridge: [PROBE] fast=hit ms=427 article=Екатеринбург field=Население value=город: 1 548 187 (2025) городской округ: 1 592 493 человек (2025)
2026-09-08 03:17:26.251 I/RagPromptBuilder: Query: 'какое население Екатеринбурга' -> ZIM keywords: 'какое население екатеринбурга'
2026-09-08 03:17:26.425 I/GraphWalker: walk: 0 wikilinks in 'Проспект_Ленина_(Екатеринбург)' (depth=1)
2026-09-08 03:17:26.433 I/GraphWalker: walk seed=Администрация_Екатеринбурга props=[P6, P1365, P1366, P39, P166, P26, P40, P22, P25, P3373, P50, P175, P800, P184, P802, P57, P58, P162, P36, P159, P127, P112] → 6 nodes
2026-09-08 03:17:26.434 I/RagPromptBuilder: Walker probes (entity='Екатеринбурга', props=22): Администрация Екатеринбурга, Екатеринбург, Проспект Ленина, дом 24а, Алексей Орлов, Г. А. Голубев, М. В. Рейшер
2026-09-08 03:17:26.439 I/EntityTitleProbe: Title probes (8 lookups): Екатеринбург(1080), Население Екатеринбурга(900)
2026-09-08 03:17:26.488 I/ZimSearcher: search('какое население екатеринбурга') estimated=5000
2026-09-08 03:17:26.821 I/ZimSearcher: search('екатеринбурга') estimated=25419
2026-09-08 03:17:27.107 I/RagPromptBuilder: Entity merge 'екатеринбурга': +16 candidates
2026-09-08 03:17:27.110 I/RagPromptBuilder: RAG: 'какое население Екатеринбурга' candidates=43
2026-09-08 03:17:27.110 I/RagPromptBuilder: Top hits: Екатеринбург(s=1080)[Екатеринбург] | Администрация Екатеринбурга(s=900)[Администрация_Екатеринбурга] | Проспект Ленина(s=899)[Проспект_Ленина_(Екатеринбург)] | дом 24а(s=899)[Здание_Свердловского_городского_совета_народных_депутатов] | Алексей Орлов(s=899)[Орлов,_Алексей_Валерьевич]
2026-09-08 03:17:27.111 I/BenchmarkBridge: [PROBE] cand=43 ms=860 titles=Екатеринбург | Администрация Екатеринбурга | Проспект Ленина | дом 24а | Алексей Орлов | Население Екатеринбурга | Г. А. Голубев | М. В. Рейшер | Главы Екатеринбурга | Экономика Екатеринбурга | История Екатеринбурга | Международные связи Екатеринбурга | Транспорт Екатеринбурга | Архитектура Екатеринбурга | Культура Екатеринбурга | Глава администрации города Екатеринбурга | Административно-территориальное деление Екатеринбурга | Глава Екатеринбурга | Газоснабжение Екатеринбурга | Железнодорожный район (Екатеринбург)
2026-09-08 03:17:27.111 I/BenchmarkBridge: [PROBE] done
2026-09-08 03:17:27.492 I/BenchmarkBridge: [PROBE] q=когда основан Новосибирск
2026-09-08 03:17:27.494 I/FactoidAnswerer: Factoid candidate: label='Основан' entity='Новосибирск'
2026-09-08 03:17:27.507 I/EntityTitleProbe: Title probes (2 lookups): Новосибирск(1080)
2026-09-08 03:17:28.028 I/ZimSearcher: suggestTitles('Новосибирск'): Новосибирск, Новосибирск (аэропорт), Новосибирск (значения), Новосибирск (станция), Новосибирск (телерадиокомпания), Новосибирск Авиа, Новосибирск Экспоцентр, Новосибирск-Восточный, Новосибирск-Главный, Новосибирск-Ж, Новосибирск-Западный, Новосибирск-Инская, Новосибирск-Олимпик, Новосибирск-Южный, Новосибирск (баскетбольный клуб), Новосибирск (подводная лодка), Новосибирск (футбольный клуб), Новосибирск Северный (аэропорт), Новосибирск-Главный-Перевалка, «Новосибирск» в сезоне 2012/2013, «Новосибирск» в сезоне 2013/2014, «Новосибирск» в сезоне 2014/2015, «Новосибирск» в сезоне 2015/2016, «Новосибирск» в сезоне 2016/2017, (4271) Новосибирск, Академгородок (Новосибирск), Вертково (Новосибирск), Вечерний Новосибирск, Водоканал (Новосибирск), Затон (Новосибирск), Кирово (Новосибирск), Лесоперевалка (Новосибирск)
2026-09-08 03:17:28.030 I/FactoidAnswerer: Factoid candidates: Новосибирск
2026-09-08 03:17:28.116 I/FactoidAnswerer: Factoid HIT: Основан = '1893 год' (Новосибирск)
2026-09-08 03:17:28.116 I/BenchmarkBridge: [PROBE] fast=hit ms=623 article=Новосибирск field=Основан value=1893 год
2026-09-08 03:17:28.117 I/RagPromptBuilder: Query: 'когда основан Новосибирск' -> ZIM keywords: 'основан новосибирск'
2026-09-08 03:17:28.205 I/GraphWalker: walk: 0 wikilinks in 'Благодарность_Президента_Российской_Федерации' (depth=2)
2026-09-08 03:17:28.218 I/GraphWalker: walk seed=Новосибирск props=[P6, P1365, P1366, P39, P166, P26, P40, P22, P25, P3373, P50, P175, P800, P184, P802, P57, P58, P162, P36, P159, P127, P112] → 6 nodes
2026-09-08 03:17:28.219 I/RagPromptBuilder: Walker probes (entity='Новосибирск', props=22): Новосибирск, Максим Кудрявцев, Благодарность Президента Российской Федерации, Анатолий Локоть, Олег Клемешов, Медаль «За возвращение Крыма», Почётная грамота Правительства Российской Федерации
2026-09-08 03:17:28.220 I/EntityTitleProbe: Title probes (2 lookups): Новосибирск(1080)
2026-09-08 03:17:28.266 I/ZimSearcher: search('основан новосибирск') estimated=9000
2026-09-08 03:17:28.510 I/ZimSearcher: search('новосибирск') estimated=37369
2026-09-08 03:17:28.810 I/RagPromptBuilder: Entity merge 'новосибирск': +19 candidates
2026-09-08 03:17:28.812 I/RagPromptBuilder: RAG: 'когда основан Новосибирск' candidates=46
2026-09-08 03:17:28.813 I/RagPromptBuilder: Top hits: Новосибирск(s=1080)[Новосибирск] | Максим Кудрявцев(s=899)[Кудрявцев,_Максим_Георгиевич] | Анатолий Локоть(s=898)[Локоть,_Анатолий_Евгеньевич] | Олег Клемешов(s=898)[Клемешов,_Олег_Петрович] | Благодарность Президента Российской Федерации(s=898)[Благодарность_Президента_Российской_Федерации]
2026-09-08 03:17:28.813 I/BenchmarkBridge: [PROBE] cand=46 ms=696 titles=Новосибирск | Максим Кудрявцев | Анатолий Локоть | Олег Клемешов | Благодарность Президента Российской Федерации | Медаль «За возвращение Крыма» | Почётная грамота Правительства Российской Федерации | Новосибирский метрополитен | Новосибирск (телерадиокомпания) | Новосибирский троллейбус | Новосибирская агломерация | Новосибирский трамвай | Новосибирский автобус | Новосибирский метромост | Новосибирская епархия | Новосибирский государственный художественный музей | Новосибирский автотранспортный колледж | Новосибирский радиотехнический колледж | Новосибирская (кондитерская фабрика) | Новосибирская картографическая фабрика
2026-09-08 03:17:28.813 I/BenchmarkBridge: [PROBE] done
2026-09-08 03:17:29.159 I/BenchmarkBridge: [PROBE] q=когда основан Владивосток
2026-09-08 03:17:29.160 I/FactoidAnswerer: Factoid candidate: label='Основан' entity='Владивосток'
2026-09-08 03:17:29.173 I/EntityTitleProbe: Title probes (2 lookups): Владивосток(1080)
2026-09-08 03:17:29.303 I/ZimSearcher: suggestTitles('Владивосток'): Владивосток, Владивосток 2000, Владивосток (УДК), Владивосток (аэропорт), Владивосток (газета), Владивосток (значения), Владивосток (ледокол), Владивосток (пароход), Владивосток (порт), Владивосток (станция), Владивосток (телерадиокомпания), Владивосток Авиа, Владивосток (газета, 1883), Владивосток (газета, 1911), Владивосток (фильм, 2021), Владивосток, год 1918, Владивосток (городской округ), Владивосток (пункт базирования), Владивосток (большой противолодочный корабль), Авиалифт Владивосток, Арт Владивосток, Большой Владивосток, ГТРК «Владивосток», Луч Владивосток, Москва-Владивосток, Новый Владивосток, Эгершельд (Владивосток), АТЭС Владивосток 2012, ТЭЦ-1 (Владивосток), ТЭЦ-2 (Владивосток), Проспект Столетия Владивостока (Владивосток), Абрекская улица (Владивосток)
2026-09-08 03:17:29.305 I/FactoidAnswerer: Factoid candidates: Владивосток
2026-09-08 03:17:29.376 I/FactoidAnswerer: Factoid HIT: Основан = '1860 год' (Владивосток)
2026-09-08 03:17:29.376 I/BenchmarkBridge: [PROBE] fast=hit ms=216 article=Владивосток field=Основан value=1860 год
2026-09-08 03:17:29.377 I/RagPromptBuilder: Query: 'когда основан Владивосток' -> ZIM keywords: 'основан владивосток'
2026-09-08 03:17:29.471 I/GraphWalker: walk seed=Владивосток props=[P6, P1365, P1366, P39, P166, P26, P40, P22, P25, P3373, P50, P175, P800, P184, P802, P57, P58, P162, P36, P159, P127, P112] → 4 nodes
2026-09-08 03:17:29.472 I/RagPromptBuilder: Walker probes (entity='Владивосток', props=22): Владивосток, Константин Владимирович Шестаков, Олег Владимирович Гуменюк, Виталий Веркеенко, Игорь Пушкарёв
2026-09-08 03:17:29.473 I/EntityTitleProbe: Title probes (2 lookups): Владивосток(1080)
2026-09-08 03:17:29.499 I/ZimSearcher: search('основан владивосток') estimated=3000
2026-09-08 03:17:29.749 I/ZimSearcher: search('владивосток') estimated=15504
2026-09-08 03:17:30.018 I/RagPromptBuilder: Entity merge 'владивосток': +17 candidates
2026-09-08 03:17:30.020 I/RagPromptBuilder: RAG: 'когда основан Владивосток' candidates=42
2026-09-08 03:17:30.021 I/RagPromptBuilder: Top hits: Владивосток(s=1080)[Владивосток] | Константин Владимирович Шестаков(s=899)[Шестаков,_Константин_Владимирович] | Олег Владимирович Гуменюк(s=898)[Гуменюк,_Олег_Владимирович] | Виталий Веркеенко(s=897)[Веркеенко,_Виталий_Васильевич] | Игорь Пушкарёв(s=896)[Пушкарёв,_Игорь_Сергеевич]
2026-09-08 03:17:30.021 I/BenchmarkBridge: [PROBE] cand=42 ms=644 titles=Владивосток | Константин Владимирович Шестаков | Олег Владимирович Гуменюк | Виталий Веркеенко | Игорь Пушкарёв | Владивосток (станция) | Владивосток Авиа | Владивосток (аэропорт) | Владивосток (газета, 1883) | Владивостокские тигры | Владивосток (газета, 1911) | Герб Владивостока | Флаг Владивостока | Почётный гражданин Владивостока | История Владивостока | Архитектура Владивостока | Культура Владивостока | Экономика Владивостока | Свободный порт Владивосток | Памятники Владивостока
2026-09-08 03:17:30.021 I/BenchmarkBridge: [PROBE] done
2026-09-08 03:17:30.297 I/BenchmarkBridge: [PROBE] q=какая площадь Байкала
2026-09-08 03:17:30.298 I/FactoidAnswerer: Factoid candidate: label='Площадь' entity='Байкала'
2026-09-08 03:17:30.349 I/EntityTitleProbe: Title probes (4 lookups): Байкал(1080)
2026-09-08 03:17:30.415 I/ZimSearcher: suggestTitles('Байкала'): Ветры Байкала, Орлы Байкала, Баргузин (приток Байкала), Безымянная (приток Байкала), Култук (залив Байкала), Паньковка (приток Байкала), Сор (залив Байкала), Талая (приток Байкала), Легенда о дочери Байкала, Турка (река, бассейн Байкала), Фролиха (река, бассейн Байкала), Холодная (река, бассейн Байкала), Большая Осиновка (приток Байкала, Бурятия), Байкал, Байкан, (2776) Байкал, Байкал-1, Байкал-441, АУ220М «Байкал», Аэропорт Байкал, Байкал (Болгария), Байкал (МРУ), Байкал (авиакомпания), Байкал (автодорога), Байкал (журнал), Байкал (залив), Байкал (значения), Байкал (напиток), Байкал (поезд), Байкал (процессор), Байкал (самолёт), Байкал (стадион)
2026-09-08 03:17:30.416 I/FactoidAnswerer: Factoid candidates: Байкал
2026-09-08 03:17:30.458 I/FactoidAnswerer: Factoid HIT: Площадь = '31 722 км²' (Байкал)
2026-09-08 03:17:30.458 I/BenchmarkBridge: [PROBE] fast=hit ms=162 article=Байкал field=Площадь value=31 722 км²
2026-09-08 03:17:30.459 I/RagPromptBuilder: Query: 'какая площадь Байкала' -> ZIM keywords: 'площадь байкала'
2026-09-08 03:17:30.474 I/GraphWalker: walk: 0 wikilinks in 'Ветры_Байкала' (depth=0)
2026-09-08 03:17:30.474 I/GraphWalker: walk seed=Ветры_Байкала props=[P6, P1365, P1366, P39, P166, P26, P40, P22, P25, P3373, P50, P175, P800, P184, P802, P57, P58, P162, P36, P159, P127, P112] → 0 nodes
2026-09-08 03:17:30.474 I/RagPromptBuilder: Walker probes (entity='Байкала', props=22): Ветры Байкала
2026-09-08 03:17:30.475 I/EntityTitleProbe: Title probes (4 lookups): Байкал(1080)
2026-09-08 03:17:30.495 I/ZimSearcher: search('площадь байкала') estimated=2000
2026-09-08 03:17:30.941 I/ZimSearcher: search('площадь') estimated=297695
2026-09-08 03:17:31.222 I/RagPromptBuilder: Entity merge 'площадь': +20 candidates
2026-09-08 03:17:31.223 I/RagPromptBuilder: RAG: 'какая площадь Байкала' candidates=41
2026-09-08 03:17:31.223 I/RagPromptBuilder: Top hits: Байкал(s=1080)[Байкал] | Ветры Байкала(s=900)[Ветры_Байкала] | Площадь Свободы(s=100)[Площадь_Свободы] | Площадь Ленина(s=99)[Площадь_Ленина] | Площадь Революции(s=99)[Площадь_Революции]
2026-09-08 03:17:31.224 I/BenchmarkBridge: [PROBE] cand=41 ms=765 titles=Байкал | Ветры Байкала | Площадь Свободы | Площадь Ленина | Площадь Революции | Площадь Победы | Площадь Героев | Площадь Независимости | Площадь Обороны (Екатеринбург) | Площадь Кирова (Екатеринбург) | Площадь Труда (Екатеринбург) | Площадь 1905 года (Екатеринбург) | Соборная площадь | Октябрьская площадь | Советская площадь | Берёзовская площадь | Дворцовая площадь | Привокзальная площадь | Сенная площадь (Санкт-Петербург) | Сенная площадь (Екатеринбург)
2026-09-08 03:17:31.224 I/BenchmarkBridge: [PROBE] done
2026-09-08 03:17:31.429 I/BenchmarkBridge: [PROBE] q=какая столица Японии
2026-09-08 03:17:31.430 I/FactoidAnswerer: Factoid candidate: label='Столица' entity='Японии'
2026-09-08 03:17:31.895 I/EntityTitleProbe: Title probes (9 lookups): Япония(1080), Нихоний(1070), Токио(890)
2026-09-08 03:17:32.055 I/ZimSearcher: suggestTitles('Японии'): Японий, АН Японии, АЭС Японии, Автопром Японии, Армия Японии, Архитектура Японии, Банк Японии, Боги Японии, Буддизм Японии, ВВС Японии, ВМС Японии, ВПК Японии, ВС Японии, Валюта Японии, Вулканы Японии, Генконсульство Японии, География Японии, Геология Японии, Герб Японии, Гимн Японии, Города Японии, Гражданство Японии, Демография Японии, День Японии, Деревни Японии, Живопись Японии, Законодательство Японии, Закрытие Японии, Замки Японии, Император Японии, Интернет Японии, Искусство Японии
2026-09-08 03:17:32.057 I/FactoidAnswerer: Factoid candidates: Япония, Нихоний, Токио
2026-09-08 03:17:32.109 I/FactoidAnswerer: Factoid HIT: Столица = 'Токио' (Япония)
2026-09-08 03:17:32.110 I/BenchmarkBridge: [PROBE] fast=hit ms=681 article=Япония field=Столица value=Токио
2026-09-08 03:17:32.110 I/RagPromptBuilder: Query: 'какая столица Японии' -> ZIM keywords: 'столица японии'
2026-09-08 03:17:32.219 I/GraphWalker: walk: 0 wikilinks in 'Японий' (depth=0)
2026-09-08 03:17:32.219 I/GraphWalker: walk seed=Японий props=[P6, P1365, P1366] → 0 nodes
2026-09-08 03:17:32.220 I/RagPromptBuilder: Walker probes (entity='Японии', props=3): Японий
2026-09-08 03:17:32.222 I/EntityTitleProbe: Title probes (9 lookups): Япония(1080), Нихоний(1070), Токио(890)
2026-09-08 03:17:32.271 I/ZimSearcher: search('столица японии') estimated=10000
2026-09-08 03:17:32.793 I/ZimSearcher: search('столица') estimated=88669
2026-09-08 03:17:33.062 I/RagPromptBuilder: Entity merge 'столица': +20 candidates
2026-09-08 03:17:33.064 I/RagPromptBuilder: RAG: 'какая столица Японии' candidates=43
2026-09-08 03:17:33.065 I/RagPromptBuilder: Top hits: Япония(s=1080)[Япония] | Нихоний(s=1070)[Нихоний] | Японий(s=900)[Японий] | Токио(s=890)[Токио] | Столица(s=99)[Столица]
2026-09-08 03:17:33.065 I/BenchmarkBridge: [PROBE] cand=43 ms=955 titles=Япония | Нихоний | Японий | Токио | Столица | Столица (телеканал) | Столица Германии | Столица Республики Казахстан | Столица в огне | Столицы Японии | Третья столица России | Культурная столица Беларуси | Гетманская столица | Первая столица (телепрограмма) | ТОР «Столица Арктики» | Новая столица Египта | Транспорт в Японии | Список стран, где столица не является крупнейшим городом | Фестиваль Столица закатов (Нижний Новгород) | Нагаокакё (столица)
2026-09-08 03:17:33.065 I/BenchmarkBridge: [PROBE] done
2026-09-08 03:17:33.607 I/BenchmarkBridge: [PROBE] q=какая валюта в Бразилии
2026-09-08 03:17:33.608 I/FactoidAnswerer: Factoid candidate: label='Валюта' entity='Бразилии'
2026-09-08 03:17:33.871 I/EntityTitleProbe: Title probes (5 lookups): Бразилия(1080)
2026-09-08 03:17:34.002 I/ZimSearcher: suggestTitles('Бразилии'): Авеню Бразилии, Амфибии Бразилии, Армия Бразилии, Банк Бразилии, ВВП Бразилии, ВВС Бразилии, ВМС Бразилии, ВС Бразилии, Валюта Бразилии, География Бразилии, Геология Бразилии, Герб Бразилии, Гимн Бразилии, Города Бразилии, Горы Бразилии, Живопись Бразилии, Индейцы Бразилии, История Бразилии, КП Бразилии, Капитанства Бразилии, Кинематограф Бразилии, Конгресс Бразилии, Конституция Бразилии, Культура Бразилии, Литература Бразилии, Маршал Бразилии, Млекопитающие Бразилии, Музыка Бразилии, Мученики Бразилии, Название Бразилии, Население Бразилии, Политика Бразилии
2026-09-08 03:17:34.003 I/FactoidAnswerer: Factoid candidates: Бразилия
2026-09-08 03:17:34.040 I/FactoidAnswerer: Factoid HIT: Валюта = 'бразильский реал (код BRL, 986)' (Бразилия)
2026-09-08 03:17:34.041 I/BenchmarkBridge: [PROBE] fast=hit ms=433 article=Бразилия field=Валюта value=бразильский реал (код BRL, 986)
2026-09-08 03:17:34.041 I/RagPromptBuilder: Query: 'какая валюта в Бразилии' -> ZIM keywords: 'валюта бразилии'
2026-09-08 03:17:34.168 I/GraphWalker: walk seed=Авеню_Бразилии props=[P6, P1365, P1366, P39, P166, P26, P40, P22, P25, P3373, P50, P175, P800, P184, P802, P57, P58, P162, P36, P159, P127, P112] → 3 nodes
2026-09-08 03:17:34.168 I/RagPromptBuilder: Walker probes (entity='Бразилии', props=22): Авеню Бразилии, Спаси меня, Святой Георгий, Проспект Бразилии, Любовь к жизни
2026-09-08 03:17:34.170 I/EntityTitleProbe: Title probes (5 lookups): Бразилия(1080)
2026-09-08 03:17:34.189 I/ZimSearcher: search('валюта бразилии') estimated=2000
2026-09-08 03:17:34.472 I/ZimSearcher: search('бразилии') estimated=63140
2026-09-08 03:17:35.265 I/RagPromptBuilder: Entity merge 'бразилии': +19 candidates
2026-09-08 03:17:35.267 I/RagPromptBuilder: RAG: 'какая валюта в Бразилии' candidates=44
2026-09-08 03:17:35.267 I/RagPromptBuilder: Top hits: Бразилия(s=1080)[Бразилия] | Авеню Бразилии(s=900)[Авеню_Бразилии] | Спаси меня, Святой Георгий(s=899)[Спаси_меня,_Святой_Георгий] | Проспект Бразилии(s=898)[Проспект_Бразилии] | Любовь к жизни(s=898)[Любовь_к_жизни_(телесериал,_2013)]
2026-09-08 03:17:35.267 I/BenchmarkBridge: [PROBE] cand=44 ms=1226 titles=Бразилия | Авеню Бразилии | Спаси меня, Святой Георгий | Проспект Бразилии | Любовь к жизни | Чемпионат Бразилии по футболу 2018 (составы) | Экономика Бразилии | Список матчей сборной Бразилии по футболу (1960—1969) | Список матчей сборной Бразилии по футболу (1980—1989) | Список матчей сборной Бразилии по футболу (1970—1979) | Список матчей сборной Бразилии по футболу (1990—1999) | Список матчей сборной Бразилии по футболу (1940—1949) | Список матчей сборной Бразилии по футболу (2010—2019) | Список матчей сборной Бразилии по футболу (1930—1939) | Список матчей сборной Бразилии по футболу (с 2020 года) | Список матчей сборной Бразилии по футболу (1920—1929) | Список матчей сборной Бразилии по футболу (2000—2009) | Список главных тренеров сборной Бразилии по футболу | Соединённое королевство Португалии, Бразилии и Алгарве | Список матчей сборной Бразилии по футболу (1914—1919)
2026-09-08 03:17:35.267 I/BenchmarkBridge: [PROBE] done
2026-09-08 03:17:35.799 I/BenchmarkBridge: [PROBE] q=когда родился Дмитрий Менделеев
2026-09-08 03:17:35.800 I/FactoidAnswerer: Factoid candidate: label='Дата рождения' entity='Менделеев'
2026-09-08 03:17:35.822 I/EntityTitleProbe: Title probes (9 lookups): Менделеев, Дмитрий Иванович(1090), Дмитрий(1080)
2026-09-08 03:17:35.823 I/EntityTitleProbe: Redundant probes: Дмитрий
2026-09-08 03:17:35.911 I/ZimSearcher: suggestTitles('Менделеев'): Менделеев, Менделеев (вулкан), Менделеев (город), Менделеев (значения), Менделеев (кратер), Менделеев Владимир, Менделеев Василий Дмитриевич, Менделеев Иван Павлович, Менделеев Иридий Михайлович, Менделеев Павел Павлович, (2769) Менделеев, Дмитрий Менделеев (судно), Алексей (Алесь) Семёнович Менделеев, Менделеевий, Менделеевит, Менделеевка, Менделеево, Менделеевск, Менделеевская, Менделеевский, Менделеевы, Л. Менделеева, Менделеева таблица, Менделеево (Абхазия), Менделеево (Крым), Менделеево (Кунашир), Менделеево (аэропорт), Менделеевская (платформа), Менделеевская ГеоТЭС, Менделеевская линия, Менделеевская олимпиада, Менделеевская улица
2026-09-08 03:17:35.914 I/FactoidAnswerer: Factoid candidates: Менделеев, Менделеев, Дмитрий Иванович, Менделеев, Дмитрий
2026-09-08 03:17:35.958 I/FactoidAnswerer: Factoid HIT: Дата рождения = '27 января (8 февраля) 1834 […]' (Менделеев)
2026-09-08 03:17:35.958 I/BenchmarkBridge: [PROBE] fast=hit ms=158 article=Менделеев field=Дата рождения value=27 января (8 февраля) 1834 […]
2026-09-08 03:17:35.958 I/RagPromptBuilder: Query: 'когда родился Дмитрий Менделеев' -> ZIM keywords: 'родился дмитрий менделеев'
2026-09-08 03:17:35.992 I/GraphWalker: walk seed=Менделеев,_Дмитрий_Иванович props=[P6, P1365, P1366, P39, P166, P26, P40, P22, P25, P3373, P50, P175, P800, P184, P802, P57, P58, P162, P36, P159, P127, P112] → 6 nodes
2026-09-08 03:17:35.992 I/RagPromptBuilder: Walker probes (entity='Менделеев', props=22): Менделеев, Дмитрий Иванович, Орден Святого Владимира, Кавалер ордена Святого Александра Невского, Орден Белого орла (Российская империя), Орден Святой Анны I степени, Орден Святого Станислава (Российская империя), Орден Святой Анны II степени
2026-09-08 03:17:35.997 I/EntityTitleProbe: Title probes (9 lookups): Менделеев, Дмитрий Иванович(1090), Дмитрий(1080)
2026-09-08 03:17:35.997 I/EntityTitleProbe: Redundant probes: Дмитрий
2026-09-08 03:17:36.012 I/ZimSearcher: search('родился дмитрий менделеев') estimated=300
2026-09-08 03:17:36.231 I/ZimSearcher: search('менделеев') estimated=965
2026-09-08 03:17:36.472 I/RagPromptBuilder: Entity merge 'менделеев': +12 candidates
2026-09-08 03:17:36.474 I/RagPromptBuilder: RAG: 'когда родился Дмитрий Менделеев' candidates=38
2026-09-08 03:17:36.475 I/RagPromptBuilder: Top hits: Менделеев, Дмитрий Иванович(s=1090)[Менделеев,_Дмитрий_Иванович] | Орден Святого Владимира(s=899)[Орден_Святого_Владимира] | Орден Белого орла (Российская империя)(s=899)[Орден_Белого_орла_(Российская_империя)] | Орден Святой Анны I степени(s=899)[Орден_Святой_Анны_I_степени] | Орден Святой Анны II степени(s=899)[Орден_Святой_Анны_II_степени]
2026-09-08 03:17:36.475 I/BenchmarkBridge: [PROBE] cand=38 ms=517 titles=Менделеев, Дмитрий Иванович | Орден Святого Владимира | Орден Белого орла (Российская империя) | Орден Святой Анны I степени | Орден Святой Анны II степени | Кавалер ордена Святого Александра Невского | Орден Святого Станислава (Российская империя) | Дмитрий Менделеев (судно) | Менделеев, Иридий Михайлович | Менделеев (лунный кратер) | Менделеев, Иван Павлович | Менделеев, Владимир Дмитриевич | Менделеев, Павел Павлович | Менделеев (значения) | Менделеева, Анна Ивановна | Менделеев, Василий Дмитриевич | Менделеевы | Алексей (Алесь) Семёнович Менделеев | (2769) Менделеев | Уральская экспедиция Д. И. Менделеева
2026-09-08 03:17:36.475 I/BenchmarkBridge: [PROBE] done
2026-09-08 03:17:36.942 I/BenchmarkBridge: [PROBE] q=когда умер Лев Толстой
2026-09-08 03:17:36.943 I/FactoidAnswerer: Factoid candidate: label='Дата смерти' entity='Толстой'
2026-09-08 03:17:36.963 I/EntityTitleProbe: Title probes (9 lookups): Толстой, Лев Николаевич(1090), Толстой(1080), Толстая(1080)
2026-09-08 03:17:36.965 I/EntityTitleProbe: Redundant probes: Толстой, Толстая
2026-09-08 03:17:37.161 I/ZimSearcher: suggestTitles('Толстой'): Толстой, Толстой (Канада), Толстой (Украина), Толстой (кратер), Толстой (мыс), Толстой (фестиваль), Толстой Алексей, Толстой Д., Толстой Л., Толстой Михаил, Толстой Никита, Толстой Николай, Толстой П., Толстой, Акинфий, Толстой, Александр, Толстой, Андрей, Толстой, Василий, Толстой, Виктория, Толстой, Владимир, Толстой, Егор, Толстой, Иван, Толстой, Илья, Толстой, Никита, Толстой, Сергей, Толстой, Федор, Толстой, Фёдор, Толстой-Американец, Толстой-Милославский, Толстой-Юрт, Толстой. Воскресенье, Толстой А. К., Толстой А.Н.
2026-09-08 03:17:37.164 I/FactoidAnswerer: Factoid candidates: Толстой, Толстой, Лев Николаевич
2026-09-08 03:17:37.176 I/FactoidAnswerer: Factoid: 'Толстой' has no infobox — next candidate
2026-09-08 03:17:37.228 I/FactoidAnswerer: Factoid HIT: Дата смерти = '7 (20) ноября 1910(1910-11-20)' (Толстой, Лев Николаевич)
2026-09-08 03:17:37.228 I/BenchmarkBridge: [PROBE] fast=hit ms=285 article=Толстой, Лев Николаевич field=Дата смерти value=7 (20) ноября 1910(1910-11-20)
2026-09-08 03:17:37.229 I/RagPromptBuilder: Query: 'когда умер Лев Толстой' -> ZIM keywords: 'умер лев толстой'
2026-09-08 03:17:37.233 I/GraphWalker: walk: 0 wikilinks in 'Толстой' (depth=0)
2026-09-08 03:17:37.234 I/GraphWalker: walk seed=Толстой props=[P6, P1365, P1366, P39, P166, P26, P40, P22, P25, P3373, P50, P175, P800, P184, P802, P57, P58, P162, P36, P159, P127, P112] → 0 nodes
2026-09-08 03:17:37.234 I/RagPromptBuilder: Walker probes (entity='Толстой', props=22): Толстой
2026-09-08 03:17:37.236 I/EntityTitleProbe: Title probes (9 lookups): Толстой, Лев Николаевич(1090), Толстой(1080), Толстая(1080)
2026-09-08 03:17:37.236 I/EntityTitleProbe: Redundant probes: Толстой, Толстая
2026-09-08 03:17:37.256 I/ZimSearcher: search('умер лев толстой') estimated=900
2026-09-08 03:17:37.581 I/ZimSearcher: search('толстой') estimated=9261
2026-09-08 03:17:38.028 I/RagPromptBuilder: Entity merge 'толстой': +16 candidates
2026-09-08 03:17:38.030 I/RagPromptBuilder: RAG: 'когда умер Лев Толстой' candidates=37
2026-09-08 03:17:38.030 I/RagPromptBuilder: Top hits: Толстой, Лев Николаевич(s=1090)[Толстой,_Лев_Николаевич] | Толстой(s=900)[Толстой] | Лев Толстой (станция)(s=100)[Лев_Толстой_(станция)] | Лев Толстой в Чечне(s=99)[Лев_Толстой_в_Чечне] | Толстой-Юрт(s=98)[Толстой-Юрт]
2026-09-08 03:17:38.030 I/BenchmarkBridge: [PROBE] cand=37 ms=802 titles=Толстой, Лев Николаевич | Толстой | Лев Толстой (станция) | Лев Толстой в Чечне | Толстой-Юрт | Толстой, Фёдор Иванович | Толстой, Алексей Константинович | Толстой, Михаил Львович | Толстой, Дмитрий Андреевич | Толстой, Пётр Олегович | Толстой, Алексей Николаевич | Толстой, Николай Александрович (1849) | Толстой, Михаил Павлович | Толстой, Пётр Александрович | Толстой, Николай Николаевич | Толстой, Фёдор Петрович | Толстой, Иван Петрович | Толстой, Иван Иванович (государственный деятель) | Толстой-Милославский, Николай Дмитриевич | Лев Толстой (Липецкая область)
2026-09-08 03:17:38.031 I/BenchmarkBridge: [PROBE] done
2026-09-08 03:17:38.598 I/BenchmarkBridge: [PROBE] q=где родился Юрий Гагарин
2026-09-08 03:17:38.598 I/FactoidAnswerer: Factoid candidate: label='Место рождения' entity='Гагарин'
2026-09-08 03:17:38.615 I/EntityTitleProbe: Title probes (7 lookups): Гагарин, Юрий Алексеевич(1090), Юрий(1080)
2026-09-08 03:17:38.838 I/ZimSearcher: suggestTitles('Гагарин'): Гагарин, Гагарин (Узбекистан), Гагарин (астероид), Гагарин (аэропорт), Гагарин (город), Гагарин (кратер), Гагарин (мультфильм), Гагарин (село), Гагарин (станция), Гагарин (фамилия), Гагарин (фильм), Гагарин Андрей, Гагарин Василий, Гагарин Григорий, Гагарин Павел, Гагарин, Александр, Гагарин, Алексей, Гагарин, Анатолий, Гагарин, Владимир, Гагарин, Евгений, Гагарин, Иван, Гагарин, Константин, Гагарин, Максим, Гагарин, Матвей, Гагарин, Николай, Гагарин, Павел, Гагарин, Петр, Гагарин, Семён, Гагарин, Сергей, Гагарин, Федор, Гагарин (Вологодская область), Гагарин (Джизакская область)
2026-09-08 03:17:38.842 I/FactoidAnswerer: Factoid candidates: Гагарин, Гагарин, Юрий Алексеевич, Юрий
2026-09-08 03:17:38.882 I/FactoidAnswerer: Factoid HIT: Место рождения = 'деревня Клушино, Гжатский район, Западная область, РСФСР, СССР' (Гагарин)
2026-09-08 03:17:38.883 I/BenchmarkBridge: [PROBE] fast=hit ms=285 article=Гагарин field=Место рождения value=деревня Клушино, Гжатский район, Западная область, РСФСР, СССР
2026-09-08 03:17:38.883 I/RagPromptBuilder: Query: 'где родился Юрий Гагарин' -> ZIM keywords: 'родился юрий гагарин'
2026-09-08 03:17:38.912 I/GraphWalker: walk seed=Гагарин,_Юрий_Алексеевич props=[P6, P1365, P1366, P39, P166, P26, P40, P22, P25, P3373, P50, P175, P800, P184, P802, P57, P58, P162, P36, P159, P127, P112] → 6 nodes
2026-09-08 03:17:38.913 I/RagPromptBuilder: Walker probes (entity='Гагарин', props=22): Гагарин, Юрий Алексеевич, Герой Советского Союза, Орден Ленина, Юбилейная медаль «Двадцать лет Победы в Великой Отечественной войне 1941—1945 гг.», Медаль «За освоение целинных земель», Юбилейная медаль «40 лет Вооружённых Сил СССР», Юбилейная медаль «50 лет Вооружённых Сил СССР»
2026-09-08 03:17:38.915 I/EntityTitleProbe: Title probes (7 lookups): Гагарин, Юрий Алексеевич(1090), Юрий(1080)
2026-09-08 03:17:38.947 I/ZimSearcher: search('родился юрий гагарин') estimated=2000
2026-09-08 03:17:39.606 I/ZimSearcher: search('родился') estimated=796317
2026-09-08 03:17:39.990 I/RagPromptBuilder: Entity merge 'родился': +20 candidates
2026-09-08 03:17:39.992 I/RagPromptBuilder: RAG: 'где родился Юрий Гагарин' candidates=47
2026-09-08 03:17:39.993 I/RagPromptBuilder: Top hits: Гагарин, Юрий Алексеевич(s=1090)[Гагарин,_Юрий_Алексеевич] | Юрий(s=1080)[Юрий] | Орден Ленина(s=899)[Орден_Ленина] | Герой Советского Союза(s=899)[Герой_Советского_Союза] | Медаль «За освоение целинных земель»(s=899)[Медаль_«За_освоение_целинных_земель»]
2026-09-08 03:17:39.993 I/BenchmarkBridge: [PROBE] cand=47 ms=1110 titles=Гагарин, Юрий Алексеевич | Юрий | Орден Ленина | Герой Советского Союза | Медаль «За освоение целинных земель» | Юбилейная медаль «40 лет Вооружённых Сил СССР» | Юбилейная медаль «50 лет Вооружённых Сил СССР» | Юбилейная медаль «Двадцать лет Победы в Великой Отечественной войне 1941—1945 гг.» | Гагарина, Валентина Ивановна | Гагарина, Анна Тимофеевна | Гагарина, Галина Юрьевна | Гагарин (значения) | Гагарина, Елена Юрьевна | Юрий Гагарин в культуре и искусстве | Гагаринское поле | Гагарина | Гагаринленд | Гагарин (Смоленская область) | Памятник Юрию Гагарину (Вифлеем) | Памятник Юрию Гагарину (Рига)
2026-09-08 03:17:39.993 I/BenchmarkBridge: [PROBE] done
2026-09-08 03:17:40.258 I/BenchmarkBridge: [PROBE] q=кто автор романа Война и мир
2026-09-08 03:17:40.259 I/FactoidAnswerer: Factoid candidate: label='Автор' entity='Война'
2026-09-08 03:17:40.283 I/EntityTitleProbe: Title probes (14 lookups): Война и мир(1120), Война(1080)
2026-09-08 03:17:40.283 I/EntityTitleProbe: Redundant probes: Война
2026-09-08 03:17:41.548 I/ZimSearcher: suggestTitles('Война'): Война, Война 08.08.08, Война 1812, Война-41, Война для всех война, Война "Тойот", Война (альбом), Война (значения), Война (книга), Война (песня), Война (река), Война (роман), Война (село), Война (телесериал), Война (фильм), Война «Тромы», Война Анны, Война Басус, Война Босин, Война Вибо, Война Викторио, Война Воронёнка, Война Времени, Война Высших, Война Гнева, Война Гоботов, Война Госаннэн, Война Гэмпэй, Война Даммера, Война Данмора, Война Дзэнкунэн, Война Дзёкю
2026-09-08 03:17:41.550 I/FactoidAnswerer: Factoid candidates: Война, Война и мир, Война (роман)
2026-09-08 03:17:41.575 I/FactoidAnswerer: Factoid: 'Война' has no infobox — next candidate
2026-09-08 03:17:41.593 I/FactoidAnswerer: Factoid HIT: Автор = 'Лев Николаевич Толстой' (Война и мир)
2026-09-08 03:17:41.594 I/BenchmarkBridge: [PROBE] fast=hit ms=1335 article=Война и мир field=Автор value=Лев Николаевич Толстой
2026-09-08 03:17:41.594 I/RagPromptBuilder: Query: 'кто автор романа Война и мир' -> ZIM keywords: 'автор романа война мир'
2026-09-08 03:17:41.615 I/GraphWalker: walk: 0 wikilinks in 'Война' (depth=0)
2026-09-08 03:17:41.616 I/GraphWalker: walk seed=Война props=[P50, P57, P58, P162, P175, P800, P1365, P1366] → 0 nodes
2026-09-08 03:17:41.616 I/RagPromptBuilder: Walker probes (entity='Война', props=8): Война
2026-09-08 03:17:41.620 I/EntityTitleProbe: Title probes (14 lookups): Война и мир(1120), Война(1080)
2026-09-08 03:17:41.621 I/EntityTitleProbe: Redundant probes: Война
2026-09-08 03:17:41.698 I/ZimSearcher: search('автор романа война мир') estimated=20000
2026-09-08 03:17:42.068 I/ZimSearcher: search('романа') estimated=98784
2026-09-08 03:17:42.470 I/RagPromptBuilder: Entity merge 'романа': +20 candidates
2026-09-08 03:17:42.473 I/RagPromptBuilder: RAG: 'кто автор романа Война и мир' candidates=41
2026-09-08 03:17:42.473 I/RagPromptBuilder: Top hits: Война и мир(s=1120)[Война_и_мир] | Война(s=900)[Война] | Освобождённый мир (роман)(s=100)[Освобождённый_мир_(роман)] | Библиография Романа Злотникова(s=99)[Библиография_Романа_Злотникова] | Список персонажей романа «Война и мир»(s=95)[Список_персонажей_романа_«Война_и_мир»]
2026-09-08 03:17:42.473 I/BenchmarkBridge: [PROBE] cand=41 ms=879 titles=Война и мир | Война | Освобождённый мир (роман) | Библиография Романа Злотникова | Список персонажей романа «Война и мир» | Роман (значения) | Романо | Роман | Рыцарский роман | Философский роман | Роман Мстиславич | Роман (имя) | Роман-фельетон | Шпионский роман | Список публикаций в «Роман-газете» | Юрий Иванович (писатель) | Кутузов, Роман Александрович | Производственный роман | Сосновская, Надежда Андреевна | Богословский, Роман Сергеевич
2026-09-08 03:17:42.473 I/BenchmarkBridge: [PROBE] done
2026-09-08 03:17:42.960 I/BenchmarkBridge: [PROBE] q=кто режиссёр фильма Сталкер
2026-09-08 03:17:42.961 I/FactoidAnswerer: Factoid candidate: label='Режиссёр' entity='Сталкер'
2026-09-08 03:17:42.979 I/EntityTitleProbe: Title probes (7 lookups): Сталкер(1080)
2026-09-08 03:17:43.020 I/ZimSearcher: suggestTitles('Сталкер'): Сталкер, Сталкер 2, Сталкер 2154, Сталкер (группа), Сталкер (замок), Сталкер (игра), Сталкер (кинофестиваль), Сталкер (программа), Сталкер (сериал), Сталкер (фильм), Сталкер (человек), Сталкер Мобайл, Сталкер (фильм, 2023), Сталкер Зов Припяти, Сталкер Чистое небо, Смертельный Сталкер, Лопес, Рикардо (сталкер), Убить сталкера, Рерберг и Тарковский. Обратная сторона "Сталкера", Сталкерс/Земессардзе, Чернобыльское сталкерство
2026-09-08 03:17:43.022 I/FactoidAnswerer: Factoid candidates: Сталкер, Сталкер (фильм), Сталкер (фильм, 2023)
2026-09-08 03:17:43.028 I/FactoidAnswerer: Factoid: 'Сталкер' has no infobox — next candidate
2026-09-08 03:17:43.053 I/FactoidAnswerer: Factoid HIT: Режиссёр = 'Андрей Тарковский' (Сталкер (фильм))
2026-09-08 03:17:43.053 I/BenchmarkBridge: [PROBE] fast=hit ms=93 article=Сталкер (фильм) field=Режиссёр value=Андрей Тарковский
2026-09-08 03:17:43.053 I/RagPromptBuilder: Query: 'кто режиссёр фильма Сталкер' -> ZIM keywords: 'режиссёр фильма сталкер'
2026-09-08 03:17:43.057 I/GraphWalker: walk: 0 wikilinks in 'Сталкер' (depth=0)
2026-09-08 03:17:43.057 I/GraphWalker: walk seed=Сталкер props=[P50, P57, P58, P162, P175, P800, P1365, P1366] → 0 nodes
2026-09-08 03:17:43.057 I/RagPromptBuilder: Walker probes (entity='Сталкер', props=8): Сталкер
2026-09-08 03:17:43.061 I/EntityTitleProbe: Title probes (7 lookups): Сталкер(1080)
2026-09-08 03:17:43.079 I/ZimSearcher: search('режиссёр фильма сталкер') estimated=600
2026-09-08 03:17:43.259 I/RagPromptBuilder: Qualified siblings promoted: Сталкер (фильм)(1095), Сталкер (фильм, 2023)(1094)
2026-09-08 03:17:43.365 I/ZimSearcher: search('режиссёр') estimated=120708
2026-09-08 03:17:43.785 I/RagPromptBuilder: Entity merge 'режиссёр': +20 candidates
2026-09-08 03:17:43.787 I/RagPromptBuilder: RAG: 'кто режиссёр фильма Сталкер' candidates=41
2026-09-08 03:17:43.787 I/RagPromptBuilder: Top hits: Сталкер (фильм)(s=1095)[Сталкер_(фильм)] | Сталкер (фильм, 2023)(s=1094)[Сталкер_(фильм,_2023)] | Сталкер(s=1080)[Сталкер] | Сталкер (кинофестиваль)(s=92)[Сталкер_(кинофестиваль)] | Рерберг и Тарковский. Обратная сторона «Сталкера»(s=100)[Рерберг_и_Тарковский._Обратная_сторона_«Сталкера»]
2026-09-08 03:17:43.788 I/BenchmarkBridge: [PROBE] cand=41 ms=735 titles=Сталкер (фильм) | Сталкер (фильм, 2023) | Сталкер | Сталкер (кинофестиваль) | Рерберг и Тарковский. Обратная сторона «Сталкера» | Список фильмов киностудии «Мосфильм» | Марескотти, Ивано | Инфанти, Анджело | Уиттингем, Кен | Франко, Хесус | Дэвидсон, Адам | Турылёва, Ярослава Георгиевна | Экранизации произведений Чехова | Веледницкая, Лия Бенционовна | Данилов, Лев Стефанович | Свердловский театр драмы | Кинофестиваль в Торонто 2005 | Анимос (кинокомпания) | 7-й Венецианский кинофестиваль | Нестеров, Евгений Георгиевич
2026-09-08 03:17:43.788 I/BenchmarkBridge: [PROBE] done
2026-09-08 03:17:44.100 I/BenchmarkBridge: [PROBE] q=почему Юпитер называют газовым гигантом
2026-09-08 03:17:44.100 I/BenchmarkBridge: [PROBE] fast=miss ms=0
2026-09-08 03:17:44.101 I/RagPromptBuilder: Query: 'почему Юпитер называют газовым гигантом' -> ZIM keywords: 'юпитер называют газовым гигантом'
2026-09-08 03:17:44.152 I/GraphWalker: walk: 0 wikilinks in 'Юпитер' (depth=0)
2026-09-08 03:17:44.152 I/GraphWalker: walk seed=Юпитер props=[P6, P1365, P1366, P39, P166, P26, P40, P22, P25, P3373, P50, P175, P800, P184, P802, P57, P58, P162, P36, P159, P127, P112] → 0 nodes
2026-09-08 03:17:44.152 I/RagPromptBuilder: Walker probes (entity='Юпитер', props=22): Юпитер
2026-09-08 03:17:44.167 I/EntityTitleProbe: Title probes (13 lookups): Юпитер(1080), Гигант(1030)
2026-09-08 03:17:44.179 I/ZimSearcher: search('юпитер называют газовым гигантом') estimated=200
2026-09-08 03:17:44.576 I/ZimSearcher: search('называют') estimated=194221
2026-09-08 03:17:44.911 I/RagPromptBuilder: Entity merge 'называют': +20 candidates
2026-09-08 03:17:44.914 I/RagPromptBuilder: RAG: 'почему Юпитер называют газовым гигантом' candidates=42
2026-09-08 03:17:44.915 I/RagPromptBuilder: Top hits: Юпитер(s=1080)[Юпитер] | Гигант(s=1030)[Гигант] | То, что называют любовью(s=98)[То,_что_называют_любовью] | Газовые гиганты(s=100)[Газовые_гиганты] | Моя так называемая жизнь(s=100)[Моя_так_называемая_жизнь]
2026-09-08 03:17:44.915 I/BenchmarkBridge: [PROBE] cand=42 ms=814 titles=Юпитер | Гигант | То, что называют любовью | Газовые гиганты | Моя так называемая жизнь | Называй её дикой | Лев в геральдике | Не называй её небесной | Не называй меня малышкой | Премия Харви (комиксы) | Как вас теперь называть? | Этнонимы греков | Завоевание Перу, называемого Новая Кастилия | По поводу так называемого вопроса о рынках | Физика колебаний и волн | Decretum Gelasianum | Многоугольник | Ломаная | Формальная система | Расширение поля
2026-09-08 03:17:44.916 I/BenchmarkBridge: [PROBE] done
2026-09-08 03:17:45.248 I/BenchmarkBridge: [PROBE] q=из чего состоит атмосфера Марса
2026-09-08 03:17:45.249 I/BenchmarkBridge: [PROBE] fast=miss ms=0
2026-09-08 03:17:45.249 I/RagPromptBuilder: Query: 'из чего состоит атмосфера Марса' -> ZIM keywords: 'чего состоит атмосфера марса'
2026-09-08 03:17:45.264 I/GraphWalker: walk: 0 wikilinks in 'Марса' (depth=0)
2026-09-08 03:17:45.265 I/GraphWalker: walk seed=Марса props=[P6, P1365, P1366, P39, P166, P26, P40, P22, P25, P3373, P50, P175, P800, P184, P802, P57, P58, P162, P36, P159, P127, P112] → 0 nodes
2026-09-08 03:17:45.265 I/RagPromptBuilder: Walker probes (entity='Марса', props=22): Марса
2026-09-08 03:17:45.281 I/EntityTitleProbe: Title probes (10 lookups): Марса(1080), Марс(1080), Атмосфера Марса(900)
2026-09-08 03:17:45.286 I/EntityTitleProbe: Top tie at 1080: Марс=658430, Марса=7479
2026-09-08 03:17:45.286 I/EntityTitleProbe: Redundant probes: Марса
2026-09-08 03:17:45.304 I/ZimSearcher: search('чего состоит атмосфера марса') estimated=300
2026-09-08 03:17:45.690 I/ZimSearcher: search('атмосфера') estimated=21862
2026-09-08 03:17:46.005 I/RagPromptBuilder: Entity merge 'атмосфера': +19 candidates
2026-09-08 03:17:46.007 I/RagPromptBuilder: RAG: 'из чего состоит атмосфера Марса' candidates=40
2026-09-08 03:17:46.007 I/RagPromptBuilder: Top hits: Марс(s=1085)[Марс] | Марса(s=900)[Марса] | Атмосфера Марса(s=900)[Атмосфера_Марса] | Атмосфера(s=100)[Атмосфера] | Атмосфера Земли(s=99)[Атмосфера_Земли]
2026-09-08 03:17:46.007 I/BenchmarkBridge: [PROBE] cand=40 ms=759 titles=Марс | Марса | Атмосфера Марса | Атмосфера | Атмосфера Земли | Атмосфера Титана | Атмосфера Венеры | Атмосфера (эстетика) | Атмосфера Юпитера | Атмосфера Плутона | Терраформирование Марса | Звёздная атмосфера | Химия атмосферы | Физика атмосферы | Колонизация Марса | Диссипация атмосфер планет | Общая циркуляция атмосферы | Циркуляция атмосферы | Экология атмосферы | Вход в атмосферу
2026-09-08 03:17:46.008 I/BenchmarkBridge: [PROBE] done
2026-09-08 03:17:46.393 I/BenchmarkBridge: [PROBE] q=кто открыл пенициллин
2026-09-08 03:17:46.394 I/BenchmarkBridge: [PROBE] fast=miss ms=0
2026-09-08 03:17:46.394 I/RagPromptBuilder: Query: 'кто открыл пенициллин' -> ZIM keywords: 'открыл пенициллин'
2026-09-08 03:17:46.404 I/EntityTitleProbe: Title probes (2 lookups): Бензилпенициллин(1020)
2026-09-08 03:17:46.412 I/ZimSearcher: search('открыл пенициллин') estimated=200
2026-09-08 03:17:46.637 I/ZimSearcher: search('пенициллин') estimated=589
2026-09-08 03:17:46.787 I/RagPromptBuilder: Entity merge 'пенициллин': +16 candidates
2026-09-08 03:17:46.789 I/RagPromptBuilder: RAG: 'кто открыл пенициллин' candidates=37
2026-09-08 03:17:46.789 I/RagPromptBuilder: Top hits: Бензилпенициллин(s=1020)[Бензилпенициллин] | Пенициллины(s=100)[Пенициллины] | Пенициллин (комплекс артразведки)(s=99)[Пенициллин_(комплекс_артразведки)] | Пенициллин (значения)(s=95)[Пенициллин_(значения)] | Пенициллин-связывающие белки(s=90)[Пенициллин-связывающие_белки]
2026-09-08 03:17:46.790 I/BenchmarkBridge: [PROBE] cand=37 ms=396 titles=Бензилпенициллин | Пенициллины | Пенициллин (комплекс артразведки) | Пенициллин (значения) | Пенициллин-связывающие белки | Операция «Пенициллин» | Феноксиметилпенициллин | Флеминг, Александр | Хитли, Норман | Балезина, Тамара Иосифовна | Метициллин | Зейфман, Вил Иосифович | Ампициллин | Оксациллин | Хобби, Глэдис Лаунсбери | Бета-лактамные антибиотики | Шихан, Джон Кларк | Ингибиторы бета-лактамаз | Ермольева, Зинаида Виссарионовна | Beecham
2026-09-08 03:17:46.790 I/BenchmarkBridge: [PROBE] done
2026-09-08 03:17:47.017 I/BenchmarkBridge: [PROBE] q=что такое фотосинтез
2026-09-08 03:17:47.018 I/BenchmarkBridge: [PROBE] fast=miss ms=0
2026-09-08 03:17:47.018 I/RagPromptBuilder: Query: 'что такое фотосинтез' -> ZIM keywords: 'такое фотосинтез'
2026-09-08 03:17:47.022 I/EntityTitleProbe: Title probes (1 lookups): Фотосинтез(1030)
2026-09-08 03:17:47.043 I/ZimSearcher: search('такое фотосинтез') estimated=700
2026-09-08 03:17:47.254 I/ZimSearcher: search('фотосинтез') estimated=965
2026-09-08 03:17:47.395 I/RagPromptBuilder: Entity merge 'фотосинтез': +9 candidates
2026-09-08 03:17:47.396 I/RagPromptBuilder: RAG: 'что такое фотосинтез' candidates=29
2026-09-08 03:17:47.396 I/RagPromptBuilder: Top hits: Фотосинтез(s=1030)[Фотосинтез] | C4-фотосинтез(s=100)[C4-фотосинтез] | CAM-фотосинтез(s=99)[CAM-фотосинтез] | Эффективность фотосинтеза(s=98)[Эффективность_фотосинтеза] | Эволюция фотосинтеза(s=98)[Эволюция_фотосинтеза]
2026-09-08 03:17:47.396 I/BenchmarkBridge: [PROBE] cand=29 ms=378 titles=Фотосинтез | C4-фотосинтез | CAM-фотосинтез | Эффективность фотосинтеза | Эволюция фотосинтеза | Аноксигенный фотосинтез | Спектр действия фотосинтеза | Электронотранспортная цепь фотосинтеза | Кривая светового насыщения фотосинтеза | Искусственный фотосинтез | C3-фотосинтез | Реакция Хилла | Карпилов, Юрий Соломонович | Комиссаров, Геннадий Германович | Мокроносов, Адольф Трофимович | Шувалов, Владимир Анатольевич | Световая точка компенсации | Эффект Эмерсона | Фотодыхание | Точка компенсации СО2
2026-09-08 03:17:47.396 I/BenchmarkBridge: [PROBE] done
2026-09-08 03:17:47.640 I/BenchmarkBridge: [PROBE] q=когда началась Вторая мировая война
2026-09-08 03:17:47.641 I/FactoidAnswerer: Factoid candidate: label='(by card label)' entity='Вторая'
2026-09-08 03:17:47.663 I/EntityTitleProbe: Title probes (22 lookups): Вторая мировая война(1120), Вторая(1080), Мировая война(1050), Война(1030)
2026-09-08 03:17:47.664 I/EntityTitleProbe: Redundant probes: Вторая, Война
2026-09-08 03:17:48.089 I/ZimSearcher: suggestTitles('Вторая'): Вторая, Вторая Академия, Вторая Александровка, Вторая Алексеевка, Вторая Алия, Вторая Армения, Вторая Багажиашта, Вторая Бугульда, Вторая Бундеслига, Вторая Васильевка, Вторая Вилашка, Вторая Глушковская, Вторая Горка, Вторая Григорьевка, Вторая Грязучая, Вторая Дудинская, Вторая Едома, Вторая Ивановка, Вторая Ивань, Вторая Интифада, Вторая Каменка, Вторая Ключевская, Вторая Кошка, Вторая Кривка, Вторая Крутая, Вторая Куликовка, Вторая Культура, Вторая Лака, Вторая Леденгская, Вторая Луна, Вторая Малая, Вторая Медяна
2026-09-08 03:17:48.091 I/FactoidAnswerer: Factoid candidates: Вторая, Вторая мировая война, Мировая война
2026-09-08 03:17:48.098 I/FactoidAnswerer: Factoid: 'Вторая' has no infobox — next candidate
2026-09-08 03:17:48.160 I/FactoidAnswerer: Factoid: no label covers [начала, мирова, война] in [Дата, Место, Причина, Итог]
2026-09-08 03:17:48.161 I/FactoidAnswerer: Factoid: 'Вторая мировая война' card has no matching field — next candidate
2026-09-08 03:17:48.171 I/FactoidAnswerer: Factoid: 'Мировая война' has no infobox — next candidate
2026-09-08 03:17:48.171 I/FactoidAnswerer: Factoid: no candidate carried the field — falling back to RAG
2026-09-08 03:17:48.171 I/BenchmarkBridge: [PROBE] fast=miss ms=530
2026-09-08 03:17:48.172 I/RagPromptBuilder: Query: 'когда началась Вторая мировая война' -> ZIM keywords: 'началась вторая мировая война'
2026-09-08 03:17:48.174 I/GraphWalker: walk: 0 wikilinks in 'Вторая' (depth=0)
2026-09-08 03:17:48.174 I/GraphWalker: walk seed=Вторая props=[P6, P1365, P1366, P39, P166, P26, P40, P22, P25, P3373, P50, P175, P800, P184, P802, P57, P58, P162, P36, P159, P127, P112] → 0 nodes
2026-09-08 03:17:48.175 I/RagPromptBuilder: Walker probes (entity='Вторая', props=22): Вторая
2026-09-08 03:17:48.179 I/EntityTitleProbe: Title probes (22 lookups): Вторая мировая война(1120), Вторая(1080), Мировая война(1050), Война(1030)
2026-09-08 03:17:48.180 I/EntityTitleProbe: Redundant probes: Вторая, Война
2026-09-08 03:17:48.264 I/ZimSearcher: search('началась вторая мировая война') estimated=20000
2026-09-08 03:17:48.948 I/ZimSearcher: search('началась') estimated=467255
2026-09-08 03:17:49.536 I/RagPromptBuilder: Entity merge 'началась': +20 candidates
2026-09-08 03:17:49.537 I/RagPromptBuilder: RAG: 'когда началась Вторая мировая война' candidates=41
2026-09-08 03:17:49.538 I/RagPromptBuilder: Top hits: Вторая мировая война(s=1120)[Вторая_мировая_война] | Мировая война(s=1050)[Мировая_война] | Вторая(s=900)[Вторая] | Вторая мировая война на море(s=98)[Вторая_мировая_война_на_море] | Вторая мировая война (серия книг)(s=95)[Вторая_мировая_война_(серия_книг)]
2026-09-08 03:17:49.538 I/BenchmarkBridge: [PROBE] cand=41 ms=1366 titles=Вторая мировая война | Мировая война | Вторая | Вторая мировая война на море | Вторая мировая война (серия книг) | Вторая мировая война (значения) | Маки (Вторая мировая война) | Восточноафриканская кампания (Вторая мировая война) | Портал:Вторая мировая война | Портал:Вторая мировая война/Знаете ли вы/Текущая подборка | Трофейное искусство (Вторая мировая война) | Битва за Лос-Анджелес (Вторая мировая война) | 2-я армия (Италия, Вторая мировая война) | Латинская Ось (Вторая мировая война) | Портал:Первая мировая война | Начало Века | Британские экспедиционные силы (Вторая мировая война) | Третья мировая война | Начало начал | Начала (Евклид)
2026-09-08 03:17:49.538 I/BenchmarkBridge: [PROBE] done
2026-09-08 03:17:49.815 I/BenchmarkBridge: [PROBE] q=чем знаменит Большое красное пятно
2026-09-08 03:17:49.816 I/BenchmarkBridge: [PROBE] fast=miss ms=0
2026-09-08 03:17:49.816 I/RagPromptBuilder: Query: 'чем знаменит Большое красное пятно' -> ZIM keywords: 'чем знаменит большое красное пятно'
2026-09-08 03:17:49.825 I/GraphWalker: walk: 0 wikilinks in 'Большое' (depth=0)
2026-09-08 03:17:49.825 I/GraphWalker: walk seed=Большое props=[P6, P1365, P1366, P39, P166, P26, P40, P22, P25, P3373, P50, P175, P800, P184, P802, P57, P58, P162, P36, P159, P127, P112] → 0 nodes
2026-09-08 03:17:49.825 I/RagPromptBuilder: Walker probes (entity='Большое', props=22): Большое
2026-09-08 03:17:49.853 I/EntityTitleProbe: Title probes (28 lookups): Большое красное пятно(1120), Большое(1080), Красное(1030), Красно(1030), Пятно(1030)
2026-09-08 03:17:49.854 I/EntityTitleProbe: Redundant probes: Большое, Красное, Красно, Пятно
2026-09-08 03:17:49.880 I/ZimSearcher: search('чем знаменит большое красное пятно') estimated=200
2026-09-08 03:17:50.273 I/ZimSearcher: search('знаменит') estimated=51485
2026-09-08 03:17:50.544 I/RagPromptBuilder: Entity merge 'знаменит': +20 candidates
2026-09-08 03:17:50.547 I/RagPromptBuilder: RAG: 'чем знаменит Большое красное пятно' candidates=42
2026-09-08 03:17:50.547 I/RagPromptBuilder: Top hits: Большое красное пятно(s=1120)[Большое_красное_пятно] | Большое(s=900)[Большое] | Я почти знаменит(s=99)[Я_почти_знаменит] | Красочная жизнь(s=100)[Красочная_жизнь] | Храм иконы Божией Матери «Знамение»(s=100)[Храм_иконы_Божией_Матери_«Знамение»]
2026-09-08 03:17:50.547 I/BenchmarkBridge: [PROBE] cand=42 ms=731 titles=Большое красное пятно | Большое | Я почти знаменит | Красочная жизнь | Храм иконы Божией Матери «Знамение» | Знаменное пение | Крестное знамение | Знамённые ряды | Орден Красного Знамени | Орден Трудового Красного Знамени | Армия Зелёного знамени | Знамение Божией Матери | Под знаменем марксизма | Орден Красного Знамени (Монголия) | Летописец небесных знамений | Благие знамения | Новгородская икона Знамения Пресвятой Богородицы | Церковь иконы Божией Матери «Знамение» на Шереметевом дворе | Царство количества и знамения времени | Церковь иконы Божией Матери Знамение (Ярославль)
2026-09-08 03:17:50.547 I/BenchmarkBridge: [PROBE] done
2026-09-08 03:17:50.940 I/BenchmarkBridge: [PROBE] q=что производит АвтоВАЗ
2026-09-08 03:17:50.941 I/FactoidAnswerer: Factoid candidate: label='(by card label)' entity='АвтоВАЗ'
2026-09-08 03:17:50.947 I/EntityTitleProbe: Title probes (2 lookups): АвтоВАЗ(1080)
2026-09-08 03:17:50.972 I/ZimSearcher: suggestTitles('АвтоВАЗ'): АВТОВАЗ, GM-АВТОВАЗ, Национальная гоночная серия "АВТОВАЗ", Технический музей ОАО "АвтоВАЗ", Эм-АВТОВАЗ Шевроле Вива, Джи Эм-АВТОВАЗ Шевроле Нива, Здание генеральной дирекции АВТОВАЗа, АВТОВАЗБАНК, АвтоВАЗагрегат
2026-09-08 03:17:50.973 I/FactoidAnswerer: Factoid candidates: АвтоВАЗ
2026-09-08 03:17:51.009 I/FactoidAnswerer: Factoid: no label covers [произв] in [Основан, Штаб-квартира, Тип, Листинг на бирже, Дата основания, Прежние названия, Основатели, Расположение, Ключевые фигуры, Отрасль, Продукция, Операционная прибыль, Чистая прибыль, Материнская компания, Дочерние компании]
2026-09-08 03:17:51.010 I/FactoidAnswerer: Factoid: 'АвтоВАЗ' card has no matching field — next candidate
2026-09-08 03:17:51.010 I/FactoidAnswerer: Factoid: no candidate carried the field — falling back to RAG
2026-09-08 03:17:51.010 I/BenchmarkBridge: [PROBE] fast=miss ms=69
2026-09-08 03:17:51.010 I/RagPromptBuilder: Query: 'что производит АвтоВАЗ' -> ZIM keywords: 'производит автоваз'
2026-09-08 03:17:51.198 I/GraphWalker: walk seed=АвтоВАЗ props=[P6, P1365, P1366, P39, P166, P26, P40, P22, P25, P3373, P50, P175, P800, P184, P802, P57, P58, P162, P36, P159, P127, P112] → 6 nodes
2026-09-08 03:17:51.198 I/RagPromptBuilder: Walker probes (entity='АвтоВАЗ', props=22): АвтоВАЗ, Россия, Тольятти, ЦК КПСС, Совет министров СССР, Москва, Илья Геннадьевич Сухих
2026-09-08 03:17:51.200 I/EntityTitleProbe: Title probes (2 lookups): АвтоВАЗ(1080)
2026-09-08 03:17:51.205 I/ZimSearcher: search('производит автоваз') estimated=300
2026-09-08 03:17:51.491 I/ZimSearcher: search('производит') estimated=56978
2026-09-08 03:17:51.823 I/RagPromptBuilder: Entity merge 'производит': +20 candidates
2026-09-08 03:17:51.825 I/RagPromptBuilder: RAG: 'что производит АвтоВАЗ' candidates=46
2026-09-08 03:17:51.825 I/RagPromptBuilder: Top hits: АвтоВАЗ(s=1080)[АвтоВАЗ] | Россия(s=899)[Россия] | Тольятти(s=899)[Тольятти] | ЦК КПСС(s=899)[ЦК_КПСС] | Совет министров СССР(s=899)[Совет_министров_СССР]
2026-09-08 03:17:51.825 I/BenchmarkBridge: [PROBE] cand=46 ms=815 titles=АвтоВАЗ | Россия | Тольятти | ЦК КПСС | Совет министров СССР | Москва | Илья Геннадьевич Сухих | Производить или покупать | Национальная гоночная серия «АВТОВАЗ» | Нива (автомобиль) | Список итальянских вин категории DOC | Meopta | Denominazione di origine controllata e garantita | Плёночные фотоаппараты Kodak | Промышленность Новой Аквитании | Список настоек, производившихся в СССР | Военно-промышленный комплекс Франции | Список пуншей, производившихся в СССР | КАвЗ-4238 «Аврора» | Welta
2026-09-08 03:17:51.825 I/BenchmarkBridge: [PROBE] done
2026-09-08 03:17:52.063 I/BenchmarkBridge: [PROBE] q=какой автозавод расположен в Тольятти
2026-09-08 03:17:52.064 I/FactoidAnswerer: Factoid candidate: label='(by card label)' entity='Тольятти'
2026-09-08 03:17:52.074 I/EntityTitleProbe: Title probes (10 lookups): Тольятти(1080), Автомобильная промышленность(1020)
2026-09-08 03:17:52.192 I/ZimSearcher: suggestTitles('Тольятти'): Тольятти, Тольятти 24, Тольятти (История), Тольятти (аэродром), Тольятти (значения), Тольятти (станция), Тольятти П., Тольятти сегодня, Тольятти, Эудженио, Тольятти (речной порт), Тольятти (футбольный клуб), Тольятти (особая экономическая зона), Тольятти (территория опережающего развития), Академия Тольятти, Вузы Тольятти, Герб Тольятти, Гимн Тольятти, Градоначальники Тольятти, Дума Тольятти, Лада (Тольятти), Лада-Тольятти, Медгородок Тольятти, Набережная Тольятти, Памятники Тольятти, Поверхность Тольятти, Портпосёлок (Тольятти), Районы Тольятти, СИБУР Тольятти, Спорт Тольятти, Троллейбус Тольятти, Улицы Тольятти, Флаг Тольятти
2026-09-08 03:17:52.198 I/FactoidAnswerer: Factoid candidates: Тольятти, Автомобильная промышленность
2026-09-08 03:17:52.248 I/FactoidAnswerer: Factoid: no label covers [автоза, распол] in [Глава/мэр, Население, Площадь, Основан, Страна, Часовой пояс, Субъект Федерации, Городской округ, Внутреннее деление, Глава городского округа, Прежние названия, Город с, Высота центра, Тип климата, Плотность, Агломерация, Население агломерации, Национальности, Конфессии, Название жителей, Официальный язык, День города]
2026-09-08 03:17:52.248 I/FactoidAnswerer: Factoid: 'Тольятти' card has no matching field — next candidate
2026-09-08 03:17:52.264 I/FactoidAnswerer: Factoid: 'Автомобильная промышленность' has no infobox — next candidate
2026-09-08 03:17:52.265 I/FactoidAnswerer: Factoid: no candidate carried the field — falling back to RAG
2026-09-08 03:17:52.265 I/BenchmarkBridge: [PROBE] fast=miss ms=201
2026-09-08 03:17:52.265 I/RagPromptBuilder: Query: 'какой автозавод расположен в Тольятти' -> ZIM keywords: 'автозавод расположен тольятти'
2026-09-08 03:17:52.342 I/GraphWalker: walk: 0 wikilinks in 'Заслуженный_врач_Российской_Федерации' (depth=3)
2026-09-08 03:17:52.353 I/GraphWalker: walk seed=Тольятти props=[P6, P1365, P1366, P39, P166, P26, P40, P22, P25, P3373, P50, P175, P800, P184, P802, P57, P58, P162, P36, P159, P127, P112] → 5 nodes
2026-09-08 03:17:52.353 I/RagPromptBuilder: Walker probes (entity='Тольятти', props=22): Тольятти, Илья Геннадьевич Сухих, Николай Ренц, Заслуженный врач Российской Федерации, Сергей Анташев, Сергей Андреев
2026-09-08 03:17:52.356 I/EntityTitleProbe: Title probes (10 lookups): Тольятти(1080), Автомобильная промышленность(1020)
2026-09-08 03:17:52.364 I/ZimSearcher: search('автозавод расположен тольятти') estimated=40
2026-09-08 03:17:52.976 I/ZimSearcher: search('расположен') estimated=249807
2026-09-08 03:17:53.262 I/RagPromptBuilder: Entity merge 'расположен': +20 candidates
2026-09-08 03:17:53.264 I/RagPromptBuilder: RAG: 'какой автозавод расположен в Тольятти' candidates=46
2026-09-08 03:17:53.264 I/RagPromptBuilder: Top hits: Тольятти(s=1080)[Тольятти] | Автомобильная промышленность(s=1020)[Автомобильная_промышленность] | Илья Геннадьевич Сухих(s=899)[Сухих,_Илья_Геннадьевич] | Николай Ренц(s=898)[Ренц,_Николай_Альфредович] | Сергей Анташев(s=897)[Анташев,_Сергей_Александрович]
2026-09-08 03:17:53.265 I/BenchmarkBridge: [PROBE] cand=46 ms=1000 titles=Тольятти | Автомобильная промышленность | Илья Геннадьевич Сухих | Николай Ренц | Сергей Анташев | Заслуженный врач Российской Федерации | Сергей Андреев | Тольятти (станция) | Автозаводский район (Тольятти) | Тольяттинский троллейбус | Список озёр и водохранилищ Монтаны | Заозёрный (Курган) | Хузестан | Список мечетей Баку | Список высших учебных заведений Киева | Тираспольский монетный двор | Эттербек | Площади Севастополя | Исфахан (остан) | Русские и советские памятники в Софийской области
2026-09-08 03:17:53.265 I/BenchmarkBridge: [PROBE] done
2026-09-08 03:17:53.711 I/BenchmarkBridge: [PROBE] q=перечисли мэров Тольятти
2026-09-08 03:17:53.712 I/BenchmarkBridge: [PROBE] fast=miss ms=0
2026-09-08 03:17:53.712 I/RagPromptBuilder: Query: 'перечисли мэров Тольятти' -> ZIM keywords: 'мэров тольятти'
2026-09-08 03:17:53.763 I/ZimSearcher: lookupRaw 'Градоначальники Тольятти' redirect=false path='Градоначальники_Тольятти' bodyLen=18062
2026-09-08 03:17:53.763 I/RagPromptBuilder: List article FOUND: 'Градоначальники Тольятти' (bodyLen=18062)
2026-09-08 03:17:53.808 I/RagPromptBuilder: List probes (entity='Тольятти', role='Мэры'): Градоначальники Тольятти, История Тольятти
2026-09-08 03:17:53.875 I/GraphWalker: walk seed=Тольятти props=[P6, P1365, P1366] → 4 nodes
2026-09-08 03:17:53.876 I/RagPromptBuilder: Walker probes (entity='Тольятти', props=3): Тольятти, Илья Геннадьевич Сухих, Николай Ренц, Сергей Анташев, Сергей Андреев
2026-09-08 03:17:53.881 I/EntityTitleProbe: Title probes (12 lookups): Тольятти(1080)
2026-09-08 03:17:53.891 I/ZimSearcher: search('мэров тольятти') estimated=700
2026-09-08 03:17:54.074 I/ZimSearcher: search('тольятти') estimated=5796
2026-09-08 03:17:54.433 I/RagPromptBuilder: Entity merge 'тольятти': +14 candidates
2026-09-08 03:17:54.435 I/RagPromptBuilder: RAG: 'перечисли мэров Тольятти' candidates=37
2026-09-08 03:17:54.435 I/RagPromptBuilder: Top hits: Градоначальники Тольятти(s=2000)[Градоначальники_Тольятти] | Тольятти(s=1080)[Тольятти] | История Тольятти(s=1000)[История_Тольятти] | Илья Геннадьевич Сухих(s=899)[Сухих,_Илья_Геннадьевич] | Николай Ренц(s=898)[Ренц,_Николай_Альфредович]
2026-09-08 03:17:54.435 I/BenchmarkBridge: [PROBE] cand=37 ms=723 titles=Градоначальники Тольятти | Тольятти | История Тольятти | Илья Геннадьевич Сухих | Николай Ренц | Сергей Анташев | Сергей Андреев | Тольятти 24 | Тольятти, Пальмиро | Тольятти (станция) | Тольятти (особая экономическая зона) | Тольяттинский театр кукол | Спорт в Тольятти | Памятники Тольятти | Лада-Тольятти | Официальные символы Тольятти | Взрыв автобуса в Тольятти | Храмы Тольятти | ТОР «Тольятти» | Колесо (театр, Тольятти)
2026-09-08 03:17:54.435 I/BenchmarkBridge: [PROBE] done
2026-09-08 03:17:54.847 I/BenchmarkBridge: [PROBE] q=назови планеты Солнечной системы
2026-09-08 03:17:54.847 I/BenchmarkBridge: [PROBE] fast=miss ms=0
2026-09-08 03:17:54.848 I/RagPromptBuilder: Query: 'назови планеты Солнечной системы' -> ZIM keywords: 'планеты солнечной системы'
2026-09-08 03:17:54.889 I/GraphWalker: walk: 0 wikilinks in 'Вспышка_солнечной_активности' (depth=0)
2026-09-08 03:17:54.890 I/GraphWalker: walk seed=Вспышка_солнечной_активности props=[P6, P1365, P1366, P39, P166, P26, P40, P22, P25, P3373, P50, P175, P800, P184, P802, P57, P58, P162, P36, P159, P127, P112] → 0 nodes
2026-09-08 03:17:54.890 I/RagPromptBuilder: Walker probes (entity='Солнечной', props=22): Вспышка солнечной активности
2026-09-08 03:17:54.908 I/EntityTitleProbe: Title probes (29 lookups): Планеты Солнечной системы(1120), Солнечная система(1100), Солнечная(1080), Планета(1020), Система(1020)
2026-09-08 03:17:54.909 I/EntityTitleProbe: Redundant probes: Солнечная, Планета, Система
2026-09-08 03:17:54.962 I/ZimSearcher: search('планеты солнечной системы') estimated=7000
2026-09-08 03:17:55.248 I/ZimSearcher: search('солнечной') estimated=12659
2026-09-08 03:17:55.558 I/RagPromptBuilder: Entity merge 'солнечной': +13 candidates
2026-09-08 03:17:55.559 I/RagPromptBuilder: RAG: 'назови планеты Солнечной системы' candidates=35
2026-09-08 03:17:55.559 I/RagPromptBuilder: Top hits: Планеты Солнечной системы(s=1120)[Планеты_Солнечной_системы] | Солнечная система(s=1100)[Солнечная_система] | Вспышка солнечной активности(s=900)[Вспышка_солнечной_активности] | Планеты-гиганты(s=97)[Планеты-гиганты] | Планеты (сериал)(s=95)[Планеты_(сериал)]
2026-09-08 03:17:55.559 I/BenchmarkBridge: [PROBE] cand=35 ms=712 titles=Планеты Солнечной системы | Солнечная система | Вспышка солнечной активности | Планеты-гиганты | Планеты (сериал) | Устойчивость Солнечной системы | 20-й цикл солнечной активности | Малые тела Солнечной системы | 19-й цикл солнечной активности | 23-й цикл солнечной активности | 24-й цикл солнечной активности | Список циклов солнечной активности | 25-й цикл солнечной активности | 22-й цикл солнечной активности | На солнечной стороне улицы | Серенада солнечной долины | История исследования Солнечной системы | Формирование и эволюция Солнечной системы | История открытия планет Солнечной системы и их спутников | Спутники в Солнечной системе
2026-09-08 03:17:55.560 I/BenchmarkBridge: [PROBE] done
2026-09-08 03:17:55.999 I/BenchmarkBridge: [PROBE] q=какие есть океаны на Земле
2026-09-08 03:17:56.002 I/BenchmarkBridge: [PROBE] fast=miss ms=2
2026-09-08 03:17:56.002 I/RagPromptBuilder: Query: 'какие есть океаны на Земле' -> ZIM keywords: 'океаны земле'
2026-09-08 03:17:56.057 I/RagPromptBuilder: List probes (entity='Земле', role='null'): Земля Королевы Мэри, История жизни на Земле, Хронология первых искусственных спутников Земли по странам
2026-09-08 03:17:56.561 I/GraphWalker: walk: 0 wikilinks in 'На_земле' (depth=0)
2026-09-08 03:17:56.562 I/GraphWalker: walk seed=На_земле props=[P6, P1365, P1366, P39, P166, P26, P40, P22, P25, P3373, P50, P175, P800, P184, P802, P57, P58, P162, P36, P159, P127, P112] → 0 nodes
2026-09-08 03:17:56.562 I/RagPromptBuilder: Walker probes (entity='Земле', props=22): На земле
2026-09-08 03:17:56.572 I/EntityTitleProbe: Title probes (8 lookups): Мировой океан(1020), (224) Океана(1020), Океан(1030)
2026-09-08 03:17:56.623 I/ZimSearcher: search('океаны земле') estimated=10000
2026-09-08 03:17:57.096 I/ZimSearcher: search('океаны') estimated=31268
2026-09-08 03:17:57.491 I/RagPromptBuilder: Entity merge 'океаны': +11 candidates
2026-09-08 03:17:57.492 I/RagPromptBuilder: RAG: 'какие есть океаны на Земле' candidates=35
2026-09-08 03:17:57.492 I/RagPromptBuilder: Top hits: Океан(s=1030)[Океан] | Мировой океан(s=1020)[Мировой_океан] | (224) Океана(s=1020)[(224)_Океана] | Земля Королевы Мэри(s=950)[Земля_Королевы_Мэри] | История жизни на Земле(s=950)[История_жизни_на_Земле]
2026-09-08 03:17:57.492 I/BenchmarkBridge: [PROBE] cand=35 ms=1491 titles=Океан | Мировой океан | (224) Океана | Земля Королевы Мэри | История жизни на Земле | Хронология первых искусственных спутников Земли по странам | На земле | Древние океаны | Экстремумы на Земле | Земля (альбом «Океана Ельзи») | Южный океан | Океан (значения) | Океан (завод) | Мировой океан (мифология) | Музей Мирового океана | Океан-О (космический аппарат) | Океан (детский лагерь) | Океан Ельзи | Океан (мифология) | Океан (фильм, 2008)
2026-09-08 03:17:57.493 I/BenchmarkBridge: [PROBE] done
2026-09-08 03:17:57.671 I/BenchmarkBridge: [PROBE] q=перечисли произведения Достоевского
2026-09-08 03:17:57.672 I/BenchmarkBridge: [PROBE] fast=miss ms=0
2026-09-08 03:17:57.672 I/RagPromptBuilder: Query: 'перечисли произведения Достоевского' -> ZIM keywords: 'произведения достоевского'
2026-09-08 03:17:57.695 I/RagPromptBuilder: List-intent: no title probes for entity='Достоевского' role='null'
2026-09-08 03:17:57.757 I/GraphWalker: walk: 0 wikilinks in 'Достоевского,_переулок' (depth=0)
2026-09-08 03:17:57.757 I/GraphWalker: walk seed=Достоевского,_переулок props=[P6, P1365, P1366, P39, P166, P26, P40, P22, P25, P3373, P50, P175, P800, P184, P802, P57, P58, P162, P36, P159, P127, P112] → 0 nodes
2026-09-08 03:17:57.757 I/RagPromptBuilder: Walker probes (entity='Достоевского', props=22): Достоевского, переулок
2026-09-08 03:17:57.762 I/EntityTitleProbe: Title probes (12 lookups): Достоевский, Фёдор Михайлович(1070)
2026-09-08 03:17:57.790 I/ZimSearcher: search('произведения достоевского') estimated=4000
2026-09-08 03:17:58.163 I/ZimSearcher: search('произведения') estimated=125279
2026-09-08 03:17:58.556 I/RagPromptBuilder: Entity merge 'произведения': +20 candidates
2026-09-08 03:17:58.557 I/RagPromptBuilder: RAG: 'перечисли произведения Достоевского' candidates=42
2026-09-08 03:17:58.558 I/RagPromptBuilder: Top hits: Достоевский, Фёдор Михайлович(s=1070)[Достоевский,_Фёдор_Михайлович] | Достоевского, переулок(s=900)[Достоевского,_переулок] | Произведения векторов(s=99)[Произведения_векторов] | Экранизации произведений Фёдора Достоевского(s=100)[Экранизации_произведений_Фёдора_Достоевского] | Украденные произведения искусства(s=99)[Украденные_произведения_искусства]
2026-09-08 03:17:58.558 I/BenchmarkBridge: [PROBE] cand=42 ms=886 titles=Достоевский, Фёдор Михайлович | Достоевского, переулок | Произведения векторов | Экранизации произведений Фёдора Достоевского | Украденные произведения искусства | Атрибуция произведения | Авторское право на служебные произведения | Двойник (повесть Достоевского) | Реализм Достоевского | Романист (замысел Достоевского) | Атеизм (замысел Достоевского) | Неосуществлённые замыслы Достоевского | Оценка творчества Достоевского современниками | Свободное использование произведений | Прямое произведение | Тип-произведение | Аудиовизуальное произведение | Скалярное произведение | Прямое произведение групп | Векторное произведение
2026-09-08 03:17:58.558 I/BenchmarkBridge: [PROBE] done
2026-09-08 03:17:58.820 I/BenchmarkBridge: [PROBE] q=перечисли спутники Юпитера
2026-09-08 03:17:58.821 I/BenchmarkBridge: [PROBE] fast=miss ms=0
2026-09-08 03:17:58.821 I/RagPromptBuilder: Query: 'перечисли спутники Юпитера' -> ZIM keywords: 'спутники юпитера'
2026-09-08 03:17:58.890 I/ZimSearcher: lookupRaw 'Спутники Юпитера' redirect=false path='Спутники_Юпитера' bodyLen=22957
2026-09-08 03:17:58.890 I/RagPromptBuilder: List article FOUND: 'Спутники Юпитера' (bodyLen=22957)
2026-09-08 03:17:58.903 I/RagPromptBuilder: List probes (entity='Юпитера', role='null'): Спутники Юпитера
2026-09-08 03:17:58.961 I/GraphWalker: walk: 0 wikilinks in 'Атмосфера_Юпитера' (depth=0)
2026-09-08 03:17:58.961 I/GraphWalker: walk seed=Атмосфера_Юпитера props=[P6, P1365, P1366, P39, P166, P26, P40, P22, P25, P3373, P50, P175, P800, P184, P802, P57, P58, P162, P36, P159, P127, P112] → 0 nodes
2026-09-08 03:17:58.961 I/RagPromptBuilder: Walker probes (entity='Юпитера', props=22): Атмосфера Юпитера
2026-09-08 03:17:58.966 I/EntityTitleProbe: Title probes (10 lookups): Юпитер(1080), Спутники Юпитера(900)
2026-09-08 03:17:58.994 I/ZimSearcher: search('спутники юпитера') estimated=5000
2026-09-08 03:17:59.379 I/ZimSearcher: search('спутники') estimated=28047
2026-09-08 03:17:59.633 I/RagPromptBuilder: Entity merge 'спутники': +20 candidates
2026-09-08 03:17:59.635 I/RagPromptBuilder: RAG: 'перечисли спутники Юпитера' candidates=41
2026-09-08 03:17:59.635 I/RagPromptBuilder: Top hits: Спутники Юпитера(s=2000)[Спутники_Юпитера] | Юпитер(s=1080)[Юпитер] | Атмосфера Юпитера(s=900)[Атмосфера_Юпитера] | Спутники Урана(s=99)[Спутники_Урана] | Спутники в Солнечной системе(s=99)[Спутники_в_Солнечной_системе]
2026-09-08 03:17:59.635 I/BenchmarkBridge: [PROBE] cand=41 ms=814 titles=Спутники Юпитера | Юпитер | Атмосфера Юпитера | Спутники Урана | Спутники в Солнечной системе | Колонизация спутников Юпитера | Внутренние спутники Юпитера | Галилеевы спутники | Спутник Юпитера | Исследование Юпитера межпланетными аппаратами | Троянские астероиды Юпитера | Спутник | Внутренний спутник | Спутник-1 | Портал:Космонавтика/События дня/февраль | Портал:Космонавтика/События дня/декабрь | Портал:Космонавтика/События дня/июнь | Портал:Космонавтика/События дня/апрель | Портал:Космонавтика/События дня/март | Портал:Космонавтика/События дня/октябрь
2026-09-08 03:17:59.635 I/BenchmarkBridge: [PROBE] done
2026-09-08 03:17:59.953 I/BenchmarkBridge: [PROBE] q=кто был предшественником нынешнего мэра Тольятти
2026-09-08 03:17:59.954 I/FactoidAnswerer: Factoid candidate: label='(by card label)' entity='Тольятти'
2026-09-08 03:17:59.964 I/EntityTitleProbe: Title probes (16 lookups): Тольятти(1080)
2026-09-08 03:18:00.016 I/ZimSearcher: suggestTitles('Тольятти'): Тольятти, Тольятти 24, Тольятти (История), Тольятти (аэродром), Тольятти (значения), Тольятти (станция), Тольятти П., Тольятти сегодня, Тольятти, Эудженио, Тольятти (речной порт), Тольятти (футбольный клуб), Тольятти (особая экономическая зона), Тольятти (территория опережающего развития), Академия Тольятти, Вузы Тольятти, Герб Тольятти, Гимн Тольятти, Градоначальники Тольятти, Дума Тольятти, Лада (Тольятти), Лада-Тольятти, Медгородок Тольятти, Набережная Тольятти, Памятники Тольятти, Поверхность Тольятти, Портпосёлок (Тольятти), Районы Тольятти, СИБУР Тольятти, Спорт Тольятти, Троллейбус Тольятти, Улицы Тольятти, Флаг Тольятти
2026-09-08 03:18:00.017 I/FactoidAnswerer: Factoid candidates: Тольятти
2026-09-08 03:18:00.061 I/FactoidAnswerer: Factoid: no label covers [предше, мэра] in [Глава/мэр, Население, Площадь, Основан, Страна, Часовой пояс, Субъект Федерации, Городской округ, Внутреннее деление, Глава городского округа, Прежние названия, Город с, Высота центра, Тип климата, Плотность, Агломерация, Население агломерации, Национальности, Конфессии, Название жителей, Официальный язык, День города]
2026-09-08 03:18:00.062 I/FactoidAnswerer: Factoid: 'Тольятти' card has no matching field — next candidate
2026-09-08 03:18:00.062 I/FactoidAnswerer: Factoid: no candidate carried the field — falling back to RAG
2026-09-08 03:18:00.062 I/BenchmarkBridge: [PROBE] fast=miss ms=109
2026-09-08 03:18:00.062 I/RagPromptBuilder: Query: 'кто был предшественником нынешнего мэра Тольятти' -> ZIM keywords: 'предшественником нынешнего мэра тольятти'
2026-09-08 03:18:00.132 I/GraphWalker: walk seed=Тольятти props=[P6, P1365, P1366] → 4 nodes
2026-09-08 03:18:00.132 I/RagPromptBuilder: Walker probes (entity='Тольятти', props=3): Тольятти, Илья Геннадьевич Сухих, Николай Ренц, Сергей Анташев, Сергей Андреев
2026-09-08 03:18:00.136 I/EntityTitleProbe: Title probes (16 lookups): Тольятти(1080)
2026-09-08 03:18:00.145 I/ZimSearcher: search('предшественником нынешнего мэра тольятти') estimated=5
2026-09-08 03:18:00.571 I/ZimSearcher: search('предшественником') estimated=92922
2026-09-08 03:18:00.874 I/RagPromptBuilder: Entity merge 'предшественником': +20 candidates
2026-09-08 03:18:00.876 I/RagPromptBuilder: RAG: 'кто был предшественником нынешнего мэра Тольятти' candidates=30
2026-09-08 03:18:00.876 I/RagPromptBuilder: Top hits: Тольятти(s=1080)[Тольятти] | Илья Геннадьевич Сухих(s=899)[Сухих,_Илья_Геннадьевич] | Николай Ренц(s=898)[Ренц,_Николай_Альфредович] | Сергей Анташев(s=897)[Анташев,_Сергей_Александрович] | Сергей Андреев(s=896)[Андреев,_Сергей_Игоревич]
2026-09-08 03:18:00.876 I/BenchmarkBridge: [PROBE] cand=30 ms=814 titles=Тольятти | Илья Геннадьевич Сухих | Николай Ренц | Сергей Анташев | Сергей Андреев | Воронежский трамвай | Человек-предшественник | Кумундурос, Александрос | Вогт, Йёрген Херман | Предшественник бета-амилоида | Петерсен, Ханс Кристиан | Процесс ста девяноста трёх | Сибберн, Валентин Кристиан Вильгельм | Хольст, Пал Кристиан | Мёинишен, Эрик Рёринг | Предшественник белка | Крог, Николаи Йохан Лохманн | Истурис, Франсиско Хавьер де | Фаттори, Доменико | Ланг, Жак
2026-09-08 03:18:00.877 I/BenchmarkBridge: [PROBE] done
2026-09-08 03:18:01.103 I/BenchmarkBridge: [PROBE] q=в каком регионе находится город где родился Гагарин
2026-09-08 03:18:01.103 I/FactoidAnswerer: Factoid candidate: label='Место рождения' entity='Гагарин'
2026-09-08 03:18:01.126 I/EntityTitleProbe: Title probes (23 lookups): Гагарин, Юрий Алексеевич(1070), Регион(1030), Город(1030)
2026-09-08 03:18:01.221 I/ZimSearcher: suggestTitles('Гагарин'): Гагарин, Гагарин (Узбекистан), Гагарин (астероид), Гагарин (аэропорт), Гагарин (город), Гагарин (кратер), Гагарин (мультфильм), Гагарин (село), Гагарин (станция), Гагарин (фамилия), Гагарин (фильм), Гагарин Андрей, Гагарин Василий, Гагарин Григорий, Гагарин Павел, Гагарин, Александр, Гагарин, Алексей, Гагарин, Анатолий, Гагарин, Владимир, Гагарин, Евгений, Гагарин, Иван, Гагарин, Константин, Гагарин, Максим, Гагарин, Матвей, Гагарин, Николай, Гагарин, Павел, Гагарин, Петр, Гагарин, Семён, Гагарин, Сергей, Гагарин, Федор, Гагарин (Вологодская область), Гагарин (Джизакская область)
2026-09-08 03:18:01.224 I/FactoidAnswerer: Factoid candidates: Гагарин, Гагарин, Юрий Алексеевич, Регион, Город
2026-09-08 03:18:01.260 I/FactoidAnswerer: Factoid HIT: Место рождения = 'деревня Клушино, Гжатский район, Западная область, РСФСР, СССР' (Гагарин)
2026-09-08 03:18:01.260 I/BenchmarkBridge: [PROBE] fast=hit ms=157 article=Гагарин field=Место рождения value=деревня Клушино, Гжатский район, Западная область, РСФСР, СССР
2026-09-08 03:18:01.261 I/RagPromptBuilder: Query: 'в каком регионе находится город где родился Гагарин' -> ZIM keywords: 'каком регионе находится город родился гагарин'
2026-09-08 03:18:01.290 I/GraphWalker: walk seed=Гагарин,_Юрий_Алексеевич props=[P6, P1365, P1366, P39, P166, P26, P40, P22, P25, P3373, P50, P175, P800, P184, P802, P57, P58, P162, P36, P159, P127, P112] → 6 nodes
2026-09-08 03:18:01.291 I/RagPromptBuilder: Walker probes (entity='Гагарин', props=22): Гагарин, Юрий Алексеевич, Герой Советского Союза, Орден Ленина, Юбилейная медаль «Двадцать лет Победы в Великой Отечественной войне 1941—1945 гг.», Медаль «За освоение целинных земель», Юбилейная медаль «40 лет Вооружённых Сил СССР», Юбилейная медаль «50 лет Вооружённых Сил СССР»
2026-09-08 03:18:01.295 I/EntityTitleProbe: Title probes (23 lookups): Гагарин, Юрий Алексеевич(1070), Регион(1030), Город(1030)
2026-09-08 03:18:01.337 I/ZimSearcher: search('каком регионе находится город родился гагарин') estimated=400
2026-09-08 03:18:01.924 I/ZimSearcher: search('находится') estimated=505230
2026-09-08 03:18:02.265 I/RagPromptBuilder: Entity merge 'находится': +20 candidates
2026-09-08 03:18:02.268 I/RagPromptBuilder: RAG: 'в каком регионе находится город где родился Гагарин' candidates=49
2026-09-08 03:18:02.268 I/RagPromptBuilder: Top hits: Гагарин, Юрий Алексеевич(s=1070)[Гагарин,_Юрий_Алексеевич] | Регион(s=1030)[Регион] | Город(s=1030)[Город] | Орден Ленина(s=899)[Орден_Ленина] | Герой Советского Союза(s=899)[Герой_Советского_Союза]
2026-09-08 03:18:02.268 I/BenchmarkBridge: [PROBE] cand=49 ms=1007 titles=Гагарин, Юрий Алексеевич | Регион | Город | Орден Ленина | Герой Советского Союза | Медаль «За освоение целинных земель» | Юбилейная медаль «40 лет Вооружённых Сил СССР» | Юбилейная медаль «50 лет Вооружённых Сил СССР» | Юбилейная медаль «Двадцать лет Победы в Великой Отечественной войне 1941—1945 гг.» | Гагарин (Смоленская область) | Улица Гагарина (Томск) | Где находится нофелет? | Наход (Новгородская область) | Наход | Виллер | Битва при Находе | Озёра Уфы | Уличная скульптура в Элисте | Замок Скалы (Наход) | Покеткуб
2026-09-08 03:18:02.268 I/BenchmarkBridge: [PROBE] done
2026-09-08 03:18:02.774 I/BenchmarkBridge: [PROBE] q=сравни население Москвы и Санкт-Петербурга
2026-09-08 03:18:02.775 I/BenchmarkBridge: [PROBE] fast=miss ms=0
2026-09-08 03:18:02.775 I/RagPromptBuilder: Query: 'сравни население Москвы и Санкт-Петербурга' -> ZIM keywords: 'сравни население москвы санкт петербурга'
2026-09-08 03:18:03.356 I/GraphWalker: walk: 0 wikilinks in 'Генплан_Петербурга' (depth=0)
2026-09-08 03:18:03.357 I/GraphWalker: walk seed=Генплан_Петербурга props=[P6, P1365, P1366, P39, P166, P26, P40, P22, P25, P3373, P50, P175, P800, P184, P802, P57, P58, P162, P36, P159, P127, P112] → 0 nodes
2026-09-08 03:18:03.357 I/RagPromptBuilder: Walker probes (entity='Петербурга', props=22): Генплан Петербурга
2026-09-08 03:18:03.378 I/EntityTitleProbe: Title probes (23 lookups): Москва(1080), Санкт-Петербург(1070), Население Москвы(900)
2026-09-08 03:18:03.410 I/ZimSearcher: search('сравни население москвы санкт петербурга') estimated=300
2026-09-08 03:18:03.781 I/ZimSearcher: search('петербурга') estimated=115995
2026-09-08 03:18:04.108 I/RagPromptBuilder: Entity merge 'петербурга': +18 candidates
2026-09-08 03:18:04.110 I/RagPromptBuilder: RAG: 'сравни население Москвы и Санкт-Петербурга' candidates=42
2026-09-08 03:18:04.110 I/RagPromptBuilder: Top hits: Москва(s=1080)[Москва] | Санкт-Петербург(s=1070)[Санкт-Петербург] | Генплан Петербурга(s=900)[Генплан_Петербурга] | Население Москвы(s=900)[Население_Москвы] | Санкт-Петербург (телерадиокомпания)(s=99)[Санкт-Петербург_(телерадиокомпания)]
2026-09-08 03:18:04.110 I/BenchmarkBridge: [PROBE] cand=42 ms=1335 titles=Москва | Санкт-Петербург | Генплан Петербурга | Население Москвы | Санкт-Петербург (телерадиокомпания) | Санкт-Петербург-Витебский регион Октябрьской железной дороги | Экономика Санкт-Петербурга | Награды Санкт-Петербурга | Библиотеки Санкт-Петербурга | Уставный суд Санкт-Петербурга | Губернатор Санкт-Петербурга | Органы власти Санкт-Петербурга | Флаг Санкт-Петербурга | Экология Санкт-Петербурга | Почётный гражданин Санкт-Петербурга | Законодательное собрание Санкт-Петербурга | Матчи сборной Санкт-Петербурга по футболу (1913) | Матчи сборной Санкт-Петербурга по футболу (1902—1907) | Матчи сборной Санкт-Петербурга по футболу (1914) | Программа сохранения и развития исторического центра Санкт-Петербурга
2026-09-08 03:18:04.110 I/BenchmarkBridge: [PROBE] done
2026-09-08 03:18:04.444 I/BenchmarkBridge: [PROBE] q=почему Байкал самое глубокое озеро
2026-09-08 03:18:04.444 I/BenchmarkBridge: [PROBE] fast=miss ms=0
2026-09-08 03:18:04.445 I/RagPromptBuilder: Query: 'почему Байкал самое глубокое озеро' -> ZIM keywords: 'байкал самое глубокое озеро'
2026-09-08 03:18:04.488 I/GraphWalker: walk: 0 wikilinks in 'Байкал' (depth=0)
2026-09-08 03:18:04.489 I/GraphWalker: walk seed=Байкал props=[P6, P1365, P1366, P39, P166, P26, P40, P22, P25, P3373, P50, P175, P800, P184, P802, P57, P58, P162, P36, P159, P127, P112] → 0 nodes
2026-09-08 03:18:04.489 I/RagPromptBuilder: Walker probes (entity='Байкал', props=22): Байкал
2026-09-08 03:18:04.500 I/EntityTitleProbe: Title probes (12 lookups): Байкал(1080), Глубокое озеро(1050), Глубокое(1030), Озеро(1030)
2026-09-08 03:18:04.500 I/EntityTitleProbe: Redundant probes: Глубокое, Озеро
2026-09-08 03:18:04.516 I/ZimSearcher: search('байкал самое глубокое озеро') estimated=200
2026-09-08 03:18:04.828 I/ZimSearcher: search('глубокое') estimated=52854
2026-09-08 03:18:05.128 I/RagPromptBuilder: Entity merge 'глубокое': +19 candidates
2026-09-08 03:18:05.129 I/RagPromptBuilder: RAG: 'почему Байкал самое глубокое озеро' candidates=39
2026-09-08 03:18:05.129 I/RagPromptBuilder: Top hits: Байкал(s=1080)[Байкал] | Глубокое озеро(s=1050)[Глубокое_озеро] | Глубокое(s=100)[Глубокое] | Глубокое (город)(s=99)[Глубокое_(город)] | Глубокое обучение(s=98)[Глубокое_обучение]
2026-09-08 03:18:05.129 I/BenchmarkBridge: [PROBE] cand=39 ms=684 titles=Байкал | Глубокое озеро | Глубокое | Глубокое (город) | Глубокое обучение | Глубокое (Алтайский край) | Глубокое синее море (фильм, 1999) | Глубокое синее море 2 | Глубокое (Лужский район) | Глубокое (Опочецкий район) | Байкальская горная страна | Хронология озера Байкал | Сарма (река, впадает в Байкал) | (2776) Байкал | Глубокий | Хубсугул | Впадины континентов | Глубокая | Герб Глубокого | Глубокий вдох
2026-09-08 03:18:05.129 I/BenchmarkBridge: [PROBE] done
2026-09-08 03:18:05.590 I/BenchmarkBridge: [PROBE] q=как связаны Менделеев и периодическая таблица
2026-09-08 03:18:05.591 I/BenchmarkBridge: [PROBE] fast=miss ms=0
2026-09-08 03:18:05.592 I/RagPromptBuilder: Query: 'как связаны Менделеев и периодическая таблица' -> ZIM keywords: 'связаны менделеев периодическая таблица'
2026-09-08 03:18:05.640 I/GraphWalker: walk seed=Менделеев,_Дмитрий_Иванович props=[P6, P1365, P1366, P39, P166, P26, P40, P22, P25, P3373, P50, P175, P800, P184, P802, P57, P58, P162, P36, P159, P127, P112] → 6 nodes
2026-09-08 03:18:05.641 I/RagPromptBuilder: Walker probes (entity='Менделеев', props=22): Менделеев, Дмитрий Иванович, Орден Святого Владимира, Кавалер ордена Святого Александра Невского, Орден Белого орла (Российская империя), Орден Святой Анны I степени, Орден Святого Станислава (Российская империя), Орден Святой Анны II степени
2026-09-08 03:18:05.654 I/EntityTitleProbe: Title probes (22 lookups): Менделеев, Дмитрий Иванович(1070), Периодическая система химических элементов(1040), Таблица(1030), Таблиц, Богуслав(1020)
2026-09-08 03:18:05.666 I/ZimSearcher: search('связаны менделеев периодическая таблица') estimated=60
2026-09-08 03:18:06.063 I/ZimSearcher: search('периодическая') estimated=24960
2026-09-08 03:18:06.388 I/RagPromptBuilder: Entity merge 'периодическая': +18 candidates
2026-09-08 03:18:06.390 I/RagPromptBuilder: RAG: 'как связаны Менделеев и периодическая таблица' candidates=46
2026-09-08 03:18:06.390 I/RagPromptBuilder: Top hits: Менделеев, Дмитрий Иванович(s=1070)[Менделеев,_Дмитрий_Иванович] | Периодическая система химических элементов(s=1040)[Периодическая_система_химических_элементов] | Таблица(s=1030)[Таблица] | Таблиц, Богуслав(s=1020)[Таблиц,_Богуслав] | Орден Святого Владимира(s=899)[Орден_Святого_Владимира]
2026-09-08 03:18:06.390 I/BenchmarkBridge: [PROBE] cand=46 ms=799 titles=Менделеев, Дмитрий Иванович | Периодическая система химических элементов | Таблица | Таблиц, Богуслав | Орден Святого Владимира | Орден Белого орла (Российская империя) | Орден Святой Анны I степени | Орден Святой Анны II степени | Кавалер ордена Святого Александра Невского | Орден Святого Станислава (Российская империя) | Периодическая болезнь | Периодическая последовательность | Периодическая группа | Периодическая функция | Историческая еврейская периодическая печать | Почти периодическая функция | Трижды периодическая минимальная поверхность | Периодический закон | Менделеевские съезды | Периодическое издание
2026-09-08 03:18:06.391 I/BenchmarkBridge: [PROBE] done
