d=7	title=Derobrachus	labels=P18	P815	P685	P830	ITIS	NCBI	EOL
2026-08-27 08:33:54.931 I/BenchmarkBridge: [FIELDS] a=1276	card=0	title=Владимир Кирюхин	labels=
2026-08-27 08:33:54.938 I/BenchmarkBridge: [FIELDS] a=1277	card=25	title=Мамби, Сол	labels=P1559	P18	P27	P1532	P569	P19	P570	P2048	Гражданство	Дата рождения	Место рождения	Дата смерти	Место проживания	Весовая категория	Стойка	Рост	Размах рук	Первый бой	Последний бой	Чемпионский пояс	Боёв	Побед	Побед нокаутом	Поражений	Ничьих
2026-08-27 08:33:54.945 I/BenchmarkBridge: [FIELDS] a=1278	card=0	title=Карта (мифология)	labels=
2026-08-27 08:33:54.951 I/BenchmarkBridge: [FIELDS] a=1279	card=0	title=Филиппов, Николай Антонович	labels=
2026-08-27 08:33:54.957 I/BenchmarkBridge: [FIELDS] a=1280	card=2	title=Банда «санитаров»	labels=Территория	Криминальная деятельность
2026-08-27 08:33:54.972 I/BenchmarkBridge: [FIELDS] a=1281	card=22	title=Театр имени Станиславского и Немировича-Данченко	labels=P18	P571	P166	P276	P131	P6375	P625	P1037	P3300	P856	P373	Тип театра	Основан	Жанры	Награды	Местоположение	Адрес	Директор	Художественный руководитель	Главный дирижёр	Главный художник	Сайт
2026-08-27 08:33:54.979 I/BenchmarkBridge: [FIELDS] a=1282	card=21	title=Кастедо, Давид	labels=P18	P569	P19	P27	P1532	P2048	P413	P54	Полное имя	Родился	Гражданство	Рост	Позиция	Клуб	Клубная карьера[* 1]	1993—1997	1998	1998—1999	1999—2000	2000—2007	2007—2008
2026-08-27 08:33:54.986 I/BenchmarkBridge: [FIELDS] a=1283	card=13	title=Бауса, Эдуардо	labels=P1559[LANGUAGE!:RU]	P18	P39	P569	P19	P570	P20	P102[!Q113264255]	P69	Рождение	Смерть	Партия	Образование
2026-08-27 08:33:54.990 I/BenchmarkBridge: [FIELDS] a=1284	card=0	title=Портал:Нидерланды/Цвет2	labels=
2026-08-27 08:33:54.999 I/BenchmarkBridge: [FIELDS] a=1285	card=21	title=Дерби (Западная Австралия)	labels=P1705	P1448	P18	P625	P17	P571	P2046	P2044	P421	P1082	P281	P373	Страна	Штат	Графство	Основан	Площадь	Высота центра	Часовой пояс	Население	Почтовый индекс
2026-08-27 08:33:55.004 I/BenchmarkBridge: [FIELDS] a=1286	card=0	title=Саламандра (кулинария)	labels=
2026-08-27 08:33:55.009 I/BenchmarkBridge: [FIELDS] a=1287	card=10	title=Юно	labels=P1705	P1448	P625	P17	P2044	P421	Страна	Регион	Высота центра	Часовой пояс
2026-08-27 08:33:55.015 I/BenchmarkBridge: [FIELDS] a=1288	card=26	title=Фолтын, Мария	labels=P1559[LANGUAGE!:RU]	P18	P1477	P569	P19	P570	P20	P119	P27	P106	P412	P136	P166	P373	Имя при рождении	Дата рождения	Место рождения	Дата смерти	Место смерти	Похоронена	Страна	Профессии	Певческий голос	Жанры	Коллективы	Награды
2026-08-27 08:33:55.021 I/BenchmarkBridge: [FIELDS] a=1289	card=16	title=Сан-Клементе (Лоле)	labels=P1705	P1448	P18	P94	P625	P17	P2046	P1082	P373	Страна	Регион	Округ	Муниципалитет	Площадь	Население	Плотность
2026-08-27 08:33:55.030 I/BenchmarkBridge: [FIELDS] a=1290	card=0	title=Тяньтай	labels=
2026-08-27 08:33:55.034 I/BenchmarkBridge: [FIELDS] a=1291	card=0	title=Томпсон, Эрик	labels=
2026-08-27 08:33:55.042 I/BenchmarkBridge: [FIELDS] a=1292	card=26	title=Пляховая (село)	labels=P1705	P1448	P625	P17	P571	P2046	P2044	P421	P1082	P281	P1077	P9435	P373	Страна	Область	Район	Основан	Площадь	Высота центра	Часовой пояс	Население	Плотность	Телефонный код	Почтовый индекс	КОАТУУ	КАТЕТТО
2026-08-27 08:33:55.052 I/BenchmarkBridge: [FIELDS] a=1293	card=18	title=Фурсово (Тульская область)	labels=P625	P17	P2044	P421	P1082	P281	P721	P764	Страна	Субъект Федерации	Муниципальный район	Сельское поселение	Высота центра	Часовой пояс	Население	Почтовый индекс	Код ОКАТО	Код ОКТМО
2026-08-27 08:33:55.060 I/BenchmarkBridge: [FIELDS] a=1294	card=0	title=Проводка (гистология)	labels=
2026-08-27 08:33:55.074 I/BenchmarkBridge: [FIELDS] a=1295	card=29	title=Рождество на площади	labels=P1476	P18	P136	P57	P162	P58	P161	P344	P86	P272	P750	P2047	P495	P364	P345	Жанры	Режиссёр	Продюсер	Автор сценария	В главных ролях	Оператор	Композитор	Кинокомпании	Дистрибьютор	Длительность	Страна	Язык	Год	IMDb
2026-08-27 08:33:55.083 I/BenchmarkBridge: [FIELDS] a=1296	card=19	title=Клуа, Селви	labels=P569	P19	P27	P1532	P2048	P413	P54	Полное имя	Родился	Гражданство	Рост	Позиция	Клуб	Номер	Молодёжные клубы	2020—2021	2021—2022	2023—н. в.	2022—н. в.
2026-08-27 08:33:55.089 I/BenchmarkBridge: [FIELDS] a=1297	card=21	title=Ксензов, Юрий	labels=P569	P19	P27	P1532	P2048	P413	Родился	Гражданство	Рост	Позиция	Клубная карьера[* 1]	1998—1999	2000	2001	2002—2003	2003	2004—2009	2008	2010	2011—2013	2013
2026-08-27 08:33:55.094 I/BenchmarkBridge: [FIELDS] a=1298	card=7	title=Норвежский духовой квинтет	labels=P136	P495	P740	Жанр	Годы	Страна	Место создания
2026-08-27 08:33:55.100 I/BenchmarkBridge: [FIELDS] a=1299	card=31	title=Специальное задание	labels=P1476	P18	P136	P57	P162	P58	P161	P344	P86	P272	P750[!Q907311]	P2047	P2130	P495	P364	P345	Жанр	Режиссёр	Продюсер	Авторы сценария	В главных ролях	Оператор	Композитор	Кинокомпания	Дистрибьютор	Длительность	Бюджет	Страна	Язык	Год	IMDb
2026-08-27 08:33:55.108 I/BenchmarkBridge: [FIELDS] a=1300	card=0	title=Чемпионат мира по дзюдо в абсолютной категории 2017	labels=
2026-08-27 08:33:55.111 I/BenchmarkBridge: [FIELDS] a=1301	card=0	title=Покровский, Михаил Владимирович	labels=
2026-08-27 08:33:55.123 I/BenchmarkBridge: [FIELDS] a=1302	card=25	title=Райт, Ларри (баскетболист)	labels=P1559	P413	P2048	P2067	P27	P1532	P569	P19	Позиция	Рост	Вес	Гражданство	Дата рождения	Место рождения	Школа	Колледж	Драфт НБА	Команды	1976—1980	1980—1981	1982—1984	1999	1987—1988	1990—1992	1998—2008
2026-08-27 08:33:55.145 I/BenchmarkBridge: [FIELDS] a=1303	card=0	title=Кубок мира по шорт-треку 2024/2025	labels=
2026-08-27 08:33:55.156 I/BenchmarkBridge: [FIELDS] a=1304	card=0	title=Международный стандартный сериальный номер	labels=
2026-08-27 08:33:55.168 I/BenchmarkBridge: [FIELDS] a=1305	card=28	title=Татаринов, Фёдор Васильевич	labels=P18	P569	P19	P570	P20	P27	P106	P69	P140	P102	P22	P25	P26	P40	P373	Дата рождения	Место рождения	Дата смерти	Место смерти	Гражданство	Род деятельности	Образование	Вероисповедание	Партия	Отец	Мать	Супруга	Дети
2026-08-27 08:33:55.173 I/BenchmarkBridge: [FIELDS] a=1306	card=12	title=Авербах, Иосиф Семёнович	labels=P569	P19	P570	P27	P106	P166	Дата рождения	Место рождения	Дата смерти	Гражданство	Профессия	Награды
2026-08-27 08:33:55.183 I/BenchmarkBridge: [FIELDS] a=1307	card=16	title=Google Play Music	labels=P154	P31	P178	P306	P577	P571	P348	P856	P373	Тип	Разработчик	Операционные системы	Первый выпуск	Последняя версия	Состояние	Сайт
2026-08-27 08:33:55.201 I/BenchmarkBridge: [FIELDS] a=1308	card=25	title=Фугарон	labels=P1705	P1448	P18	P625	P17	P6	P2046	P2044	P421	P1082	P281	P374	P373	Страна	Регион	Департамент	Кантон	Мэр	Площадь	Высота центра	Часовой пояс	Население	Плотность	Почтовый индекс	Код INSEE
2026-08-27 08:33:55.210 I/BenchmarkBridge: [FIELDS] a=1309	card=0	title=Футбол на летней Спартакиаде народов СССР 1986	labels=
2026-08-27 08:33:55.214 I/BenchmarkBridge: [FIELDS] a=1310	card=0	title=Позвоночно-двигательный сегмент	labels=
2026-08-27 08:33:55.221 I/BenchmarkBridge: [FIELDS] a=1311	card=15	title=Жоанно, Альфред	labels=P1559	P18	P569	P19	P570	P20	P27	P106	P373	Дата рождения	Место рождения	Дата смерти	Место смерти	Гражданство	Род деятельности
2026-08-27 08:33:55.226 I/BenchmarkBridge: [FIELDS] a=1312	card=0	title=Хуан де ла Крус	labels=
2026-08-27 08:33:55.231 I/BenchmarkBridge: [FIELDS] a=1313	card=15	title=Тавричанка (Восточно-Казахстанская область)	labels=P1705	P1448	P625	P17	P421	P1082	P395	Страна	Область	Сельский район	Сельский округ	Прежние названия	Часовой пояс	Население	Автомобильный код
2026-08-27 08:33:55.238 I/BenchmarkBridge: [FIELDS] a=1314	card=13	title=875 км	labels=P625	P17	P571	P421	P1082	Страна	Субъект Федерации	Муниципальный район	Сельское поселение	Основан	Прежние названия	Часовой пояс	Население
2026-08-27 08:33:55.242 I/BenchmarkBridge: [FIELDS] a=1315	card=0	title=Маслов, Семён	labels=
2026-08-27 08:33:55.248 I/BenchmarkBridge: [FIELDS] a=1316	card=0	title=Федерация студентов и школьников Кот-д’Ивуара	labels=
2026-08-27 08:33:55.259 I/BenchmarkBridge: [FIELDS] a=1317	card=15	title=Мерькова	labels=P17	P884	P1397	Длина	Исток (Т) (B)	• Местоположение	• Высота	• Координаты	Устье (Т) (B)	Водная система	Страна	Регион	Район	Код в ГВР	Номер в ГКГН
2026-08-27 08:33:55.267 I/BenchmarkBridge: [FIELDS] a=1318	card=18	title=Фелис ди Соза, Франсиску	labels=P1559	P18	P569	P19	P570	P20	P27	P106	P26	P40	Дата рождения	Место рождения	Дата смерти	Место смерти	Подданство	Род деятельности	Супруга	Дети
2026-08-27 08:33:55.280 I/BenchmarkBridge: [FIELDS] a=1319	card=24	title=Перейра, Маозинья	labels=P1559	P413	P2048	P2067	P27	P1532	P569	P19	Позиция	Рост	Вес	Гражданство	Дата рождения	Место рождения	Драфт НБА	Команды	2019—2020	2020—2021	2021—2022	2022—2023	2023—2024	2024	2024—2025	2025—н. в.
2026-08-27 08:33:55.287 I/BenchmarkBridge: [FIELDS] a=1320	card=23	title=Белоусов, Евгений Владимирович	labels=P18	P27	P1532	P569	P19	P570	P2048	P2067	P641	P54	Полное имя	Гражданство	Дата рождения	Место рождения	Дата смерти	Рост	Вес	Специализация	Клуб	Олимпийские игры	Серебро	Бронза	Золото
2026-08-27 08:33:55.295 I/BenchmarkBridge: [FIELDS] a=1321	card=24	title=Чаганский сельсовет	labels=P625	P17	P36	P6	P571	P2046	P421	P1082	P764	P721	P242	Страна	Субъект РФ	Район	Включает	Адм. центр	Глава МО	Дата образования	Площадь	Часовой пояс	Население	Плотность	Код ОКТМО	Код ОКАТО
2026-08-27 08:33:55.303 I/BenchmarkBridge: [FIELDS] a=1322	card=24	title=DR1	labels=P154	P17	P2541	P2936	P159	P571	P127	P488	P1451	P856	Страна	Зона вещания	Время вещания	Язык вещания	Штаб-квартира	Формат изображения	Тематика телеканала	Дата начала вещания	Владелец	Руководители	Прежние названия	Родственные телеканалы	Слоган	Сайт
2026-08-27 08:33:55.312 I/BenchmarkBridge: [FIELDS] a=1323	card=29	title=Плевнелиев, Росен	labels=P1559	P18	P569	P19	P22	P25	P26	P40	P102[!Q113264255]	P69	P140	P166	P856	P373	Глава правительства	Вице-президент	Предшественник	Преемник	Президент	Рождение	Отец	Мать	Супруга	Дети	Партия	Образование	Отношение к религии	Награды	Сайт
2026-08-27 08:33:55.318 I/BenchmarkBridge: [FIELDS] a=1324	card=0	title=Скир	labels=
2026-08-27 08:33:55.329 I/BenchmarkBridge: [FIELDS] a=1325	card=13	title=Ставропольский уезд (Ставропольская губерния)	labels=P17	P131	P36	P571	P2046	P1082	P242	Страна	Губерния	Уездный город	Дата образования	Площадь	Население
2026-08-27 08:33:55.337 I/BenchmarkBridge: [FIELDS] a=1326	card=20	title=Вечна	labels=P17	P2044	P421	P1082	P281	P721	P764	P1397	Страна	Субъект Федерации	Муниципальный район	Сельское поселение	Высота центра	Часовой пояс	Население	Телефонный код	Почтовый индекс	Код ОКАТО	Код ОКТМО	Номер в ГКГН
2026-08-27 08:33:55.345 I/BenchmarkBridge: [FIELDS] a=1327	card=23	title=Гебхардт, Ананиас	labels=P569	P19	P27	P1532	P2048	P413	P54	Полное имя	Родился	Гражданство	Рост	Позиция	Клуб	Номер	Клубная карьера[* 1]	2006—2008	2008—2010	2010—2013	2013—2016	2016	2016—2018	2018—н. в.	2011—н. в.
2026-08-27 08:33:55.350 I/BenchmarkBridge: [FIELDS] a=1328	card=17	title=Скрюкова, Екатерина Фёдоровна	labels=P18	P569	P19	P570	P20	P27	P22	P25	P166	Дата рождения	Место рождения	Дата смерти	Место смерти	Гражданство	Отец	Мать	Награды и премии
2026-08-27 08:33:55.360 I/BenchmarkBridge: [FIELDS] a=1329	card=38	title=Форсман, Оскари	labels=P569	P19	P27	P1532	P2048	P413	P54	Родился	Гражданство	Рост	Позиция	Клуб	Номер	Молодёжные клубы	1994	1995—2001	2002—2005	2006—2008	2006—2007	2008	2009	2010	2011	2012	2013—2014	2013	2014	2015—2016	2017—2018	2018	2019—2021	2022	2023—н. в.	2003	2004	2005	2006	2007
2026-08-27 08:33:55.367 I/BenchmarkBridge: [FIELDS] a=1330	card=18	title=Риве-Кинг, Жюли	labels=P18	P1477	P569	P19	P570	P20	P27	P106	P1303[!Q17172850]	P373	Имя при рождении	Дата рождения	Место рождения	Дата смерти	Место смерти	Страна	Профессии	Инструменты
2026-08-27 08:33:55.378 I/BenchmarkBridge: [FIELDS] a=1331	card=29	title=Совраги	labels=P1705	P1448	P18	P625	P17	P2044	P2564	P421	P1082	P37	P281	P721	P764	P1397	Страна	Субъект Федерации	Муниципальный район	Сельское поселение	Высота центра	Тип климата	Часовой пояс	Население	Национальности	Конфессии	Официальный язык	Почтовый индекс	Код ОКАТО	Код ОКТМО	Номер в ГКГН
2026-08-27 08:33:55.386 I/BenchmarkBridge: [FIELDS] a=1332	card=8	title=Ши Цзянь	labels=P1559	P570	P22	Предшественник	Преемник	Рождение	Смерть	Отец
2026-08-27 08:33:55.394 I/BenchmarkBridge: [FIELDS] a=1333	card=19	title=Юрманга (посёлок)	labels=P625	P17	P421	P1082	P281	P721	P764	Страна	Субъект Федерации	Муниципальный район	Сельское поселение	Прежние названия	Часовой пояс	Население	Национальности	Почтовый индекс	Код ОКАТО	Код ОКТМО	Рег. номер
2026-08-27 08:33:55.401 I/BenchmarkBridge: [FIELDS] a=1334	card=4	title=Archaeoglenes	labels=P18	P225	P830	EOL
2026-08-27 08:33:55.405 I/BenchmarkBridge: [FIELDS] a=1335	card=0	title=Портал:Германия/Знаете ли вы	labels=
2026-08-27 08:33:55.411 I/BenchmarkBridge: [FIELDS] a=1336	card=0	title=Who Shot Mr. Burns? Part I	labels=
2026-08-27 08:33:55.418 I/BenchmarkBridge: [FIELDS] a=1337	card=21	title=Назаров, Павел Степанович	labels=P18	P569	P19	P570	P20	P27	P106	P22	P25	P26	P40	Дата рождения	Место рождения	Дата смерти	Место смерти	Страна	Род деятельности	Отец	Мать	Супруга	Дети
2026-08-27 08:33:55.426 I/BenchmarkBridge: [FIELDS] a=1338	card=21	title=Троицкий костёл (Чернавчицы)	labels=P1705	P18	P625	P31	P17	P131	P140	P708	P149	P112	P5816	P373	Тип	Страна	Агрогородок	Конфессия	Епархия	Архитектурный стиль	Основатель	Строительство	Состояние
2026-08-27 08:33:55.433 I/BenchmarkBridge: [FIELDS] a=1339	card=16	title=Ласо, Франсиско	labels=P18	P569	P19	P570	P20	P27	P106	P136	P373	Дата рождения	Место рождения	Дата смерти	Место смерти	Страна	Род деятельности	Жанр
2026-08-27 08:33:55.438 I/BenchmarkBridge: [FIELDS] a=1340	card=15	title=Сан-Паулу-де-Фрадеш	labels=P1705	P1448	P625	P17	P2046	P1082	P373	Страна	Регион	Округ	Муниципалитет	Площадь	Население	Плотность	Агломерация
2026-08-27 08:33:55.445 I/BenchmarkBridge: [FIELDS] a=1341	card=14	title=Агаларова, Бахар Амиралы кызы	labels=P569	P19	P570	P20	P27	P106	P166	Дата рождения	Место рождения	Дата смерти	Место смерти	Страна	Род деятельности	Награды и премии
2026-08-27 08:33:55.452 I/BenchmarkBridge: [FIELDS] a=1342	card=14	title=Кублицкая, Раиса Владимировна	labels=P1559	P18	P569	P19	P570	P20	P27	P166	Дата рождения	Место рождения	Дата смерти	Место смерти	Гражданство	Награды и премии
2026-08-27 08:33:55.502 I/BenchmarkBridge: [FIELDS] a=1343	card=29	title=Волховский район	labels=P18	P41	P94	P17	P36	P6	P571	P2046	P421	P1082	P473	P856	P242	P1621	P373	Страна	Входит в	Включает	Адм. центр	Глава МО	Глава администрации	Дата образования	Площадь	Часовой пояс	Крупнейшие города	Население	Плотность	Телефонный код	Код ОКТМО
2026-08-27 08:33:55.508 I/BenchmarkBridge: [FIELDS] a=1344	card=0	title=Список муравьёв-листорезов	labels=
2026-08-27 08:33:55.514 I/BenchmarkBridge: [FIELDS] a=1345	card=11	title=Уилли Лампкин	labels=P1559	P18	P106	Издатель	Дебют	Авторы	Позиция	Полное имя	Вид	Семейное положение	Род занятий
2026-08-27 08:33:55.518 I/BenchmarkBridge: [FIELDS] a=1346	card=0	title=Политические риски	labels=
2026-08-27 08:33:55.526 I/BenchmarkBridge: [FIELDS] a=1347	card=38	title=Омикрон Персея	labels=P6259	P6257	P6258	P2583	P1215	P59	P2216	P10752	P10751	P2214	P215	P1458	P881	P2067	P528	P3083	P373	Прямое восхождение	Склонение	Расстояние	Видимая звёздная величина (V)	Созвездие	Лучевая скорость (Rv)	• прямое восхождение	• склонение	Параллакс (π)	Спектральный класс	• B−V	• U−B	Переменность	Масса	SIMBAD	Компонент A	Тип	Радиус	Температура	Светимость	Компонент B
2026-08-27 08:33:55.536 I/BenchmarkBridge: [FIELDS] a=1348	card=5	title=Лагерпетиды	labels=P18	P830	P842	EOL	FW
2026-08-27 08:33:55.541 I/BenchmarkBridge: [FIELDS] a=1349	card=21	title=Портела (Вила-Нова-ди-Фамаликан)	labels=P1705	P1448	P94	P625	P17	P2046	P421	P1082	P281	P373	Страна	Регион	Округ	Муниципалитет	Площадь	Часовой пояс	Население	Плотность	Агломерация	Название жителей	Почтовые индексы
2026-08-27 08:33:55.546 I/BenchmarkBridge: [FIELDS] a=1350	card=19	title=Наранхо, Хосе	labels=P18	P1449	P569	P19	P570	P20	P27	P1532	P413	P373	Полное имя	Прозвище	Родился	Умер	Гражданство	Позиция	Клубная карьера[* 1]	1944—1960	1949—1956
2026-08-27 08:33:55.549 I/BenchmarkBridge: [FIELDS] a=1351	card=0	title=РКА	labels=
2026-08-27 08:33:55.556 I/BenchmarkBridge: [FIELDS] a=1352	card=16	title=Амелина, Алла Леонидовна	labels=P18	P569	P19	P27	P106	P69	P26	P40	P373	Дата рождения	Место рождения	Гражданство	Род деятельности	Образование	Супруг	Дети
2026-08-27 08:33:55.568 I/BenchmarkBridge: [FIELDS] a=1353	card=13	title=Превит, Фрэнк	labels=P1559	P1477	P569	P19	P27	P106	P166	Имя при рождении	Дата рождения	Место рождения	Страна	Профессии	Награды
2026-08-27 08:33:55.575 I/BenchmarkBridge: [FIELDS] a=1354	card=21	title=Иоганна София Гогенлоэ-Лангенбургская	labels=P1559	P18	P569	P19	P570	P20	P119	P53	P22	P25	P26	P40	P373	Рождение	Смерть	Место погребения	Род	Отец	Мать	Супруг	Дети
2026-08-27 08:33:55.580 I/BenchmarkBridge: [FIELDS] a=1355	card=13	title=Auletta	labels=P136	P495	P740	P1412	P264	P856	Жанр	Годы	Страна	Место создания	Язык	Лейблы	Состав
2026-08-27 08:33:55.586 I/BenchmarkBridge: [FIELDS] a=1356	card=17	title=Вырыпаевское сельское поселение	labels=P625	P17	P36	P2046	P421	P1082	P764	Страна	Субъект РФ	Район	Включает	Адм. центр	Площадь	Часовой пояс	Население	Плотность	Код ОКТМО
2026-08-27 08:33:55.593 I/BenchmarkBridge: [FIELDS] a=1357	card=23	title=Азино (Удмуртия)	labels=P1705	P1448	P625	P17	P421	P1082	P37	P281	P721	P764	P1397	Страна	Субъект Федерации	Муниципальный район	Сельское поселение	Часовой пояс	Население	Официальный язык	Телефонный код	Почтовый индекс	Код ОКАТО	Код ОКТМО	Номер в ГКГН
2026-08-27 08:33:55.598 I/BenchmarkBridge: [FIELDS] a=1358	card=0	title=Заряжаемый автомобиль	labels=
2026-08-27 08:33:55.603 I/BenchmarkBridge: [FIELDS] a=1359	card=13	title=Ганбауэр (национальный парк)	labels=P18	P814	P2046	P571	P625	P17	P856	P373	Площадь	Дата основания	Управляющая организация	Страна	Ближайший город
2026-08-27 08:33:55.610 I/BenchmarkBridge: [FIELDS] a=1360	card=14	title=RDK 280	labels=P18	Тип крана	Максимальный грузовой момент	Вылет минимальный/максимальный	Максимальная высота подъёма	Максимальная глубина опускания	Длина стрелы (Крановое оборудование)	Уклон (град)	Масса крана	Двигатель	Генератор	Сеть	Изготовитель	Страна-производитель
2026-08-27 08:33:55.613 I/BenchmarkBridge: [FIELDS] a=1361	card=9	title=Кулакова, Екатерина Александровна	labels=P27	P1532	P569	P19	Полное имя	Гражданство	Дата рождения	Место рождения	Проживание
2026-08-27 08:33:55.620 I/BenchmarkBridge: [FIELDS] a=1362	card=0	title=Баракат	labels=
2026-08-27 08:33:55.626 I/BenchmarkBridge: [FIELDS] a=1363	card=14	title=Аннамо	labels=P1705	P1448	P18	P625	P17	P2044	P421	P373	Страна	Провинция	Графство	Высота центра	Часовой пояс	№ по ИКС
2026-08-27 08:33:55.630 I/BenchmarkBridge: [FIELDS] a=1364	card=16	title=Вейде, Адам Адамович	labels=P18	P569	P19	P570	P106	P410	P607	P166	Дата рождения	Место рождения	Дата смерти	Род деятельности	Принадлежность	Звание	Сражения/войны	Награды и премии
2026-08-27 08:33:55.634 I/BenchmarkBridge: [FIELDS] a=1365	card=13	title=Салаир (приток Ини)	labels=P17	P884	Длина	Исток (Т) (B)	• Координаты	Устье (Т) (B)	• Местоположение	• Высота	Водная система	Страна	Регион	Район	Код в ГВР
2026-08-27 08:33:55.638 I/BenchmarkBridge: [FIELDS] a=1366	card=7	title=Бобанги	labels=P1705	P1448	P625	P17	P2044	Страна	Высота центра
2026-08-27 08:33:55.648 I/BenchmarkBridge: [FIELDS] a=1367	card=30	title=Памфир	labels=P1476	P18	P136	P57	P162	P58	P161	P344	P2554	P750	P2047	P2142	P495	P364	P345	P373	Жанр	Режиссёр	Продюсер	Автор сценария	В главных ролях	Оператор	Художник-постановщик	Дистрибьютор	Длительность	Сборы	Страны	Язык	Год	IMDb
2026-08-27 08:33:55.654 I/BenchmarkBridge: [FIELDS] a=1368	card=10	title=Маига, Шогель Кокалла	labels=P1559	P18	P569	P19	P102[!Q113264255]	P373	Предшественник	Преемник	Рождение	Партия
2026-08-27 08:33:55.659 I/BenchmarkBridge: [FIELDS] a=1369	card=13	title=Шеллефтео (хоккейный клуб)	labels=P154	P17	P571	P115	P856	Страна	Город	Основан	Домашняя арена	Цвета	Хоккейная лига	Главный тренер	Официальный сайт
2026-08-27 08:33:55.664 I/BenchmarkBridge: [FIELDS] a=1370	card=14	title=Вилентас, Балтрамеюс	labels=P569	P19	P570	P20	P27	P106	P6886	Дата рождения	Место рождения	Дата смерти	Место смерти	Гражданство (подданство)	Род деятельности	Язык произведений
2026-08-27 08:33:55.667 I/BenchmarkBridge: [FIELDS] a=1371	card=0	title=Портал:Подводные лодки/События дня/июль	labels=
2026-08-27 08:33:55.674 I/BenchmarkBridge: [FIELDS] a=1372	card=19	title=Сосновка (Безенчукский район)	labels=P18	P625	P17	P2044	P421	P1082	P281	P721	P764	Страна	Субъект Федерации	Муниципальный район	Городское поселение	Высота центра	Часовой пояс	Население	Почтовый индекс	Код ОКАТО	Код ОКТМО
2026-08-27 08:33:55.678 I/BenchmarkBridge: [FIELDS] a=1373	card=11	title=Рабинович-Бараковский, Александр	labels=P569	P19	P27	P106	P1303[!Q17172850]	P856	Дата рождения	Место рождения	Страна	Профессии	Инструменты
2026-08-27 08:33:55.684 I/BenchmarkBridge: [FIELDS] a=1374	card=24	title=Де Йонг, Федде	labels=P569	P19	P27	P1532	P2048	P413	P54	Родился	Гражданство	Рост	Позиция	Клуб	Номер	Молодёжные клубы	2016—2018	2020—2023	2022—2023	2023—2025	2025—н. в.	2017—2018	2018—2019	2019	2021	2023
2026-08-27 08:33:55.687 I/BenchmarkBridge: [FIELDS] a=1375	card=0	title=Васильевщина	labels=
2026-08-27 08:33:55.693 I/BenchmarkBridge: [FIELDS] a=1376	card=22	title=Лоуэлл (Индиана)	labels=P1705	P1448	P18	P17	P571	P2046	P2044	P281	P590	P856	P373	Страна	Штат	Округ	Основан	Город с	Площадь	Высота центра	Население	Телефонный код	Почтовый индекс	GNIS
2026-08-27 08:33:55.698 I/BenchmarkBridge: [FIELDS] a=1377	card=14	title=Кристмас, Уильям Уитни	labels=P18	P569	P19	P570	P20	P27	P106	P373	Дата рождения	Место рождения	Дата смерти	Место смерти	Страна	Род деятельности
2026-08-27 08:33:55.705 I/BenchmarkBridge: [FIELDS] a=1378	card=16	title=Чемпионат Швеции по футболу среди женщин	labels=P1705	P154	P571	P17	P1132	P856	Основан	Регион	Федерация	Число участников	Уровень в системе лиг	Выбывание	Национальные турниры	Международные турниры	Действующий победитель	Сайт
2026-08-27 08:33:55.711 I/BenchmarkBridge: [FIELDS] a=1379	card=18	title=Кольцово (Омская область)	labels=P625	P17	P571	P421	P1082	P281	P721	P764	Страна	Субъект Федерации	Муниципальный район	Сельское поселение	Основан	Часовой пояс	Население	Почтовый индекс	Код ОКАТО	Код ОКТМО
2026-08-27 08:33:55.716 I/BenchmarkBridge: [FIELDS] a=1380	card=18	title=Кашкар, Геннадий Александрович	labels=P569	P27	P1532	P413	Полное имя	Родился	Гражданство	Позиция	Клубная карьера[* 1]	1992—1996	1995	1997	1998	1999	1999—2001	2002	2003	1997—1998
2026-08-27 08:33:55.720 I/BenchmarkBridge: [FIELDS] a=1381	card=0	title=25 октября (значения)	labels=
2026-08-27 08:33:55.725 I/BenchmarkBridge: [FIELDS] a=1382	card=0	title=Ментальные модели	labels=
2026-08-27 08:33:55.730 I/BenchmarkBridge: [FIELDS] a=1383	card=0	title=Пеньков	labels=
2026-08-27 08:33:55.737 I/BenchmarkBridge: [FIELDS] a=1384	card=0	title=Список святых, канонизированных папой римским Львом XIII	labels=
2026-08-27 08:33:55.742 I/BenchmarkBridge: [FIELDS] a=1385	card=0	title=Бешик-туй	labels=
2026-08-27 08:33:55.754 I/BenchmarkBridge: [FIELDS] a=1386	card=21	title=Ростворовский, Тадеуш	labels=P1559	P18	P27	P569	P19	P570	P20	P69	P937	P135	P800	P373	Страна	Дата рождения	Место рождения	Дата смерти	Место смерти	Учёба	Работал в городах	Архитектурный стиль	Важнейшие постройки
2026-08-27 08:33:55.767 I/BenchmarkBridge: [FIELDS] a=1387	card=10	title=Barcelona KIA 2007	labels=P18	P17	P765	P856	P2121	Место проведения	Покрытие	Сайт	Категория	Призовые
2026-08-27 08:33:55.772 I/BenchmarkBridge: [FIELDS] a=1388	card=12	title=Броварка	labels=P17	Длина	Бассейн	Исток (Т) (B)	• Местоположение	• Координаты	Устье (Т) (B)	Уклон реки	Водная система	Страна	Регион	Район
2026-08-27 08:33:55.778 I/BenchmarkBridge: [FIELDS] a=1389	card=5	title=Лепельский контрудар	labels=Дата	Место	Причина	Итог	Изменения
2026-08-27 08:33:55.783 I/BenchmarkBridge: [FIELDS] a=1390	card=16	title=Сотник (деревня)	labels=P625	P17	P421	P1082	P281	P721	P764	Страна	Субъект Федерации	Муниципальный район	Городское поселение	Часовой пояс	Население	Почтовый индекс	Код ОКАТО	Код ОКТМО
2026-08-27 08:33:55.791 I/BenchmarkBridge: [FIELDS] a=1391	card=12	title=Westerdam	labels=P18	P289	P458	P2317	P127	P176	P373	Класс и тип судна	Номер ИМО	Позывной	Владелец	Изготовитель
2026-08-27 08:33:55.799 I/BenchmarkBridge: [FIELDS] a=1392	card=14	title=Мохтик	labels=P17	P884	P1397	Длина	Исток (Т) (B)	• Координаты	Устье (Т) (B)	• Местоположение	Водная система	Страна	Регион	Район	Код в ГВР	Номер в ГКГН
2026-08-27 08:33:55.806 I/BenchmarkBridge: [FIELDS] a=1393	card=0	title=Частично признанное государство	labels=
2026-08-27 08:33:55.810 I/BenchmarkBridge: [FIELDS] a=1394	card=14	title=Принсеп, Джеймс	labels=P18	P569	P19	P570	P20	P106	P166	P373	Дата рождения	Место рождения	Дата смерти	Место смерти	Род деятельности	Награды и премии
2026-08-27 08:33:55.815 I/BenchmarkBridge: [FIELDS] a=1395	card=18	title=Ахмадиева, Роза Шайхайдаровна	labels=P569	P19	P27	P101	P108	P69	P512	P803	P166	Дата рождения	Место рождения	Страна	Научная сфера	Место работы	Альма-матер	Учёная степень	Учёное звание	Награды и премии
2026-08-27 08:33:55.819 I/BenchmarkBridge: [FIELDS] a=1396	card=9	title=Ганноверская Высшая школа музыки и театра	labels=P154	P18	P571	P2196	P856	P373	Год основания	Студенты	Сайт
2026-08-27 08:33:55.825 I/BenchmarkBridge: [FIELDS] a=1397	card=21	title=Амкодор	labels=P154	P1454	P571	P159	P452	P1056	P2139	P2295	P1128	P856	P373	Тип	Год основания	Расположение	Ключевые фигуры	Отрасль	Продукция	Оборот	Чистая прибыль	Число работников	Сайт
2026-08-27 08:33:55.830 I/BenchmarkBridge: [FIELDS] a=1398	card=27	title=Пфуллинген	labels=P1705	P1448	P18	P94	P625	P17	P6	P2046	P2044	P421	P1082	P281	P395	P856	P373	Страна	Земля	Район	Глава	Площадь	Высота центра	Часовой пояс	Население	Телефонный код	Почтовый индекс	Автомобильный код	Официальный код
2026-08-27 08:33:55.836 I/BenchmarkBridge: [FIELDS] a=1399	card=25	title=Волпи, Джон Энтони	labels=P1559	P18	P569	P19	P570	P20	P119	P102	P69	P166	P241	P607	P373	Президент	Предшественник	Преемник	Рождение	Смерть	Место погребения	Партия	Образование	Награды	Принадлежность	Род войск	Сражения
2026-08-27 08:33:55.841 I/BenchmarkBridge: [FIELDS] a=1400	card=28	title=Катастрофа Ил-18 под Глубоким	labels=P18	P585	P276	P1120	P1339	P1427	P1444	P3090	P1561	Дата	Время	Характер	Причина	Место	Координаты	Погибшие	Раненые	Модель	Авиакомпания	Принадлежность	Пункт вылета	Пункт назначения	Рейс	Бортовой номер	Дата выпуска	Пассажиры	Экипаж	Выжившие
2026-08-27 08:33:55.846 I/BenchmarkBridge: [FIELDS] a=1401	card=8	title=Мончегорское лесничество	labels=P18	P625	P17	Площадь	Участковые лесничества	Дата основания	Страна	Субъект РФ
2026-08-27 08:33:55.855 I/BenchmarkBridge: [FIELDS] a=1402	card=21	title=Сивец, Татьяна Николаевна	labels=P1559	P18	P569	P19	P27	P69	P106	P2031	P6886	P166	P856	P373	Дата рождения	Место рождения	Гражданство (подданство)	Образование	Род деятельности	Годы творчества	Язык произведений	Дебют	Награды
2026-08-27 08:33:55.860 I/BenchmarkBridge: [FIELDS] a=1403	card=27	title=Сенбуз	labels=P1705	P1448	P18	P94	P625	P17	P6	P2046	P2044	P421	P1082	P281	P374	P856	P373	Страна	Регион	Департамент	Кантон	Мэр	Площадь	Высота центра	Часовой пояс	Население	Плотность	Почтовый индекс	Код INSEE
2026-08-27 08:33:55.884 I/BenchmarkBridge: [FIELDS] a=1404	card=10	title=ФК «Интернационале» в сезоне 2013/2014	labels=P286	Сезон	Тренер	Президент	Капитан	Стадион	Серия А	Кубок Италии	Чемпионат	Всего
2026-08-27 08:33:55.891 I/BenchmarkBridge: [FIELDS] a=1405	card=9	title=Свистуновые (земноводные)	labels=P18	P815	P685	P830	P842	ITIS	NCBI	EOL	FW
2026-08-27 08:33:55.897 I/BenchmarkBridge: [FIELDS] a=1406	card=19	title=Макаренко, Дарья Алексеевна	labels=P569	P19	P27	P1532	P2048	P413	Полное имя	Родилась	Гражданство	Рост	Позиция	Молодёжные клубы	2012—2016	2017	2010	2008—2011	2011—2017	Универсиады	Серебро
2026-08-27 08:33:55.902 I/BenchmarkBridge: [FIELDS] a=1407	card=14	title=Хайт, Владимир Львович	labels=P569	P19	P570	P20	P27	P106	P166	Дата рождения	Место рождения	Дата смерти	Место смерти	Страна	Род деятельности	Награды и премии
2026-08-27 08:33:55.907 I/BenchmarkBridge: [FIELDS] a=1408	card=0	title=Трансатлантический экзопланетный обзор	labels=
2026-08-27 08:33:55.910 I/BenchmarkBridge: [FIELDS] a=1409	card=0	title=Ганн, Джеймс (значения)	labels=
2026-08-27 08:33:55.915 I/BenchmarkBridge: [FIELDS] a=1410	card=15	title=Drugstore in Another World: The Slow Life of a Cheat Pharmacist	labels=P18	Жанр / тематика	Автор	Издатель	Публикация	Иллюстратор	Томов	Публикуется в	Аудитория	Режиссёр	Сценарист	Композитор	Студия	Телесеть	Премьерный показ
2026-08-27 08:33:55.924 I/BenchmarkBridge: [FIELDS] a=1411	card=0	title=Общество потребления	labels=
2026-08-27 08:33:55.928 I/BenchmarkBridge: [FIELDS] a=1412	card=0	title=Вырезать, копировать, вставить	labels=
2026-08-27 08:33:55.933 I/BenchmarkBridge: [FIELDS] a=1413	card=14	title=Тер-Абрамянц, Амаяк Павлович	labels=P569	P19	P27	P106	P136	P6886	P166	Дата рождения	Место рождения	Гражданство	Род деятельности	Жанр	Язык произведений	Награды
2026-08-27 08:33:55.938 I/BenchmarkBridge: [FIELDS] a=1414	card=15	title=Мюллер, Герман Александр	labels=P569	P19	P570	P20	P27	P106	P69	P373	Дата рождения	Место рождения	Дата смерти	Место смерти	Страна	Род деятельности	Альма-матер
2026-08-27 08:33:55.949 I/BenchmarkBridge: [FIELDS] a=1415	card=17	title=Чемпионат Канады по кёрлингу среди женщин 1996	labels=P1705	P154	P131	P276	P585	P1346	Город	Арена	Дата	Победитель	Кёрлинг-клуб	Скип	Третий	Второй	Первый	Запасной	Финалист
2026-08-27 08:33:55.958 I/BenchmarkBridge: [FIELDS] a=1416	card=30	title=Forgotton Anne	labels=P18	P178	P123	P577	P136	P12969	P58	P3080	P86	P400	P408	P404	P407	P437	P479	P856	Разработчик	Издатели	Даты выпуска	Жанры	Геймдизайнер	Сценарист	Художник	Композитор	Платформы	Движок	Режим игры	Языки	Носитель	Управление
2026-08-27 08:33:55.965 I/BenchmarkBridge: [FIELDS] a=1417	card=15	title=Эбле, Буркхард	labels=P1559[LANGUAGE!:RU]	P18	P569	P19	P570	P20	P27	P106	P373	Дата рождения	Место рождения	Дата смерти	Место смерти	Страна	Род деятельности
2026-08-27 08:33:55.973 I/BenchmarkBridge: [FIELDS] a=1418	card=14	title=Сосновый (приток Сулы)	labels=P17	P884	P1397	Длина	Исток (Т) (B)	• Координаты	Устье (Т) (B)	• Местоположение	Водная система	Страна	Регион	Район	Код в ГВР	Номер в ГКГН
2026-08-27 08:33:55.982 I/BenchmarkBridge: [FIELDS] a=1419	card=0	title=Мускатный орех	labels=
2026-08-27 08:33:55.987 I/BenchmarkBridge: [FIELDS] a=1420	card=0	title=Панфиловский район (Москва)	labels=
2026-08-27 08:33:56.000 I/BenchmarkBridge: [FIELDS] a=1421	card=9	title=Кубок Европейской конфедерации волейбола среди женщин 2005/2006	labels=P1705	P1132	Время проведения	Число участников	Чемпион	Второе место	Третье место	Сыграно матчей	Игрок турнира
2026-08-27 08:33:56.006 I/BenchmarkBridge: [FIELDS] a=1422	card=8	title=Силин, Фёдор Андреевич	labels=P569	P570	P106	P22	Дата рождения	Дата смерти	Род деятельности	Отец
2026-08-27 08:33:56.015 I/BenchmarkBridge: [FIELDS] a=1423	card=0	title=Национальные меньшинства на Украине	labels=
2026-08-27 08:33:56.032 I/BenchmarkBridge: [FIELDS] a=1424	card=0	title=Список артефактов Средиземья	labels=
2026-08-27 08:33:56.038 I/BenchmarkBridge: [FIELDS] a=1425	card=0	title=Пряслице	labels=
2026-08-27 08:33:56.047 I/BenchmarkBridge: [FIELDS] a=1426	card=24	title=Абалос	labels=P1705	P1448	P18	P94	P17	P6[!P582]	P2046	P2044	P421	P281	P395	P856	P373	Страна	Автономное сообщество	Провинция	Район	Мэр	Площадь	Высота	Часовой пояс	Население	Почтовый индекс	Автомобильный код
2026-08-27 08:33:56.054 I/BenchmarkBridge: [FIELDS] a=1427	card=17	title=Язево (Курганская область)	labels=P625	P17	P2044	P421	P1082	P281	P721	P764	Страна	Субъект Федерации	Муниципальный округ	Высота центра	Часовой пояс	Население	Почтовый индекс	Код ОКАТО	Код ОКТМО
2026-08-27 08:33:56.063 I/BenchmarkBridge: [FIELDS] a=1428	card=17	title=Сорокино (Рыбинский район)	labels=P625	P17	P421	P1082	P281	P721	P764	Страна	Субъект Федерации	Муниципальный район	Сельское поселение	Часовой пояс	Население	Телефонный код	Почтовый индекс	Код ОКАТО	Код ОКТМО
2026-08-27 08:33:56.068 I/BenchmarkBridge: [FIELDS] a=1429	card=34	title=Артур Ньюман, профессионал гольфа	labels=P1476	P136	P57	P162	P58	P161	P344	P86	P2554	P272	P750	P2047	P2142	P495	P364	P577	P345	P856	Жанры	Режиссёр	Продюсеры	Автор сценария	В главных ролях	Операторы	Композитор	Художники-постановщики	Кинокомпании	Дистрибьютор	Длительность	Сборы	Страна	Язык	Год	IMDb
2026-08-27 08:33:56.072 I/BenchmarkBridge: [FIELDS] a=1430	card=0	title=Шамсутдин	labels=
2026-08-27 08:33:56.086 I/BenchmarkBridge: [FIELDS] a=1431	card=44	title=Бесчастных, Владимир Евгеньевич	labels=P18	P1449	P569	P19	P27	P1532	P2048	P413	P54	P373	Полное имя	Прозвища	Родился	Гражданство	Рост	Позиция	Клуб	Должность	Молодёжные клубы	1990—1991	1991	1992—1994	1992	1994—1996	1996—2001	2001—2002	2003	2003—2004	2004—2005	2005	2006—2007	2007	2008	1990—2008	1992—1995	1992—2003	2014—2015	2016	2016—2017	2018—2019	2019—2020	2021—2024	2024	2025—н. в.
2026-08-27 08:33:56.090 I/BenchmarkBridge: [FIELDS] a=1432	card=0	title=Раманаускас	labels=
2026-08-27 08:33:56.098 I/BenchmarkBridge: [FIELDS] a=1433	card=22	title=Максаков, Владимир Николаевич	labels=P18	P569	P19	P570	P20	P241	P410	P598	P607	P166	Дата рождения	Место рождения	Дата смерти	Место смерти	Принадлежность	Род войск	Годы службы	Звание	Часть	Командовал	Сражения/войны	Награды и премии
2026-08-27 08:33:56.100 I/BenchmarkBridge: [FIELDS] a=1434	card=0	title=Радкевич, Николай	labels=
2026-08-27 08:33:56.106 I/BenchmarkBridge: [FIELDS] a=1435	card=0	title=Градус Реомюра	labels=
2026-08-27 08:33:56.110 I/BenchmarkBridge: [FIELDS] a=1436	card=6	title=Сгоревший дом	labels=P18	P571	P6375	P373	Основан	Адрес
2026-08-27 08:33:56.114 I/BenchmarkBridge: [FIELDS] a=1437	card=5	title=Taphrina betulae	labels=P225	P830	P962	EOL	MB
2026-08-27 08:33:56.119 I/BenchmarkBridge: [FIELDS] a=1438	card=13	title=Явгес (озеро)	labels=P625	P17	P884	P1397	Абсолютная высота	Площадь	Тип минерализации	Площадь бассейна	Вытекающая река	Водная система	Страна	Субъект РФ	Район
2026-08-27 08:33:56.126 I/BenchmarkBridge: [FIELDS] a=1439	card=28	title=Дорн, Борис Андреевич	labels=P1559	P18	P569	P19	P570	P20	P27	P106	P101	P108	P69	P512	P803	P166	P373	Дата рождения	Место рождения	Дата смерти	Место смерти	Страна	Род деятельности	Научная сфера	Место работы	Альма-матер	Учёная степень	Учёное звание	Известен как	Награды и премии
2026-08-27 08:33:56.132 I/BenchmarkBridge: [FIELDS] a=1440	card=27	title=Kirby’s Star Stacker	labels=P18	P178	P123	P179	P577	P136	P57	P162	P86	P400	P404	P407	P437	P479	Разработчик	Издатель	Часть серии	Даты выпуска	Жанр	Руководитель	Продюсер	Композиторы	Платформы	Режимы игры	Языки	Носители	Управление
2026-08-27 08:33:56.137 I/BenchmarkBridge: [FIELDS] a=1441	card=18	title=Остапово (Нижегородская область)	labels=P625	P17	P2044	P421	P1082	P281	P721	P764	Страна	Субъект Федерации	Городской округ	Упразднённая деревня с	Высота центра	Часовой пояс	Население	Почтовый индекс	Код ОКАТО	Код ОКТМО
2026-08-27 08:33:56.142 I/BenchmarkBridge: [FIELDS] a=1442	card=18	title=Нижняя Чернавка	labels=P625	P17	P2044	P421	P1082	P281	P721	P764	Страна	Субъект Федерации	Муниципальный район	Сельское поселение	Высота центра	Часовой пояс	Население	Почтовый индекс	Код ОКАТО	Код ОКТМО
2026-08-27 08:33:56.147 I/BenchmarkBridge: [FIELDS] a=1443	card=0	title=Сиель Фантомхайв	labels=
2026-08-27 08:33:56.153 I/BenchmarkBridge: [FIELDS] a=1444	card=20	title=Император Анко	labels=P1559	P18	P569	P570	P20	P119	P53	P22	P25	P26	P373	Предшественник	Преемник	Рождение	Смерть	Место погребения	Род	Отец	Мать	Супруга
2026-08-27 08:33:56.159 I/BenchmarkBridge: [FIELDS] a=1445	card=25	title=Чмыхов, Николай Александрович	labels=P1559	P18	P569	P19	P570	P20	P27	P106	P101	P108	P69	P512	P803	Дата рождения	Место рождения	Дата смерти	Место смерти	Страна	Род деятельности	Научная сфера	Место работы	Альма-матер	Учёная степень	Учёное звание	Известен как
2026-08-27 08:33:56.165 I/BenchmarkBridge: [FIELDS] a=1446	card=24	title=Молодёжный (Татарстан)	labels=P625	P17	P571	P421	P1082	P37	P281	P721	P764	P1397	Страна	Субъект Федерации	Муниципальный район	Сельское поселение	Основан	Прежние названия	Часовой пояс	Население	Национальности	Официальный язык	Почтовый индекс	Код ОКАТО	Код ОКТМО	Номер в ГКГН
2026-08-27 08:33:56.169 I/BenchmarkBridge: [FIELDS] a=1447	card=16	title=Сабижи	labels=P625	P17	P421	P1082	P281	P721	P764	Страна	Субъект Федерации	Муниципальный район	Сельское поселение	Часовой пояс	Население	Почтовый индекс	Код ОКАТО	Код ОКТМО
2026-08-27 08:33:56.173 I/BenchmarkBridge: [FIELDS] a=1448	card=16	title=Гречнев, Яков Алексеевич	labels=P569	P19	P570	P20	P119	P27	P106	P166	Дата рождения	Место рождения	Дата смерти	Место смерти	Похоронен	Страна	Профессии	Награды
2026-08-27 08:33:56.179 I/BenchmarkBridge: [FIELDS] a=1449	card=11	title=Университет-Визит	labels=P154	P571	P115	Основан	Стадион	Вместимость	Президент	Тренер	Капитан	Соревнование	• 2025/2026
2026-08-27 08:33:56.183 I/BenchmarkBridge: [FIELDS] a=1450	card=0	title=Ненашев	labels=
2026-08-27 08:33:56.187 I/BenchmarkBridge: [FIELDS] a=1451	card=20	title=USS Reuben James (DD-245)	labels=P1705	P18	P289	P176	P2043	P2049	P373	Класс и тип судна	Организация	Изготовитель	Строительство начато	Спущен на воду	Введён в эксплуатацию	Выведен из состава флота	Водоизмещение	Длина	Ширина	Скорость хода	Артиллерия	Минно-торпедное вооружение
2026-08-27 08:33:56.198 I/BenchmarkBridge: [FIELDS] a=1452	card=16	title=Honey (песня Тейлор Свифт)	labels=P7937	P175	P577	P136	P2047	P264	P162	Исполнитель	Альбом	Дата выпуска	Жанры	Длительность	Лейбл	Авторы песни	Продюсеры	Видеоклип
2026-08-27 08:33:56.203 I/BenchmarkBridge: [FIELDS] a=1453	card=8	title=Бегнас	labels=P18	P625	P17	P373	Абсолютная высота	Площадь	Наибольшая глубина	Страна
2026-08-27 08:33:56.207 I/BenchmarkBridge: [FIELDS] a=1454	card=16	title=Воякин, Дмитрий Алексеевич	labels=P569	P19	P27	P101	P69	P512	P184	P166	Дата рождения	Место рождения	Страна	Научная сфера	Альма-матер	Учёная степень	Научный руководитель	Награды и премии
2026-08-27 08:33:56.210 I/BenchmarkBridge: [FIELDS] a=1455	card=0	title=Киквидзе (значения)	labels=
2026-08-27 08:33:56.214 I/BenchmarkBridge: [FIELDS] a=1456	card=0	title=Рокфеллер	labels=
2026-08-27 08:33:56.220 I/BenchmarkBridge: [FIELDS] a=1457	card=18	title=Рей Доменеч, Камило	labels=P569	P19	P27	P1532	P2048	P413	P54	Родился	Гражданство	Рост	Позиция	Клуб	Номер	Молодёжные клубы	2016—2025	2025—н. в.	2022	2022—2023
2026-08-27 08:33:56.225 I/BenchmarkBridge: [FIELDS] a=1458	card=28	title=Техасский университет в Арлингтоне	labels=P154	P18	P1546	P1451	P571	P749	P6589	P488	P131	P276	P625	P2196	P1128	P6364	P822	P856	P373	Девиз	Основан	Учредитель	Целевой фонд	Президент	Место расположения	Студентов	Преподавателей	Цвет	Талисман	Официальный сайт
2026-08-27 08:33:56.232 I/BenchmarkBridge: [FIELDS] a=1459	card=23	title=Белоногов, Валентин Евгеньевич	labels=P1559	P18	P569	P19	P570	P20	P27	P106	P2031	P136	P166	P345	P373	Дата рождения	Место рождения	Дата смерти	Место смерти	Гражданство	Профессия	Карьера	Направление	Награды	IMDb
2026-08-27 08:33:56.235 I/BenchmarkBridge: [FIELDS] a=1460	card=1	title=Доренговский (герб)	labels=P18
2026-08-27 08:33:56.240 I/BenchmarkBridge: [FIELDS] a=1461	card=15	title=Михалевский, Владимир Иванович	labels=P569	P19	P27	P2048	P413	Полное имя	Родился	Гражданство	Рост	Позиция	Клубная карьера[* 1]	1977	1977—1985	1986	1979
2026-08-27 08:33:56.245 I/BenchmarkBridge: [FIELDS] a=1462	card=16	title=Дедово-Петровичи	labels=P625	P17	P2044	P421	P1082	P281	P764	Страна	Субъект Федерации	Муниципальный район	Сельское поселение	Высота центра	Часовой пояс	Население	Почтовый индекс	Код ОКТМО
2026-08-27 08:33:56.250 I/BenchmarkBridge: [FIELDS] a=1463	card=0	title=Языковое родство	labels=
2026-08-27 08:33:56.256 I/BenchmarkBridge: [FIELDS] a=1464	card=7	title=Палмер (антарктическая станция)	labels=P18	P17	P571	P373	Страна	Дата основания	Координаты
2026-08-27 08:33:56.261 I/BenchmarkBridge: [FIELDS] a=1465	card=17	title=Петросян, Аршак Багратович	labels=P1559	P18	P27	P1532	P569	P19	P2962	P1087	P166	P373	Страны	Дата рождения	Место рождения	Звание	Максимальный рейтинг	Актуальный рейтинг	Награды и премии
2026-08-27 08:33:56.265 I/BenchmarkBridge: [FIELDS] a=1466	card=13	title=Институт океанологии ПАН	labels=P1813	P1705	P18	P749	P276	P159	P856	P373	Основан	Материнская организация	Расположение	Юридический адрес	Сайт
2026-08-27 08:33:56.273 I/BenchmarkBridge: [FIELDS] a=1467	card=7	title=Наби-Самуэль	labels=P18	P17	P2044	P373	Страна	Высота центра	Население
2026-08-27 08:33:56.275 I/BenchmarkBridge: [FIELDS] a=1468	card=0	title=Акт о корпорациях	labels=
2026-08-27 08:33:56.281 I/BenchmarkBridge: [FIELDS] a=1469	card=28	title=Шавник	labels=P1705	P1448	P18	P41	P94	P625	P17	P6	P571	P2046	P2044	P421	P1082	P281	P395	P856	P373	Страна	Мэр	Основан	Площадь	Высота центра	Часовой пояс	Население	Плотность	Телефонный код	Почтовый индекс	Автомобильный код
2026-08-27 08:33:56.285 I/BenchmarkBridge: [FIELDS] a=1470	card=9	title=Lindmania holstii	labels=P18	P830	P961	P5037	P7715	EOL	IPNI	POWO	WFO
2026-08-27 08:33:56.294 I/BenchmarkBridge: [FIELDS] a=1471	card=18	title=Бондаренко, Валерия Владимировна	labels=P1559[LANGUAGE!:RU]	P569	P19	P27	P1532	P2032	P2121	P564	P555	Дата рождения	Место рождения	Гражданство	Завершение карьеры	Призовые, долл.	Матчей в/п	Наивысшая позиция	Титулов	Почётные спортивные звания
2026-08-27 08:33:56.301 I/BenchmarkBridge: [FIELDS] a=1472	card=0	title=Мараэ	labels=
2026-08-27 08:33:56.308 I/BenchmarkBridge: [FIELDS] a=1473	card=23	title=Рашель, Элиза	labels=P1559	P18	P1477	P569	P19	P570	P20	P27	P106	P22	P25	P40	P373	Имя при рождении	Дата рождения	Место рождения	Дата смерти	Место смерти	Страна	Род деятельности	Отец	Мать	Дети
2026-08-27 08:33:56.311 I/BenchmarkBridge: [FIELDS] a=1474	card=0	title=Теория упругости и пластичности	labels=
2026-08-27 08:33:56.316 I/BenchmarkBridge: [FIELDS] a=1475	card=4	title=Belisana airai	labels=P815	P830	ITIS	EOL
2026-08-27 08:33:56.322 I/BenchmarkBridge: [FIELDS] a=1476	card=0	title=Насеризм	labels=
2026-08-27 08:33:56.325 I/BenchmarkBridge: [FIELDS] a=1477	card=31	title=Поезд страха (фильм, 1980)	labels=P1476	P18	P136	P57	P162	P58	P161	P344	P86	P272	P750[!Q907311]	P2047	P2130	P495	P364	P345	Жанр	Режиссёр	Продюсеры	Авторы сценария	В главных ролях	Оператор	Композитор	Кинокомпании	Дистрибьютор	Длительность	Бюджет	Страны	Язык	Год	IMDb
2026-08-27 08:33:56.336 I/BenchmarkBridge: [FIELDS] a=1478	card=22	title=BS Возничего	labels=P6259	P6257	P6258	P59	P2216	P10752	P10751	P2214	P215	P881	P528	P3083	Прямое восхождение	Склонение	Созвездие	Лучевая скорость (Rv)	• прямое восхождение	• склонение	Параллакс (π)	Спектральный класс	Переменность	SIMBAD
2026-08-27 08:33:56.344 I/BenchmarkBridge: [FIELDS] a=1479	card=23	title=Леерс, Йоханн фон	labels=P1559	P18	P569	P19	P570	P20	P27	P106	P101	P108	P69	P512	P373	Дата рождения	Место рождения	Дата смерти	Место смерти	Страна	Род деятельности	Научная сфера	Место работы	Альма-матер	Учёная степень
2026-08-27 08:33:56.349 I/BenchmarkBridge: [FIELDS] a=1480	card=22	title=Ружица (Ямболская область)	labels=P1705	P1448	P625	P17	P6	P2046	P2044	P421	P1082	P281	Страна	Регион	Область	община	Кмет	Площадь	Высота центра	Часовой пояс	Население	Телефонный код	Почтовый индекс	Код ЕКАТТЕ
2026-08-27 08:33:56.355 I/BenchmarkBridge: [FIELDS] a=1481	card=28	title=Струнный квартет № 19 (Моцарт)	labels=P1476	P18	P86	P7937	P136	P826	P571	P528	P825	P577	P291	P527	P870	P1191	P11849	P373	Композитор	Форма	Жанр	Тональность	Дата создания	Номер по каталогу	Посвящение	Дата первой публикации	Место первой публикации	Части	Дата	Основные исполнители
2026-08-27 08:33:56.360 I/BenchmarkBridge: [FIELDS] a=1482	card=16	title=Теракт в Сусе	labels=P18	P625	P276	P585	P520	P1120	P1339	P373	Место нападения	Дата	Способ нападения	Оружие	Погибшие	Раненые	Число террористов	Организаторы
2026-08-27 08:33:56.365 I/BenchmarkBridge: [FIELDS] a=1483	card=0	title=Заимов	labels=
2026-08-27 08:33:56.370 I/BenchmarkBridge: [FIELDS] a=1484	card=19	title=Пихтинская	labels=P625	P17	P2564	P421	P1082	P281	P721	P764	Страна	Субъект Федерации	Муниципальный район	Сельское поселение	Тип климата	Часовой пояс	Население	Почтовый индекс	Код ОКАТО	Код ОКТМО	Рег. номер
2026-08-27 08:33:56.375 I/BenchmarkBridge: [FIELDS] a=1485	card=16	title=Радомский оружейный завод	labels=P154	P31	P571	P159	P452	P1056	P749	P856	P373	Тип	Дата основания	Расположение	Отрасль	Продукция	Материнская компания	Сайт
2026-08-27 08:33:56.382 I/BenchmarkBridge: [FIELDS] a=1486	card=15	title=Беляево (городской округ Сокольский)	labels=P625	P17	P2044	P421	P1082	P721	P764	Страна	Субъект Федерации	Городской округ	Высота центра	Часовой пояс	Население	Код ОКАТО	Код ОКТМО
2026-08-27 08:33:56.385 I/BenchmarkBridge: [FIELDS] a=1487	card=0	title=Бастионная улица	labels=
2026-08-27 08:33:56.391 I/BenchmarkBridge: [FIELDS] a=1488	card=22	title=Рахбек, Камма	labels=P1559	P18	P1477	P569	P19	P570	P20	P27	P106	P22	P26	P373	Имя при рождении	Полное имя	Дата рождения	Место рождения	Дата смерти	Место смерти	Страна	Род деятельности	Отец	Супруг
2026-08-27 08:33:56.395 I/BenchmarkBridge: [FIELDS] a=1489	card=0	title=Эрик Савин	labels=
2026-08-27 08:33:56.402 I/BenchmarkBridge: [FIELDS] a=1490	card=14	title=Лебединое (Раздольненский район)	labels=P1705	P1448	P625	P17	P1249	P421	P37	Страна	Регион	Район	Первое упоминание	Прежние названия	Часовой пояс	Официальный язык
2026-08-27 08:33:56.406 I/BenchmarkBridge: [FIELDS] a=1491	card=0	title=Шато-Рено	labels=
2026-08-27 08:33:56.409 I/BenchmarkBridge: [FIELDS] a=1492	card=0	title=Казанский стрелок	labels=
2026-08-27 08:33:56.414 I/BenchmarkBridge: [FIELDS] a=1493	card=11	title=Долгополова, Марина Ивановна	labels=P1559	P18	P569	P19	P69	P373	Президент	Предшественник	Преемник	Рождение	Образование
2026-08-27 08:33:56.420 I/BenchmarkBridge: [FIELDS] a=1494	card=18	title=Шелехово (Минская область)	labels=P1705	P1448	P625	P17	P421	P1082	P281	P395	Страна	Область	Район	Сельсовет	Часовой пояс	Население	Национальности	Телефонный код	Почтовый индекс	Автомобильный код
2026-08-27 08:33:56.426 I/BenchmarkBridge: [FIELDS] a=1495	card=25	title=Кутепов, Константин Васильевич	labels=P569	P19	P570	P20	P27	P106	P101	P512	P69	P166	P373	Начало полномочий	Окончание полномочий	Предшественник	Преемник	Дата рождения	Место рождения	Дата смерти	Место смерти	Страна	Род деятельности	Научная сфера	Учёная степень	Альма-матер	Награды
2026-08-27 08:33:56.430 I/BenchmarkBridge: [FIELDS] a=1496	card=15	title=Менцель, Готфрид	labels=P1559[LANGUAGE!:RU]	P18	P569	P19	P570	P20	P27	P106	P373	Дата рождения	Место рождения	Дата смерти	Место смерти	Страна	Род деятельности
2026-08-27 08:33:56.437 I/BenchmarkBridge: [FIELDS] a=1497	card=16	title=Пак Содам	labels=P1559	P18	P569	P19	P27	P106	P2031	P345	P856	P373	Дата рождения	Место рождения	Гражданство	Профессия	Карьера	IMDb
2026-08-27 08:33:56.446 I/BenchmarkBridge: [FIELDS] a=1498	card=0	title=Велоспорт на летних Олимпийских играх 2024 — индивидуальная гонка с раздельным стартом (мужчины)	labels=
2026-08-27 08:33:56.458 I/BenchmarkBridge: [FIELDS] a=1499	card=31	title=Фердинандо I Гонзага	labels=P1559	P18	P94	P106	P569	P19	P570	P20	P119	P53	P22	P25	P26	P40	P166	P373	Герцог Мантуи	Предшественник	Преемник	Герцог Монферрата	Кардинал-дьякон Санта-Мария-ин-Домника	Деятельность	Рождение	Смерть	Похоронен	Династия	Отец	Мать	Супруга	Дети	Награды
2026-08-27 08:33:56.466 I/BenchmarkBridge: [FIELDS] a=1500	card=20	title=Бродовое (Воронежская область)	labels=P625	P17	P571	P421	P1082	P281	P721	P764	P1397	Страна	Субъект Федерации	Муниципальный район	Сельское поселение	Основан	Часовой пояс	Население	Почтовый индекс	Код ОКАТО	Код ОКТМО	Номер в ГКГН
2026-08-27 08:33:56.471 I/BenchmarkBridge: [FIELDS] a=1501	card=0	title=Войвож	labels=
2026-08-27 08:33:56.477 I/BenchmarkBridge: [FIELDS] a=1502	card=19	title=Эд (граф Орлеана)	labels=P1559	P569	P19	P570	P20	P53	P22	P25	P26	P40	Предшественник	Преемник	Рождение	Смерть	Род	Отец	Мать	Супруга	Дети
2026-08-27 08:33:56.484 I/BenchmarkBridge: [FIELDS] a=1503	card=24	title=Якимова-Диковская, Анна Васильевна	labels=P18	P569	P19	P570	P20	P27	P106	P69	P140	P102	P1142	P373	Имя при рождении	Псевдонимы	Дата рождения	Место рождения	Дата смерти	Место смерти	Гражданство	Род деятельности	Образование	Вероисповедание	Партия	Основные идеи
2026-08-27 08:33:56.487 I/BenchmarkBridge: [FIELDS] a=1504	card=0	title=Юстировка	labels=
2026-08-27 08:33:56.493 I/BenchmarkBridge: [FIELDS] a=1505	card=14	title=The Dixie Cups	labels=P18	P136	P495	P740	P264	P856	P373	Жанр	Годы	Страна	Место создания	Лейбл	Состав	Бывшие участники
2026-08-27 08:33:56.498 I/BenchmarkBridge: [FIELDS] a=1506	card=7	title=Еловая пахита	labels=P18	P815	P685	P830	ITIS	NCBI	EOL
2026-08-27 08:33:56.507 I/BenchmarkBridge: [FIELDS] a=1507	card=23	title=IW Большой Медведицы	labels=P6259	P6257	P6258	P2583	P1215[P1227:Q4892529]	P59	P10752	P10751	P2214	P881	P528	P3083	Прямое восхождение	Склонение	Расстояние	Видимая звёздная величина (V)	Созвездие	• прямое восхождение	• склонение	Параллакс (π)	• B−V	Переменность	SIMBAD
2026-08-27 08:33:56.512 I/BenchmarkBridge: [FIELDS] a=1508	card=5	title=Битва при Моке	labels=P18	P373	Дата	Место	Итог
2026-08-27 08:33:56.517 I/BenchmarkBridge: [FIELDS] a=1509	card=27	title=Стасюк, Денис Николаевич	labels=P413	P2048	P2067	P423	P27	P569	Позиция	Рост	Вес	Хват	Страна	Дата рождения	Драфт НХЛ	2001—2004	2002/04	2004—2005	2004/05	2005—2011	2005/07	2011	2011—2014	2014—2015	2015—2016	2016	2017	2017—2021	2021
2026-08-27 08:33:56.524 I/BenchmarkBridge: [FIELDS] a=1510	card=23	title=Абс, Герман	labels=P1559[LANGUAGE!:RU]	P18	P1477	P569	P19	P570	P20	P27	P106	P22	P26	P166	P373	Имя при рождении	Дата рождения	Место рождения	Дата смерти	Место смерти	Страна	Род деятельности	Отец	Супруга	Награды и премии
2026-08-27 08:33:56.528 I/BenchmarkBridge: [FIELDS] a=1511	card=0	title=Родство по пище	labels=
2026-08-27 08:33:56.532 I/BenchmarkBridge: [FIELDS] a=1512	card=10	title=Foundations Forum	labels=P17	P1027	P571	P576	P856	Страна	Учредитель	Основание	Упразднение	Сайт
2026-08-27 08:33:56.537 I/BenchmarkBridge: [FIELDS] a=1513	card=22	title=Чуаданга (округ)	labels=P1705	P625	P17	P36	P2046	P421	P1082	P300	P281	P856	P242	P373	Страна	Входит в	Адм. центр	Площадь	Часовой пояс	Население	Плотность	Официальный язык	Код ISO 3166-2	Почтовые индексы
2026-08-27 08:33:56.544 I/BenchmarkBridge: [FIELDS] a=1514	card=29	title=Наттернбах	labels=P1705	P1448	P18	P94	P625	P17	P6	P2046	P2044	P421	P1082	P37	P281	P395	P856	P373	Страна	Федеральная земля	Округ	Бургомистр	Площадь	Высота центра	Часовой пояс	Население	Официальный язык	Телефонный код	Почтовый индекс	Автомобильный код	Официальный код
2026-08-27 08:33:56.559 I/BenchmarkBridge: [FIELDS] a=1515	card=30	title=Щебетовка	labels=P1705	P1448	P18	P625	P17	P1249	P2046	P2044	P421	P1082	P37	P281	P764	P1077	P373	Страна	Регион	Район	Первое упоминание	Прежние названия	Площадь	Высота центра	Часовой пояс	Население	Плотность	Официальный язык	Телефонный код	Почтовые индексы	Код ОКТМО	Код КОАТУУ
2026-08-27 08:33:56.566 I/BenchmarkBridge: [FIELDS] a=1516	card=26	title=Зелёная Долина (Покровский район)	labels=P1705	P1448	P625	P17	P571	P2046	P2044	P421	P1082	P281	P1077	P9435	Страна	Область	Район	Поселковый совет	Основан	Площадь	Высота центра	Часовой пояс	Население	Плотность	Телефонный код	Почтовый индекс	КОАТУУ	КАТЕТТО
2026-08-27 08:33:56.574 I/BenchmarkBridge: [FIELDS] a=1517	card=23	title=Дойли, Ллойд	labels=P18	P569	P19	P27	P1532	P2048	P413	P54	P373	Полное имя	Родился	Гражданство	Рост	Позиция	Клуб	Молодёжные клубы	1999—2001	2001—2015	2016	2016—2017	2017—2018	2018—н. в.	2013—2014
2026-08-27 08:33:56.580 I/BenchmarkBridge: [FIELDS] a=1518	card=8	title=Международная литературная премия имени Николая Гоголя	labels=P17	P31	P1027	P571	Страна	Тип	Кем вручается	Дата учреждения
2026-08-27 08:33:56.585 I/BenchmarkBridge: [FIELDS] a=1519	card=15	title=Санта-Ирия-да-Рибейра-де-Сантарен	labels=P1705	P1448	P94	P625	P17	P2046	P1082	P373	Страна	Регион	Округ	Муниципалитет	Площадь	Население	Плотность
2026-08-27 08:33:56.589 I/BenchmarkBridge: [FIELDS] a=1520	card=0	title=УГ	labels=
2026-08-27 08:33:56.594 I/BenchmarkBridge: [FIELDS] a=1521	card=20	title=Раданович, Саво	labels=P569	P19	P27	P1532	P2048	P413	P54	Родился	Гражданство	Рост	Позиция	Клуб	Номер	Молодёжные клубы	0000—2023	2023—2024	2024—2025	2025—н. в.	2023	2024—н. в.
2026-08-27 08:33:56.601 I/BenchmarkBridge: [FIELDS] a=1522	card=17	title=Кудж, Станислав Алексеевич	labels=P18	P569	P19	P27	P106	P101	P108	P512	P166	Дата рождения	Место рождения	Страна	Род деятельности	Научная сфера	Место работы	Учёная степень	Награды и премии
2026-08-27 08:33:56.607 I/BenchmarkBridge: [FIELDS] a=1523	card=13	title=Музей агоры (Афины)	labels=P1705	P18	P571	P1619	P276	P6375	P856	P373	Основан	Открыт	Местонахождение	Адрес	Сайт
2026-08-27 08:33:56.612 I/BenchmarkBridge: [FIELDS] a=1524	card=12	title=Плеханова (деревня)	labels=P625	P17	P571	P421	P1082	Страна	Субъект Федерации	Городской округ	Основан	Упразднённая деревня с	Часовой пояс	Население
2026-08-27 08:33:56.633 I/BenchmarkBridge: [FIELDS] a=1525	card=28	title=Шокли, Уильям Брэдфорд	labels=P1559	P18	P569	P19	P570	P20	P27	P106	P101	P108	P69	P512	P184	P166	P373	Дата рождения	Место рождения	Дата смерти	Место смерти	Страна	Род деятельности	Научная сфера	Место работы	Альма-матер	Учёная степень	Научный руководитель	Известен как	Награды и премии
2026-08-27 08:33:56.637 I/BenchmarkBridge: [FIELDS] a=1526	card=31	title=Марангуапи	labels=P1705	P1448	P18	P41	P94	P163	P237	P625	P17	P6	P571	P2046	P2044	P2564	P421	P1082	P856	P373	Страна	Штат	Мэр	Основан	Площадь	Высота центра	Тип климата	Часовой пояс	Население	Плотность	Агломерация	Название жителей	Телефонный код
2026-08-27 08:33:56.641 I/BenchmarkBridge: [FIELDS] a=1527	card=0	title=Тип «Колоссус»	labels=
2026-08-27 08:33:56.647 I/BenchmarkBridge: [FIELDS] a=1528	card=12	title=Бересклет большекрылый	labels=P18	P685	P830	P961	P5037	P7715	NCBI	EOL	GRIN	IPNI	POWO	WFO
2026-08-27 08:33:56.651 I/BenchmarkBridge: [FIELDS] a=1529	card=21	title=Ткачёв, Николай Семёнович	labels=P18	P569	P19	P570	P20	P241	P410	P598	P607	P166	Дата рождения	Место рождения	Дата смерти	Место смерти	Принадлежность	Род войск	Звание	Часть	Командовал	Сражения/войны	Награды и премии
2026-08-27 08:33:56.656 I/BenchmarkBridge: [FIELDS] a=1530	card=15	title=Андрианов, Николай Михайлович	labels=P18	P569	P19	P570	P20	P27	P106	P166	Дата рождения	Место рождения	Дата смерти	Место смерти	Страна	Род деятельности	Награды и премии
2026-08-27 08:33:56.672 I/BenchmarkBridge: [FIELDS] a=1531	card=23	title=Эванс, Морис	labels=P1559	P18	P1477	P569	P19	P570	P20	P27	P106	P2031	P166	P345	P373	Имя при рождении	Дата рождения	Место рождения	Дата смерти	Место смерти	Гражданство	Профессия	Карьера	Награды	IMDb
2026-08-27 08:33:56.675 I/BenchmarkBridge: [FIELDS] a=1532	card=0	title=Доудера	labels=
2026-08-27 08:33:56.680 I/BenchmarkBridge: [FIELDS] a=1533	card=24	title=Заборочье (Житомирская область)	labels=P1705	P1448	P625	P17	P2046	P2044	P421	P1082	P281	P1077	P9435	Страна	Область	Район	Община	Площадь	Высота центра	Часовой пояс	Население	Плотность	Телефонный код	Почтовый индекс	КОАТУУ	КАТЕТТО
2026-08-27 08:33:56.684 I/BenchmarkBridge: [FIELDS] a=1534	card=0	title=Карельских	labels=
2026-08-27 08:33:56.688 I/BenchmarkBridge: [FIELDS] a=1535	card=16	title=G d’s Pee AT STATE’S END!	labels=P7937	P175	P577	P483	P136	P2047	P162	P264	P155	P156	Дата выпуска	Место записи	Жанр	Длительность	Продюсер	Лейбл
2026-08-27 08:33:56.693 I/BenchmarkBridge: [FIELDS] a=1536	card=0	title=Удивительные приключения в лесной школе	labels=
2026-08-27 08:33:56.699 I/BenchmarkBridge: [FIELDS] a=1537	card=23	title=Бенсон, Мануэл	labels=P569	P19	P27	P1532	P2048	P413	P54	Полное имя	Родился	Гражданство	Рост	Позиция	Клуб	Номер	Молодёжные клубы	2014—2017	2017—2019	2018—2019	2019—2022	2021	2022—н. в.	2014	2024—н. в.
2026-08-27 08:33:56.703 I/BenchmarkBridge: [FIELDS] a=1538	card=18	title=Паар, Матильда	labels=P1477	P742	P569	P19	P570	P20	P27	P69	P106	Имя при рождении	Псевдонимы	Дата рождения	Место рождения	Дата смерти	Место смерти	Гражданство (подданство)	Образование	Род деятельности
2026-08-27 08:33:56.711 I/BenchmarkBridge: [FIELDS] a=1539	card=32	title=Сирентс	labels=P1705	P1448	P18	P94	P625	P17	P6	P2046	P2044	P2564	P421	P1082	P37	P281	P374	P856	P373	Страна	Регион	Департамент	Округ	Кантон	Мэр	Площадь	Высота центра	Тип климата	Часовой пояс	Население	Плотность	Официальный язык	Почтовый индекс	Код INSEE
2026-08-27 08:33:56.715 I/BenchmarkBridge: [FIELDS] a=1540	card=11	title=Фаттаев, Аскерали Нариман оглы	labels=P1559	P569	P19	P27	P106	P166	Дата рождения	Место рождения	Гражданство	Род деятельности	Награды и премии
2026-08-27 08:33:56.718 I/BenchmarkBridge: [FIELDS] a=1541	card=14	title=Куйбышевский район (Куйбышевская область)	labels=P17	P36	P571	P576	P2046	P1082	Страна	Входил в	Включал	Адм. центр	Дата образования	Дата упразднения	Площадь	Население
2026-08-27 08:33:56.725 I/BenchmarkBridge: [FIELDS] a=1542	card=17	title=Посёлок центральной усадьбы совхоза «Мир»	labels=P18	P625	P17	P2044	P421	P1082	P721	P764	P373	Страна	Субъект Федерации	Городской округ	Высота центра	Часовой пояс	Население	Код ОКАТО	Код ОКТМО
2026-08-27 08:33:56.730 I/BenchmarkBridge: [FIELDS] a=1543	card=0	title=Литература Фиджи	labels=
2026-08-27 08:33:56.735 I/BenchmarkBridge: [FIELDS] a=1544	card=23	title=Филиппов, Александр Никитич	labels=P18	P569	P19	P570	P20	P27	P106	P101	P108	P69	P512	P803	Дата рождения	Место рождения	Дата смерти	Место смерти	Страна	Род деятельности	Научная сфера	Место работы	Альма-матер	Учёная степень	Учёное звание
2026-08-27 08:33:56.739 I/BenchmarkBridge: [FIELDS] a=1545	card=0	title=Славяновка	labels=
2026-08-27 08:33:56.744 I/BenchmarkBridge: [FIELDS] a=1546	card=19	title=Телевидение и радиовещание	labels=P2896	P407	P6375	P98	P495	P123	P571	P1104	Периодичность	Язык	Адрес редакции	Главный редактор	Страна	Издатель	Дата основания	Последний выпуск	Объём	Тираж	ISSN печатной версии
2026-08-27 08:33:56.748 I/BenchmarkBridge: [FIELDS] a=1547	card=13	title=Хушаль-хан Хаттак	labels=P569	P19	P570	P20	P106	P40	P373	Дата рождения	Место рождения	Дата смерти	Место смерти	Род деятельности	Дети
2026-08-27 08:33:56.757 I/BenchmarkBridge: [FIELDS] a=1548	card=14	title=Zen (микроархитектура)	labels=P18	P178	P176	P2079	P1068	Производство	Разработчик	Производитель	Потребляемая мощность	Технология производства	Наборы инструкций	Число ядер	Разъёмы	Ядра
2026-08-27 08:33:56.763 I/BenchmarkBridge: [FIELDS] a=1549	card=5	title=Мозамбик на летних Олимпийских играх 1996	labels=Код МОК	НОК	Спортсмены	Знаменосец	Медали Место 71
2026-08-27 08:33:56.767 I/BenchmarkBridge: [FIELDS] a=1550	card=18	title=Микельсонс, Роберт	labels=P1559	P18	P569	P19	P27	Прозвище	Дата рождения	Место рождения	Гражданство	Работа	Преступления	Период совершения	Регион совершения	Мотив	Дата ареста	Обвинялся в	Признан виновным в	Наказание
2026-08-27 08:33:56.772 I/BenchmarkBridge: [FIELDS] a=1551	card=17	title=Astro Warrior	labels=P18	P178	P123	P577	P136	P400	P404	P437	P479	Разработчик	Издатели	Даты выпуска	Жанр	Платформа	Режим игры	Носитель	Управление
2026-08-27 08:33:56.778 I/BenchmarkBridge: [FIELDS] a=1552	card=18	title=Ключевка 2-я	labels=P625	P17	P2044	P421	P1082	P281	P721	P764	Страна	Субъект Федерации	Муниципальный район	Сельское поселение	Высота центра	Часовой пояс	Население	Почтовый индекс	Код ОКАТО	Код ОКТМО
2026-08-27 08:33:56.783 I/BenchmarkBridge: [FIELDS] a=1553	card=14	title=6-фосфоглюконолактоназа	labels=P18	P591	P373	Шифр КФ	IntEnz	BRENDA	ExPASy	MetaCyc	KEGG	PRIAM	PDB structures	PMC	PubMed	NCBI
2026-08-27 08:33:56.787 I/BenchmarkBridge: [FIELDS] a=1554	card=0	title=Пластинка (значения)	labels=
2026-08-27 08:33:56.790 I/BenchmarkBridge: [FIELDS] a=1555	card=0	title=Порья	labels=
2026-08-27 08:33:56.794 I/BenchmarkBridge: [FIELDS] a=1556	card=21	title=Сопляков, Михаил Игнатьевич	labels=P18	P569	P19	P570	P20	P241	P410	P607	P166	Дата рождения	Место рождения	Дата смерти	Место смерти	Принадлежность	Род войск	Годы службы	Звание	Часть	Должность	Сражения/войны	Награды и премии
2026-08-27 08:33:56.800 I/BenchmarkBridge: [FIELDS] a=1557	card=20	title=Нова Миллер	labels=P1559	P18	P1477	P569	P19	P27	P106	P2031	P1303[!Q17172850]	P264	P856	P373	Имя при рождении	Дата рождения	Место рождения	Страна	Профессии	Годы активности	Инструменты	Лейблы
2026-08-27 08:33:56.806 I/BenchmarkBridge: [FIELDS] a=1558	card=0	title=Угловой шов	labels=
2026-08-27 08:33:56.809 I/BenchmarkBridge: [FIELDS] a=1559	card=0	title=Бейлон Грейджой	labels=
2026-08-27 08:33:56.818 I/BenchmarkBridge: [FIELDS] a=1560	card=24	title=Мур, Джо-Макс	labels=P569	P19	P27	P1532	P2048	P413	Родился	Гражданство	Рост	Позиция	Молодёжные клубы	1990—1992	1994—1995	1995—1996	1996—1999	1997	1999—2002	2003—2004	1994—2004	1992—2002	Кубки конфедераций	Бронза	Золото	Серебро
2026-08-27 08:33:56.823 I/BenchmarkBridge: [FIELDS] a=1561	card=0	title=Эффективное напряжение	labels=
2026-08-27 08:33:56.829 I/BenchmarkBridge: [FIELDS] a=1562	card=23	title=Скепта	labels=P1559	P18	P1477	P569	P19	P27	P106	P2031	P136	P742	P264	P856	P373	Имя при рождении	Полное имя	Дата рождения	Место рождения	Страна	Профессии	Годы активности	Жанры	Псевдонимы	Лейблы
2026-08-27 08:33:56.834 I/BenchmarkBridge: [FIELDS] a=1563	card=18	title=Ху Юн	labels=P1559[LANGUAGE!:RU]	P18	P569	P19	P570	P27	P106	P69	P102	P1142	Дата рождения	Место рождения	Дата смерти	Гражданство	Род деятельности	Образование	Партия	Основные идеи
2026-08-27 08:33:56.840 I/BenchmarkBridge: [FIELDS] a=1564	card=23	title=Литовченко, Елена Александровна	labels=P1449	P569	P19	P27	P1532	P2048	Полное имя	Прозвище	Родилась	Гражданство	Рост	Позиция	Команда	Номер	Должность	Клубная карьера[* 1]	2003—2010	2011—2014	2015	2016	2017	2017—2018	2018—н. в.
2026-08-27 08:33:56.847 I/BenchmarkBridge: [FIELDS] a=1565	card=0	title=Щипачево	labels=
2026-08-27 08:33:56.853 I/BenchmarkBridge: [FIELDS] a=1566	card=22	title=Петырница	labels=P1705	P1448	P625	P17	P6	P2046	P2044	P421	P1082	P281	P373	Страна	Область	община	Кмет	Площадь	Высота центра	Часовой пояс	Население	Телефонный код	Почтовый индекс	Код ЕКАТТЕ
2026-08-27 08:33:56.858 I/BenchmarkBridge: [FIELDS] a=1567	card=37	title=Генуя (метрополитенский город)	labels=P1705	P18	P41	P94	P17	P36	P6	P571	P2046	P2044	P421	P421[P1264:Q1777301]	P421[P1264:Q36669]	P1082	P300	P473	P281	P395	P856	P242	P1621	P373	Страна	Область	Коммуны	Адм. центр	Мэр	Дата образования	Площадь	Высота	Часовой пояс	Население	Оценка населения	Код ISO 3166-2	Телефонный код	Почтовые индексы	Код автом. номеров
2026-08-27 08:33:56.861 I/BenchmarkBridge: [FIELDS] a=1568	card=17	title=Цыгикало, Пётр Петрович	labels=P18	P569	P19	P570	P410	P598	P607	P166	Дата рождения	Место рождения	Дата смерти	Принадлежность	Годы службы	Звание	Командовал	Сражения/войны	Награды и премии
2026-08-27 08:33:56.865 I/BenchmarkBridge: [FIELDS] a=1569	card=6	title=Оковецкий Ключ	labels=P625	P17	Температура воды	Страна	Субъект РФ	Район
2026-08-27 08:33:56.872 I/BenchmarkBridge: [FIELDS] a=1570	card=22	title=Крылов, Порфирий Никитич (художник)	labels=P18	P569	P19	P570	P20	P27	P106	P136	P69	P166	Дата рождения	Место рождения	Дата смерти	Место смерти	Страна	Род деятельности	Жанр	Стиль	Учёба	Награды	Звания	Премии
2026-08-27 08:33:56.878 I/BenchmarkBridge: [FIELDS] a=1571	card=20	title=Патронен, Ханну	labels=P18	P569	P19	P27	P1532	P2048	P413	P373	Полное имя	Родился	Гражданство	Рост	Позиция	Молодёжные клубы	2002—2008	2008—2011	2012—2016	2017—2018	2019—2021	2011—2016
2026-08-27 08:33:56.884 I/BenchmarkBridge: [FIELDS] a=1572	card=17	title=Боньхади, Ладислау	labels=P569	P19	P570	P20	P27	P413	Полное имя	Родился	Умер	Гражданство	Позиция	Клубная карьера[* 1]	1941—1943	1943—1944	1944—1946	1946—1949	1947—1948
2026-08-27 08:33:56.889 I/BenchmarkBridge: [FIELDS] a=1573	card=20	title=Синьи (Маомин)	labels=P1705	P18	P17	P2046	P421	P473	P281	P395	P856	P242	P373	Страна	Провинция	Городской округ	Площадь	Часовой пояс	Население	Телефонный код	Почтовые индексы	Код автом. номеров
2026-08-27 08:33:56.894 I/BenchmarkBridge: [FIELDS] a=1574	card=7	title=Мэрхлердойч	labels=P1705	P282	Самоназвание	Страны	Категория	Языковая семья	Письменность
2026-08-27 08:33:56.898 I/BenchmarkBridge: [FIELDS] a=1575	card=0	title=Анцайгерхоххаус	labels=
2026-08-27 08:33:56.904 I/BenchmarkBridge: [FIELDS] a=1576	card=11	title=Иванов, Лев Львович	labels=P18	P569	P19	P570	P27	P106	Дата рождения	Место рождения	Дата смерти	Гражданство (подданство)	Род деятельности
2026-08-27 08:33:56.911 I/BenchmarkBridge: [FIELDS] a=1577	card=19	title=Сафроновский (Челябинская область)	labels=P625	P17	P571	P421	P1082	P281	P721	P764	Страна	Субъект Федерации	Муниципальный район	Сельское поселение	Основан	Посёлок с	Часовой пояс	Население	Почтовый индекс	Код ОКАТО	Код ОКТМО
2026-08-27 08:33:56.917 I/BenchmarkBridge: [FIELDS] a=1578	card=0	title=Кампании в поддержку афганских активистов и правозащитников	labels=
2026-08-27 08:33:56.927 I/BenchmarkBridge: [FIELDS] a=1579	card=28	title=Xiaomi Redmi Note 10 Pro	labels=P18	P176	P179	P571	P2067	P306	P880	P2560	P2928	P4140	P373	Производитель	Серия	Дата выпуска	Тип	Форм-фактор	Размеры	Масса	Операционная система	Процессор	Графика	ОЗУ	Флеш-память	Карта памяти	Аккумулятор	Экран	Камера	Передняя камера
2026-08-27 08:33:56.931 I/BenchmarkBridge: [FIELDS] a=1580	card=0	title=F-15EX	labels=
2026-08-27 08:33:56.939 I/BenchmarkBridge: [FIELDS] a=1581	card=20	title=Колтман, Лиам	labels=P569	P19	P27	P1532	P2048	P413	P54	Полное имя	Родился	Гражданство	Рост	Вес	Позиция	Клуб	Клубная карьера[* 1]	2013—н. в.	2010—н. в.	2016—н. в.	Чемпионаты мира	Бронза
2026-08-27 08:33:56.948 I/BenchmarkBridge: [FIELDS] a=1582	card=8	title=Ассиза «О новом захвате»	labels=P1705	P31	P17	P467	Отрасль права	Вид	Государство	Принятие
2026-08-27 08:33:56.954 I/BenchmarkBridge: [FIELDS] a=1583	card=17	title=Тимхово	labels=P625	P17	P2044	P421	P1082	P281	P721	P764	Страна	Субъект Федерации	Муниципальный округ	Высота центра	Часовой пояс	Население	Почтовый индекс	Код ОКАТО	Код ОКТМО
2026-08-27 08:33:56.961 I/BenchmarkBridge: [FIELDS] a=1584	card=11	title=Памятник борцам революции 1905 года (Рига)	labels=P18	P31	P17	P131	P373	Тип	Страна	Местоположение	Автор проекта	Строительство	Статус
2026-08-27 08:33:56.970 I/BenchmarkBridge: [FIELDS] a=1585	card=18	title=Телеши (Гомельская область)	labels=P1705	P1448	P625	P17	P1249	P421	P281	Страна	Область	Район	Сельсовет	Первое упоминание	Прежние названия	Часовой пояс	Население	Телефонный код	Почтовый индекс	Река
2026-08-27 08:33:56.982 I/BenchmarkBridge: [FIELDS] a=1586	card=26	title=Адамюк, Владимир Михайлович	labels=P18	P569	P19	P27	P1532	P2048	P413	P54	P373	Полное имя	Родился	Гражданство	Рост	Позиция	Клуб	Номер	Молодёжные клубы	2005—2008	2012	2013	2013—2015	2016—2017	2017—2018	2018—2019	2020—2024	2024—н. в.
2026-08-27 08:33:56.992 I/BenchmarkBridge: [FIELDS] a=1587	card=11	title=Натальино (Тульская область)	labels=P625	P17	P2044	P421	P1082	Страна	Субъект Федерации	Район	Высота центра	Часовой пояс	Население
2026-08-27 08:33:57.001 I/BenchmarkBridge: [FIELDS] a=1588	card=17	title=Бобинка	labels=P17	P884	P1397	Длина	Бассейн	Расход воды	Исток (Т) (B)	• Местоположение	• Высота	• Координаты	Устье (Т) (B)	Уклон реки	Водная система	Страна	Регионы	Код в ГВР	Номер в ГКГН
2026-08-27 08:33:57.010 I/BenchmarkBridge: [FIELDS] a=1589	card=18	title=The Complete Ella Fitzgerald & Louis Armstrong on Verve	labels=P18	P7937	P175	P577	P10135	P136	P2047	P162	P407	P264	Дата выпуска	Дата записи	Жанр	Длительность	Продюсер	Язык песен	Лейбл	Хронология Эллы Фицджеральд
2026-08-27 08:33:57.019 I/BenchmarkBridge: [FIELDS] a=1590	card=2	title=Breviraja marklei	labels=P815	ITIS
2026-08-27 08:33:57.027 I/BenchmarkBridge: [FIELDS] a=1591	card=0	title=Символы гендера	labels=
2026-08-27 08:33:57.037 I/BenchmarkBridge: [FIELDS] a=1592	card=20	title=Сухоречка (Илекский район)	labels=P625	P17	P1249	P421	P1082	P281	P721	P764	P1397	Страна	Субъект Федерации	Муниципальный район	Сельское поселение	Первое упоминание	Часовой пояс	Население	Почтовый индекс	Код ОКАТО	Код ОКТМО	Номер в ГКГН
2026-08-27 08:33:57.045 I/BenchmarkBridge: [FIELDS] a=1593	card=12	title=Геноцид индейцев в Гватемале	labels=P18	P276	P17	P828	P1120	Место	Страна	Причина	Жертвы	Организаторы	Погибших	Характер
2026-08-27 08:33:57.053 I/BenchmarkBridge: [FIELDS] a=1594	card=13	title=Ульянский, Антон Григорьевич	labels=P18	P569	P570	P20	P69	P106	P6886	Дата рождения	Дата смерти	Место смерти	Образование	Род деятельности	Язык произведений
2026-08-27 08:33:57.057 I/BenchmarkBridge: [FIELDS] a=1595	card=0	title=Смитвилл	labels=
2026-08-27 08:33:57.063 I/BenchmarkBridge: [FIELDS] a=1596	card=16	title=Территория (игра)	labels=P178	P123	P577	P136	P400	P404	P407	Разработчик	Издатель	Дата выпуска	Онлайн-поддержка	Жанр	Платформа	Режим игры	Язык	Системные требования
2026-08-27 08:33:57.089 I/BenchmarkBridge: [FIELDS] a=1597	card=43	title=Киевская область	labels=P1705	P18	P41	P94	P625	P17	P36	P6	P571	P2046	P421	P1082	P300	P473	P281	P78	P395	P856	P242	P1621	P373	Страна	Включает	Адм. центр	Глава областной военной администрации	Глава областного совета	Дата образования	Площадь	• Максимальная	Часовой пояс	Крупнейший город	Др. крупные города	Население	Плотность	Национальности	Официальный язык	Код ISO 3166-2	Телефонный код	Почтовые индексы	Интернет-домен	Код автом. номеров	Награды	Преемственность
2026-08-27 08:33:57.093 I/BenchmarkBridge: [FIELDS] a=1598	card=0	title=24p True Cinema	labels=
2026-08-27 08:33:57.096 I/BenchmarkBridge: [FIELDS] a=1599	card=0	title=Бово	labels=
2026-08-27 08:33:57.100 I/BenchmarkBridge: [FIELDS] a=1600	card=20	title=Пожелло, Игнатий Осипович	labels=P1559	P18	P569	P19	P570	P20	P27	P106	P140	P102	P109	Дата рождения	Место рождения	Дата смерти	Место смерти	Гражданство	Род деятельности	Вероисповедание	Партия	Автограф
2026-08-27 08:33:57.104 I/BenchmarkBridge: [FIELDS] a=1601	card=0	title=Под маской	labels=
2026-08-27 08:33:57.109 I/BenchmarkBridge: [FIELDS] a=1602	card=10	title=Буюк-Хамурпет	labels=P18	P625	P17	P373	Абсолютная высота	Площадь	Наибольшая глубина	Страна	Иль	Илче
2026-08-27 08:33:57.113 I/BenchmarkBridge: [FIELDS] a=1603	card=28	title=Везиров, Наджаф-бек Фатали-бек оглы	labels=P1559	P18	P1477	P569	P19	P570	P20	P119	P27	P69	P106	P2031	P136	P6886	P373	Имя при рождении	Дата рождения	Место рождения	Дата смерти	Место смерти	Место погребения	Гражданство (подданство)	Образование	Род деятельности	Годы творчества	Жанр	Язык произведений	Дебют
2026-08-27 08:33:57.118 I/BenchmarkBridge: [FIELDS] a=1604	card=13	title=Жакауов, Акназар	labels=P1559	P569	P19	P570	P20	P27	P166	Дата рождения	Место рождения	Дата смерти	Место смерти	Гражданство	Награды и премии
2026-08-27 08:33:57.124 I/BenchmarkBridge: [FIELDS] a=1605	card=21	title=Перелёт, Алексей Дмитриевич	labels=P18	P569	P19	P570	P20	P106	P241	P410	P607	P166	Дата рождения	Место рождения	Дата смерти	Место смерти	Род деятельности	Принадлежность	Род войск	Годы службы	Звание	Сражения/войны	Награды и премии
2026-08-27 08:33:57.128 I/BenchmarkBridge: [FIELDS] a=1606	card=17	title=Бисултанов, Исмаил Ибрагимович	labels=P569	P570	P20	P241	P410	P607	P166	Дата рождения	Дата смерти	Место смерти	Принадлежность	Род войск	Годы службы	Звание	Часть	Сражения/войны	Награды и премии
2026-08-27 08:33:57.132 I/BenchmarkBridge: [FIELDS] a=1607	card=11	title=Союз городов Золотого кольца России	labels=P1813	P571	P31	P488	P159	P856	Дата основания	Тип	Президент Союза	Центр	Сайт
2026-08-27 08:33:57.137 I/BenchmarkBridge: [FIELDS] a=1608	card=14	title=Флаг Великого Новгорода	labels=P18	P1001	P17	P571	P2061	P10502	P373	Субъект	Регион	Страна	Утверждён	Использование	Пропорция	Номер в ГГР
2026-08-27 08:33:57.148 I/BenchmarkBridge: [FIELDS] a=1609	card=24	title=Alapalooza	labels=P18	P7937	P175	P577	P10135	P483	P136	P2047	P162	P291	P407	P264	P155	P156	Дата выпуска	Дата записи	Место записи	Жанры	Длительность	Продюсер	Страна	Язык песен	Лейблы	Синглы с Alapalooza
2026-08-27 08:33:57.216 I/BenchmarkBridge: [FIELDS] a=1610	card=0	title=Рейтинг Эло	labels=
2026-08-27 08:33:57.227 I/BenchmarkBridge: [FIELDS] a=1611	card=0	title=Триатлон на Олимпийских играх	labels=
2026-08-27 08:33:57.234 I/BenchmarkBridge: [FIELDS] a=1612	card=0	title=Колонны паровозов особого резерва	labels=
2026-08-27 08:33:57.240 I/BenchmarkBridge: [FIELDS] a=1613	card=15	title=Окунев, Гавриил Семёнович	labels=P569	P570	P20	P241	P410	P607	P166	Дата рождения	Дата смерти	Место смерти	Принадлежность	Род войск	Звание	Сражения/войны	Награды и премии
2026-08-27 08:33:57.249 I/BenchmarkBridge: [FIELDS] a=1614	card=19	title=Тейлор, Ричард Лесли	labels=P1559	P18	P1477	P569	P19	P27	P106	P2031	P166	P345	P373	Имя при рождении	Дата рождения	Место рождения	Гражданство	Профессия	Карьера	Награды	IMDb
2026-08-27 08:33:57.252 I/BenchmarkBridge: [FIELDS] a=1615	card=0	title=333 км	labels=
2026-08-27 08:33:57.255 I/BenchmarkBridge: [FIELDS] a=1616	card=0	title=Найдоский	labels=
2026-08-27 08:33:57.260 I/BenchmarkBridge: [FIELDS] a=1617	card=15	title=Рид, Памела	labels=P1559	P18	P569	P19	P27	P106	P2031	P345	P373	Дата рождения	Место рождения	Гражданство	Профессия	Карьера	IMDb
2026-08-27 08:33:57.266 I/BenchmarkBridge: [FIELDS] a=1618	card=26	title=Леффе	labels=P1705	P1448	P18	P94	P625	P17	P2046	P2044	P421	P1082	P281	P395	P856	P373	Страна	Провинция	Площадь	Высота центра	Часовой пояс	Население	Плотность	Название жителей	Телефонный код	Почтовый индекс	Автомобильный код	Код ISTAT
2026-08-27 08:33:57.270 I/BenchmarkBridge: [FIELDS] a=1619	card=0	title=Центральная Меса	labels=
2026-08-27 08:33:57.276 I/BenchmarkBridge: [FIELDS] a=1620	card=13	title=Гай Каррина (претор)	labels=P1559	P569	P570	P20	P53	P40	P102[!Q113264255]	P373	Рождение	Смерть	Род	Дети	Партия
2026-08-27 08:33:57.288 I/BenchmarkBridge: [FIELDS] a=1621	card=39	title=Объект 911	labels=P18	P287	P176	P1092	P2043	P2049	P2048	P516	P373	Классификация	Боевая масса, т	Экипаж, чел.	Десант, чел.	Разработчик	Производитель	Годы производства	Количество выпущенных, шт.	Длина корпуса, мм	Ширина, мм	Высота, мм	Тип брони	Калибр и марка пушки	Тип пушки	Длина ствола, калибров	Боекомплект пушки	Углы ВН, °	Дальность стрельбы, км	Прицелы	Пулемёты	Другое вооружение	Тип двигателя	Мощность двигателя, л. с.	Скорость по шоссе, км/ч	Запас хода по шоссе, км	Удельная мощность, л. с./т	Колёсная формула	Тип подвески	Преодолеваемый подъём, °	Преодолеваемый брод, м
2026-08-27 08:33:57.298 I/BenchmarkBridge: [FIELDS] a=1622	card=17	title=Канудо, Риччото	labels=P1559[LANGUAGE!:RU]	P18	P569	P19	P570	P20	P27	P106	P166	P373	Дата рождения	Место рождения	Дата смерти	Место смерти	Страна	Род деятельности	Награды и премии
2026-08-27 08:33:57.306 I/BenchmarkBridge: [FIELDS] a=1623	card=19	title=Пассера, Жан	labels=P1559	P18	P569	P19	P570	P20	P27	P69	P106	P6886	P373	Дата рождения	Место рождения	Дата смерти	Место смерти	Гражданство (подданство)	Образование	Род деятельности	Язык произведений
2026-08-27 08:33:57.314 I/BenchmarkBridge: [FIELDS] a=1624	card=16	title=Левая Туха	labels=P17	P884	P1397	Длина	Бассейн	Исток (Т) (B)	• Координаты	Устье (Т) (B)	• Местоположение	• Высота	Водная система	Страна	Регион	Район	Код в ГВР	Номер в ГКГН
2026-08-27 08:33:57.323 I/BenchmarkBridge: [FIELDS] a=1625	card=20	title=Корвин, Вавжинец	labels=P1559	P18	P569	P19	P570	P20	P69	P106	P2031	P136	Дата рождения	Место рождения	Дата смерти	Место смерти	Образование	Род деятельности	Годы творчества	Направление	Жанр	Дебют
2026-08-27 08:33:57.331 I/BenchmarkBridge: [FIELDS] a=1626	card=0	title=Стресс-прививочная терапия	labels=
2026-08-27 08:33:57.341 I/BenchmarkBridge: [FIELDS] a=1627	card=27	title=Свет в Коорди (фильм)	labels=P1476	P18	P136	P57	P144	P58	P161	P344	P86	P272	P2047	P495	P364	P345	Жанр	Режиссёр	На основе	Авторы сценария	В главных ролях	Оператор	Композитор	Кинокомпании	Длительность	Страна	Язык	Год	IMDb
2026-08-27 08:33:57.348 I/BenchmarkBridge: [FIELDS] a=1628	card=0	title=Награды Исландии	labels=
2026-08-27 08:33:57.362 I/BenchmarkBridge: [FIELDS] a=1629	card=21	title=Сэкигава, Хидэо	labels=P1559	P18	P1477	P569	P19	P570	P20	P27	P106	P2031	P345	P373	Имя при рождении	Дата рождения	Место рождения	Дата смерти	Место смерти	Гражданство	Профессия	Карьера	IMDb
2026-08-27 08:33:57.372 I/BenchmarkBridge: [FIELDS] a=1630	card=29	title=Ярмолинецкий район	labels=P1705	P18	P41	P94	P237	P17	P36	P571	P576	P2046	P421	P1082	P473	P281	P395	P242	P373	Страна	Входит в	Включает	Адм. центр	Дата образования	Дата упразднения	Площадь	Часовой пояс	Население	Телефонный код	Почтовые индексы	Код автом. номеров
2026-08-27 08:33:57.379 I/BenchmarkBridge: [FIELDS] a=1631	card=13	title=Кокеладзе, Григорий Ираклиевич	labels=P1559	P569	P19	P570	P27	P106	P166	Дата рождения	Место рождения	Дата смерти	Страна	Профессии	Награды
2026-08-27 08:33:57.388 I/BenchmarkBridge: [FIELDS] a=1632	card=19	title=Деннис, Уильям	labels=P1559	P18	P569	P19	P570	P20	P27	P106	P26	P40	P373	Дата рождения	Место рождения	Дата смерти	Место смерти	Страна	Род деятельности	Супруга	Дети
2026-08-27 08:33:57.399 I/BenchmarkBridge: [FIELDS] a=1633	card=14	title=Нижнекуюкское сельское поселение	labels=P625	P17	P36	P421	P1082	P764	Страна	Субъект РФ	Район	Включает	Адм. центр	Часовой пояс	Население	Код ОКТМО
2026-08-27 08:33:57.407 I/BenchmarkBridge: [FIELDS] a=1634	card=23	title=Национальное агентство геопространственной разведки	labels=P1705	P154	P17	P571	P749	P159	P1128	P155	P2388	P488	P856	P373	Страна	Создана	Юрисдикция	Штаб-квартира	Бюджет	Средняя численность	Девиз	Предшественник	Руководитель	Заместитель	Сайт
2026-08-27 08:33:57.416 I/BenchmarkBridge: [FIELDS] a=1635	card=24	title=Ясеновцы (Львовская область)	labels=P1705	P1448	P18	P625	P17	P2046	P421	P1082	P281	P1077	P9435	P373	Страна	Область	Район	Община	Площадь	Часовой пояс	Население	Плотность	Телефонный код	Почтовый индекс	КОАТУУ	КАТЕТТО
2026-08-27 08:33:57.422 I/BenchmarkBridge: [FIELDS] a=1636	card=0	title=BMW M5 (E28)	labels=
2026-08-27 08:33:57.433 I/BenchmarkBridge: [FIELDS] a=1637	card=27	title=Пьяско	labels=P1705	P1448	P18	P94	P625	P17	P2046	P2044	P421	P1082	P281	P395	P856	P373	Страна	Регион	Провинция	Площадь	Высота центра	Часовой пояс	Население	Плотность	Телефонный код	Почтовый индекс	Автомобильный код	Код ISTAT	Мэр коммуны
2026-08-27 08:33:57.441 I/BenchmarkBridge: [FIELDS] a=1638	card=0	title=Лойтенеггер	labels=
2026-08-27 08:33:57.448 I/BenchmarkBridge: [FIELDS] a=1639	card=0	title=Зонк (игра в кости)	labels=
2026-08-27 08:33:57.464 I/BenchmarkBridge: [FIELDS] a=1640	card=34	title=Париж, Техас	labels=P1476	P18	P136	P57	P162	P58	P161	P344	P86	P272	P750[!Q907311]	P2047	P2130	P2142	P495	P364	P345	P856	Жанры	Режиссёр	Продюсеры	Автор сценария	В главных ролях	Оператор	Композитор	Кинокомпании	Дистрибьютор	Длительность	Бюджет	Сборы	Страны	Язык	Год	IMDb
2026-08-27 08:33:57.473 I/BenchmarkBridge: [FIELDS] a=1641	card=18	title=Do It Again (песня The Chemical Brothers)	labels=P18	P175	P13602	P577	P10135	P136	P407	P2047	P162	P264	Дата выпуска	Дата записи	Жанр	Язык	Длительность	Авторы песни	Продюсер	Лейблы
2026-08-27 08:33:57.481 I/BenchmarkBridge: [FIELDS] a=1642	card=0	title=Качинский ярус	labels=
2026-08-27 08:33:57.491 I/BenchmarkBridge: [FIELDS] a=1643	card=41	title=(3794) Сфенел	labels=P61	P65	P575	P528	P1096	P2233	P2244	P2243	P2146	P2045	P2213	P2248	P2325	P2386	P2147	P1215	P1457	P4501	Первооткрыватель	Место обнаружения	Дата обнаружения	Эпоним	Альтернативные обозначения	Категория	Эксцентриситет (e)	Большая полуось (a)	Перигелий (q)	Афелий (Q)	Период обращения (P)	Средняя орбитальная скорость	Наклонение (i)	Долгота восходящего узла (Ω)	Аргумент перигелия (ω)	Средняя аномалия (M)	Диаметр	Период вращения	Видимая звёздная величина	Абсолютная звёздная величина	Альбедо	Текущее расстояние от Солнца	Текущее расстояние от Земли
2026-08-27 08:33:57.498 I/BenchmarkBridge: [FIELDS] a=1644	card=14	title=Татаринов, Адриан Иванович	labels=P19	P27	P106	P101	P108	P512	P184	Место рождения	Страна	Род деятельности	Научная сфера	Место работы	Учёная степень	Научный руководитель
2026-08-27 08:33:57.506 I/BenchmarkBridge: [FIELDS] a=1645	card=0	title=Суданцы (арабы Судана)	labels=
2026-08-27 08:33:57.514 I/BenchmarkBridge: [FIELDS] a=1646	card=25	title=Жуков, Никита Сергеевич	labels=P569	P19	P27	P1532	P2048	P413	Полное имя	Родился	Гражданство	Рост	Позиция	Молодёжные клубы	2008—2012	2012—2014	2014	2015	2016	2016—2018	2017	2018	2018—2020	2020—2021	2021	2022—2023	2023
2026-08-27 08:33:57.520 I/BenchmarkBridge: [FIELDS] a=1647	card=0	title=Фиески (значения)	labels=
2026-08-27 08:33:57.535 I/BenchmarkBridge: [FIELDS] a=1648	card=21	title=Википедия на языке волапюк	labels=P154	P856	P407	P127	P571	P373	URL	Характер	Тип	Регистрация	Язык	Владелец	Начало работы	Статей	Файлов	Страниц	Число правок	Участников с учётными записями	Активных участников	Администраторов	Метрика развития раздела «Глубина»
2026-08-27 08:33:57.545 I/BenchmarkBridge: [FIELDS] a=1649	card=24	title=Леков, Александр Владимирович	labels=P18	P569	P19	P27	P1532	P413	P373	Полное имя	Родился	Гражданство	Позиция	Клубная карьера[* 1]	1986—1987	1988—1989	1989	1990—1991	1992—1993	1994	2011—2012	2013—2016	2012	Футбол 7×7	Серебро	Золото
2026-08-27 08:33:57.552 I/BenchmarkBridge: [FIELDS] a=1650	card=16	title=Кушмана	labels=P17	P884	P1397	Длина	Бассейн	Исток (Т) (B)	• Координаты	Устье (Т) (B)	• Местоположение	• Высота	Водная система	Страна	Регион	Район	Код в ГВР	Номер в ГКГН
2026-08-27 08:33:57.559 I/BenchmarkBridge: [FIELDS] a=1651	card=12	title=Найко, Сергей Фёдорович	labels=P569	P19	P27	P106	P136	P166	Дата рождения	Место рождения	Страна	Профессии	Жанры	Награды
2026-08-27 08:33:57.570 I/BenchmarkBridge: [FIELDS] a=1652	card=12	title=Берёза Потанина	labels=P18	P685	P830	P961	P5037	P7715	NCBI	EOL	GRIN	IPNI	POWO	WFO
2026-08-27 08:33:57.577 I/BenchmarkBridge: [FIELDS] a=1653	card=19	title=Кирово (Таштыпский район)	labels=P625	P17	P421	P1082	P37	P281	P721	P764	Страна	Субъект Федерации	Муниципальный район	Сельское поселение	Часовой пояс	Население	Национальности	Официальный язык	Почтовый индекс	Код ОКАТО	Код ОКТМО
2026-08-27 08:33:57.586 I/BenchmarkBridge: [FIELDS] a=1654	card=22	title=Парамор, Джуниор	labels=P569	P19	P27	P1532	P2048	P413	Полное имя	Родился	Гражданство	Рост	Вес	Позиция	Клубная карьера[* 1]	1987—1989	1990—1995	1996—1999	1999—2004	2004—2006	1996	1991—2001	1991—1994	2004—?
2026-08-27 08:33:57.593 I/BenchmarkBridge: [FIELDS] a=1655	card=12	title=Куриленко, Виктор Харитонович	labels=P569	P19	P570	P102	P69	P166	Рождение	Смерть	Партия	Образование	Профессия	Награды
2026-08-27 08:33:57.618 I/BenchmarkBridge: [FIELDS] a=1656	card=13	title=Баскетболист года конференции Atlantic Coast	labels=P1705	P18	P17	P31	P1027	P571	Страна	Тип	Кому вручается	Кем вручается	Дата учреждения	Первое награждение	Последнее награждение
2026-08-27 08:33:57.625 I/BenchmarkBridge: [FIELDS] a=1657	card=0	title=Бордуков	labels=
2026-08-27 08:33:57.633 I/BenchmarkBridge: [FIELDS] a=1658	card=14	title=Жёлтый жакет (Мстители: Величайшие герои Земли)	labels=P1476	P179	P18	P57	P58	P577	P2047	P155	P156	Номер серии	Режиссёр	Авторы сценария	Дата выхода	Длительность
2026-08-27 08:33:57.645 I/BenchmarkBridge: [FIELDS] a=1659	card=21	title=Scream (песня Тимбалэнда)	labels=P18	P175	P13602	P577	P437	P10135	P136	P2047	P86	P676	P162	P264	Дата выпуска	Формат	Дата записи	Жанры	Длительность	Композиторы	Автор слов	Продюсер	Лейблы
2026-08-27 08:33:57.659 I/BenchmarkBridge: [FIELDS] a=1660	card=25	title=Полянский, Игорь Николаевич	labels=P21	P27	P641	P54	P569	P19	P2031	P286	P2048	P2067	Пол	Полное имя	Страна	Специализация	Клуб	Дата рождения	Место рождения	Спортивная карьера	Тренеры	Рост	Вес	Олимпийские игры	Золото	Бронза	Серебро
2026-08-27 08:33:57.673 I/BenchmarkBridge: [FIELDS] a=1661	card=5	title=Коста-Рика на летних Олимпийских играх 2024	labels=Код МОК	НОК	Спортсмены	Знаменосец	Медали
2026-08-27 08:33:57.686 I/BenchmarkBridge: [FIELDS] a=1662	card=0	title=Приз памяти Виталия Фатьянова	labels=
2026-08-27 08:33:57.695 I/BenchmarkBridge: [FIELDS] a=1663	card=19	title=Шадрино (Целинный район)	labels=P17	P571	P421	P1082	P721	P764	P1397	Страна	Субъект Федерации	Муниципальный район	Сельское поселение	Основан	Прежние названия	Часовой пояс	Население	Национальности	Код ОКАТО	Код ОКТМО	Номер в ГКГН
2026-08-27 08:33:57.705 I/BenchmarkBridge: [FIELDS] a=1664	card=18	title=Тифлисские ведомости	labels=P1476	P18	P31	P123	P495	P98	P571	P576	P407	P2896	Тип	Издатель	Страна	Редактор	Основана	Прекращение публикаций	Язык	Периодичность
2026-08-27 08:33:57.715 I/BenchmarkBridge: [FIELDS] a=1665	card=21	title=Лентево (Смоленская область)	labels=P625	P17	P2046	P2564	P421	P1082	P281	P721	P764	Страна	Субъект Федерации	Муниципальный район	Сельское поселение	Площадь	Тип климата	Часовой пояс	Население	Телефонный код	Почтовый индекс	Код ОКАТО	Код ОКТМО
2026-08-27 08:33:57.722 I/BenchmarkBridge: [FIELDS] a=1666	card=22	title=Бояджиев, Мартин	labels=P413	P2048	P2067	P423	P27	P1532	P569	Позиция	Рост	Вес	Хват	Страна	Дата рождения	2003—2004	2004—2005	2005—2012	2012	2012—2015	2015—н. в.	2014—2015	2017—2018	2018—н. в.
2026-08-27 08:33:57.730 I/BenchmarkBridge: [FIELDS] a=1667	card=17	title=Станнид димарганца	labels=P274	P2067	P2054	P2107	P231	P662	Систематическое наименование	Хим. формула	Рац. формула	Состояние	Молярная масса	Плотность	• разложения	Рег. номер CAS	PubChem	SMILES	InChI
2026-08-27 08:33:57.736 I/BenchmarkBridge: [FIELDS] a=1668	card=0	title=Симонсен, Аллан	labels=
2026-08-27 08:33:57.751 I/BenchmarkBridge: [FIELDS] a=1669	card=0	title=Изотопы мышьяка	labels=
2026-08-27 08:33:57.761 I/BenchmarkBridge: [FIELDS] a=1670	card=7	title=Мечеть Лулуа	labels=P18	P17	P149	P373	Страна	Координаты	Архитектурный стиль
2026-08-27 08:33:57.768 I/BenchmarkBridge: [FIELDS] a=1671	card=27	title=Казанова (телесериал, 2005)	labels=P1476	P18	P136	P57	P162	P58	P161	P344	P86	P272	P2047	P495	P364	P345	Жанры	Режиссёр	Продюсеры	Автор сценария	В главных ролях	Оператор	Композитор	Кинокомпания	Длительность	Страна	Язык	Год	IMDb
2026-08-27 08:33:57.777 I/BenchmarkBridge: [FIELDS] a=1672	card=15	title=Калмыков, Семён Никитич	labels=P18	P569	P19	P570	P20	P27	P106	P102	Дата рождения	Место рождения	Дата смерти	Место смерти	Гражданство	Род деятельности	Партия
2026-08-27 08:33:57.788 I/BenchmarkBridge: [FIELDS] a=1673	card=12	title=Сайрам-Нур	labels=P18	P625	P17	P373	Абсолютная высота	Размеры	Площадь	Объём	Наибольшая глубина	Страна	Автономный район	Район
2026-08-27 08:33:57.798 I/BenchmarkBridge: [FIELDS] a=1674	card=19	title=Caproni Ca.101	labels=P18	P279	P178	P176	P287	P606	P729	P730	P137	P373	Тип	Разработчик	Производитель	Главный конструктор	Первый полёт	Начало эксплуатации	Конец эксплуатации	Статус	Эксплуатанты
2026-08-27 08:33:57.806 I/BenchmarkBridge: [FIELDS] a=1675	card=19	title=Бизюки (Смоленская область)	labels=P625	P17	P2046	P2564	P421	P1082	P281	P721	Страна	Субъект Федерации	Муниципальный район	Сельское поселение	Площадь	Тип климата	Часовой пояс	Население	Телефонный код	Почтовый индекс	Код ОКАТО
2026-08-27 08:33:57.821 I/BenchmarkBridge: [FIELDS] a=1676	card=27	title=Сигуайе (Верхние Альпы)	labels=P1705	P1448	P18	P94	P625	P17	P6	P2046	P2044	P421	P1082	P281	P374	P856	P373	Страна	Регион	Департамент	Кантон	Мэр	Площадь	Высота центра	Часовой пояс	Население	Плотность	Почтовый индекс	Код INSEE
2026-08-27 08:33:57.829 I/BenchmarkBridge: [FIELDS] a=1677	card=0	title=Полицкий статут	labels=
2026-08-27 08:33:57.837 I/BenchmarkBridge: [FIELDS] a=1678	card=0	title=Список лунных кратеров, О	labels=
2026-08-27 08:33:57.846 I/BenchmarkBridge: [FIELDS] a=1679	card=0	title=Рейнская переходная область	labels=
2026-08-27 08:33:57.858 I/BenchmarkBridge: [FIELDS] a=1680	card=14	title=ВНИИОкеангеология	labels=P1813	P18	P1037	P1128	P276	P159	P856	Международное название	Основан	Директор	Сотрудников	Расположение	Юридический адрес	Сайт
2026-08-27 08:33:57.867 I/BenchmarkBridge: [FIELDS] a=1681	card=12	title=Римерсма, Лиафберн	labels=P1559	P18	P27	P1532	P569	P2962	P1087[RANK:PREFERRED]	Страны	Дата рождения	Звание	Максимальный рейтинг	Актуальный рейтинг
2026-08-27 08:33:57.876 I/BenchmarkBridge: [FIELDS] a=1682	card=0	title=Вид консонанса	labels=
2026-08-27 08:33:57.885 I/BenchmarkBridge: [FIELDS] a=1683	card=0	title=Мякеля	labels=
2026-08-27 08:33:57.892 I/BenchmarkBridge: [FIELDS] a=1684	card=27	title=Овсийчук, Владимир Антонович	labels=P1559	P18	P569	P19	P570	P20	P27	P106	P101	P108	P69	P512	P802	P166	P373	Дата рождения	Место рождения	Дата смерти	Место смерти	Страна	Род деятельности	Научная сфера	Место работы	Альма-матер	Учёная степень	Ученики	Награды и премии
2026-08-27 08:33:57.899 I/BenchmarkBridge: [FIELDS] a=1685	card=6	title=Шапочка сморчковая	labels=P18	P225	P685	P962	NCBI	MB
2026-08-27 08:33:57.906 I/BenchmarkBridge: [FIELDS] a=1686	card=14	title=Грек, Игнат Георгиевич	labels=P21	P1477	P27	P1532	P641	P569	P19	Пол	Имя при рождении	Страна	Специализация	Дата рождения	Место рождения	Спортивное звание
2026-08-27 08:33:57.915 I/BenchmarkBridge: [FIELDS] a=1687	card=14	title=Сарран, Бернар	labels=P18	P569	P19	P570	P20	P27	P106	P373	Дата рождения	Место рождения	Дата смерти	Место смерти	Гражданство	Род деятельности
2026-08-27 08:33:57.922 I/BenchmarkBridge: [FIELDS] a=1688	card=20	title=Нагорный, Матвей Степанович	labels=P18	P569	P19	P570	P20	P241	P410	P607	P166	Дата рождения	Место рождения	Дата смерти	Место смерти	Принадлежность	Род войск	Годы службы	Звание	Часть	Сражения/войны	Награды и премии
2026-08-27 08:33:57.932 I/BenchmarkBridge: [FIELDS] a=1689	card=29	title=Время убивать (фильм, 1987)	labels=P1476	P18	P136	P57	P162	P58	P161	P344	P86	P272	P750[!Q907311]	P2047	P495	P364	P345	Жанр	Режиссёр	Продюсеры	Авторы сценария	В главных ролях	Оператор	Композитор	Кинокомпания	Дистрибьютор	Длительность	Страна	Язык	Год	IMDb
2026-08-27 08:33:57.944 I/BenchmarkBridge: [FIELDS] a=1690	card=15	title=Кайсы	labels=P17	P884	P1397	Длина	Исток (Т) (B)	• Координаты	Устье (Т) (B)	• Местоположение	• Высота	Водная система	Страна	Регион	Район	Код в ГВР	Номер в ГКГН
2026-08-27 08:33:57.953 I/BenchmarkBridge: [FIELDS] a=1691	card=14	title=Искровское водохранилище	labels=P625	P17	Высота над уровнем моря	Размеры	Площадь	Объём	Наибольшая глубина	Средняя глубина	Год наполнения	Впадающий водоток	Вытекающий водоток	Страна	Область	Район
2026-08-27 08:33:57.963 I/BenchmarkBridge: [FIELDS] a=1692	card=0	title=Путешествие на Запад	labels=
2026-08-27 08:33:57.972 I/BenchmarkBridge: [FIELDS] a=1693	card=24	title=183P/Корлевича — Юрича	labels=P61	P575	P1096	P2233	P2244	P2243	P2146	P2045	P2213	P2248	P2285	Первооткрыватель	Дата открытия	Альтернативные обозначения	Эксцентриситет	Большая полуось ( a)	Перигелий (q)	Афелий (Q)	Период обращения (P)	Наклонение орбиты	Долгота восходящего узла	Аргумент перицентра	Последний перигелий	Следующий перигелий
2026-08-27 08:33:57.983 I/BenchmarkBridge: [FIELDS] a=1694	card=18	title=Ванунц, Эдуард Гайкович	labels=P569	P19	P570	P27	P106	P2031	P136	P166	P345	Дата рождения	Место рождения	Дата смерти	Гражданство	Профессия	Карьера	Направление	Награды	IMDb
2026-08-27 08:33:57.990 I/BenchmarkBridge: [FIELDS] a=1695	card=0	title=Бордан	labels=
2026-08-27 08:33:58.001 I/BenchmarkBridge: [FIELDS] a=1696	card=24	title=Кулукасово	labels=P1705	P1448	P18	P625	P17	P421	P1082	P37	P281	P721	P764	P373	Страна	Субъект Федерации	Муниципальный район	Сельсовет	Часовой пояс	Население	Национальности	Конфессии	Официальный язык	Почтовый индекс	Код ОКАТО	Код ОКТМО
2026-08-27 08:33:58.008 I/BenchmarkBridge: [FIELDS] a=1697	card=0	title=Санага	labels=
2026-08-27 08:33:58.013 I/BenchmarkBridge: [FIELDS] a=1698	card=0	title=Система распределения тормозных усилий	labels=
2026-08-27 08:33:58.020 I/BenchmarkBridge: [FIELDS] a=1699	card=18	title=Веля, Анджелин	labels=P21	P27	P1532	P641	P569	P19	P2048	P2067	Пол	Страна	Специализация	Дата рождения	Место рождения	Рост	Вес	Чемпионаты мира	Золото	Бронза
2026-08-27 08:33:58.046 I/BenchmarkBridge: [FIELDS] a=1700	card=27	title=Грэм, Джеймс, 4-й герцог Монтроз	labels=P1559	P18	P94	P569	P570	P119	P53	P22	P25	P26	P40	P102[!Q113264255]	P69	P166	Предшественник	Преемник	Рождение	Смерть	Место погребения	Род	Отец	Мать	Супруга	Дети	Партия	Образование	Награды
2026-08-27 08:33:58.061 I/BenchmarkBridge: [FIELDS] a=1701	card=27	title=Карлссон, Агнес	labels=P1559[LANGUAGE!:RU]	P18	P569	P19	P27	P106	P2031	P412	P1303	P136	P742	P264	P166	P856	P373	Полное имя	Дата рождения	Место рождения	Страна	Профессии	Годы активности	Певческий голос	Инструменты	Жанры	Псевдонимы	Лейблы	Награды
2026-08-27 08:33:58.071 I/BenchmarkBridge: [FIELDS] a=1702	card=13	title=Педаний Коста (легат)	labels=P1559	P569	P570	P53	P22	P25	P40	Рождение	Смерть	Род	Отец	Мать	Дети
2026-08-27 08:33:58.079 I/BenchmarkBridge: [FIELDS] a=1703	card=0	title=Иясикэй	labels=
2026-08-27 08:33:58.137 I/BenchmarkBridge: [FIELDS] a=1704	card=0	title=Список матчей сборной СССР по футболу (1980—1991)	labels=
2026-08-27 08:33:58.151 I/BenchmarkBridge: [FIELDS] a=1705	card=18	title=Beautiful Mess	labels=P175	P577	P437	P10135	P136	P407	P2047	P162	P264	Дата выпуска	Формат	Дата записи	Жанр	Язык	Длительность	Композиторы	Продюсеры	Лейбл
2026-08-27 08:33:58.157 I/BenchmarkBridge: [FIELDS] a=1706	card=0	title=Латиноамериканский фонд свободного программного обеспечения	labels=
2026-08-27 08:33:58.161 I/BenchmarkBridge: [FIELDS] a=1707	card=0	title=Трайпхум	labels=
2026-08-27 08:33:58.168 I/BenchmarkBridge: [FIELDS] a=1708	card=23	title=Гремсдорф	labels=P1705	P1448	P18	P94	P17	P2046	P421	P281	P395	P439	P856	P373	Страна	Земля	Район	Внутреннее деление	Площадь	Часовой пояс	Население	Телефонный код	Почтовый индекс	Автомобильный код	Код AGS
2026-08-27 08:33:58.172 I/BenchmarkBridge: [FIELDS] a=1709	card=0	title=Исаак (сирийские патриархи)	labels=
2026-08-27 08:33:58.179 I/BenchmarkBridge: [FIELDS] a=1710	card=21	title=Сальниково (Нижегородская область)	labels=P18	P625	P17	P2044	P421	P1082	P281	P721	P764	P373	Страна	Субъект Федерации	Муниципальный район	Сельское поселение	Высота центра	Часовой пояс	Население	Телефонный код	Почтовый индекс	Код ОКАТО	Код ОКТМО
2026-08-27 08:33:58.184 I/BenchmarkBridge: [FIELDS] a=1711	card=17	title=Вестолл, Ричард	labels=P1559	P18	P569	P19	P570	P20	P27	P106	P136	P373	Дата рождения	Место рождения	Дата смерти	Место смерти	Страна	Род деятельности	Жанр
2026-08-27 08:33:58.196 I/BenchmarkBridge: [FIELDS] a=1712	card=18	title=Янсен, Гарри Август	labels=P1559	P18	P569	P19	P570	P20	P106	P27	P742	P345	Дата рождения	Место рождения	Дата смерти	Место смерти	Профессия	Гражданство	Псевдонимы	IMDb
2026-08-27 08:33:58.206 I/BenchmarkBridge: [FIELDS] a=1713	card=24	title=Джиоев, Сослан Тамерланович	labels=P569	P19	P27	P1532	P2048	P413	Полное имя	Родился	Гражданство	Рост	Позиция	Молодёжные клубы	2005—2007	2008—2009	2010	2011	2012	2013—2014	2014	2015—2016	2016	2017	2017—2018	2018
2026-08-27 08:33:58.211 I/BenchmarkBridge: [FIELDS] a=1714	card=0	title=Портал:Индонезия/В этот день/1-сентября	labels=
2026-08-27 08:33:58.220 I/BenchmarkBridge: [FIELDS] a=1715	card=11	title=Ваза (фонтан, Петергоф)	labels=P18	P31	P17	P131	P5381	P1483	P373	Тип	Страна	Местоположение	Статус
2026-08-27 08:33:58.230 I/BenchmarkBridge: [FIELDS] a=1716	card=16	title=Леонтьев, Александр Александрович	labels=P569	P19	P570	P20	P27	P106	P108	P69	Дата рождения	Место рождения	Дата смерти	Место смерти	Страна	Род деятельности	Место работы	Альма-матер
2026-08-27 08:33:58.239 I/BenchmarkBridge: [FIELDS] a=1717	card=17	title=Мюррей, Эшли	labels=P1559	P18	P1477	P569	P19	P27	P106	P2031	P345	P373	Имя при рождении	Дата рождения	Место рождения	Гражданство	Профессия	Карьера	IMDb
2026-08-27 08:33:58.252 I/BenchmarkBridge: [FIELDS] a=1718	card=19	title=Туманность Тёмная Штучка	labels=P31	P18	P61	P575	P6257	P6258	P2583	P59	P528	P3083	P373	Открыватель	Дата открытия	Прямое восхождение	Склонение	Расстояние	Созвездие	Другие обозначения	SIMBAD
2026-08-27 08:33:58.263 I/BenchmarkBridge: [FIELDS] a=1719	card=19	title=Луговая (Омский район)	labels=P625	P17	P571	P421	P1082	P281	P721	P764	Страна	Субъект Федерации	Муниципальный район	Сельское поселение	Основан	Прежние названия	Часовой пояс	Население	Почтовый индекс	Код ОКАТО	Код ОКТМО
2026-08-27 08:33:58.274 I/BenchmarkBridge: [FIELDS] a=1720	card=9	title=Human Longevity	labels=P154	P31	P571	P159	P856	Тип	Дата основания	Расположение	Сайт
2026-08-27 08:33:58.284 I/BenchmarkBridge: [FIELDS] a=1721	card=14	title=37-й армейский корпус (Российская империя)	labels=P18	P17	P361	P276	P607	Годы существования	Страна	Подчинение	Входит в	Тип	Численность	Дислокация	Участие в	Известные командиры
2026-08-27 08:33:58.314 I/BenchmarkBridge: [FIELDS] a=1722	card=42	title=Ивано-Франковская область	labels=P1705	P18	P41	P94	P625	P17	P36	P6	P571	P2046	P421	P1082	P300	P9435	P473	P281	P78	P395	P856	P242	P1621	P373	Страна	Включает	Адм. центр	Глава областного совета	Дата образования	Площадь	• Максимальная	Часовой пояс	Крупнейший город	Др. крупные города	Население	Национальности	Официальный язык	Код ISO 3166-2	КАТЕТТО	Телефонный код	Почтовые индексы	Интернет-домен	Код автом. номеров	Награды
2026-08-27 08:33:58.325 I/BenchmarkBridge: [FIELDS] a=1723	card=21	title=Моррисон, Александр (историк)	labels=P1559[LANGUAGE!:RU]	P569	P19	P27	P106	P101	P108	P69	P512	P803	P166	Дата рождения	Место рождения	Страна	Род деятельности	Научная сфера	Место работы	Альма-матер	Учёная степень	Учёное звание	Награды и премии
2026-08-27 08:33:58.332 I/BenchmarkBridge: [FIELDS] a=1724	card=0	title=110-я стрелковая дивизия	labels=
2026-08-27 08:33:58.341 I/BenchmarkBridge: [FIELDS] a=1725	card=0	title=Machine Check Exception	labels=
2026-08-27 08:33:58.358 I/BenchmarkBridge: [FIELDS] a=1726	card=20	title=V567 Возничего	labels=P6259	P6257	P6258	P2583	P59	P10752	P10751	P2214	P881	P528	P3083	Прямое восхождение	Склонение	Расстояние	Созвездие	• прямое восхождение	• склонение	Параллакс (π)	Переменность	SIMBAD
2026-08-27 08:33:58.369 I/BenchmarkBridge: [FIELDS] a=1727	card=19	title=Melissa (альбом Mercyful Fate)	labels=P18	P7937	P175	P577	P10135	P483	P136	P2047	P162	P264	P155	P156	Дата выпуска	Дата записи	Место записи	Жанры	Длительность	Продюсер	Лейблы
2026-08-27 08:33:58.381 I/BenchmarkBridge: [FIELDS] a=1728	card=30	title=Катастрофа Ан-24 в Нижнеангарске	labels=P18	P585	P276	P1120	P1339	P1427	P2825	P1444	P3090	P1561	P373	Дата	Время	Характер	Причина	Место	Координаты	Погибшие	Раненые	Модель	Авиакомпания	Пункт вылета	Остановки в пути	Пункт назначения	Рейс	Бортовой номер	Дата выпуска	Пассажиры	Экипаж	Выжившие
2026-08-27 08:33:58.387 I/BenchmarkBridge: [FIELDS] a=1729	card=8	title=Абараш-Баш	labels=P2044	P625	P17	P1397	Абсолютная высота	Страна	Субъект РФ	Хребет или массив
2026-08-27 08:33:58.395 I/BenchmarkBridge: [FIELDS] a=1730	card=10	title=Мачуский, Владислав	labels=P1559	P27	P1532	P569	P570	P20	Страны	Дата рождения	Дата смерти	Место смерти
2026-08-27 08:33:58.400 I/BenchmarkBridge: [FIELDS] a=1731	card=18	title=Тулашвили, Анна Ивановна	labels=P1559	P569	P19	P570	P20	P27	P106	P1303[!Q17172850]	P166	P373	Дата рождения	Место рождения	Дата смерти	Место смерти	Страна	Профессии	Инструменты	Награды
2026-08-27 08:33:58.407 I/BenchmarkBridge: [FIELDS] a=1732	card=15	title=Роуз, Дэвид	labels=P1559	P569	P19	P570	P20	P26	P69	P166	Предшественник	Преемник	Рождение	Смерть	Супруга	Образование	Награды
2026-08-27 08:33:58.439 I/BenchmarkBridge: [FIELDS] a=1733	card=18	title=Рома (футбольный клуб)	labels=P154	P1449	P571	P115	P856	Полное название	Прозвища	Основан	Стадион	Вместимость	Владелец	Президент	Главный тренер	Капитан	Рейтинг	Сайт	Соревнование	2024/25
2026-08-27 08:33:58.456 I/BenchmarkBridge: [FIELDS] a=1734	card=0	title=Бокс на летних Олимпийских играх 2004	labels=
2026-08-27 08:33:58.464 I/BenchmarkBridge: [FIELDS] a=1735	card=13	title=Лука (Ломидзе)	labels=P1559	P18	P106	P569	P19	P373	Церковь	Деятельность	Имя при рождении	Оригинал имени при рождении	Рождение	Принятие монашества	Епископская хиротония
2026-08-27 08:33:58.469 I/BenchmarkBridge: [FIELDS] a=1736	card=0	title=Соляная площадь	labels=
2026-08-27 08:33:58.477 I/BenchmarkBridge: [FIELDS] a=1737	card=19	title=Аддо, Генри	labels=P569	P19	P27	P1532	P2048	P413	P54	Родился	Гражданство	Рост	Позиция	Клуб	Номер	Молодёжные клубы	0000—2021	2021	2021—2023	2024—н. в.	2025—н. в.
2026-08-27 08:33:58.486 I/BenchmarkBridge: [FIELDS] a=1738	card=19	title=Камп-Релис (тауншип, Миннесота)	labels=P1705	P1448	P625	P17	P2046	P2044	P421	P1082	P590	Страна	Штат	Округ	Площадь	Высота центра	Часовой пояс	Население	Плотность	FIPS	GNIS
2026-08-27 08:33:58.496 I/BenchmarkBridge: [FIELDS] a=1739	card=4	title=Индия на летних Олимпийских играх 1928	labels=Код МОК	НОК	Спортсмены	Медали Место 30
2026-08-27 08:33:58.504 I/BenchmarkBridge: [FIELDS] a=1740	card=29	title=Энгервицдорф	labels=P1705	P1448	P18	P94	P625	P17	P6	P2046	P2044	P421	P1082	P37	P281	P395	P856	P373	Страна	Федеральная земля	Округ	Бургомистр	Площадь	Высота центра	Часовой пояс	Население	Официальный язык	Телефонный код	Почтовый индекс	Автомобильный код	Официальный код
2026-08-27 08:33:58.517 I/BenchmarkBridge: [FIELDS] a=1741	card=0	title=Корея и ООН	labels=
2026-08-27 08:33:58.522 I/BenchmarkBridge: [FIELDS] a=1742	card=9	title=Мерещенко, Анатолий Иосифович	labels=P569	P570	P20	P102	P166	Рождение	Смерть	Партия	Награды
2026-08-27 08:33:58.527 I/BenchmarkBridge: [FIELDS] a=1743	card=15	title=Оидо (станция метро)	labels=P1705	P18	P1619	P296	P197	P373	Округ	Расположение	Дата открытия	Тип	Количество платформ	Тип платформ	Форма платформ	Код станции	Соседние станции
2026-08-27 08:33:58.534 I/BenchmarkBridge: [FIELDS] a=1744	card=21	title=Порта, Костанцо	labels=P1559	P18	P569	P19	P570	P20	P119	P27	P106	P1303	P136	P373	Дата рождения	Место рождения	Дата смерти	Место смерти	Похоронен	Страна	Профессии	Инструменты	Жанры
2026-08-27 08:33:58.541 I/BenchmarkBridge: [FIELDS] a=1745	card=17	title=Ёлкино (Волгоградская область)	labels=P625	P17	P421	P1082	P281	P721	P764	Страна	Субъект Федерации	Муниципальный район	Сельское поселение	Часовой пояс	Население	Телефонный код	Почтовый индекс	Код ОКАТО	Код ОКТМО
2026-08-27 08:33:58.547 I/BenchmarkBridge: [FIELDS] a=1746	card=0	title=Страховский	labels=
2026-08-27 08:33:58.569 I/BenchmarkBridge: [FIELDS] a=1747	card=0	title=Чехословакия во Второй мировой войне	labels=
2026-08-27 08:33:58.580 I/BenchmarkBridge: [FIELDS] a=1748	card=20	title=Yuehua Entertainment	labels=P154	P31	P414	P571	P112	P159	P452	P1056	P355	P856	Тип	Листинг на бирже	Дата основания	Основатели	Расположение	Ключевые фигуры	Отрасль	Продукция	Дочерние компании	Сайт
2026-08-27 08:33:58.586 I/BenchmarkBridge: [FIELDS] a=1749	card=19	title=Extraordinary Cab Accident	labels=P1476	P18	P136	P57	P162	P272	P2047	P495	P364	P345	Жанр	Режиссёр	Продюсер	Кинокомпания	Длительность	Страна	Язык	Год	IMDb
2026-08-27 08:33:58.601 I/BenchmarkBridge: [FIELDS] a=1750	card=13	title=Черёмушка (приток Моломы)	labels=P17	P884	Длина	Исток (Т)	• Высота	• Координаты	Устье (Т)	• Местоположение	Водная система	Страна	Регион	Район	Код в ГВР
2026-08-27 08:33:58.611 I/BenchmarkBridge: [FIELDS] a=1751	card=23	title=Новое Шокино	labels=P1705	P1448	P625	P17	P1249	P421	P1082	P37	P281	P721	P764	Страна	Субъект Федерации	Муниципальный район	Сельское поселение	Первое упоминание	Часовой пояс	Население	Национальности	Официальный язык	Почтовый индекс	Код ОКАТО	Код ОКТМО
2026-08-27 08:33:58.624 I/BenchmarkBridge: [FIELDS] a=1752	card=7	title=Родолия	labels=P18	P815	P685	P830	ITIS	NCBI	EOL
2026-08-27 08:33:58.633 I/BenchmarkBridge: [FIELDS] a=1753	card=21	title=Асланян, Игорь Борисович	labels=P569	P19	P27	P1532	P2048	P413	Полное имя	Родился	Гражданство	Рост	Позиция	Клубная карьера[* 1]	1987—1991	1992	1993	1994	1994—1995	1996	1998—1999	2000—2001	2001—2002
2026-08-27 08:33:58.641 I/BenchmarkBridge: [FIELDS] a=1754	card=23	title=Спрингер, Джерри	labels=P1559	P18	P1477	P569	P19	P570	P20	P27	P106	P22	P25	P856	P373	Имя при рождении	Дата рождения	Место рождения	Дата смерти	Место смерти	Гражданство	Род деятельности	Отец	Мать	Сайт
2026-08-27 08:33:58.656 I/BenchmarkBridge: [FIELDS] a=1755	card=21	title=Лотт, Джордж	labels=P18	P569	P19	P570	P20	P27	P1532	P2032	P741	P373	Дата рождения	Место рождения	Дата смерти	Место смерти	Гражданство	Завершение карьеры	Рабочая рука	Наивысшая позиция	Франция	Уимблдон	США
2026-08-27 08:33:58.666 I/BenchmarkBridge: [FIELDS] a=1756	card=21	title=Ефет, Евгений Борисович	labels=P18	P569	P19	P570	P20	P106	P241	P410	P607	P166	Дата рождения	Место рождения	Дата смерти	Место смерти	Род деятельности	Принадлежность	Род войск	Годы службы	Звание	Сражения/войны	Награды и премии
2026-08-27 08:33:58.672 I/BenchmarkBridge: [FIELDS] a=1757	card=10	title=Жуков, Виталий Александрович	labels=P569	P19	P570	P20	P102	P166	Рождение	Смерть	Партия	Награды
2026-08-27 08:33:58.682 I/BenchmarkBridge: [FIELDS] a=1758	card=25	title=Борухович, Иче	labels=P1477	P569	P19	P570	P20	P119	P27	P106	P2031	P136	P6886	P166	Имя при рождении	Дата рождения	Место рождения	Дата смерти	Место смерти	Место погребения	Гражданство	Род деятельности	Годы творчества	Направление	Жанр	Язык произведений	Награды
2026-08-27 08:33:58.695 I/BenchmarkBridge: [FIELDS] a=1759	card=15	title=Гран-при Далласа 1984 года	labels=P1705	P276	P1346	P373	Дата	Место	Трасса	Дистанция	Запланированная дистанция	Погода	1:37,041	1:45,353 22-й круг	Победитель	2-е место	3-е место
2026-08-27 08:33:58.702 I/BenchmarkBridge: [FIELDS] a=1760	card=9	title=Аннон Веронский	labels=P569	P19	P570	P411	P841	Родился	Умер	В лике	День памяти
2026-08-27 08:33:58.711 I/BenchmarkBridge: [FIELDS] a=1761	card=22	title=Регби Парк	labels=P18	P1705	P131	P571	P1619	P84	P127	P1083	P466	P856	P373	Оригинальное название	Местоположение	Построен	Открыт	Реконструирован	Архитектор	Владелец	Вместимость	Домашняя команда	Размеры поля	Сайт
2026-08-27 08:33:58.733 I/BenchmarkBridge: [FIELDS] a=1762	card=15	title=Hitman	labels=P154	P136	P178	P123	P400	P408	P856	P373	Жанр	Разработчики	Издатели	Платформы	Движок	Первая игра	Последняя игра
2026-08-27 08:33:58.743 I/BenchmarkBridge: [FIELDS] a=1763	card=0	title=Новаков	labels=
2026-08-27 08:33:58.759 I/BenchmarkBridge: [FIELDS] a=1764	card=18	title=Березники (Ильинский сельский округ)	labels=P625	P17	P2044	P421	P1082	P281	P721	P764	Страна	Субъект Федерации	Муниципальный район	Сельское поселение	Высота центра	Часовой пояс	Население	Почтовый индекс	Код ОКАТО	Код ОКТМО
2026-08-27 08:33:58.766 I/BenchmarkBridge: [FIELDS] a=1765	card=0	title=520-е годы	labels=
2026-08-27 08:33:58.774 I/BenchmarkBridge: [FIELDS] a=1766	card=10	title=Невклянский	labels=P17	Длина	Исток (Т) (B)	• Местоположение	• Координаты	Устье (Т) (B)	Водная система	Страна	Регион	Районы
2026-08-27 08:33:58.783 I/BenchmarkBridge: [FIELDS] a=1767	card=17	title=Де Бентивеньи, Бентивенья	labels=P1559	P18	P106	P569	P19	P570	P20	P119	P373	Декан Коллегии кардиналов	Предшественник	Преемник	Кардинал-епископ Альбано	Деятельность	Рождение	Смерть	Похоронен
2026-08-27 08:33:58.793 I/BenchmarkBridge: [FIELDS] a=1768	card=32	title=Рич, Чарли	labels=P1559	P18	P1477	P569	P19	P570	P20	P119	P27	P106	P2031	P1303	P136	P742	P264	P166	P856	P373	Имя при рождении	Дата рождения	Место рождения	Дата смерти	Место смерти	Похоронен	Страна	Профессии	Годы активности	Инструменты	Жанры	Псевдонимы	Лейблы	Награды
2026-08-27 08:33:58.800 I/BenchmarkBridge: [FIELDS] a=1769	card=0	title=Каузальная атрибуция	labels=
2026-08-27 08:33:58.808 I/BenchmarkBridge: [FIELDS] a=1770	card=17	title=Карраччи, Антонио	labels=P1559[LANGUAGE!:RU]	P18	P1477	P569	P19	P570	P20	P27	P106	P373	Имя при рождении	Дата рождения	Место рождения	Дата смерти	Место смерти	Страна	Род деятельности
2026-08-27 08:33:58.818 I/BenchmarkBridge: [FIELDS] a=1771	card=12	title=Джеймс, Грег	labels=P18	P569	P19	P27	P106	P26	P373	Дата рождения	Место рождения	Страна	Род деятельности	Супруга
2026-08-27 08:33:58.831 I/BenchmarkBridge: [FIELDS] a=1772	card=24	title=Дроздов, Андрей Анатольевич	labels=P21	P27	P1532	P641	P54	P569	P19	P741	P2048	P2067	Пол	Полное имя	Страна	Специализация	Клуб	Дата рождения	Место рождения	Рабочая сторона	Рост	Вес	Спортивное звание	Кёрлинг	Бронза	Серебро
2026-08-27 08:33:58.843 I/BenchmarkBridge: [FIELDS] a=1773	card=28	title=Хасфурт	labels=P1705	P1448	P18	P94	P625	P17	P6	P2046	P2044	P421	P1082	P281	P395	P856	P373	Страна	Республика	Район	Внутреннее деление	Глава	Площадь	Высота центра	Часовой пояс	Население	Телефонный код	Почтовый индекс	Автомобильный код	Официальный код
2026-08-27 08:33:58.851 I/BenchmarkBridge: [FIELDS] a=1774	card=12	title=Сергеева, Дарья Павловна	labels=P18	P569	P19	P27	P106	P856	Полное имя	Дата рождения	Место рождения	Гражданство	Род деятельности	Сайт
2026-08-27 08:33:58.860 I/BenchmarkBridge: [FIELDS] a=1775	card=27	title=Рудаков, Константин Владимирович	labels=P18	P569	P19	P570	P27	P106	P101	P108	P69	P512	P803	P184	P802	P166	Дата рождения	Место рождения	Дата смерти	Страна	Род деятельности	Научная сфера	Место работы	Альма-матер	Учёная степень	Учёное звание	Научный руководитель	Ученики	Награды и премии
2026-08-27 08:33:58.868 I/BenchmarkBridge: [FIELDS] a=1776	card=27	title=Комаровка (Великомихайловский район)	labels=P1705	P1448	P18	P625	P17	P571	P2046	P2044	P421	P1082	P281	P1077	P9435	P373	Страна	Область	Район	Основан	Площадь	Высота центра	Часовой пояс	Население	Плотность	Телефонный код	Почтовый индекс	КОАТУУ	КАТЕТТО
2026-08-27 08:33:58.876 I/BenchmarkBridge: [FIELDS] a=1777	card=27	title=Дон-Педру	labels=P1705	P1448	P18	P41	P625	P17	P2046	P2044	P421	P1082	P281	P856	P373	Страна	Штат	Внутреннее деление	Муниципалитет с	Площадь	Высота центра	Часовой пояс	Население	Плотность	Телефонный код	Почтовые индексы	Код	Расстояние до столицы штата	Праздник города
2026-08-27 08:33:58.892 I/BenchmarkBridge: [FIELDS] a=1778	card=0	title=Список послов Казахстана	labels=
2026-08-27 08:33:58.902 I/BenchmarkBridge: [FIELDS] a=1779	card=17	title=Зыков, Иван Иванович (аэронавт)	labels=P18	P569	P19	P570	P20	P410	P607	P166	Дата рождения	Место рождения	Дата смерти	Место смерти	Принадлежность	Годы службы	Звание	Сражения/войны	Награды и премии
2026-08-27 08:33:58.912 I/BenchmarkBridge: [FIELDS] a=1780	card=22	title=Сельское поселение «Село Владимировка»	labels=P625	P17	P36	P6	P421	P1082	P764	P721	P473	P281	Страна	Субъект РФ	Район	Включает	Адм. центр	Глава администрации	Часовой пояс	Население	Код ОКТМО	Код ОКАТО	Телефонный код	Почтовые индексы
2026-08-27 08:33:58.922 I/BenchmarkBridge: [FIELDS] a=1781	card=29	title=Завизов	labels=P1705	P1448	P18	P625	P17	P571	P2046	P2044	P421	P1082	P281	P1077	P9435	P373	Страна	Область	Район	Община	Основан	Прежние названия	Площадь	Высота центра	Часовой пояс	Население	Плотность	Телефонный код	Почтовый индекс	КОАТУУ	КАТЕТТО
2026-08-27 08:33:58.927 I/BenchmarkBridge: [FIELDS] a=1782	card=24	title=Z 9600	labels=P18	P571	P17	P1092	P930	P1064	P137	P373	Годы постройки	Страна постройки	Составов построено	Вагонов построено	Род тока и напряжение в контактной сети	Число вагонов в составе	Пассажировместимость	Длина вагона	Ширина	Высота	Ширина колеи	Материал вагона	Максимальная служебная скорость	Страна эксплуатации	Компания	В эксплуатации
2026-08-27 08:33:58.944 I/BenchmarkBridge: [FIELDS] a=1783	card=26	title=Леж (Верхняя Гаронна)	labels=P1705	P1448	P18	P94	P625	P17	P6	P2046	P2044	P421	P1082	P281	P374	P373	Страна	Регион	Департамент	Кантон	Мэр	Площадь	Высота центра	Часовой пояс	Население	Плотность	Почтовый индекс	Код INSEE
2026-08-27 08:33:58.955 I/BenchmarkBridge: [FIELDS] a=1784	card=17	title=Лесной Кордон (Ленинградская область)	labels=P625	P17	P421	P1082	P281	P721	P764	Страна	Субъект Федерации	Муниципальный район	Сельское поселение	Часовой пояс	Население	Телефонный код	Почтовый индекс	Код ОКАТО	Код ОКТМО
2026-08-27 08:33:58.968 I/BenchmarkBridge: [FIELDS] a=1785	card=11	title=Виленский университет	labels=P18	P571	P576	P1075	P276	P373	Прежнее название	Год основания	Год закрытия	Ректор	Расположение
2026-08-27 08:33:58.975 I/BenchmarkBridge: [FIELDS] a=1786	card=13	title=Павлов, Пётр Петрович (зоолог)	labels=P18	P569	P19	P570	P20	P27	P106	Дата рождения	Место рождения	Дата смерти	Место смерти	Страна	Род деятельности
2026-08-27 08:33:58.987 I/BenchmarkBridge: [FIELDS] a=1787	card=0	title=Сельское хозяйство Германии	labels=
2026-08-27 08:33:58.997 I/BenchmarkBridge: [FIELDS] a=1788	card=25	title=Сонин, Марк Дмитриевич	labels=P18	P569	P19	P570	P20	P27	P106	P101	P108	P69	P512	P803	P166	Дата рождения	Место рождения	Дата смерти	Место смерти	Страна	Род деятельности	Научная сфера	Место работы	Альма-матер	Учёная степень	Учёное звание	Награды и премии
2026-08-27 08:33:59.007 I/BenchmarkBridge: [FIELDS] a=1789	card=22	title=Морозовщина (Великобагачанский район)	labels=P1705	P1448	P625	P17	P2046	P421	P1082	P281	P1077	P9435	Страна	Область	Район	Сельский совет	Площадь	Часовой пояс	Население	Плотность	Телефонный код	Почтовый индекс	КОАТУУ	КАТЕТТО
2026-08-27 08:33:59.013 I/BenchmarkBridge: [FIELDS] a=1790	card=20	title=Тунгуань (Вэйнань)	labels=P1705	P18	P17	P2046	P421	P473	P281	P395	P856	P242	P373	Страна	Провинция	Городской округ	Площадь	Часовой пояс	Население	Телефонный код	Почтовые индексы	Код автом. номеров
2026-08-27 08:33:59.024 I/BenchmarkBridge: [FIELDS] a=1791	card=29	title=NGC 2484	labels=P18	P61	P575	P528	P6259	P59	P6257	P6258	P1215	P223	P2216	P1090	P3083	P373	Открыватель	Дата открытия	Обозначения	Созвездие	Прямое восхождение	Склонение	Видимые размеры	Видимая зв. величина	Фотографическая зв. величина	Тип	Лучевая скорость	z	Угловое положение	Пов. яркость	SIMBAD
2026-08-27 08:33:59.033 I/BenchmarkBridge: [FIELDS] a=1792	card=28	title=Радлер, Блажей	labels=P1449	P569	P19	P27	P2048	P413	P54	Прозвище	Родился	Гражданство	Рост	Позиция	Клуб	Молодёжные клубы	1998—2000	2001—2007	2004—2005	2008	2009	2009—2010	2010	2011—2012	2013	2013—2014	2015—2016	2016—2017	2017—н. в.	2001
2026-08-27 08:33:59.040 I/BenchmarkBridge: [FIELDS] a=1793	card=0	title=Биктимирова	labels=
2026-08-27 08:33:59.049 I/BenchmarkBridge: [FIELDS] a=1794	card=5	title=Церемония MTV Video Music Awards 1990	labels=Дата проведения	Страна	Место проведения	Ведущие	Канал вещания
2026-08-27 08:33:59.060 I/BenchmarkBridge: [FIELDS] a=1795	card=23	title=Асамоа, Самуэль	labels=P569	P19	P27	P1532	P2048	P413	P54	Родился	Гражданство	Рост	Позиция	Клуб	Номер	Молодёжные клубы	2007—2012	2012—2017	2015—2016	2017—2021	2021—2024	2024	2025—н. в.	2022	2022—2023
2026-08-27 08:33:59.066 I/BenchmarkBridge: [FIELDS] a=1796	card=13	title=Украинская фондовая биржа	labels=P154	P31	P571	P159	P452	P1056	P856	Тип	Дата основания	Расположение	Отрасль	Продукция	Сайт
2026-08-27 08:33:59.075 I/BenchmarkBridge: [FIELDS] a=1797	card=20	title=Абаата (остановочный пункт)	labels=P18	P625	P137	P1619	P131	P2815	Оператор	Дата открытия	Прежние названия	Тип	Количество платформ	Количество путей	Тип платформ	Форма платформ	Длина платформ, м	Электрифицирована	Ток	Выход к	Расположение	Код в АСУЖТ
2026-08-27 08:33:59.083 I/BenchmarkBridge: [FIELDS] a=1798	card=7	title=Glaucus atlanticus	labels=P18	P815	P685	P830	ITIS	NCBI	EOL
2026-08-27 08:33:59.095 I/BenchmarkBridge: [FIELDS] a=1799	card=15	title=Adam22	labels=P1559	P18	P1477	P569	P19	P27	P106	P2031	P856	Имя при рождении	Дата рождения	Место рождения	Страна	Профессии	Годы активности
2026-08-27 08:33:59.112 I/BenchmarkBridge: [FIELDS] a=1800	card=3	title=Дюкер (дворянский род)	labels=P94	P373	Место происхождения
2026-08-27 08:33:59.120 I/BenchmarkBridge: [FIELDS] a=1801	card=23	title=Нидеранвен	labels=P1705	P1448	P18	P94	P625	P17	P6	P2046	P2044	P421	P1082	P856	P373	Страна	Кантон	Округ	Глава	Площадь	Высота центра	Часовой пояс	Население	Телефонный код	LAU 2
2026-08-27 08:33:59.131 I/BenchmarkBridge: [FIELDS] a=1802	card=19	title=Ижевский государственный медицинский университет	labels=P18	P571	P1075	P2196	P276	P856	P373	Международное название	Прежнее название	Год основания	Тип	Ректор	Студенты	Иностранные студенты	Доктора	Преподаватели	Расположение	Юридический адрес	Сайт
2026-08-27 08:33:59.139 I/BenchmarkBridge: [FIELDS] a=1803	card=6	title=Аминта (сын Николая)	labels=P569	P19	P570	P20	Рождение	Смерть
2026-08-27 08:33:59.148 I/BenchmarkBridge: [FIELDS] a=1804	card=35	title=Родригеш, Жерсон	labels=P18	P569	P19	P27	P1532	P2048	P413	P54	P373	Полное имя	Родился	Гражданство	Рост	Позиция	Клуб	Номер	Молодёжные клубы	2013—2014	2014—2016	2015—2016	2016—2017	2017	2018—2019	2019	2019—2025	2020	2021	2022	2022—2023	2023	2024	2024—2025	2025	2025—н. в.	2017—н. в.
2026-08-27 08:33:59.155 I/BenchmarkBridge: [FIELDS] a=1805	card=4	title=Вэй (Чуньцю)	labels=P571	P576	P36	Столица
2026-08-27 08:33:59.167 I/BenchmarkBridge: [FIELDS] a=1806	card=44	title=(1186) Тернера	labels=P18	P61	P65	P575	P528	P1096	P2233	P2244	P2243	P2146	P2045	P2213	P2248	P2325	P2386	P2147	P720	P1215	P1457	P4501	Первооткрыватель	Место обнаружения	Дата обнаружения	Эпоним	Альтернативные обозначения	Категория	Эксцентриситет (e)	Большая полуось (a)	Перигелий (q)	Афелий (Q)	Период обращения (P)	Средняя орбитальная скорость	Наклонение (i)	Долгота восходящего узла (Ω)	Аргумент перигелия (ω)	Средняя аномалия (M)	Диаметр	Период вращения	Спектральный класс	Видимая звёздная величина	Абсолютная звёздная величина	Альбедо	Текущее расстояние от Солнца	Текущее расстояние от Земли
2026-08-27 08:33:59.177 I/BenchmarkBridge: [FIELDS] a=1807	card=19	title=Гетман, Иван Иванович	labels=P18	P569	P19	P570	P20	P106	P241	P607	P166	Дата рождения	Место рождения	Дата смерти	Место смерти	Род деятельности	Принадлежность	Род войск	Годы службы	Сражения/войны	Награды и премии
2026-08-27 08:33:59.185 I/BenchmarkBridge: [FIELDS] a=1808	card=21	title=Мейер, Леопольд фон	labels=P1559	P18	P569	P19	P570	P20	P27	P106	P1303	P136	P166	P373	Дата рождения	Место рождения	Дата смерти	Место смерти	Страна	Профессии	Инструменты	Жанры	Награды
2026-08-27 08:33:59.196 I/BenchmarkBridge: [FIELDS] a=1809	card=16	title=Министерство иностранных дел Кыргызстана	labels=P1705	P1448	P18	P17	P1001	P571	P797	P159	P856	Страна	Юрисдикция	Дата создания	Подчинено	Министр	Штаб-квартира	Сайт
2026-08-27 08:33:59.204 I/BenchmarkBridge: [FIELDS] a=1810	card=22	title=Ан, Оскар	labels=P18	P1477	P569	P19	P27	P69	P106	P2031	P136	P166	P109	P373	Имя при рождении	Дата рождения	Место рождения	Гражданство (подданство)	Образование	Род деятельности	Годы творчества	Жанр	Награды	Автограф
2026-08-27 08:33:59.214 I/BenchmarkBridge: [FIELDS] a=1811	card=0	title=Раскраска (авиация)	labels=
2026-08-27 08:33:59.222 I/BenchmarkBridge: [FIELDS] a=1812	card=21	title=One Dozen Berrys	labels=P18	P7937	P175	P577	P10135	P136	P2047	P162	P291	P407	P264	P155	P156	Дата выпуска	Дата записи	Жанр	Длительность	Продюсеры	Страна	Язык песен	Лейбл
2026-08-27 08:33:59.228 I/BenchmarkBridge: [FIELDS] a=1813	card=0	title=Гутьер	labels=
2026-08-27 08:33:59.232 I/BenchmarkBridge: [FIELDS] a=1814	card=0	title=Портал:Соборы/Соборы Украины	labels=
2026-08-27 08:33:59.243 I/BenchmarkBridge: [FIELDS] a=1815	card=25	title=Сиберт, Альберт	labels=P18	P413	P2048	P2067	P423	P1449	P27	P1532	P569	P19	P570	Позиция	Рост	Вес	Хват	Прозвище	Страна	Дата рождения	Место рождения	Дата смерти	1925—1932	1932—1933	1933—1936	1936—1939	1939
2026-08-27 08:33:59.258 I/BenchmarkBridge: [FIELDS] a=1816	card=26	title=Кальмутье	labels=P1705	P1448	P18	P94	P625	P17	P6	P2046	P2044	P421	P1082	P281	P374	P373	Страна	Регион	Департамент	Кантон	Мэр	Площадь	Высота центра	Часовой пояс	Население	Плотность	Почтовый индекс	Код INSEE
2026-08-27 08:33:59.263 I/BenchmarkBridge: [FIELDS] a=1817	card=0	title=X10 (значения)	labels=
2026-08-27 08:33:59.272 I/BenchmarkBridge: [FIELDS] a=1818	card=26	title=Кёлльн (Радибор)	labels=P1705	P1448	P18	P625	P17	P1249	P2046	P2044	P421	P1082	P281	P395	P373	Страна	земля	Район	Община	Первое упоминание	Площадь	Высота центра	Часовой пояс	Население	Национальности	Телефонный код	Почтовый индекс	Автомобильный код
2026-08-27 08:33:59.304 I/BenchmarkBridge: [FIELDS] a=1819	card=49	title=Opel Astra H	labels=P18	P176	P2043	P2049	P2048	P8594	P3039	P373	Производитель	Годы производства	Сборка	Класс	Иные обозначения	Тип кузова	Платформа	Компоновка	Колёсная формула	1.4 Ecotec	Тип	Макс. скорость	Разгон до 100 км/ч	Максимальная мощность	Максимальный крутящий момент	Конфигурация	Объём	Цилиндров	Клапанов	Диаметр цилиндра	Ход поршня	Степень сжатия	Рекомендованное топливо	Система питания	Выброс CO2	Экологические нормы	Расход топлива при смешанном цикле	Расход топлива на трассе	5-дверный хетчбэк	Длина	Ширина	Высота	Грузоподъёмность	Колёсная база	Колея задняя	Клиренс	Колея передняя	Связанные	Сегмент	Объём бака	Дизайнер
2026-08-27 08:33:59.314 I/BenchmarkBridge: [FIELDS] a=1820	card=16	title=Кёсеоглу, Хаял	labels=P1559	P1477[LANGUAGE:RU,RANK:BEST][1]	P569	P19	P27	P106	P2031	P345	P373	Имя при рождении	Дата рождения	Место рождения	Гражданство	Профессия	Карьера	IMDb
2026-08-27 08:33:59.321 I/BenchmarkBridge: [FIELDS] a=1821	card=16	title=Селус, Эдмунд	labels=P1559[LANGUAGE!:RU]	P569	P19	P570	P20	P27	P106	P40	P373	Дата рождения	Место рождения	Дата смерти	Место смерти	Страна	Род деятельности	Дети
2026-08-27 08:33:59.333 I/BenchmarkBridge: [FIELDS] a=1822	card=0	title=Горнолыжный спорт на зимних Олимпийских играх 1952	labels=
2026-08-27 08:33:59.346 I/BenchmarkBridge: [FIELDS] a=1823	card=13	title=Чемпионат СССР по хоккею с шайбой 1951/1952	labels=P1132	P1346	Время проведения	Число участников	Города	Победитель	Второе место	Третье место	Повышение	Выбыли	Сыграно матчей	Заброшено шайб	Бомбардир(ы)
2026-08-27 08:33:59.364 I/BenchmarkBridge: [FIELDS] a=1824	card=21	title=По волне моей памяти	labels=P18	P7937	P175	P577	P10135	P136	P2047	P162	P291	P407	P264	P155	P156	Дата выпуска	Дата записи	Жанры	Длительность	Продюсер	Страна	Язык песен	Лейбл
2026-08-27 08:33:59.378 I/BenchmarkBridge: [FIELDS] a=1825	card=20	title=BX Большой Медведицы	labels=P6259	P6257	P6258	P2583	P59	P10752	P10751	P2214	P881	P528	P3083	Прямое восхождение	Склонение	Расстояние	Созвездие	• прямое восхождение	• склонение	Параллакс (π)	Переменность	SIMBAD
2026-08-27 08:33:59.386 I/BenchmarkBridge: [FIELDS] a=1826	card=0	title=Полезные ископаемые Испании	labels=
2026-08-27 08:33:59.394 I/BenchmarkBridge: [FIELDS] a=1827	card=7	title=Улубурунский корабль	labels=P18	P2043	P373	Выведен из состава флота	Статус	Длина	Регистровый тоннаж
2026-08-27 08:33:59.404 I/BenchmarkBridge: [FIELDS] a=1828	card=19	title=Высоково (Череповецкий район)	labels=P625	P17	P2564	P421	P1082	P281	P721	P764	Страна	Субъект Федерации	Муниципальный район	Сельское поселение	Тип климата	Часовой пояс	Население	Почтовый индекс	Код ОКАТО	Код ОКТМО	Рег. номер
2026-08-27 08:33:59.421 I/BenchmarkBridge: [FIELDS] a=1829	card=0	title=Внешняя политика Китайской Республики	labels=
2026-08-27 08:33:59.433 I/BenchmarkBridge: [FIELDS] a=1830	card=20	title=Гремяки	labels=P625	P17	P1249	P421	P1082	P281	P721	P764	Страна	Субъект Федерации	Муниципальный район	Сельское поселение	Первое упоминание	Прежние названия	Часовой пояс	Население	Национальности	Почтовый индекс	Код ОКАТО	Код ОКТМО
2026-08-27 08:33:59.438 I/BenchmarkBridge: [FIELDS] a=1831	card=13	title=Киносита, Марико	labels=P27	P1532	P569	P19	Полное имя	Гражданство	Дата рождения	Место рождения	Специализация	Чемпионаты мира	Серебро	Золото	Бронза
2026-08-27 08:33:59.448 I/BenchmarkBridge: [FIELDS] a=1832	card=13	title=Юный разведчик	labels=P1476	P18	P136	P50	P407	P577	P123	P373	Жанр	Автор	Язык оригинала	Дата первой публикации	Издательство
2026-08-27 08:33:59.458 I/BenchmarkBridge: [FIELDS] a=1833	card=11	title=Бинокор (хоккейный клуб)	labels=P154	P17	P571	P115	Страна	Город	Основан	Домашняя арена	Цвета	Хоккейная лига	Аффилированные СМИ
2026-08-27 08:33:59.468 I/BenchmarkBridge: [FIELDS] a=1834	card=0	title=Чемпионат Европы по лёгкой атлетике в помещении 2013 — прыжки в высоту (мужчины)	labels=
2026-08-27 08:33:59.476 I/BenchmarkBridge: [FIELDS] a=1835	card=21	title=Мураи	labels=P625	P17	P2046	P2564	P421	P1082	P281	P721	P764	Страна	Субъект Федерации	Муниципальный район	Сельское поселение	Площадь	Тип климата	Часовой пояс	Население	Телефонный код	Почтовый индекс	Код ОКАТО	Код ОКТМО
2026-08-27 08:33:59.490 I/BenchmarkBridge: [FIELDS] a=1836	card=27	title=Рачинский, Сергей Александрович	labels=P18	P569	P19	P570	P20	P27	P106	P101	P108	P69	P512	P803	P802	P373	Дата рождения	Место рождения	Дата смерти	Место смерти	Страна	Род деятельности	Научная сфера	Место работы	Альма-матер	Учёная степень	Учёное звание	Ученики	Известен как
2026-08-27 08:33:59.497 I/BenchmarkBridge: [FIELDS] a=1837	card=0	title=Список глав государств в 435 году	labels=
2026-08-27 08:33:59.504 I/BenchmarkBridge: [FIELDS] a=1838	card=9	title=Грибниц-канал	labels=P18	P17	P625	P373	Страна	Земля	Длина канала	Голова	Устье
2026-08-27 08:33:59.511 I/BenchmarkBridge: [FIELDS] a=1839	card=20	title=Бондарь, Владимир Павлович	labels=P569	P19	P570	P20	P106	P241	P410	P607	P166	Дата рождения	Место рождения	Дата смерти	Место смерти	Род деятельности	Принадлежность	Род войск	Годы службы	Звание	Сражения/войны	Награды и премии
2026-08-27 08:33:59.521 I/BenchmarkBridge: [FIELDS] a=1840	card=5	title=Боливия на летних Олимпийских играх 2000	labels=Код МОК	НОК	Спортсмены	Знаменосец	Медали
2026-08-27 08:33:59.531 I/BenchmarkBridge: [FIELDS] a=1841	card=17	title=Леньково (Нижегородская область)	labels=P625	P17	P2044	P421	P1082	P281	P721	P764	Страна	Субъект Федерации	Муниципальный округ	Высота центра	Часовой пояс	Население	Почтовый индекс	Код ОКАТО	Код ОКТМО
2026-08-27 08:33:59.555 I/BenchmarkBridge: [FIELDS] a=1842	card=14	title=Чемпионат Уругвая по футболу 2020	labels=P1705	P154	P1132	P1346	Время проведения	Число участников	Города	Стадионы	Победитель	Второе место	Третье место	Сыграно матчей	Забито голов	Бомбардир(ы)
2026-08-27 08:33:59.565 I/BenchmarkBridge: [FIELDS] a=1843	card=2	title=Сент-Винсент и Гренадины на Играх Содружества	labels=Код МОК	НОК
2026-08-27 08:33:59.573 I/BenchmarkBridge: [FIELDS] a=1844	card=21	title=Томсен, Тонни	labels=P569	P19	P27	P1532	P413	P54	Полное имя	Родился	Гражданство	Позиция	Клуб	Номер	Молодёжные клубы	2015—2019	2015—2017	2016—2019	2019—2022	2023	2024—н. в.	2014	2017
2026-08-27 08:33:59.580 I/BenchmarkBridge: [FIELDS] a=1845	card=14	title=Флаг Чадукасинского сельского поселения	labels=P18	P17	P571	P2061	P10502	P287	Субъект	Район	Регион	Страна	Утверждён	Пропорция	Номер в ГГР	Автор флага
2026-08-27 08:33:59.590 I/BenchmarkBridge: [FIELDS] a=1846	card=13	title=Червонокаменский район	labels=P1705	P17	P36	P571	P576	P2046	Страна	Входил в	Включал	Районный центр	Дата образования	Дата упразднения	Площадь
2026-08-27 08:33:59.598 I/BenchmarkBridge: [FIELDS] a=1847	card=3	title=Встретимся на стадионе (фильм)	labels=P18	P495	Страна
2026-08-27 08:33:59.605 I/BenchmarkBridge: [FIELDS] a=1848	card=0	title=Колесник	labels=
2026-08-27 08:33:59.617 I/BenchmarkBridge: [FIELDS] a=1849	card=23	title=Дезри Кусто	labels=P1559[LANGUAGE!:RU]	P1477	P569	P19	P27	P106	P1884	P166	P345	P3869	P856	Имя при рождении	Дата рождения	Место рождения	Гражданство	Род деятельности	Цвет волос	Фигура	Грудь	Сценические имена	Награды	IMDb	IAFD
2026-08-27 08:33:59.626 I/BenchmarkBridge: [FIELDS] a=1850	card=11	title=Чемпионат мира по самбо 1987	labels=P131	P580	P582	P585	P276	Город-организатор	Медалей	Открытие	Закрытие	Дата	Стадион
2026-08-27 08:33:59.636 I/BenchmarkBridge: [FIELDS] a=1851	card=21	title=Эберт, Антон	labels=P18	P1477	P569	P19	P570	P20	P27	P106	P136	P109	P373	Имя при рождении	Дата рождения	Место рождения	Дата смерти	Место смерти	Страна	Род деятельности	Жанр	Стиль	Автограф
2026-08-27 08:33:59.646 I/BenchmarkBridge: [FIELDS] a=1852	card=22	title=Yelawolf	labels=P1559	P18	P569	P19	P27	P106	P2031	P412	P136	P742	P264	P856	P373	Дата рождения	Место рождения	Страна	Профессии	Годы активности	Певческий голос	Жанры	Псевдонимы	Лейблы
2026-08-27 08:33:59.654 I/BenchmarkBridge: [FIELDS] a=1853	card=20	title=Болтин, Александр Арсентьевич	labels=P18	P569	P19	P570	P20	P106	P241	P410	P598	P373	Дата рождения	Место рождения	Дата смерти	Место смерти	Род деятельности	Принадлежность	Род войск	Годы службы	Звание	Командовал
2026-08-27 08:33:59.668 I/BenchmarkBridge: [FIELDS] a=1854	card=17	title=ACCA 13-Territory Inspection Department	labels=P18	Жанр / тематика	Автор	Издатель	Публикуется в	Аудитория	Публикация	Томов	Глав	Режиссёр	Сценарист	Композитор	Студия	Телесеть	Премьерный показ	Длительность	Серий
2026-08-27 08:33:59.682 I/BenchmarkBridge: [FIELDS] a=1855	card=14	title=Воробьи (Оричевский район)	labels=P625	P17	P421	P1082	P721	P764	Страна	Субъект Федерации	Муниципальный район	Сельское поселение	Часовой пояс	Население	Код ОКАТО	Код ОКТМО
2026-08-27 08:33:59.688 I/BenchmarkBridge: [FIELDS] a=1856	card=0	title=Ростиславль	labels=
2026-08-27 08:33:59.696 I/BenchmarkBridge: [FIELDS] a=1857	card=14	title=Комулей, Александр	labels=P1559	P569	P19	P570	P20	P27	P106	P373	Дата рождения	Место рождения	Дата смерти	Место смерти	Подданство	Род деятельности
2026-08-27 08:33:59.701 I/BenchmarkBridge: [FIELDS] a=1858	card=4	title=Этнографический музей (Сочи)	labels=P6375	P856	Адрес	Сайт
2026-08-27 08:33:59.709 I/BenchmarkBridge: [FIELDS] a=1859	card=13	title=Маяк Латимер-Риф	labels=P1705	P18	P17	P131	P373	Страна	Пролив	Дата строительства	Высота маяка	Высота НУМ	Расстояние	Автоматический	Действующий
2026-08-27 08:33:59.725 I/BenchmarkBridge: [FIELDS] a=1860	card=10	title=Кавказский 2-й стрелковый полк	labels=P17	P361	P276	P607	Годы существования	Страна	Входит в	Тип	Дислокация	Участие в
2026-08-27 08:33:59.733 I/BenchmarkBridge: [FIELDS] a=1861	card=14	title=Циквлианткари	labels=P1705	P1448	P625	P17	P2044	P421	P1082	Страна	Мхаре	Муниципалитет	Высота центра	Часовой пояс	Население	Национальности
2026-08-27 08:33:59.742 I/BenchmarkBridge: [FIELDS] a=1862	card=23	title=Казак, Сергей Михайлович	labels=P569	P19	P27	P1532	P2048	P413	Полное имя	Родился	Гражданство	Рост	Позиция	Клубная карьера[* 1]	1993	1993—1995	1994	1995—1997	2000—2001	2001	2002	2010	2016	2017—2019	0000—н. в.
2026-08-27 08:33:59.750 I/BenchmarkBridge: [FIELDS] a=1863	card=0	title=Двигатель Daihatsu ZM5	labels=
2026-08-27 08:33:59.758 I/BenchmarkBridge: [FIELDS] a=1864	card=17	title=Кадиев, Курбан Магомедович	labels=P21	P27	P1532	P641	P569	P19	P286	P2067	Пол	Полное имя	Страна	Специализация	Дата рождения	Место рождения	Тренеры	Вес	Спортивное звание
2026-08-27 08:33:59.767 I/BenchmarkBridge: [FIELDS] a=1865	card=21	title=Сикура, Иосиф Иосифович	labels=P18	P569	P19	P570	P20	P27	P106	P108	P69	P512	P166	Дата рождения	Место рождения	Дата смерти	Место смерти	Страна	Род деятельности	Место работы	Альма-матер	Учёная степень	Награды и премии
2026-08-27 08:33:59.772 I/BenchmarkBridge: [FIELDS] a=1866	card=0	title=Совет по делам Индий	labels=
2026-08-27 08:33:59.783 I/BenchmarkBridge: [FIELDS] a=1867	card=19	title=Вареж	labels=P625	P17	P421	P1082	P281	P721	P764	P1397	Страна	Субъект Федерации	Муниципальный район	Сельское поселение	Часовой пояс	Население	Телефонный код	Почтовый индекс	Код ОКАТО	Код ОКТМО	Номер в ГКГН
2026-08-27 08:33:59.796 I/BenchmarkBridge: [FIELDS] a=1868	card=32	title=Castlevania: Lords of Shadow	labels=P18	P178	P123	P179	P577	P136	P57	P162	P58	P3080	P86	P400	P404	P407	P437	P479	P856	Разработчики	Издатель	Часть серии	Даты выпуска	Жанр	Руководитель	Продюсеры	Сценаристы	Художники	Композитор	Платформы	Режим игры	Языки	Носитель	Управление
2026-08-27 08:33:59.807 I/BenchmarkBridge: [FIELDS] a=1869	card=22	title=Ахмаметьево	labels=P1705	P1448	P625	P17	P421	P1082	P37	P281	P721	P764	Страна	Субъект Федерации	Муниципальный район	Сельское поселение	Прежние названия	Часовой пояс	Население	Национальности	Официальный язык	Почтовый индекс	Код ОКАТО	Код ОКТМО
2026-08-27 08:33:59.814 I/BenchmarkBridge: [FIELDS] a=1870	card=12	title=Турки в Болгарии	labels=P1705	P1082	P17	P103	P140	P361	P373	Самоназвание	Язык	Религия	Входит в	Родственные народы
2026-08-27 08:33:59.820 I/BenchmarkBridge: [FIELDS] a=1871	card=17	title=Уосатч-Маунтин	labels=P18	P814	P2046	P571	P1174	P625	P17	P856	P373	Площадь	Средняя высота	Дата основания	Посещаемость	Страна	Штат	Округ	Ближайший город
2026-08-27 08:33:59.837 I/BenchmarkBridge: [FIELDS] a=1872	card=30	title=Зорко, Бранко	labels=P569	P19	P27	P1532	P2048	P2067	P54	P286	P2031	P1146	Дата и место рождения	Гражданство	Рост	Вес	Клуб	Тренеры	Спортивная карьера	IAAF	800 м	1000 м	1500 м	1 миля	2000 м	3000 м	5000 м	3000 м с/п	Чемпионаты мира в помещении	Бронза	Серебро	Золото
2026-08-27 08:33:59.846 I/BenchmarkBridge: [FIELDS] a=1873	card=18	title=Homer the Moe	labels=P1476	P179	P18	P57	P58	P1431	P2364	P577	P155	P156	Номер серии	Режиссёр	Автор сценария	Исполнительный продюсер	Код серии	Дата выхода	Надпись на доске	Сцена на диване
2026-08-27 08:33:59.852 I/BenchmarkBridge: [FIELDS] a=1874	card=0	title=1987 год в компьютерных играх	labels=
2026-08-27 08:33:59.864 I/BenchmarkBridge: [FIELDS] a=1875	card=5	title=Авимим	labels=P225	P830	P842	EOL	FW
2026-08-27 08:33:59.872 I/BenchmarkBridge: [FIELDS] a=1876	card=0	title=Трекварт	labels=
2026-08-27 08:33:59.881 I/BenchmarkBridge: [FIELDS] a=1877	card=12	title=Теракт в Алеппо (сентябрь 2012)	labels=P625	P276	P585	P520	P1120	P1339	Место нападения	Дата	Оружие	Погибшие	Раненые	Организаторы
2026-08-27 08:33:59.889 I/BenchmarkBridge: [FIELDS] a=1878	card=33	title=NGC 4748	labels=P18	P61	P575	P528	P6259	P59	P6257	P6258	P1215	P223	P361	P2216	P1090	P2583	P3083	P373	Открыватель	Дата открытия	Обозначения	Созвездие	Прямое восхождение	Склонение	Видимые размеры	Видимая зв. величина	Фотографическая зв. величина	Тип	Входит в	Лучевая скорость	z	Расстояние	Угловое положение	Пов. яркость	SIMBAD
2026-08-27 08:33:59.897 I/BenchmarkBridge: [FIELDS] a=1879	card=21	title=Стовер, Мэтью	labels=P1559	P18	P1477	P569	P19	P27	P69	P106	P2031	P136	P6886	P856	Имя при рождении	Дата рождения	Место рождения	Гражданство	Образование	Род деятельности	Годы творчества	Жанр	Язык произведений
2026-08-27 08:33:59.908 I/BenchmarkBridge: [FIELDS] a=1880	card=17	title=Этчеверри, Ромильдо	labels=P18	P569	P19	P570	P27	P1532	P413	Полное имя	Родился	Умер	Гражданство	Позиция	Клубная карьера[* 1]	1929—1932	1933—1934	1929—1930	Серебро
2026-08-27 08:33:59.920 I/BenchmarkBridge: [FIELDS] a=1881	card=24	title=Аконо, Жан-Рене	labels=P569	P19	P27	P1532	Полное имя	Родился	Гражданство	Позиция	Клубная карьера[* 1]	1987—1990	1990—1994	1994—1996	1996—2000	1998—2002	2003—2004	2005—2007	2007—2008	2008—?	2012	2011—2013	2014—н. в.	Волейбол	Золото	Серебро
2026-08-27 08:33:59.931 I/BenchmarkBridge: [FIELDS] a=1882	card=23	title=Старопросветский сельсовет	labels=P625	P17	P36	P6	P576	P2046	P421	P1082	P764	P721	Страна	Субъект РФ	Район	Включает	Адм. центр	Глава сельсовета	Дата упразднения	Площадь	Часовой пояс	Население	Плотность	Код ОКТМО	Код ОКАТО
2026-08-27 08:33:59.937 I/BenchmarkBridge: [FIELDS] a=1883	card=0	title=Обилие видов	labels=
2026-08-27 08:33:59.944 I/BenchmarkBridge: [FIELDS] a=1884	card=0	title=Osmia (значения)	labels=
2026-08-27 08:33:59.953 I/BenchmarkBridge: [FIELDS] a=1885	card=15	title=Colorer	labels=P18	P31	P178	P277	P306	P348	P275	P856	Тип	Разработчик	Написана на	Операционная система	Последняя версия	Лицензия	Сайт
2026-08-27 08:33:59.958 I/BenchmarkBridge: [FIELDS] a=1886	card=0	title=Дискография Hi-Fi	labels=
2026-08-27 08:33:59.967 I/BenchmarkBridge: [FIELDS] a=1887	card=17	title=Нугманов, Асылбек Газизович	labels=P1559	P569	P19	P570	P20	P27	P106	P136	P166	Дата рождения	Место рождения	Дата смерти	Место смерти	Гражданство	Профессия	Направление	Награды
2026-08-27 08:33:59.970 I/BenchmarkBridge: [FIELDS] a=1888	card=0	title=Мультифунктор	labels=
2026-08-27 08:33:59.984 I/BenchmarkBridge: [FIELDS] a=1889	card=18	title=Чижов, Алексей Рудольфович	labels=P18	P21	P27	P1532	P641	P569	P19	P2031	P373	Пол	Страна	Специализация	Дата рождения	Место рождения	Спортивная карьера	Чемпионаты мира	Золото	Серебро
2026-08-27 08:33:59.988 I/BenchmarkBridge: [FIELDS] a=1890	card=0	title=Ланде	labels=
2026-08-27 08:34:00.000 I/BenchmarkBridge: [FIELDS] a=1891	card=26	title=Артыбаш	labels=P18	P625	P17	P2044	P421	P1082	P37	P281	P721	P764	P1397	P373	Страна	Субъект Федерации	Муниципальный район	Сельское поселение	Высота центра	Часовой пояс	Население	Название жителей	Официальный язык	Телефонный код	Почтовый индекс	Код ОКАТО	Код ОКТМО	Номер в ГКГН
2026-08-27 08:34:00.008 I/BenchmarkBridge: [FIELDS] a=1892	card=0	title=Порядок наследования саудовского престола	labels=
2026-08-27 08:34:00.018 I/BenchmarkBridge: [FIELDS] a=1893	card=16	title=Студенец (Архангельская область)	labels=P625	P17	P421	P1082	P281	P721	P764	Страна	Субъект Федерации	Муниципальный район	Сельское поселение	Часовой пояс	Население	Почтовый индекс	Код ОКАТО	Код ОКТМО
2026-08-27 08:34:00.033 I/BenchmarkBridge: [FIELDS] a=1894	card=47	title=Kepler-25	labels=P18	P61	P575	P6259	P6257	P6258	P2583	P1215[P1227:Q4892529]	P59	P2216	P10752	P10751	P2214	P215	P881	P2067	P2120	P7584	P6879	P2060	P2227	P4296	P528	P3083	P373	Открыватель	Дата открытия	Прямое восхождение	Склонение	Расстояние	Видимая звёздная величина (V)	Созвездие	Лучевая скорость (Rv)	• прямое восхождение	• склонение	Параллакс (π)	Спектральный класс	• B−V	Переменность	Масса	Радиус	Возраст	Температура	Светимость	Металличность	Вращение	SIMBAD
2026-08-27 08:34:00.041 I/BenchmarkBridge: [FIELDS] a=1895	card=9	title=Горняк, Юрий Юрьевич	labels=P27	P1532	P569	P570	P2962	Страны	Дата рождения	Дата смерти	Звание
2026-08-27 08:34:00.047 I/BenchmarkBridge: [FIELDS] a=1896	card=15	title=Коуф, Джим	labels=P1559	P569	P19	P27	P106	P2031	P166	P345	Дата рождения	Место рождения	Гражданство	Профессия	Карьера	Награды	IMDb
2026-08-27 08:34:00.066 I/BenchmarkBridge: [FIELDS] a=1897	card=11	title=Мисс Вселенная 1973	labels=Дата	Ведущие	Место проведения	Телеканал	Итоговых мест	Количество стран	Дебютировали	Отказались от участия	Вернулись	Победительница	Страна-победитель
2026-08-27 08:34:00.072 I/BenchmarkBridge: [FIELDS] a=1898	card=11	title=Минц, Анатолий Ефимович	labels=P569	P570	P20	P27	P106	Дата рождения	Дата смерти	Место смерти	Гражданство	Профессия	Театр
2026-08-27 08:34:00.078 I/BenchmarkBridge: [FIELDS] a=1899	card=0	title=Куперен (значения)	labels=
2026-08-27 08:34:00.086 I/BenchmarkBridge: [FIELDS] a=1900	card=19	title=Медейруш Нету, Антониу Гарсия де	labels=P1559[LANGUAGE!:RU]	P18	P569	P19	P570	P20	P27	P106	P166	P109	P373	Дата рождения	Место рождения	Дата смерти	Место смерти	Гражданство	Род деятельности	Награды	Автограф
2026-08-27 08:34:00.094 I/BenchmarkBridge: [FIELDS] a=1901	card=23	title=Кук, Энтони	labels=P1559	P18	P569	P19	P570	P20	P27	P106	P22	P25	P26	P40	P373	Дата рождения	Место рождения	Дата смерти	Место смерти	Страна	Род деятельности	Отец	Мать	Супруга	Дети
2026-08-27 08:34:00.100 I/BenchmarkBridge: [FIELDS] a=1902	card=19	title=Робер, Клеманс	labels=P1559[LANGUAGE!:RU]	P18	P1477	P569	P19	P570	P20	P27	P106	P6886	P373	Имя при рождении	Дата рождения	Место рождения	Дата смерти	Место смерти	Гражданство (подданство)	Род деятельности	Язык произведений
2026-08-27 08:34:00.103 I/BenchmarkBridge: [FIELDS] a=1903	card=0	title=Исаврийская война	labels=
2026-08-27 08:34:00.107 I/BenchmarkBridge: [FIELDS] a=1904	card=18	title=Клуар, Анри	labels=P1559[LANGUAGE!:RU]	P1477	P569	P19	P570	P20	P27	P106	P166	P373	Имя при рождении	Дата рождения	Место рождения	Дата смерти	Место смерти	Страна	Род деятельности	Награды и премии
2026-08-27 08:34:00.113 I/BenchmarkBridge: [FIELDS] a=1905	card=16	title=Norton Utilities	labels=P18	P31	P170	P178	P306	P348	P275	P856	Тип	Автор	Разработчик	Операционная система	Последняя версия	Состояние	Лицензия	Сайт
2026-08-27 08:34:00.128 I/BenchmarkBridge: [FIELDS] a=1906	card=12	title=Чемпионат Италии по футболу 1981/1982	labels=P1705	P1132	P1346	Время проведения	Число участников	Победитель	Второе место	Третье место	Дублирующие составы	Сыграно матчей	Забито голов	Бомбардир(ы)
2026-08-27 08:34:00.134 I/BenchmarkBridge: [FIELDS] a=1907	card=0	title=Произведение Хартри	labels=
2026-08-27 08:34:00.141 I/BenchmarkBridge: [FIELDS] a=1908	card=20	title=Бумкомбинат (посёлок)	labels=P625	P17	P571	P421	P1082	P281	P721	P764	Страна	Субъект Федерации	Муниципальный район	Сельское поселение	Основан	Прежние названия	Часовой пояс	Население	Телефонный код	Почтовый индекс	Код ОКАТО	Код ОКТМО
2026-08-27 08:34:00.151 I/BenchmarkBridge: [FIELDS] a=1909	card=16	title=Вутирас, Димостенис	labels=P1559	P18	P569	P19	P570	P20	P27	P106	P6886	Дата рождения	Место рождения	Дата смерти	Место смерти	Гражданство (подданство)	Род деятельности	Язык произведений
2026-08-27 08:34:00.161 I/BenchmarkBridge: [FIELDS] a=1910	card=15	title=Kim	labels=P7937	P175	P577	P136	P407	P86	P676	P51	Исполнитель	Дата выпуска	Жанр	Язык	Композиторы	Авторы слов	Образец аудио
2026-08-27 08:34:00.167 I/BenchmarkBridge: [FIELDS] a=1911	card=0	title=Административно-территориальное деление Косова и Метохии	labels=
2026-08-27 08:34:00.173 I/BenchmarkBridge: [FIELDS] a=1912	card=0	title=1999 год в политике России	labels=
2026-08-27 08:34:00.199 I/BenchmarkBridge: [FIELDS] a=1913	card=6	title=ФК «Ахмат» в сезоне 2024/2025	labels=P286	Сезон	Тренер	Президент	Капитан	Стадион
2026-08-27 08:34:00.207 I/BenchmarkBridge: [FIELDS] a=1914	card=23	title=Казачья Губерля	labels=P625	P17	P571	P2046	P2044	P421	P1082	P281	P721	P764	Страна	Субъект Федерации	Городской округ	Основан	Прежние названия	Площадь	Высота центра	Часовой пояс	Население	Телефонный код	Почтовый индекс	Код ОКАТО	Код ОКТМО
2026-08-27 08:34:00.214 I/BenchmarkBridge: [FIELDS] a=1915	card=11	title=Роман о Фиалке или о Жераре Неверском	labels=P1476	P18	P136	P50	P407	P571	P373	Жанр	Автор	Язык оригинала	Дата написания
2026-08-27 08:34:00.221 I/BenchmarkBridge: [FIELDS] a=1916	card=0	title=Бен-Слиман (значения)	labels=
2026-08-27 08:34:00.226 I/BenchmarkBridge: [FIELDS] a=1917	card=29	title=Крымка (Бердянский район)	labels=P1705	P1448	P18	P625	P17	P571	P2046	P2044	P421	P1082	P281	P1077	P9435	P373	Страна	Область	Район	Сельский совет	Основан	Прежние названия	Площадь	Высота центра	Часовой пояс	Население	Плотность	Телефонный код	Почтовый индекс	КОАТУУ	КАТЕТТО
2026-08-27 08:34:00.234 I/BenchmarkBridge: [FIELDS] a=1918	card=0	title=Брандыс	labels=
2026-08-27 08:34:00.252 I/BenchmarkBridge: [FIELDS] a=1919	card=0	title=Список танцевальных хитов № 1 2011 года (Billboard)	labels=
2026-08-27 08:34:00.258 I/BenchmarkBridge: [FIELDS] a=1920	card=0	title=Северинское соглашение	labels=
2026-08-27 08:34:00.267 I/BenchmarkBridge: [FIELDS] a=1921	card=0	title=Метод Бейтса	labels=
2026-08-27 08:34:00.272 I/BenchmarkBridge: [FIELDS] a=1922	card=0	title=Спородерма	labels=
2026-08-27 08:34:00.279 I/BenchmarkBridge: [FIELDS] a=1923	card=0	title=Индуистское искусство	labels=
2026-08-27 08:34:00.287 I/BenchmarkBridge: [FIELDS] a=1924	card=0	title=Хильберг	labels=
2026-08-27 08:34:00.293 I/BenchmarkBridge: [FIELDS] a=1925	card=0	title=Ротарий	labels=
2026-08-27 08:34:00.303 I/BenchmarkBridge: [FIELDS] a=1926	card=14	title=Хаджиева, Рашида Галиакбаровна	labels=P1559	P569	P19	P27	P106	P2031	P166	Дата рождения	Место рождения	Гражданство	Профессия	Годы активности	Театр	Награды
2026-08-27 08:34:00.311 I/BenchmarkBridge: [FIELDS] a=1927	card=15	title=Айос-Эфстратиос	labels=P18	P2046	P1082	P625	P17	P373	Площадь	Наивысшая точка	Население	Плотность населения	Архипелаг	Акватория	Страна	Периферия	Периферийная единица
2026-08-27 08:34:00.319 I/BenchmarkBridge: [FIELDS] a=1928	card=0	title=Прутовка	labels=
2026-08-27 08:34:00.329 I/BenchmarkBridge: [FIELDS] a=1929	card=24	title=Гравеллона-Ломеллина	labels=P1705	P1448	P18	P625	P17	P2046	P2044	P421	P1082	P281	P395	P856	P373	Страна	Провинция	Площадь	Высота центра	Часовой пояс	Население	Плотность	Телефонный код	Почтовый индекс	Автомобильный код	Код ISTAT
2026-08-27 08:34:00.340 I/BenchmarkBridge: [FIELDS] a=1930	card=11	title=МАЗ-4380	labels=P18	P176	P155	P373	Производитель	Годы производства	Сборка	Компоновка	Колёсная формула	Масса	Полная масса
2026-08-27 08:34:00.349 I/BenchmarkBridge: [FIELDS] a=1931	card=20	title=Запуск (альбом)	labels=P7937	P175	P577	P10135	P136	P2047	P162	P291	P407	P264	P155	P156	Дата выпуска	Дата записи	Жанры	Длительность	Продюсеры	Страна	Язык песен	Лейбл
2026-08-27 08:34:00.355 I/BenchmarkBridge: [FIELDS] a=1932	card=0	title=Лобода (значения)	labels=
2026-08-27 08:34:00.369 I/BenchmarkBridge: [FIELDS] a=1933	card=26	title=Бреа-де-Арагон	labels=P1705	P1448	P18	P41	P94	P17	P6[!P582]	P2046	P2044	P421	P281	P395	P856	P373	Страна	Автономное сообщество	Провинция	Район	Глава	Площадь	Высота	Часовой пояс	Население	Название жителей	Почтовый индекс	Автомобильный код
2026-08-27 08:34:00.384 I/BenchmarkBridge: [FIELDS] a=1934	card=17	title=Кузьмин, Михаил Владимирович	labels=P18	P569	P19	P26	P102	P69	P101	P166	P373	Предшественник	Преемник	Рождение	Супруга	Партия	Образование	Деятельность	Награды
2026-08-27 08:34:00.395 I/BenchmarkBridge: [FIELDS] a=1935	card=17	title=Толука (футбольный клуб)	labels=P154	P1449	P571	P115	P856	Полное название	Прозвища	Основан	Стадион	Вместимость	Владелец	Президент	Главный тренер	Рейтинг	Сайт	Соревнование	Клаусура 2022
2026-08-27 08:34:00.409 I/BenchmarkBridge: [FIELDS] a=1936	card=15	title=INXS	labels=P18	P136	P495	P740	P264	P166	P856	P373	Жанры	Годы	Страна	Место создания	Лейбл	Бывшие участники	Награды и премии
2026-08-27 08:34:00.424 I/BenchmarkBridge: [FIELDS] a=1937	card=37	title=Король говорит!	labels=P1476	P18	P136	P57	P162	P58	P161	P344	P86	P2554	P272	P750[!Q907311]	P2047	P2130	P2142	P495	P364	P345	P856	P373	Жанры	Режиссёр	Продюсеры	Автор сценария	В главных ролях	Оператор	Композитор	Художник-постановщик	Кинокомпании	Дистрибьюторы	Длительность	Бюджет	Сборы	Страны	Язык	Год	IMDb
2026-08-27 08:34:00.430 I/BenchmarkBridge: [FIELDS] a=1938	card=15	title=Кызыл-Коргон (Ошская область)	labels=P1705	P1448	P625	P17	P421	P1082	P395	Страна	Область	Район	Айылный аймак	Часовой пояс	Население	Автомобильный код	Код СОАТЕ
2026-08-27 08:34:00.435 I/BenchmarkBridge: [FIELDS] a=1939	card=15	title=Рогов, Рафаил Николаевич	labels=P18	P569	P19	P570	P20	P27	P106	P166	Дата рождения	Место рождения	Дата смерти	Место смерти	Гражданство	Род деятельности	Награды и премии
2026-08-27 08:34:00.444 I/BenchmarkBridge: [FIELDS] a=1940	card=9	title=Большелобый продельфин	labels=P18	P815	P685	P830	P842	ITIS	NCBI	EOL	FW
2026-08-27 08:34:00.452 I/BenchmarkBridge: [FIELDS] a=1941	card=0	title=Кондырев	labels=
2026-08-27 08:34:00.461 I/BenchmarkBridge: [FIELDS] a=1942	card=17	title=Дитрих, Фридрих Готтлиб	labels=P1559	P18	P569	P19	P570	P20	P27	P106	P101	P373	Дата рождения	Место рождения	Дата смерти	Место смерти	Страна	Род деятельности	Научная сфера
2026-08-27 08:34:00.469 I/BenchmarkBridge: [FIELDS] a=1943	card=0	title=Санкт-Петербургский корпус агиографических текстов	labels=
2026-08-27 08:34:00.484 I/BenchmarkBridge: [FIELDS] a=1944	card=38	title=Олэрою, Космин	labels=P18	P569	P19	P27	P1532	P2048	P413	P54	P373	Полное имя	Родился	Гражданство	Рост	Позиция	Клуб	Должность	Молодёжные клубы	1989—1990	1990—1991	1991—1992	1992—1995	1995—1997	1997—2000	2000	1989—2000	2000—2002	2002	2002—2005	2005	2006—2007	2007—2009	2009—2010	2011—2013	2014—2015	2013—2017	2018—2021	2021—2025	2025—н. в.
2026-08-27 08:34:00.494 I/BenchmarkBridge: [FIELDS] a=1945	card=14	title=Гран-при Нидерландов 1964 года	labels=P1705	P276	P1346	P373	Дата	Место	Трасса	Дистанция	Погода	1:31,2 (165,5 км/ч)	1:32,8 (162,7 км/ч) 6-й круг	Победитель	2-е место	3-е место
2026-08-27 08:34:00.500 I/BenchmarkBridge: [FIELDS] a=1946	card=26	title=Бёрсен	labels=P18	P31	P131	P17	P84	P88	P571	P279	P149	P2048	P1101	P856	P1435	P373	Предназначение	Расположение	Страна	Архитектор	Заказчик	Начало строительства	Завершение	Архитектурный стиль	Высота	Количество этажей	Сайт	Статус наследия
2026-08-27 08:34:00.510 I/BenchmarkBridge: [FIELDS] a=1947	card=24	title=Кийслова	labels=P1705	P1448	P17	P1249	P2046	P2044	P2564	P421	P37	P281	Страна	Уезд	Волость	Первое упоминание	Прежние названия	Площадь	Высота центра	Тип климата	Часовой пояс	Население	Национальности	Официальный язык	Почтовый индекс	Код EHAK
2026-08-27 08:34:00.516 I/BenchmarkBridge: [FIELDS] a=1948	card=27	title=Двенадцать месяцев (фильм)	labels=P18	P136	P57	P58	P161	P344	P86	P272	P750[!Q907311]	P2047	P495	P364	P577	P345	Жанр	Режиссёр	Автор сценария	В главных ролях	Оператор	Композитор	Кинокомпании	Дистрибьютор	Длительность	Страна	Язык	Год	IMDb
2026-08-27 08:34:00.525 I/BenchmarkBridge: [FIELDS] a=1949	card=19	title=Ларионов, Леонид Васильевич	labels=P18	P569	P570	P20	P241	P410	P598	P607	P166	Дата рождения	Дата смерти	Место смерти	Принадлежность	Род войск	Годы службы	Звание	Командовал	Сражения/войны	Награды и премии
2026-08-27 08:34:00.530 I/BenchmarkBridge: [FIELDS] a=1950	card=0	title=Строганов, Сергей Григорьевич	labels=
2026-08-27 08:34:00.541 I/BenchmarkBridge: [FIELDS] a=1951	card=23	title=Макдафф, Дуза	labels=P1559[LANGUAGE!:RU]	P18	P1477	P569	P19	P27	P106	P101	P108	P69	P184	P166	P373	Имя при рождении	Дата рождения	Место рождения	Страна	Род деятельности	Научная сфера	Место работы	Альма-матер	Научный руководитель	Награды и премии
2026-08-27 08:34:00.550 I/BenchmarkBridge: [FIELDS] a=1952	card=5	title=Synchiropus delandi	labels=P18	P815	P830	ITIS	EOL
2026-08-27 08:34:00.565 I/BenchmarkBridge: [FIELDS] a=1953	card=8	title=Rosa 'Leonardo da Vinci'	labels=P18	P373	Род	Класс:	Сорт	Рег. название	Страна происхождения	Автор
2026-08-27 08:34:00.579 I/BenchmarkBridge: [FIELDS] a=1954	card=21	title=Бе-12	labels=P18	P279	P178	P176	P287	P606	P729	P137	P1092	P373	Тип	Разработчик	Производитель	Главный конструктор	Первый полёт	Начало эксплуатации	Статус	Эксплуатанты	Годы производства	Единиц произведено	Базовая модель
2026-08-27 08:34:00.595 I/BenchmarkBridge: [FIELDS] a=1955	card=13	title=Жигулёвский заповедник	labels=P18	P814	P2046	P571	P625	P17	P856	P373	Площадь	Дата основания	Страна	Субъект РФ	Ближайший город
2026-08-27 08:34:00.601 I/BenchmarkBridge: [FIELDS] a=1956	card=21	title=Бомбиери, Энрико	labels=P1559	P18	P569	P19	P27	P106	P101	P108	P69	P184	P166	P373	Дата рождения	Место рождения	Страна	Род деятельности	Научная сфера	Место работы	Альма-матер	Научный руководитель	Награды и премии
2026-08-27 08:34:00.611 I/BenchmarkBridge: [FIELDS] a=1957	card=28	title=Тареев, Евгений Михайлович	labels=P18	P569	P19	P570	P20	P27	P106	P101	P108	P69	P512	P803	P802	P166	Дата рождения	Место рождения	Дата смерти	Место смерти	Страна	Род деятельности	Научная сфера	Место работы	Альма-матер	Учёная степень	Учёное звание	Ученики	Известен как	Награды и премии
2026-08-27 08:34:00.622 I/BenchmarkBridge: [FIELDS] a=1958	card=17	title=Богатырь (Курская область)	labels=P625	P17	P421	P1082	P281	P721	P764	Страна	Субъект Федерации	Муниципальный район	Сельское поселение	Часовой пояс	Население	Телефонный код	Почтовый индекс	Код ОКАТО	Код ОКТМО
2026-08-27 08:34:00.628 I/BenchmarkBridge: [FIELDS] a=1959	card=14	title=Паркс, Фредерик	labels=P18	P27	P569	P19	P570	P20	P373	Гражданство	Дата рождения	Место рождения	Дата смерти	Место смерти	Олимпийские игры	Бронза
2026-08-27 08:34:00.635 I/BenchmarkBridge: [FIELDS] a=1960	card=0	title=ДД	labels=
2026-08-27 08:34:00.641 I/BenchmarkBridge: [FIELDS] a=1961	card=13	title=Крайнюков, Павел Евгеньевич	labels=P569	P19	P108	P69	P512	P803	Полное имя	Дата рождения	Место рождения	Место работы	Альма-матер	Учёная степень	Учёное звание
2026-08-27 08:34:00.649 I/BenchmarkBridge: [FIELDS] a=1962	card=13	title=Перекрестов, Иван Иванович	labels=P18	P569	P19	P27	P106	P22	P40	Дата рождения	Место рождения	Подданство	Род деятельности	Отец	Дети
2026-08-27 08:34:00.660 I/BenchmarkBridge: [FIELDS] a=1963	card=26	title=Благоевградская область	labels=P1705	P94	P625	P17	P36	P571	P2046	P2044	P421	P1082	P300	P395	P856	P242	P373	Страна	Включает	Адм. центр	Дата образования	Площадь	Высота	Часовой пояс	Население	Плотность	Код ISO 3166-2	Код автом. номеров
2026-08-27 08:34:00.667 I/BenchmarkBridge: [FIELDS] a=1964	card=0	title=Портал:Африка/box-header/foto	labels=
2026-08-27 08:34:00.676 I/BenchmarkBridge: [FIELDS] a=1965	card=29	title=Хаттестад, Ола Виген	labels=P18	P21	P27	P1532	P569	P19	P2048	P2067	P54	Пол	Гражданство	Дата рождения	Место рождения	Рост	Вес	Клуб	В сборной	Статус	Олимпийские игры	Золото	Серебро	Бронза	Чемпионат мира	Дебют в Кубке мира	Побед в Кубке мира	Лучшая позиция в Кубке мира	Спринтерские виды	Позиции на подиуме	Командный спринт
2026-08-27 08:34:00.682 I/BenchmarkBridge: [FIELDS] a=1966	card=0	title=Бриджвилл	labels=
2026-08-27 08:34:00.701 I/BenchmarkBridge: [FIELDS] a=1967	card=29	title=Газпром-медиа	labels=P154	P31	P571	P1365	P112	P159	P452	P2139	P3362	P2295	P2403	P749	P355	P856	Тип	Дата основания	Предшественник	Основатели	Расположение	Ключевые фигуры	Отрасль	Собственный капитал	Оборот	Операционная прибыль	Чистая прибыль	Активы	Материнская компания	Дочерние компании	Сайт
2026-08-27 08:34:00.707 I/BenchmarkBridge: [FIELDS] a=1968	card=0	title=Конопацкий	labels=
2026-08-27 08:34:00.712 I/BenchmarkBridge: [FIELDS] a=1969	card=33	title=Дегольядо (муниципалитет)	labels=P31	P1705	P18	P94	P17	P131	P36	P1082	P2046	P6	P473	P281	P395	P625	P373	Страна	Штат	Адм. центр	Количество н.п.	Население (2020, перепись)	Плотность	Языковой состав	Названия жителей	Площадь	Высоты • наивысшая точка	Координаты крайних точек	Образован	Председатель (2024–2027)	Часовой пояс	Телефонный код	Почтовый индекс	Код автом. номеров	Код INEGI
2026-08-27 08:34:00.720 I/BenchmarkBridge: [FIELDS] a=1970	card=0	title=Специальная комиссия ООН	labels=
2026-08-27 08:34:00.725 I/BenchmarkBridge: [FIELDS] a=1971	card=12	title=Сержа Лифаря (станция скоростного трамвая)	labels=P1705[LANGUAGE!:RU]	P18	P1619	P4511	P197	P373	Район	Дата открытия	Высота над землёй, м	Количество платформ	Выход к улицам	Соседние станции
2026-08-27 08:34:00.731 I/BenchmarkBridge: [FIELDS] a=1972	card=27	title=Хорошие манеры	labels=P1476	P18	P136	P57	P162	P58	P161	P344	P86	P272	P2047	P495	P364	P345	Жанр	Режиссёр	Продюсер	Автор сценария	В главных ролях	Оператор	Композиторы	Кинокомпания	Длительность	Страна	Язык	Год	IMDb
2026-08-27 08:34:00.739 I/BenchmarkBridge: [FIELDS] a=1973	card=15	title=Парамахамса Харихарананда	labels=P1559[LANGUAGE!:RU]	P18	P569	P19	P570	P20	P27	P106	P373	Дата рождения	Место рождения	Дата смерти	Место смерти	Страна	Род деятельности
2026-08-27 08:34:00.747 I/BenchmarkBridge: [FIELDS] a=1974	card=12	title=Овербек, Герта	labels=P569	P19	P570	P20	P27	P106	Дата рождения	Место рождения	Дата смерти	Место смерти	Страна	Род деятельности
2026-08-27 08:34:00.761 I/BenchmarkBridge: [FIELDS] a=1975	card=16	title=Часовенская (Холмогорский район)	labels=P625	P17	P421	P1082	P281	P721	P764	Страна	Субъект Федерации	Муниципальный округ	Часовой пояс	Население	Национальности	Почтовый индекс	Код ОКАТО	Код ОКТМО
2026-08-27 08:34:00.769 I/BenchmarkBridge: [FIELDS] a=1976	card=24	title=BYD Destroyer 05	labels=P18	P176	P2043	P2049	P2048	P3039	P373	Производитель	Годы производства	Сборка	Класс	Иные обозначения	Тип кузова	Платформа	Компоновка	Колёсная формула	Длина	Ширина	Высота	Колёсная база	Разгон до 100 км/ч	Связанные	Сегмент	Дизайнер
2026-08-27 08:34:00.774 I/BenchmarkBridge: [FIELDS] a=1977	card=24	title=Шехзаде Ахмет	labels=P1559	P18	P569	P19	P570	P20	P119	P53	P1477	P22	P25	P40	P140	P373	Монарх	Рождение	Смерть	Место погребения	Род	Имя при рождении	Отец	Мать	Дети	Отношение к религии
2026-08-27 08:34:00.784 I/BenchmarkBridge: [FIELDS] a=1978	card=18	title=Журавлиха (Пеля-Хованский сельсовет)	labels=P625	P17	P2044	P421	P1082	P281	P721	P764	Страна	Субъект Федерации	Муниципальный район	Сельсовет	Высота центра	Часовой пояс	Население	Почтовый индекс	Код ОКАТО	Код ОКТМО
2026-08-27 08:34:00.794 I/BenchmarkBridge: [FIELDS] a=1979	card=14	title=Актиний-228	labels=P1148	P2114	P816	Название, символ	Альтернативные названия	Нейтронов	Атомная масса	Дефект массы	Удельная энергия связи (на нуклон)	Период полураспада	Продукты распада	Родительские изотопы	Спин и чётность ядра	Канал распада
2026-08-27 08:34:00.803 I/BenchmarkBridge: [FIELDS] a=1980	card=15	title=Лангшон	labels=P1705	P1448	P18	P625	P17	P2046	P421	P1082	P373	Страна	Провинция	Внутреннее деление	Площадь	Часовой пояс	Население
2026-08-27 08:34:00.810 I/BenchmarkBridge: [FIELDS] a=1981	card=0	title=Дом Ксорларрин	labels=
2026-08-27 08:34:00.820 I/BenchmarkBridge: [FIELDS] a=1982	card=14	title=Фиггерс, Фредди	labels=P1559	P18	P569	P106	P22	P25	P26	P856	Дата рождения	Род деятельности	Отец	Мать	Супруга	Сайт
2026-08-27 08:34:00.827 I/BenchmarkBridge: [FIELDS] a=1983	card=17	title=Hameln (альбом)	labels=P18	P7937	P175	P577	P136	P2047	P291	P407	P264	P155	P156	Дата выпуска	Жанры	Длительность	Страна	Языки песен	Лейблы
2026-08-27 08:34:00.835 I/BenchmarkBridge: [FIELDS] a=1984	card=0	title=Меченые атомы	labels=
2026-08-27 08:34:00.852 I/BenchmarkBridge: [FIELDS] a=1985	card=22	title=Кисловка (Томская область)	labels=P18	P625	P17	P571	P421	P1082	P281	P721	P764	P373	Страна	Субъект Федерации	Муниципальный район	Сельское поселение	Основан	Прежние названия	Часовой пояс	Население	Агломерация	Почтовый индекс	Код ОКАТО	Код ОКТМО
2026-08-27 08:34:00.859 I/BenchmarkBridge: [FIELDS] a=1986	card=27	title=Гуабируба	labels=P1705	P1448	P41	P94	P625	P17	P6	P571	P2046	P2044	P2564	P421	P1082	P856	P373	Страна	Штат	Мэр	Основан	Площадь	Высота центра	Тип климата	Часовой пояс	Население	Плотность	Название жителей	Телефонный код
2026-08-27 08:34:00.867 I/BenchmarkBridge: [FIELDS] a=1987	card=14	title=Буланов, Анатолий Петрович	labels=P569	P19	P570	P20	P27	P106	P26	Дата рождения	Место рождения	Дата смерти	Место смерти	Гражданство	Род деятельности	Супруга
2026-08-27 08:34:00.883 I/BenchmarkBridge: [FIELDS] a=1988	card=27	title=Бар-ле-Пем	labels=P1705	P1448	P18	P94	P625	P17	P6	P2046	P2044	P421	P1082	P281	P374	P856	P373	Страна	Регион	Департамент	Кантон	Мэр	Площадь	Высота центра	Часовой пояс	Население	Плотность	Почтовый индекс	Код INSEE
2026-08-27 08:34:00.890 I/BenchmarkBridge: [FIELDS] a=1989	card=21	title=Высокое (Багратионовский район)	labels=P1705	P1448	P625	P17	P571	P421	P1082	P281	P721	P764	Страна	Субъект Федерации	Муниципальный район	Сельское поселение	Основан	Часовой пояс	Население	Телефонный код	Почтовый индекс	Код ОКАТО	Код ОКТМО
2026-08-27 08:34:00.897 I/BenchmarkBridge: [FIELDS] a=1990	card=0	title=Сауна (значения)	labels=
2026-08-27 08:34:00.905 I/BenchmarkBridge: [FIELDS] a=1991	card=22	title=Абдул Разак, Дана	labels=P1559[LANGUAGE!:RU]	P18	P569	P19	P27	P1532	P2048	P2067	P1146	Дата и место рождения	Гражданство	Рост	Вес	IAAF	100 м	200 м	400 м	60 м	Панарабские игры	Серебро	Золото	Бронза
2026-08-27 08:34:00.913 I/BenchmarkBridge: [FIELDS] a=1992	card=17	title=Кейси, Адам (кёрлингист)	labels=P1559[LANGUAGE!:RU]	P21	P27	P641	P54	P569	P19	P741	Пол	Полное имя	Страна	Специализация	Клуб	Дата рождения	Место рождения	Рабочая сторона	Кёрлинг
2026-08-27 08:34:00.923 I/BenchmarkBridge: [FIELDS] a=1993	card=16	title=Торосозеро (озеро, Медвежьегорский район)	labels=P18	P625	P17	P884	Абсолютная высота	Размеры	Площадь	Объём	Береговая линия	Средняя глубина	Тип минерализации	Площадь бассейна	Водная система	Страна	Субъект РФ	Район
2026-08-27 08:34:00.931 I/BenchmarkBridge: [FIELDS] a=1994	card=17	title=Шкаев, Александр Платонович	labels=P21	P569	P19	P27	P2031	P413	P54	Пол	Полное имя	Дата рождения	Место рождения	Гражданство	Хоккейная школа	Даты карьеры	Позиция	Клуб(ы)	Звания
2026-08-27 08:34:00.939 I/BenchmarkBridge: [FIELDS] a=1995	card=20	title=Шкодуновка	labels=P1705	P1448	P625	P17	P2044	P421	P1082	P281	P1077	P9435	Страна	Область	Район	Высота центра	Часовой пояс	Население	Телефонный код	Почтовый индекс	КОАТУУ	КАТЕТТО
2026-08-27 08:34:00.945 I/BenchmarkBridge: [FIELDS] a=1996	card=11	title=Комлоский район	labels=P1705	P625	P17	P36	P2046	P1082	Страна	Входит в	Адм. центр	Площадь	Население
2026-08-27 08:34:00.948 I/BenchmarkBridge: [FIELDS] a=1997	card=0	title=Армейский спецназ	labels=
2026-08-27 08:34:00.955 I/BenchmarkBridge: [FIELDS] a=1998	card=13	title=Никифоров, Павел Васильевич	labels=P27	P569	P19	P570	P20	Гражданство	Дата рождения	Место рождения	Дата смерти	Место смерти	Весовая категория	Стойка	Тренер
2026-08-27 08:34:00.965 I/BenchmarkBridge: [FIELDS] a=1999	card=17	title=Бауман, Людвиг	labels=P1559[LANGUAGE!:RU]	P18	P27	P569	P19	P570	P20	P69	P166	P373	Страна	Дата рождения	Место рождения	Дата смерти	Место смерти	Учёба	Награды
2026-08-27 08:34:00.972 I/BenchmarkBridge: [FIELDS] a=2000	card=24	title=Ольшанка (Волынская область)	labels=P1705	P1448	P625	P17	P2046	P2044	P421	P1082	P281	P1077	P9435	Страна	Область	Район	Община	Площадь	Высота центра	Часовой пояс	Население	Плотность	Телефонный код	Почтовый индекс	КОАТУУ	КАТЕТТО
2026-08-27 08:34:00.973 I/BenchmarkBridge: [FIELDS] done articles=2000 withCard=1518 ms=19265
2026-08-27 09:48:07.301 I/WikiLLMApp: ADSP_LIBRARY_PATH=/data/app/~~Kv7WoDBY2p9yGIe_jHLppg==/com.wikillm.android.debug-zqDb9WuPIoDm-SvS0xcUJQ==/lib/arm64;/vendor/lib/rfsa/adsp;/vendor/dsp/cdsp;/system/lib/rfsa/adsp
2026-08-27 09:48:07.306 I/WikiLLMApp: ReLinker.loadLibrary(zim) OK
2026-08-27 09:48:07.310 I/WikiLLMApp: ReLinker.loadLibrary(kiwix) OK
2026-08-27 09:48:07.311 I/WikiLLMApp: System.loadLibrary(zim_wrapper) OK
2026-08-27 09:48:07.312 I/WikiLLMApp: System.loadLibrary(kiwix_wrapper) OK
2026-08-27 09:48:07.571 I/ChatVM: Auto-loading last model: Qwen3-4B-Thinking-2507-Q4_0.gguf
2026-08-27 09:48:07.572 I/ChatVM: Loading model: Qwen3-4B-Thinking-2507-Q4_0.gguf (device=auto, mtp=1) (/storage/emulated/0/Android/data/com.wikillm.android.debug/files/models/unsloth/Qwen3-4B-Thinking-2507-GGUF/Qwen3-4B-Thinking-2507-Q4_0.gguf)
2026-08-27 09:48:11.906 I/ChatVM: Model loaded: Qwen3-4B-Thinking-2507-Q4_0.gguf
2026-08-27 09:48:17.746 I/BenchmarkBridge: [FIELDS] begin sample=3000 seed=7
2026-08-27 09:48:17.753 I/ZimSearcher: openPath: /storage/emulated/0/Android/data/com.wikillm.android.debug/files/zim/wikipedia_ru_all_nopic_2026-01.zim (14671735099 bytes)
2026-08-27 09:48:18.080 I/ZimSearchHolder: ZimSearchHolder ready: wikipedia_ru_all_nopic_2026-01.zim
2026-08-27 09:48:19.993 I/BenchmarkBridge: [FIELDS] sampled=3000 ms=1912
2026-08-27 09:48:20.106 I/BenchmarkBridge: [FIELDS] a=1	card=0	title=Анализ связей	labels=
2026-08-27 09:48:20.161 I/BenchmarkBridge: [FIELDS] a=2	card=15	title=Шенгели, Георгий Аркадьевич	labels=P742=Псевдонимы	P569=Дата рождения	P19=Место рождения	P570=Дата смерти	P20=Место смерти	P119=Место погребения	P27=Гражданство	P69=Образование	P106=Род деятельности	P2031=Годы творчества	P136=Жанр	P6886=Язык произведений	Дебют	P18	P373
2026-08-27 09:48:20.185 I/BenchmarkBridge: [FIELDS] a=3	card=0	title=Недвижимость в Италии	labels=
2026-08-27 09:48:20.201 I/BenchmarkBridge: [FIELDS] a=4	card=13	title=Свойчаны	labels=P17=Страна	Воеводство	Повет	Сельская гмина	P421=Часовой пояс	P1082=Население	Телефонный код	P281=Почтовые индексы	P395=Автомобильный код	P4046=SIMC	P1705	P1448	P625
2026-08-27 09:48:20.227 I/BenchmarkBridge: [FIELDS] a=5	card=8	title=Шенкароу, Джастин	labels=P569=Дата рождения	P19=Место рождения	P27=Гражданство	P106=Профессия	P2031=Карьера	P345=IMDb	P1559	P18
2026-08-27 09:48:20.250 I/BenchmarkBridge: [FIELDS] a=6	card=7	title=Григорьев, Игорь Алексеевич (хоккеист)	labels=P413=Позиция	P27=Страна	P569=Дата рождения	P570=Дата смерти	1964—1974	P18	P1532
2026-08-27 09:48:20.267 I/BenchmarkBridge: [FIELDS] a=7	card=10	title=Криворожская хоральная синагога	labels=P31=Тип	P17=Страна	P131=Местоположение	P149=Архитектурный стиль	P571=Дата основания	P576=Дата упразднения	P186=Материал	P5816=Состояние	P18	P373
2026-08-27 09:48:20.291 I/BenchmarkBridge: [FIELDS] a=8	card=18	title=Вильфранш-де-Конфлан	labels=P17=Страна	Регион	Департамент	P6=Мэр	P2046=Площадь	P2044=Высота центра	P421=Часовой пояс	P1082=Население	Плотность	P37=Официальный язык	P281=Почтовый индекс	P374=Код INSEE	P1705	P1448	P18	P94	P856	P373
2026-08-27 09:48:20.307 I/BenchmarkBridge: [FIELDS] a=9	card=12	title=Вдовенко, Евгений Викторович	labels=Полное имя	P569=Родился	P27=Гражданство	P2048=Рост	P413=Позиция	Клубная карьера[* 1]	1996	1997—1998	1999—2001	2002—2003	2004	P1532
2026-08-27 09:48:20.324 I/BenchmarkBridge: [FIELDS] a=10	card=17	title=Кривошин	labels=P17=Страна	Область	Район	Сельсовет	P421=Часовой пояс	P1082=Население	Национальности	Телефонный код	P281=Почтовый индекс	P395=Автомобильный код	СОАТО	Река	P1705	P1448	P18	P625	P373
2026-08-27 09:48:20.341 I/BenchmarkBridge: [FIELDS] a=11	card=17	title=Касивабара, Митико	labels=P21=Пол	P1477=Имя при рождении	P27=Гражданство	P569=Дата рождения	P19=Место рождения	P2048=Рост	P2067=Вес	P54=Клуб	Статус	Азиатские игры	Серебро	Дебют в Кубке мира	Побед в Кубке мира	Лучшая позиция в Кубке мира	Дистанционные виды	Спринтерские виды	P1532
2026-08-27 09:48:20.354 I/BenchmarkBridge: [FIELDS] a=12	card=12	title=Дионисиат	labels=P31=Тип	P17=Страна	P131=Местоположение	P140=Конфессия	Тип	P112=Основатель	P571=Дата основания	Статус	P1705	P18	P625	P373
2026-08-27 09:48:20.367 I/BenchmarkBridge: [FIELDS] a=13	card=8	title=Шмидт, Роберт (физиолог)	labels=P569=Дата рождения	P19=Место рождения	P570=Дата смерти	P27=Страна	P106=Род деятельности	P166=Награды и премии	P1559	P373
2026-08-27 09:48:20.407 I/BenchmarkBridge: [FIELDS] a=14	card=21	title=Тульский трамвай	labels=P17=Страна	P131=Расположение	P571=Дата открытия	P137=Эксплуатант	P856=Сайт	Число маршрутов	Самый длинный маршрут	Самый длинный маршрут за всю историю	Длина маршрутов	Длина маршрутов в период макс. развития	Число вагонов	Число вагонов в период макс. развития	Основные типы ПС	Число депо	Кол-во депо в период макс. развития	P1064=Ширина колеи	P2555=Стоимость проезда	Тип питания	P930=Электрификация	P18	P373
2026-08-27 09:48:20.438 I/BenchmarkBridge: [FIELDS] a=15	card=7	title=Их-мянганы	labels=P1705=Самоназвание	P17=Расселение	P103=Язык	P140=Религия	P361=Входит в	Родственные народы	Происхождение
2026-08-27 09:48:20.445 I/BenchmarkBridge: [FIELDS] a=16	card=0	title=Sacramentum	labels=
2026-08-27 09:48:20.459 I/BenchmarkBridge: [FIELDS] a=17	card=14	title=Радо, Ричард	labels=P569=Дата рождения	P19=Место рождения	P570=Дата смерти	P20=Место смерти	P27=Страна	P106=Род деятельности	P101=Научная сфера	P108=Место работы	P69=Альма-матер	P184=Научный руководитель	P166=Награды и премии	P1559[LANGUAGE!:RU]	P18	P373
2026-08-27 09:48:20.477 I/BenchmarkBridge: [FIELDS] a=18	card=13	title=Морозова, Мария Фёдоровна	labels=P1477=Имя при рождении	P569=Дата рождения	P19=Место рождения	P570=Дата смерти	P20=Место смерти	P27=Гражданство	P106=Род деятельности	P22=Отец	P25=Мать	P26=Супруг	P40=Дети	P18	P373
2026-08-27 09:48:20.485 I/BenchmarkBridge: [FIELDS] a=19	card=5	title=Сирадзе, Виктория Моисеевна	labels=P569=Рождение	P570=Смерть	P102=Партия	P166=Награды	P19
2026-08-27 09:48:20.494 I/BenchmarkBridge: [FIELDS] a=20	card=6	title=Патаки, Ференц Владиславович	labels=P569=Дата рождения	P19=Место рождения	P570=Дата смерти	P20=Место смерти	P106=Род деятельности	P18
2026-08-27 09:48:20.507 I/BenchmarkBridge: [FIELDS] a=21	card=6	title=Гайан Александрийский	labels=патриарх Александрийский	Церковь	Предшественник	Преемник	P106=Деятельность	P20=Смерть
2026-08-27 09:48:20.530 I/BenchmarkBridge: [FIELDS] a=22	card=16	title=Бажанов, Марк Игоревич	labels=P569=Дата рождения	P19=Место рождения	P570=Дата смерти	P20=Место смерти	P27=Страна	P106=Род деятельности	P101=Научная сфера	P108=Место работы	P69=Альма-матер	P512=Учёная степень	P803=Учёное звание	P184=Научный руководитель	P802=Ученики	P166=Награды и премии	P1559	P18
2026-08-27 09:48:20.547 I/BenchmarkBridge: [FIELDS] a=23	card=22	title=Де лос Сантос, Леонель	labels=Полное имя	P27=Гражданство	P569=Дата рождения	P19=Место рождения	Место проживания	Весовая категория	Стойка	P2048=Рост	Позиция в рейтинге BoxRec	Лучшая позиция в рейтинге BoxRec	Первый бой	Последний бой	Боёв	Побед	Побед нокаутом	Поражений	Ничьих	Бокс	Серебро	Золото	P1559	P1532
2026-08-27 09:48:20.552 I/BenchmarkBridge: [FIELDS] a=24	card=0	title=Гудов	labels=
2026-08-27 09:48:20.586 I/BenchmarkBridge: [FIELDS] a=25	card=19	title=Виндишгрец, Альфред III	labels=Предшественник	Преемник	P569=Рождение	P570=Смерть	P119=Место погребения	P53=Род	P22=Отец	P25=Мать	P26=Супруга	P40=Дети	P102[!Q113264255]=Партия	P69=Образование	P166=Награды	P1559	P18	P94	P19	P20	P373
2026-08-27 09:48:20.598 I/BenchmarkBridge: [FIELDS] a=26	card=16	title=Хоэнкаммер	labels=P17=Страна	Земля	Район	P2046=Площадь	P421=Часовой пояс	Население	Телефонный код	P281=Почтовый индекс	P395=Автомобильный код	P439=Код AGS	P1705	P1448[LANGUAGE!:RU]	P18	P94	P856	P373
2026-08-27 09:48:20.610 I/BenchmarkBridge: [FIELDS] a=27	card=20	title=Новафельтрия	labels=P17=Страна	Регион	Провинция	P2046=Площадь	P2044=Высота центра	P421=Часовой пояс	P1082=Население	Плотность	Телефонный код	P281=Почтовый индекс	P395=Автомобильный код	Код ISTAT	Мэр коммуны	P1705	P1448	P18	P94	P625	P856	P373
2026-08-27 09:48:20.637 I/BenchmarkBridge: [FIELDS] a=28	card=13	title=Сильверман, Сара	labels=P1477=Имя при рождении	P569=Дата рождения	P19=Место рождения	P27=Гражданство	P106=Профессия	P2031=Карьера	P136=Направление	P166=Награды	P345=IMDb	P109=Автограф	P1559	P18	P373
2026-08-27 09:48:20.647 I/BenchmarkBridge: [FIELDS] a=29	card=11	title=Момо (блюдо)	labels=P8431=Тип блюда	P1071=Регион	P61=Автор	P186=Основные	Возможные	P460=В других кухнях	P1705	P18	P527	P2012	P373
2026-08-27 09:48:20.699 I/BenchmarkBridge: [FIELDS] a=30	card=17	title=Гаджибеков, Узеир Абдул-Гусейн оглы	labels=P1477=Имя при рождении	P569=Дата рождения	P19=Место рождения	P570=Дата смерти	P20=Место смерти	P119=Похоронен	P27=Страна	P106=Профессии	P2031=Годы активности	P136=Жанры	P166=Награды	P1559	P18	P2032	P109	P856	P373
2026-08-27 09:48:20.711 I/BenchmarkBridge: [FIELDS] a=31	card=13	title=Юсте, Даниэль	labels=P1559=Полное имя	P27=Гражданство	P569=Дата рождения	P19=Место рождения	P570=Дата смерти	P20=Место смерти	P2048=Рост	P106=Специализация	Средиземноморские игры	Серебро	P18	P1532	P641
2026-08-27 09:48:20.721 I/BenchmarkBridge: [FIELDS] a=32	card=11	title=W&W	labels=P136=Жанры	Годы	P495=Страна	P740=Место создания	P264=Лейблы	Состав	Связанные проекты	P154	P18	P856	P373
2026-08-27 09:48:20.733 I/BenchmarkBridge: [FIELDS] a=33	card=8	title=Каспийско-Кавказский фронт	labels=Годы существования	P17=Страна	P361=Входит в	Тип	P276=Дислокация	P607=Участие в	Известные командиры	P18
2026-08-27 09:48:20.738 I/BenchmarkBridge: [FIELDS] a=34	card=0	title=274 км	labels=
2026-08-27 09:48:20.746 I/BenchmarkBridge: [FIELDS] a=35	card=10	title=Национальный парк восточной части Финского залива	labels=P2046=Площадь	P571=Дата основания	P1174=Посещаемость	Управляющая организация	P17=Страна	P18	P814	P625	P856	P373
2026-08-27 09:48:20.754 I/BenchmarkBridge: [FIELDS] a=36	card=11	title=Формигаш (Азорские острова)	labels=P2046=Площадь	Наивысшая точка	P1082=Население	Архипелаг	Акватория	P17=Страна	Регион	Район	P18	P625	P373
2026-08-27 09:48:20.777 I/BenchmarkBridge: [FIELDS] a=37	card=20	title=Кастельо-де-Фарфанья	labels=P17=Страна	Автономное сообщество	Провинция	Район	P6[!P582]=Мэр	P2046=Площадь	P2044=Высота	P421=Часовой пояс	Население	Название жителей	P37=Официальный язык	P281=Почтовый индекс	P395=Автомобильный код	P1705	P1448	P18	P94	P237	P856	P373
2026-08-27 09:48:20.783 I/BenchmarkBridge: [FIELDS] a=38	card=0	title=Егорлык (значения)	labels=
2026-08-27 09:48:20.803 I/BenchmarkBridge: [FIELDS] a=39	card=18	title=Брийак	labels=P17=Страна	Регион	Департамент	Кантон	P6=Мэр	P2046=Площадь	P2044=Высота центра	P421=Часовой пояс	P1082=Население	Плотность	P281=Почтовый индекс	P374=Код INSEE	P1705	P1448	P18	P625	P856	P373
2026-08-27 09:48:20.812 I/BenchmarkBridge: [FIELDS] a=40	card=8	title=Реформатская пресвитерианская церковь Уганды	labels=P571=Основание	Религия	Течение	Идеология	P17=Страны	Штаб-квартира	P856=Веб-сайты	P1705
2026-08-27 09:48:20.826 I/BenchmarkBridge: [FIELDS] a=41	card=14	title=Партия скрещённых стрел	labels=P488=Лидер	P571=Основана	P576=Упразднена	P17=Страна	P159=Штаб-квартира	P1142=Идеология	Союзники и блоки	P2124=Количество членов	Девиз	Гимн	P1705	P154	P41	P373
2026-08-27 09:48:20.833 I/BenchmarkBridge: [FIELDS] a=42	card=10	title=Глубокая Щель	labels=P17=Страна	Город	Административный округ города	Административный район города	P1249=Первое упоминание	Прежний статус	Год включения в черту города	P281=Почтовые индексы	P473=Телефонные коды	P625
2026-08-27 09:48:20.840 I/BenchmarkBridge: [FIELDS] a=43	card=0	title=Динамическая метеорология	labels=
2026-08-27 09:48:20.855 I/BenchmarkBridge: [FIELDS] a=44	card=14	title=Пады (Ленинский сельсовет)	labels=P17=Страна	Субъект Федерации	Муниципальный район	Сельское поселение	P1249=Первое упоминание	P2044=Высота центра	P421=Часовой пояс	P1082=Население	Название жителей	P281=Почтовый индекс	P721=Код ОКАТО	P764=Код ОКТМО	P1397=Номер в ГКГН	P625
2026-08-27 09:48:20.871 I/BenchmarkBridge: [FIELDS] a=45	card=16	title=BYD e6	labels=P176=Производитель	Годы производства	Класс	Платформа	Компоновка	Колёсная формула	P2043=Длина	P2049=Ширина	P2048=Высота	P3039=Колёсная база	Связанные	Сегмент	Дизайнер	P18	P516	P373
2026-08-27 09:48:20.882 I/BenchmarkBridge: [FIELDS] a=46	card=17	title=Джермантаун (Теннесси)	labels=P17=Страна	Штат	Округ	P6[!P582]=Глава	P571=Основан	P2046=Площадь	P2044=Высота центра	P421=Часовой пояс	Население	Телефонный код	P281=Почтовый индекс	P590=GNIS	P1705	P1448	P18	P856	P373
2026-08-27 09:48:20.888 I/BenchmarkBridge: [FIELDS] a=47	card=0	title=Пеура	labels=
2026-08-27 09:48:20.895 I/BenchmarkBridge: [FIELDS] a=48	card=12	title=Чарли Браво (фильм)	labels=P136=Жанры	P57=Режиссёр	P58=Автор сценария	P161=В главных ролях	P344=Оператор	P86=Композитор	P2047=Длительность	P495=Страна	Год	P345=IMDb	P1476	P18
--------- beginning of main
08-27 09:48:17.746  2964  3004 I BenchmarkBridge: [FIELDS] begin sample=3000 seed=7
08-27 09:48:19.993  2964  3004 I BenchmarkBridge: [FIELDS] sampled=3000 ms=1912
08-27 09:48:20.106  2964  3004 I BenchmarkBridge: [FIELDS] a=1	card=0	title=Анализ связей	labels=
08-27 09:48:20.161  2964  3004 I BenchmarkBridge: [FIELDS] a=2	card=15	title=Шенгели, Георгий Аркадьевич	labels=P742=Псевдонимы	P569=Дата рождения	P19=Место рождения	P570=Дата смерти	P20=Место смерти	P119=Место погребения	P27=Гражданство	P69=Образование	P106=Род деятельности	P2031=Годы творчества	P136=Жанр	P6886=Язык произведений	Дебют	P18	P373
08-27 09:48:20.185  2964  3004 I BenchmarkBridge: [FIELDS] a=3	card=0	title=Недвижимость в Италии	labels=
08-27 09:48:20.201  2964  3004 I BenchmarkBridge: [FIELDS] a=4	card=13	title=Свойчаны	labels=P17=Страна	Воеводство	Повет	Сельская гмина	P421=Часовой пояс	P1082=Население	Телефонный код	P281=Почтовые индексы	P395=Автомобильный код	P4046=SIMC	P1705	P1448	P625
08-27 09:48:20.227  2964  3004 I BenchmarkBridge: [FIELDS] a=5	card=8	title=Шенкароу, Джастин	labels=P569=Дата рождения	P19=Место рождения	P27=Гражданство	P106=Профессия	P2031=Карьера	P345=IMDb	P1559	P18
08-27 09:48:20.250  2964  3004 I BenchmarkBridge: [FIELDS] a=6	card=7	title=Григорьев, Игорь Алексеевич (хоккеист)	labels=P413=Позиция	P27=Страна	P569=Дата рождения	P570=Дата смерти	1964—1974	P18	P1532
08-27 09:48:20.267  2964  3004 I BenchmarkBridge: [FIELDS] a=7	card=10	title=Криворожская хоральная синагога	labels=P31=Тип	P17=Страна	P131=Местоположение	P149=Архитектурный стиль	P571=Дата основания	P576=Дата упразднения	P186=Материал	P5816=Состояние	P18	P373
08-27 09:48:20.291  2964  3004 I BenchmarkBridge: [FIELDS] a=8	card=18	title=Вильфранш-де-Конфлан	labels=P17=Страна	Регион	Департамент	P6=Мэр	P2046=Площадь	P2044=Высота центра	P421=Часовой пояс	P1082=Население	Плотность	P37=Официальный язык	P281=Почтовый индекс	P374=Код INSEE	P1705	P1448	P18	P94	P856	P373
08-27 09:48:20.307  2964  3004 I BenchmarkBridge: [FIELDS] a=9	card=12	title=Вдовенко, Евгений Викторович	labels=Полное имя	P569=Родился	P27=Гражданство	P2048=Рост	P413=Позиция	Клубная карьера[* 1]	1996	1997—1998	1999—2001	2002—2003	2004	P1532
08-27 09:48:20.324  2964  3004 I BenchmarkBridge: [FIELDS] a=10	card=17	title=Кривошин	labels=P17=Страна	Область	Район	Сельсовет	P421=Часовой пояс	P1082=Население	Национальности	Телефонный код	P281=Почтовый индекс	P395=Автомобильный код	СОАТО	Река	P1705	P1448	P18	P625	P373
08-27 09:48:20.340  2964  3004 I BenchmarkBridge: [FIELDS] a=11	card=17	title=Касивабара, Митико	labels=P21=Пол	P1477=Имя при рождении	P27=Гражданство	P569=Дата рождения	P19=Место рождения	P2048=Рост	P2067=Вес	P54=Клуб	Статус	Азиатские игры	Серебро	Дебют в Кубке мира	Побед в Кубке мира	Лучшая позиция в Кубке мира	Дистанционные виды	Спринтерские виды	P1532
08-27 09:48:20.354  2964  3004 I BenchmarkBridge: [FIELDS] a=12	card=12	title=Дионисиат	labels=P31=Тип	P17=Страна	P131=Местоположение	P140=Конфессия	Тип	P112=Основатель	P571=Дата основания	Статус	P1705	P18	P625	P373
08-27 09:48:20.367  2964  3004 I BenchmarkBridge: [FIELDS] a=13	card=8	title=Шмидт, Роберт (физиолог)	labels=P569=Дата рождения	P19=Место рождения	P570=Дата смерти	P27=Страна	P106=Род деятельности	P166=Награды и премии	P1559	P373
08-27 09:48:20.407  2964  3004 I BenchmarkBridge: [FIELDS] a=14	card=21	title=Тульский трамвай	labels=P17=Страна	P131=Расположение	P571=Дата открытия	P137=Эксплуатант	P856=Сайт	Число маршрутов	Самый длинный маршрут	Самый длинный маршрут за всю историю	Длина маршрутов	Длина маршрутов в период макс. развития	Число вагонов	Число вагонов в период макс. развития	Основные типы ПС	Число депо	Кол-во депо в период макс. развития	P1064=Ширина колеи	P2555=Стоимость проезда	Тип питания	P930=Электрификация	P18	P373
08-27 09:48:20.438  2964  3004 I BenchmarkBridge: [FIELDS] a=15	card=7	title=Их-мянганы	labels=P1705=Самоназвание	P17=Расселение	P103=Язык	P140=Религия	P361=Входит в	Родственные народы	Происхождение
08-27 09:48:20.445  2964  3004 I BenchmarkBridge: [FIELDS] a=16	card=0	title=Sacramentum	labels=
08-27 09:48:20.459  2964  3004 I BenchmarkBridge: [FIELDS] a=17	card=14	title=Радо, Ричард	labels=P569=Дата рождения	P19=Место рождения	P570=Дата смерти	P20=Место смерти	P27=Страна	P106=Род деятельности	P101=Научная сфера	P108=Место работы	P69=Альма-матер	P184=Научный руководитель	P166=Награды и премии	P1559[LANGUAGE!:RU]	P18	P373
08-27 09:48:20.477  2964  3004 I BenchmarkBridge: [FIELDS] a=18	card=13	title=Морозова, Мария Фёдоровна	labels=P1477=Имя при рождении	P569=Дата рождения	P19=Место рождения	P570=Дата смерти	P20=Место смерти	P27=Гражданство	P106=Род деятельности	P22=Отец	P25=Мать	P26=Супруг	P40=Дети	P18	P373
08-27 09:48:20.485  2964  3004 I BenchmarkBridge: [FIELDS] a=19	card=5	title=Сирадзе, Виктория Моисеевна	labels=P569=Рождение	P570=Смерть	P102=Партия	P166=Награды	P19
08-27 09:48:20.494  2964  3004 I BenchmarkBridge: [FIELDS] a=20	card=6	title=Патаки, Ференц Владиславович	labels=P569=Дата рождения	P19=Место рождения	P570=Дата смерти	P20=Место смерти	P106=Род деятельности	P18
08-27 09:48:20.507  2964  3004 I BenchmarkBridge: [FIELDS] a=21	card=6	title=Гайан Александрийский	labels=патриарх Александрийский	Церковь	Предшественник	Преемник	P106=Деятельность	P20=Смерть
08-27 09:48:20.530  2964  3004 I BenchmarkBridge: [FIELDS] a=22	card=16	title=Бажанов, Марк Игоревич	labels=P569=Дата рождения	P19=Место рождения	P570=Дата смерти	P20=Место смерти	P27=Страна	P106=Род деятельности	P101=Научная сфера	P108=Место работы	P69=Альма-матер	P512=Учёная степень	P803=Учёное звание	P184=Научный руководитель	P802=Ученики	P166=Награды и премии	P1559	P18
08-27 09:48:20.547  2964  3004 I BenchmarkBridge: [FIELDS] a=23	card=22	title=Де лос Сантос, Леонель	labels=Полное имя	P27=Гражданство	P569=Дата рождения	P19=Место рождения	Место проживания	Весовая категория	Стойка	P2048=Рост	Позиция в рейтинге BoxRec	Лучшая позиция в рейтинге BoxRec	Первый бой	Последний бой	Боёв	Побед	Побед нокаутом	Поражений	Ничьих	Бокс	Серебро	Золото	P1559	P1532
08-27 09:48:20.552  2964  3004 I BenchmarkBridge: [FIELDS] a=24	card=0	title=Гудов	labels=
08-27 09:48:20.586  2964  3004 I BenchmarkBridge: [FIELDS] a=25	card=19	title=Виндишгрец, Альфред III	labels=Предшественник	Преемник	P569=Рождение	P570=Смерть	P119=Место погребения	P53=Род	P22=Отец	P25=Мать	P26=Супруга	P40=Дети	P102[!Q113264255]=Партия	P69=Образование	P166=Награды	P1559	P18	P94	P19	P20	P373
08-27 09:48:20.598  2964  3004 I BenchmarkBridge: [FIELDS] a=26	card=16	title=Хоэнкаммер	labels=P17=Страна	Земля	Район	P2046=Площадь	P421=Часовой пояс	Население	Телефонный код	P281=Почтовый индекс	P395=Автомобильный код	P439=Код AGS	P1705	P1448[LANGUAGE!:RU]	P18	P94	P856	P373
08-27 09:48:20.610  2964  3004 I BenchmarkBridge: [FIELDS] a=27	card=20	title=Новафельтрия	labels=P17=Страна	Регион	Провинция	P2046=Площадь	P2044=Высота центра	P421=Часовой пояс	P1082=Население	Плотность	Телефонный код	P281=Почтовый индекс	P395=Автомобильный код	Код ISTAT	Мэр коммуны	P1705	P1448	P18	P94	P625	P856	P373
08-27 09:48:20.637  2964  3004 I BenchmarkBridge: [FIELDS] a=28	card=13	title=Сильверман, Сара	labels=P1477=Имя при рождении	P569=Дата рождения	P19=Место рождения	P27=Гражданство	P106=Профессия	P2031=Карьера	P136=Направление	P166=Награды	P345=IMDb	P109=Автограф	P1559	P18	P373
08-27 09:48:20.647  2964  3004 I BenchmarkBridge: [FIELDS] a=29	card=11	title=Момо (блюдо)	labels=P8431=Тип блюда	P1071=Регион	P61=Автор	P186=Основные	Возможные	P460=В других кухнях	P1705	P18	P527	P2012	P373
08-27 09:48:20.699  2964  3004 I BenchmarkBridge: [FIELDS] a=30	card=17	title=Гаджибеков, Узеир Абдул-Гусейн оглы	labels=P1477=Имя при рождении	P569=Дата рождения	P19=Место рождения	P570=Дата смерти	P20=Место смерти	P119=Похоронен	P27=Страна	P106=Профессии	P2031=Годы активности	P136=Жанры	P166=Награды	P1559	P18	P2032	P109	P856	P373
08-27 09:48:20.711  2964  3004 I BenchmarkBridge: [FIELDS] a=31	card=13	title=Юсте, Даниэль	labels=P1559=Полное имя	P27=Гражданство	P569=Дата рождения	P19=Место рождения	P570=Дата смерти	P20=Место смерти	P2048=Рост	P106=Специализация	Средиземноморские игры	Серебро	P18	P1532	P641
08-27 09:48:20.721  2964  3004 I BenchmarkBridge: [FIELDS] a=32	card=11	title=W&W	labels=P136=Жанры	Годы	P495=Страна	P740=Место создания	P264=Лейблы	Состав	Связанные проекты	P154	P18	P856	P373
08-27 09:48:20.733  2964  3004 I BenchmarkBridge: [FIELDS] a=33	card=8	title=Каспийско-Кавказский фронт	labels=Годы существования	P17=Страна	P361=Входит в	Тип	P276=Дислокация	P607=Участие в	Известные командиры	P18
08-27 09:48:20.738  2964  3004 I BenchmarkBridge: [FIELDS] a=34	card=0	title=274 км	labels=
08-27 09:48:20.746  2964  3004 I BenchmarkBridge: [FIELDS] a=35	card=10	title=Национальный парк восточной части Финского залива	labels=P2046=Площадь	P571=Дата основания	P1174=Посещаемость	Управляющая организация	P17=Страна	P18	P814	P625	P856	P373
08-27 09:48:20.754  2964  3004 I BenchmarkBridge: [FIELDS] a=36	card=11	title=Формигаш (Азорские острова)	labels=P2046=Площадь	Наивысшая точка	P1082=Население	Архипелаг	Акватория	P17=Страна	Регион	Район	P18	P625	P373
08-27 09:48:20.777  2964  3004 I BenchmarkBridge: [FIELDS] a=37	card=20	title=Кастельо-де-Фарфанья	labels=P17=Страна	Автономное сообщество	Провинция	Район	P6[!P582]=Мэр	P2046=Площадь	P2044=Высота	P421=Часовой пояс	Население	Название жителей	P37=Официальный язык	P281=Почтовый индекс	P395=Автомобильный код	P1705	P1448	P18	P94	P237	P856	P373
08-27 09:48:20.783  2964  3004 I BenchmarkBridge: [FIELDS] a=38	card=0	title=Егорлык (значения)	labels=
08-27 09:48:20.803  2964  3004 I BenchmarkBridge: [FIELDS] a=39	card=18	title=Брийак	labels=P17=Страна	Регион	Департамент	Кантон	P6=Мэр	P2046=Площадь	P2044=Высота центра	P421=Часовой пояс	P1082=Население	Плотность	P281=Почтовый индекс	P374=Код INSEE	P1705	P1448	P18	P625	P856	P373
08-27 09:48:20.812  2964  3004 I BenchmarkBridge: [FIELDS] a=40	card=8	title=Реформатская пресвитерианская церковь Уганды	labels=P571=Основание	Религия	Течение	Идеология	P17=Страны	Штаб-квартира	P856=Веб-сайты	P1705
08-27 09:48:20.826  2964  3004 I BenchmarkBridge: [FIELDS] a=41	card=14	title=Партия скрещённых стрел	labels=P488=Лидер	P571=Основана	P576=Упразднена	P17=Страна	P159=Штаб-квартира	P1142=Идеология	Союзники и блоки	P2124=Количество членов	Девиз	Гимн	P1705	P154	P41	P373
08-27 09:48:20.833  2964  3004 I BenchmarkBridge: [FIELDS] a=42	card=10	title=Глубокая Щель	labels=P17=Страна	Город	Административный округ города	Административный район города	P1249=Первое упоминание	Прежний статус	Год включения в черту города	P281=Почтовые индексы	P473=Телефонные коды	P625
08-27 09:48:20.840  2964  3004 I BenchmarkBridge: [FIELDS] a=43	card=0	title=Динамическая метеорология	labels=
08-27 09:48:20.855  2964  3004 I BenchmarkBridge: [FIELDS] a=44	card=14	title=Пады (Ленинский сельсовет)	labels=P17=Страна	Субъект Федерации	Муниципальный район	Сельское поселение	P1249=Первое упоминание	P2044=Высота центра	P421=Часовой пояс	P1082=Население	Название жителей	P281=Почтовый индекс	P721=Код ОКАТО	P764=Код ОКТМО	P1397=Номер в ГКГН	P625
08-27 09:48:20.871  2964  3004 I BenchmarkBridge: [FIELDS] a=45	card=16	title=BYD e6	labels=P176=Производитель	Годы производства	Класс	Платформа	Компоновка	Колёсная формула	P2043=Длина	P2049=Ширина	P2048=Высота	P3039=Колёсная база	Связанные	Сегмент	Дизайнер	P18	P516	P373
08-27 09:48:20.882  2964  3004 I BenchmarkBridge: [FIELDS] a=46	card=17	title=Джермантаун (Теннесси)	labels=P17=Страна	Штат	Округ	P6[!P582]=Глава	P571=Основан	P2046=Площадь	P2044=Высота центра	P421=Часовой пояс	Население	Телефонный код	P281=Почтовый индекс	P590=GNIS	P1705	P1448	P18	P856	P373
08-27 09:48:20.888  2964  3004 I BenchmarkBridge: [FIELDS] a=47	card=0	title=Пеура	labels=
08-27 09:48:20.895  2964  3004 I BenchmarkBridge: [FIELDS] a=48	card=12	title=Чарли Браво (фильм)	labels=P136=Жанры	P57=Режиссёр	P58=Автор сценария	P161=В главных ролях	P344=Оператор	P86=Композитор	P2047=Длительность	P495=Страна	Год	P345=IMDb	P1476	P18
08-27 09:48:20.908  2964  3004 I BenchmarkBridge: [FIELDS] a=49	card=13	title=Майский, Дмитрий Васильевич	labels=P569=Дата рождения	P19=Место рождения	P570=Дата смерти	P20=Место смерти	P106=Род деятельности	Принадлежность	P241=Род войск	Годы службы	P410=Звание	P607=Сражения/войны	P166=Награды и премии	P18	P373
08-27 09:48:20.920  2964  3004 I BenchmarkBridge: [FIELDS] a=50	card=16	title=Хеннеберг (Тюрингия)	labels=P17=Страна	Земля	Район	Город	Район общины с	P2046=Площадь	P421=Часовой пояс	Население	Телефонный код	P281=Почтовый индекс	P1705	P1448[LANGUAGE!:RU]	P18	P94	P856	P373
