огия) | Океан (фильм, 2008)
2026-08-25 23:39:06.177 I/BenchmarkBridge: [PROBE] done
2026-08-25 23:39:07.237 I/BenchmarkBridge: [PROBE] q=перечисли произведения Достоевского
2026-08-25 23:39:07.238 I/BenchmarkBridge: [PROBE] fast=miss ms=0
2026-08-25 23:39:07.239 I/RagPromptBuilder: Query: 'перечисли произведения Достоевского' -> ZIM keywords: 'произведения достоевского'
2026-08-25 23:39:07.260 I/RagPromptBuilder: List-intent: no title probes for entity='Достоевского' role='null'
2026-08-25 23:39:07.408 I/GraphWalker: walk: 0 wikilinks in 'Достоевского,_переулок' (depth=0)
2026-08-25 23:39:07.408 I/GraphWalker: walk seed=Достоевского,_переулок props=[P6, P1365, P1366, P39, P166, P26, P40, P22, P25, P3373, P50, P175, P800, P184, P802, P57, P58, P162, P36, P159, P127, P112] → 0 nodes
2026-08-25 23:39:07.409 I/RagPromptBuilder: Walker probes (entity='Достоевского', props=22): Достоевского, переулок
2026-08-25 23:39:07.414 I/EntityTitleProbe: Title probes (12 lookups): Достоевский, Фёдор Михайлович(1070)
2026-08-25 23:39:07.443 I/ZimSearcher: search('произведения достоевского') estimated=4000
2026-08-25 23:39:07.833 I/ZimSearcher: search('произведения') estimated=125279
2026-08-25 23:39:08.235 I/RagPromptBuilder: Entity merge 'произведения': +20 candidates
2026-08-25 23:39:08.237 I/RagPromptBuilder: RAG: 'перечисли произведения Достоевского' candidates=42
2026-08-25 23:39:08.237 I/RagPromptBuilder: Top hits: Достоевский, Фёдор Михайлович(s=1070)[Достоевский,_Фёдор_Михайлович] | Достоевского, переулок(s=950)[Достоевского,_переулок] | Произведения векторов(s=99)[Произведения_векторов] | Экранизации произведений Фёдора Достоевского(s=100)[Экранизации_произведений_Фёдора_Достоевского] | Украденные произведения искусства(s=99)[Украденные_произведения_искусства]
2026-08-25 23:39:08.238 I/BenchmarkBridge: [PROBE] cand=42 ms=1000 titles=Достоевский, Фёдор Михайлович | Достоевского, переулок | Произведения векторов | Экранизации произведений Фёдора Достоевского | Украденные произведения искусства | Атрибуция произведения | Авторское право на служебные произведения | Двойник (повесть Достоевского) | Реализм Достоевского | Романист (замысел Достоевского) | Атеизм (замысел Достоевского) | Неосуществлённые замыслы Достоевского | Оценка творчества Достоевского современниками | Свободное использование произведений | Прямое произведение | Тип-произведение | Аудиовизуальное произведение | Скалярное произведение | Прямое произведение групп | Векторное произведение
2026-08-25 23:39:08.238 I/BenchmarkBridge: [PROBE] done
2026-08-25 23:39:10.358 I/BenchmarkBridge: [PROBE] q=перечисли спутники Юпитера
2026-08-25 23:39:10.358 I/BenchmarkBridge: [PROBE] fast=miss ms=0
2026-08-25 23:39:10.359 I/RagPromptBuilder: Query: 'перечисли спутники Юпитера' -> ZIM keywords: 'спутники юпитера'
2026-08-25 23:39:10.378 I/RagPromptBuilder: List-intent: no title probes for entity='Юпитера' role='null'
2026-08-25 23:39:10.490 I/GraphWalker: walk: 0 wikilinks in 'Атмосфера_Юпитера' (depth=0)
2026-08-25 23:39:10.491 I/GraphWalker: walk seed=Атмосфера_Юпитера props=[P6, P1365, P1366, P39, P166, P26, P40, P22, P25, P3373, P50, P175, P800, P184, P802, P57, P58, P162, P36, P159, P127, P112] → 0 nodes
2026-08-25 23:39:10.491 I/RagPromptBuilder: Walker probes (entity='Юпитера', props=22): Атмосфера Юпитера
2026-08-25 23:39:10.497 I/EntityTitleProbe: Title probes (10 lookups): Юпитер(1070), Спутники Юпитера(890)
2026-08-25 23:39:10.528 I/ZimSearcher: search('спутники юпитера') estimated=5000
2026-08-25 23:39:10.939 I/ZimSearcher: search('спутники') estimated=28047
2026-08-25 23:39:11.210 I/RagPromptBuilder: Entity merge 'спутники': +20 candidates
2026-08-25 23:39:11.211 I/RagPromptBuilder: RAG: 'перечисли спутники Юпитера' candidates=41
2026-08-25 23:39:11.211 I/RagPromptBuilder: Top hits: Юпитер(s=1070)[Юпитер] | Атмосфера Юпитера(s=950)[Атмосфера_Юпитера] | Спутники Юпитера(s=890)[Спутники_Юпитера] | Спутники Урана(s=99)[Спутники_Урана] | Спутники в Солнечной системе(s=99)[Спутники_в_Солнечной_системе]
2026-08-25 23:39:11.211 I/BenchmarkBridge: [PROBE] cand=41 ms=852 titles=Юпитер | Атмосфера Юпитера | Спутники Юпитера | Спутники Урана | Спутники в Солнечной системе | Колонизация спутников Юпитера | Внутренние спутники Юпитера | Галилеевы спутники | Спутник Юпитера | Исследование Юпитера межпланетными аппаратами | Троянские астероиды Юпитера | Спутник | Внутренний спутник | Спутник-1 | Портал:Космонавтика/События дня/февраль | Портал:Космонавтика/События дня/декабрь | Портал:Космонавтика/События дня/июнь | Портал:Космонавтика/События дня/апрель | Портал:Космонавтика/События дня/март | Портал:Космонавтика/События дня/октябрь
2026-08-25 23:39:11.211 I/BenchmarkBridge: [PROBE] done
2026-08-25 23:39:13.475 I/BenchmarkBridge: [PROBE] q=кто был предшественником нынешнего мэра Тольятти
2026-08-25 23:39:13.476 I/BenchmarkBridge: [PROBE] fast=miss ms=0
2026-08-25 23:39:13.476 I/RagPromptBuilder: Query: 'кто был предшественником нынешнего мэра Тольятти' -> ZIM keywords: 'предшественником нынешнего мэра тольятти'
2026-08-25 23:39:13.552 I/GraphWalker: walk seed=Тольятти props=[P6, P1365, P1366] → 4 nodes
2026-08-25 23:39:13.552 I/RagPromptBuilder: Walker probes (entity='Тольятти', props=3): Тольятти, Илья Геннадьевич Сухих, Николай Ренц, Сергей Анташев, Сергей Андреев
2026-08-25 23:39:13.561 I/EntityTitleProbe: Title probes (16 lookups): Тольятти(1070)
2026-08-25 23:39:13.569 I/ZimSearcher: search('предшественником нынешнего мэра тольятти') estimated=5
2026-08-25 23:39:13.977 I/ZimSearcher: search('предшественником') estimated=92922
2026-08-25 23:39:14.279 I/RagPromptBuilder: Entity merge 'предшественником': +20 candidates
2026-08-25 23:39:14.281 I/RagPromptBuilder: RAG: 'кто был предшественником нынешнего мэра Тольятти' candidates=30
2026-08-25 23:39:14.281 I/RagPromptBuilder: Top hits: Тольятти(s=1000)[Тольятти] | Илья Геннадьевич Сухих(s=899)[Сухих,_Илья_Геннадьевич] | Николай Ренц(s=898)[Ренц,_Николай_Альфредович] | Сергей Анташев(s=897)[Анташев,_Сергей_Александрович] | Сергей Андреев(s=896)[Андреев,_Сергей_Игоревич]
2026-08-25 23:39:14.281 I/BenchmarkBridge: [PROBE] cand=30 ms=805 titles=Тольятти | Илья Геннадьевич Сухих | Николай Ренц | Сергей Анташев | Сергей Андреев | Воронежский трамвай | Человек-предшественник | Кумундурос, Александрос | Вогт, Йёрген Херман | Предшественник бета-амилоида | Петерсен, Ханс Кристиан | Процесс ста девяноста трёх | Сибберн, Валентин Кристиан Вильгельм | Хольст, Пал Кристиан | Мёинишен, Эрик Рёринг | Предшественник белка | Крог, Николаи Йохан Лохманн | Истурис, Франсиско Хавьер де | Фаттори, Доменико | Ланг, Жак
2026-08-25 23:39:14.282 I/BenchmarkBridge: [PROBE] done
2026-08-25 23:39:16.584 I/BenchmarkBridge: [PROBE] q=в каком регионе находится город где родился Гагарин
2026-08-25 23:39:16.585 I/FactoidAnswerer: Factoid candidate: label='Место рождения' entity='Гагарин'
2026-08-25 23:39:16.630 I/FactoidAnswerer: Factoid HIT: Место рождения = 'деревня Клушино, Гжатский район, Западная область, РСФСР, СССР' (Гагарин)
2026-08-25 23:39:16.630 I/BenchmarkBridge: [PROBE] fast=hit ms=45 article=Гагарин field=Место рождения value=деревня Клушино, Гжатский район, Западная область, РСФСР, СССР
2026-08-25 23:39:16.630 I/RagPromptBuilder: Query: 'в каком регионе находится город где родился Гагарин' -> ZIM keywords: 'каком регионе находится город родился гагарин'
2026-08-25 23:39:16.660 I/GraphWalker: walk seed=Гагарин,_Юрий_Алексеевич props=[P6, P1365, P1366, P39, P166, P26, P40, P22, P25, P3373, P50, P175, P800, P184, P802, P57, P58, P162, P36, P159, P127, P112] → 6 nodes
2026-08-25 23:39:16.660 I/RagPromptBuilder: Walker probes (entity='Гагарин', props=22): Гагарин, Юрий Алексеевич, Герой Советского Союза, Орден Ленина, Юбилейная медаль «Двадцать лет Победы в Великой Отечественной войне 1941—1945 гг.», Медаль «За освоение целинных земель», Юбилейная медаль «40 лет Вооружённых Сил СССР», Юбилейная медаль «50 лет Вооружённых Сил СССР»
2026-08-25 23:39:16.678 I/EntityTitleProbe: Title probes (23 lookups): Гагарин, Юрий Алексеевич(1070), Регион(1020), Город(1020)
2026-08-25 23:39:16.722 I/ZimSearcher: search('каком регионе находится город родился гагарин') estimated=400
2026-08-25 23:39:17.322 I/ZimSearcher: search('находится') estimated=505230
2026-08-25 23:39:17.693 I/RagPromptBuilder: Entity merge 'находится': +20 candidates
2026-08-25 23:39:17.696 I/RagPromptBuilder: RAG: 'в каком регионе находится город где родился Гагарин' candidates=49
2026-08-25 23:39:17.697 I/RagPromptBuilder: Top hits: Город(s=1020)[Город] | Гагарин, Юрий Алексеевич(s=1000)[Гагарин,_Юрий_Алексеевич] | Регион(s=1020)[Регион] | Орден Ленина(s=899)[Орден_Ленина] | Герой Советского Союза(s=899)[Герой_Советского_Союза]
2026-08-25 23:39:17.697 I/BenchmarkBridge: [PROBE] cand=49 ms=1067 titles=Город | Гагарин, Юрий Алексеевич | Регион | Орден Ленина | Герой Советского Союза | Медаль «За освоение целинных земель» | Юбилейная медаль «40 лет Вооружённых Сил СССР» | Юбилейная медаль «50 лет Вооружённых Сил СССР» | Юбилейная медаль «Двадцать лет Победы в Великой Отечественной войне 1941—1945 гг.» | Гагарин (Смоленская область) | Улица Гагарина (Томск) | Где находится нофелет? | Наход (Новгородская область) | Наход | Виллер | Битва при Находе | Озёра Уфы | Уличная скульптура в Элисте | Замок Скалы (Наход) | Покеткуб
2026-08-25 23:39:17.697 I/BenchmarkBridge: [PROBE] done
2026-08-25 23:39:19.696 I/BenchmarkBridge: [PROBE] q=сравни население Москвы и Санкт-Петербурга
2026-08-25 23:39:19.696 I/BenchmarkBridge: [PROBE] fast=miss ms=1
2026-08-25 23:39:19.697 I/RagPromptBuilder: Query: 'сравни население Москвы и Санкт-Петербурга' -> ZIM keywords: 'сравни население москвы санкт петербурга'
2026-08-25 23:39:20.677 I/GraphWalker: walk: 0 wikilinks in 'Генплан_Петербурга' (depth=0)
2026-08-25 23:39:20.677 I/GraphWalker: walk seed=Генплан_Петербурга props=[P6, P1365, P1366, P39, P166, P26, P40, P22, P25, P3373, P50, P175, P800, P184, P802, P57, P58, P162, P36, P159, P127, P112] → 0 nodes
2026-08-25 23:39:20.677 I/RagPromptBuilder: Walker probes (entity='Петербурга', props=22): Генплан Петербурга
2026-08-25 23:39:20.689 I/EntityTitleProbe: Title probes (23 lookups): Москва(1070), Санкт-Петербург(1070), Население Москвы(890)
2026-08-25 23:39:20.711 I/ZimSearcher: search('сравни население москвы санкт петербурга') estimated=300
2026-08-25 23:39:21.059 I/ZimSearcher: search('петербурга') estimated=115995
2026-08-25 23:39:21.363 I/RagPromptBuilder: Entity merge 'петербурга': +18 candidates
2026-08-25 23:39:21.366 I/RagPromptBuilder: RAG: 'сравни население Москвы и Санкт-Петербурга' candidates=42
2026-08-25 23:39:21.366 I/RagPromptBuilder: Top hits: Санкт-Петербург(s=1070)[Санкт-Петербург] | Москва(s=1070)[Москва] | Генплан Петербурга(s=950)[Генплан_Петербурга] | Население Москвы(s=890)[Население_Москвы] | Санкт-Петербург (телерадиокомпания)(s=99)[Санкт-Петербург_(телерадиокомпания)]
2026-08-25 23:39:21.366 I/BenchmarkBridge: [PROBE] cand=42 ms=1669 titles=Санкт-Петербург | Москва | Генплан Петербурга | Население Москвы | Санкт-Петербург (телерадиокомпания) | Санкт-Петербург-Витебский регион Октябрьской железной дороги | Экономика Санкт-Петербурга | Награды Санкт-Петербурга | Библиотеки Санкт-Петербурга | Уставный суд Санкт-Петербурга | Губернатор Санкт-Петербурга | Органы власти Санкт-Петербурга | Флаг Санкт-Петербурга | Экология Санкт-Петербурга | Почётный гражданин Санкт-Петербурга | Законодательное собрание Санкт-Петербурга | Матчи сборной Санкт-Петербурга по футболу (1913) | Матчи сборной Санкт-Петербурга по футболу (1902—1907) | Матчи сборной Санкт-Петербурга по футболу (1914) | Программа сохранения и развития исторического центра Санкт-Петербурга
2026-08-25 23:39:21.366 I/BenchmarkBridge: [PROBE] done
2026-08-25 23:39:22.810 I/BenchmarkBridge: [PROBE] q=почему Байкал самое глубокое озеро
2026-08-25 23:39:22.811 I/BenchmarkBridge: [PROBE] fast=miss ms=0
2026-08-25 23:39:22.811 I/RagPromptBuilder: Query: 'почему Байкал самое глубокое озеро' -> ZIM keywords: 'байкал самое глубокое озеро'
2026-08-25 23:39:22.850 I/GraphWalker: walk: 0 wikilinks in 'Байкал' (depth=0)
2026-08-25 23:39:22.850 I/GraphWalker: walk seed=Байкал props=[P6, P1365, P1366, P39, P166, P26, P40, P22, P25, P3373, P50, P175, P800, P184, P802, P57, P58, P162, P36, P159, P127, P112] → 0 nodes
2026-08-25 23:39:22.850 I/RagPromptBuilder: Walker probes (entity='Байкал', props=22): Байкал
2026-08-25 23:39:22.865 I/EntityTitleProbe: Title probes (25 lookups): Байкал(1070), Глубокое озеро(1040), Самоа(1020), Само(1020)
2026-08-25 23:39:22.879 I/ZimSearcher: search('байкал самое глубокое озеро') estimated=200
2026-08-25 23:39:23.241 I/ZimSearcher: search('глубокое') estimated=52854
2026-08-25 23:39:23.564 I/RagPromptBuilder: Entity merge 'глубокое': +19 candidates
2026-08-25 23:39:23.569 I/RagPromptBuilder: RAG: 'почему Байкал самое глубокое озеро' candidates=41
2026-08-25 23:39:23.569 I/RagPromptBuilder: Top hits: Байкал(s=1000)[Байкал] | Глубокое озеро(s=1040)[Глубокое_озеро] | Самоа(s=1020)[Самоа] | Само(s=1020)[Само] | Глубокое(s=100)[Глубокое]
2026-08-25 23:39:23.569 I/BenchmarkBridge: [PROBE] cand=41 ms=759 titles=Байкал | Глубокое озеро | Самоа | Само | Глубокое | Глубокое (город) | Глубокое обучение | Глубокое (Алтайский край) | Глубокое синее море (фильм, 1999) | Глубокое синее море 2 | Глубокое (Лужский район) | Глубокое (Опочецкий район) | Байкальская горная страна | Хронология озера Байкал | Сарма (река, впадает в Байкал) | (2776) Байкал | Глубокий | Хубсугул | Впадины континентов | Глубокая
2026-08-25 23:39:23.570 I/BenchmarkBridge: [PROBE] done
2026-08-25 23:39:25.916 I/BenchmarkBridge: [PROBE] q=как связаны Менделеев и периодическая таблица
2026-08-25 23:39:25.917 I/BenchmarkBridge: [PROBE] fast=miss ms=0
2026-08-25 23:39:25.917 I/RagPromptBuilder: Query: 'как связаны Менделеев и периодическая таблица' -> ZIM keywords: 'связаны менделеев периодическая таблица'
2026-08-25 23:39:25.964 I/GraphWalker: walk seed=Менделеев,_Дмитрий_Иванович props=[P6, P1365, P1366, P39, P166, P26, P40, P22, P25, P3373, P50, P175, P800, P184, P802, P57, P58, P162, P36, P159, P127, P112] → 6 nodes
2026-08-25 23:39:25.964 I/RagPromptBuilder: Walker probes (entity='Менделеев', props=22): Менделеев, Дмитрий Иванович, Орден Святого Владимира, Кавалер ордена Святого Александра Невского, Орден Белого орла (Российская империя), Орден Святой Анны I степени, Орден Святого Станислава (Российская империя), Орден Святой Анны II степени
2026-08-25 23:39:25.974 I/EntityTitleProbe: Title probes (14 lookups): Менделеев, Дмитрий Иванович(1070), Периодическая система химических элементов(1040), Таблица(1020), Таблиц, Богуслав(1020)
2026-08-25 23:39:25.984 I/ZimSearcher: search('связаны менделеев периодическая таблица') estimated=60
2026-08-25 23:39:26.375 I/ZimSearcher: search('периодическая') estimated=24960
2026-08-25 23:39:26.732 I/RagPromptBuilder: Entity merge 'периодическая': +18 candidates
2026-08-25 23:39:26.735 I/RagPromptBuilder: RAG: 'как связаны Менделеев и периодическая таблица' candidates=46
2026-08-25 23:39:26.735 I/RagPromptBuilder: Top hits: Таблица(s=1020)[Таблица] | Периодическая система химических элементов(s=1040)[Периодическая_система_химических_элементов] | Менделеев, Дмитрий Иванович(s=1000)[Менделеев,_Дмитрий_Иванович] | Таблиц, Богуслав(s=1020)[Таблиц,_Богуслав] | Орден Святого Владимира(s=899)[Орден_Святого_Владимира]
2026-08-25 23:39:26.736 I/BenchmarkBridge: [PROBE] cand=46 ms=819 titles=Таблица | Периодическая система химических элементов | Менделеев, Дмитрий Иванович | Таблиц, Богуслав | Орден Святого Владимира | Орден Белого орла (Российская империя) | Орден Святой Анны I степени | Орден Святой Анны II степени | Кавалер ордена Святого Александра Невского | Орден Святого Станислава (Российская империя) | Периодическая болезнь | Периодическая последовательность | Периодическая группа | Периодическая функция | Историческая еврейская периодическая печать | Почти периодическая функция | Трижды периодическая минимальная поверхность | Периодический закон | Менделеевские съезды | Периодическое издание
2026-08-25 23:39:26.736 I/BenchmarkBridge: [PROBE] done
2026-08-25 23:39:46.343 I/BenchmarkBridge: [PROBE] q=кто мэр Москвы
2026-08-25 23:39:46.344 I/FactoidAnswerer: Factoid candidate: label='Глава/мэр' entity='Москвы'
2026-08-25 23:39:47.308 I/FactoidAnswerer: Factoid HIT: Глава/мэр = 'Сергей Собянин' (Москва)
2026-08-25 23:39:47.308 I/BenchmarkBridge: [PROBE] fast=hit ms=964 article=Москва field=Глава/мэр value=Сергей Собянин
2026-08-25 23:39:47.308 I/RagPromptBuilder: Query: 'кто мэр Москвы' -> ZIM keywords: 'мэр москвы'
2026-08-25 23:39:47.506 I/GraphWalker: walk: 0 wikilinks in 'Москвы_имени_канал' (depth=0)
2026-08-25 23:39:47.507 I/GraphWalker: walk seed=Москвы_имени_канал props=[P6, P1365, P1366] → 0 nodes
2026-08-25 23:39:47.507 I/RagPromptBuilder: Walker probes (entity='Москвы', props=3): Москвы имени канал
2026-08-25 23:39:47.509 I/EntityTitleProbe: Title probes (6 lookups): Москва(1070), Мэр Москвы(890)
2026-08-25 23:39:47.556 I/ZimSearcher: search('мэр москвы') estimated=20000
2026-08-25 23:39:48.071 I/ZimSearcher: search('москвы') estimated=410811
2026-08-25 23:39:48.621 I/RagPromptBuilder: Entity merge 'москвы': +20 candidates
2026-08-25 23:39:48.622 I/RagPromptBuilder: RAG: 'кто мэр Москвы' candidates=42
2026-08-25 23:39:48.622 I/RagPromptBuilder: Top hits: Москва(s=1070)[Москва] | Москвы имени канал(s=950)[Москвы_имени_канал] | Мэр Москвы(s=890)[Мэр_Москвы] | Здание мэрии Москвы(s=99)[Здание_мэрии_Москвы] | Выборы мэра Москвы (2018)(s=99)[Выборы_мэра_Москвы_(2018)]
2026-08-25 23:39:48.623 I/BenchmarkBridge: [PROBE] cand=42 ms=1315 titles=Москва | Москвы имени канал | Мэр Москвы | Здание мэрии Москвы | Выборы мэра Москвы (2018) | Выборы мэра Москвы (2013) | Выборы мэра Москвы (1999) | Выборы мэра Москвы (2023) | Выборы мэра Москвы (1991) | Выборы мэра Москвы (1996) | Кубок мэра Москвы по хоккею | Правительство Москвы | Выборы мэра Москвы (2003) | Устав города Москвы | Выборы мэра Москвы | Награды Москвы | Градоначальники Москвы | ФК «Спартак» Москва в сезоне 1935 | Москва (значения) | ФК «Спартак» Москва в сезоне 1940
2026-08-25 23:39:48.623 I/BenchmarkBridge: [PROBE] done
2026-08-25 23:40:10.804 I/BenchmarkBridge: [PROBE] q=PROBE-RUN-1787690401
2026-08-25 23:40:10.805 I/BenchmarkBridge: [PROBE] fast=miss ms=0
2026-08-25 23:40:10.806 I/RagPromptBuilder: Query: 'PROBE-RUN-1787690401' -> ZIM keywords: 'probe run 1787690401'
2026-08-25 23:40:10.838 I/GraphWalker: walk: 0 wikilinks in 'Probe_16' (depth=0)
2026-08-25 23:40:10.839 I/GraphWalker: walk seed=Probe_16 props=[P6, P1365, P1366, P39, P166, P26, P40, P22, P25, P3373, P50, P175, P800, P184, P802, P57, P58, P162, P36, P159, P127, P112] → 0 nodes
2026-08-25 23:40:10.839 I/RagPromptBuilder: Walker probes (entity='PROBE', props=22): Probe 16
2026-08-25 23:40:10.854 I/ZimSearcher: search('probe run 1787690401') estimated=0
2026-08-25 23:40:10.855 I/ZimSearcher: search('1787690401') estimated=0
2026-08-25 23:40:10.855 I/RagPromptBuilder: RAG: 'PROBE-RUN-1787690401' candidates=1
2026-08-25 23:40:10.855 I/RagPromptBuilder: Top hits: Probe 16(s=950)[Probe_16]
2026-08-25 23:40:10.856 I/BenchmarkBridge: [PROBE] cand=1 ms=50 titles=Probe 16
2026-08-25 23:40:10.856 I/BenchmarkBridge: [PROBE] done
2026-08-25 23:40:13.954 I/BenchmarkBridge: [PROBE] q=кто мэр Тольятти
2026-08-25 23:40:13.955 I/FactoidAnswerer: Factoid candidate: label='Глава/мэр' entity='Тольятти'
2026-08-25 23:40:14.007 I/FactoidAnswerer: Factoid HIT: Глава/мэр = 'Илья Геннадьевич Сухих' (Тольятти)
2026-08-25 23:40:14.008 I/BenchmarkBridge: [PROBE] fast=hit ms=53 article=Тольятти field=Глава/мэр value=Илья Геннадьевич Сухих
2026-08-25 23:40:14.008 I/RagPromptBuilder: Query: 'кто мэр Тольятти' -> ZIM keywords: 'мэр тольятти'
2026-08-25 23:40:14.062 I/GraphWalker: walk seed=Тольятти props=[P6, P1365, P1366] → 4 nodes
2026-08-25 23:40:14.062 I/RagPromptBuilder: Walker probes (entity='Тольятти', props=3): Тольятти, Илья Геннадьевич Сухих, Николай Ренц, Сергей Анташев, Сергей Андреев
2026-08-25 23:40:14.064 I/EntityTitleProbe: Title probes (8 lookups): Тольятти(1070)
2026-08-25 23:40:14.071 I/ZimSearcher: search('мэр тольятти') estimated=700
2026-08-25 23:40:14.237 I/ZimSearcher: search('тольятти') estimated=5796
2026-08-25 23:40:14.577 I/RagPromptBuilder: Entity merge 'тольятти': +15 candidates
2026-08-25 23:40:14.578 I/RagPromptBuilder: RAG: 'кто мэр Тольятти' candidates=37
2026-08-25 23:40:14.578 I/RagPromptBuilder: Top hits: Тольятти(s=1000)[Тольятти] | Илья Геннадьевич Сухих(s=899)[Сухих,_Илья_Геннадьевич] | Николай Ренц(s=898)[Ренц,_Николай_Альфредович] | Сергей Анташев(s=897)[Анташев,_Сергей_Александрович] | Сергей Андреев(s=896)[Андреев,_Сергей_Игоревич]
2026-08-25 23:40:14.578 I/BenchmarkBridge: [PROBE] cand=37 ms=570 titles=Тольятти | Илья Геннадьевич Сухих | Николай Ренц | Сергей Анташев | Сергей Андреев | Тольятти 24 | Тольятти, Пальмиро | Тольятти (станция) | Тольятти (особая экономическая зона) | Тольяттинский театр кукол | Спорт в Тольятти | Памятники Тольятти | Лада-Тольятти | История Тольятти | Официальные символы Тольятти | Взрыв автобуса в Тольятти | Храмы Тольятти | Градоначальники Тольятти | ТОР «Тольятти» | Колесо (театр, Тольятти)
2026-08-25 23:40:14.578 I/BenchmarkBridge: [PROBE] done
2026-08-25 23:40:17.069 I/BenchmarkBridge: [PROBE] q=кто мэр Москвы
2026-08-25 23:40:17.070 I/FactoidAnswerer: Factoid candidate: label='Глава/мэр' entity='Москвы'
2026-08-25 23:40:17.306 I/FactoidAnswerer: Factoid HIT: Глава/мэр = 'Сергей Собянин' (Москва)
2026-08-25 23:40:17.307 I/BenchmarkBridge: [PROBE] fast=hit ms=237 article=Москва field=Глава/мэр value=Сергей Собянин
2026-08-25 23:40:17.307 I/RagPromptBuilder: Query: 'кто мэр Москвы' -> ZIM keywords: 'мэр москвы'
2026-08-25 23:40:17.500 I/GraphWalker: walk: 0 wikilinks in 'Москвы_имени_канал' (depth=0)
2026-08-25 23:40:17.501 I/GraphWalker: walk seed=Москвы_имени_канал props=[P6, P1365, P1366] → 0 nodes
2026-08-25 23:40:17.501 I/RagPromptBuilder: Walker probes (entity='Москвы', props=3): Москвы имени канал
2026-08-25 23:40:17.503 I/EntityTitleProbe: Title probes (6 lookups): Москва(1070), Мэр Москвы(890)
2026-08-25 23:40:17.551 I/ZimSearcher: search('мэр москвы') estimated=20000
2026-08-25 23:40:18.009 I/ZimSearcher: search('москвы') estimated=410811
2026-08-25 23:40:18.476 I/RagPromptBuilder: Entity merge 'москвы': +20 candidates
2026-08-25 23:40:18.477 I/RagPromptBuilder: RAG: 'кто мэр Москвы' candidates=42
2026-08-25 23:40:18.478 I/RagPromptBuilder: Top hits: Москва(s=1070)[Москва] | Москвы имени канал(s=950)[Москвы_имени_канал] | Мэр Москвы(s=890)[Мэр_Москвы] | Здание мэрии Москвы(s=99)[Здание_мэрии_Москвы] | Выборы мэра Москвы (2018)(s=99)[Выборы_мэра_Москвы_(2018)]
2026-08-25 23:40:18.478 I/BenchmarkBridge: [PROBE] cand=42 ms=1171 titles=Москва | Москвы имени канал | Мэр Москвы | Здание мэрии Москвы | Выборы мэра Москвы (2018) | Выборы мэра Москвы (2013) | Выборы мэра Москвы (1999) | Выборы мэра Москвы (2023) | Выборы мэра Москвы (1991) | Выборы мэра Москвы (1996) | Кубок мэра Москвы по хоккею | Правительство Москвы | Выборы мэра Москвы (2003) | Устав города Москвы | Выборы мэра Москвы | Награды Москвы | Градоначальники Москвы | ФК «Спартак» Москва в сезоне 1935 | Москва (значения) | ФК «Спартак» Москва в сезоне 1940
2026-08-25 23:40:18.478 I/BenchmarkBridge: [PROBE] done
2026-08-25 23:40:20.195 I/BenchmarkBridge: [PROBE] q=какое население Казани
2026-08-25 23:40:20.196 I/FactoidAnswerer: Factoid candidate: label='Население' entity='Казани'
2026-08-25 23:40:20.610 I/FactoidAnswerer: Factoid HIT: Население = '1 329 825 человек (2025)' (Казань)
2026-08-25 23:40:20.611 I/BenchmarkBridge: [PROBE] fast=hit ms=416 article=Казань field=Население value=1 329 825 человек (2025)
2026-08-25 23:40:20.611 I/RagPromptBuilder: Query: 'какое население Казани' -> ZIM keywords: 'какое население казани'
2026-08-25 23:40:20.717 I/GraphWalker: walk: 0 wikilinks in 'Архитектура_Казани' (depth=0)
2026-08-25 23:40:20.717 I/GraphWalker: walk seed=Архитектура_Казани props=[P6, P1365, P1366, P39, P166, P26, P40, P22, P25, P3373, P50, P175, P800, P184, P802, P57, P58, P162, P36, P159, P127, P112] → 0 nodes
2026-08-25 23:40:20.717 I/RagPromptBuilder: Walker probes (entity='Казани', props=22): Архитектура Казани
2026-08-25 23:40:20.721 I/EntityTitleProbe: Title probes (16 lookups): Казань(1070), Казана, Мариуш(1070), Население Казани(890)
2026-08-25 23:40:20.775 I/ZimSearcher: search('какое население казани') estimated=7000
2026-08-25 23:40:21.337 I/ZimSearcher: search('население') estimated=524115
2026-08-25 23:40:21.889 I/RagPromptBuilder: Entity merge 'население': +20 candidates
2026-08-25 23:40:21.890 I/RagPromptBuilder: RAG: 'какое население Казани' candidates=42
2026-08-25 23:40:21.890 I/RagPromptBuilder: Top hits: Казань(s=1070)[Казань] | Казана, Мариуш(s=1070)[Казана,_Мариуш] | Архитектура Казани(s=950)[Архитектура_Казани] | Население Казани(s=890)[Население_Казани] | Население(s=99)[Население]
2026-08-25 23:40:21.891 I/BenchmarkBridge: [PROBE] cand=42 ms=1280 titles=Казань | Казана, Мариуш | Архитектура Казани | Население Казани | Население | Население Тывы | Население Ингушетии | Население Перми | Население Мордовии | Население Севастополя | Население Ярославской области | Население Красноярского края | Население Алтайского края | Население Ставропольского края | Население Чукотского автономного округа | Население Курской области | Население Сахалинской области | Приволжский район (Казань) | Портал:Черноземье | География населения
2026-08-25 23:40:21.891 I/BenchmarkBridge: [PROBE] done
2026-08-25 23:40:23.324 I/BenchmarkBridge: [PROBE] q=какое население Екатеринбурга
2026-08-25 23:40:23.325 I/FactoidAnswerer: Factoid candidate: label='Население' entity='Екатеринбурга'
2026-08-25 23:40:23.450 I/FactoidAnswerer: Factoid HIT: Население = 'город: 1 548 187 (2025) городской округ: 1 592 493 человек (2025)' (Екатеринбург)
2026-08-25 23:40:23.450 I/BenchmarkBridge: [PROBE] fast=hit ms=126 article=Екатеринбург field=Население value=город: 1 548 187 (2025) городской округ: 1 592 493 человек (2025)
2026-08-25 23:40:23.451 I/RagPromptBuilder: Query: 'какое население Екатеринбурга' -> ZIM keywords: 'какое население екатеринбурга'
2026-08-25 23:40:23.568 I/GraphWalker: walk: 0 wikilinks in 'Проспект_Ленина_(Екатеринбург)' (depth=1)
2026-08-25 23:40:23.571 I/GraphWalker: walk seed=Администрация_Екатеринбурга props=[P6, P1365, P1366, P39, P166, P26, P40, P22, P25, P3373, P50, P175, P800, P184, P802, P57, P58, P162, P36, P159, P127, P112] → 6 nodes
2026-08-25 23:40:23.571 I/RagPromptBuilder: Walker probes (entity='Екатеринбурга', props=22): Администрация Екатеринбурга, Екатеринбург, Проспект Ленина, дом 24а, Алексей Орлов, Г. А. Голубев, М. В. Рейшер
2026-08-25 23:40:23.573 I/EntityTitleProbe: Title probes (8 lookups): Екатеринбург(1070), Население Екатеринбурга(890)
2026-08-25 23:40:23.619 I/ZimSearcher: search('какое население екатеринбурга') estimated=5000
2026-08-25 23:40:23.869 I/ZimSearcher: search('екатеринбурга') estimated=25419
2026-08-25 23:40:24.110 I/RagPromptBuilder: Entity merge 'екатеринбурга': +16 candidates
2026-08-25 23:40:24.112 I/RagPromptBuilder: RAG: 'какое население Екатеринбурга' candidates=43
2026-08-25 23:40:24.112 I/RagPromptBuilder: Top hits: Администрация Екатеринбурга(s=950)[Администрация_Екатеринбурга] | Население Екатеринбурга(s=890)[Население_Екатеринбурга] | Екатеринбург(s=899)[Екатеринбург] | Проспект Ленина(s=899)[Проспект_Ленина_(Екатеринбург)] | дом 24а(s=899)[Здание_Свердловского_городского_совета_народных_депутатов]
2026-08-25 23:40:24.112 I/BenchmarkBridge: [PROBE] cand=43 ms=661 titles=Администрация Екатеринбурга | Население Екатеринбурга | Екатеринбург | Проспект Ленина | дом 24а | Алексей Орлов | Г. А. Голубев | М. В. Рейшер | Главы Екатеринбурга | Экономика Екатеринбурга | История Екатеринбурга | Международные связи Екатеринбурга | Транспорт Екатеринбурга | Архитектура Екатеринбурга | Культура Екатеринбурга | Глава администрации города Екатеринбурга | Административно-территориальное деление Екатеринбурга | Глава Екатеринбурга | Газоснабжение Екатеринбурга | Железнодорожный район (Екатеринбург)
2026-08-25 23:40:24.112 I/BenchmarkBridge: [PROBE] done
2026-08-25 23:40:26.453 I/BenchmarkBridge: [PROBE] q=когда основан Новосибирск
2026-08-25 23:40:26.454 I/FactoidAnswerer: Factoid candidate: label='Основан' entity='Новосибирск'
2026-08-25 23:40:26.521 I/FactoidAnswerer: Factoid HIT: Основан = '1893 год' (Новосибирск)
2026-08-25 23:40:26.522 I/BenchmarkBridge: [PROBE] fast=hit ms=68 article=Новосибирск field=Основан value=1893 год
2026-08-25 23:40:26.522 I/RagPromptBuilder: Query: 'когда основан Новосибирск' -> ZIM keywords: 'основан новосибирск'
2026-08-25 23:40:26.590 I/GraphWalker: walk: 0 wikilinks in 'Благодарность_Президента_Российской_Федерации' (depth=2)
2026-08-25 23:40:26.601 I/GraphWalker: walk seed=Новосибирск props=[P6, P1365, P1366, P39, P166, P26, P40, P22, P25, P3373, P50, P175, P800, P184, P802, P57, P58, P162, P36, P159, P127, P112] → 6 nodes
2026-08-25 23:40:26.601 I/RagPromptBuilder: Walker probes (entity='Новосибирск', props=22): Новосибирск, Максим Кудрявцев, Благодарность Президента Российской Федерации, Анатолий Локоть, Олег Клемешов, Медаль «За возвращение Крыма», Почётная грамота Правительства Российской Федерации
2026-08-25 23:40:26.603 I/EntityTitleProbe: Title probes (2 lookups): Новосибирск(1070)
2026-08-25 23:40:26.656 I/ZimSearcher: search('основан новосибирск') estimated=9000
2026-08-25 23:40:26.829 I/ZimSearcher: search('новосибирск') estimated=37369
2026-08-25 23:40:27.082 I/RagPromptBuilder: Entity merge 'новосибирск': +19 candidates
2026-08-25 23:40:27.083 I/RagPromptBuilder: RAG: 'когда основан Новосибирск' candidates=46
2026-08-25 23:40:27.083 I/RagPromptBuilder: Top hits: Новосибирск(s=1000)[Новосибирск] | Максим Кудрявцев(s=899)[Кудрявцев,_Максим_Георгиевич] | Анатолий Локоть(s=898)[Локоть,_Анатолий_Евгеньевич] | Олег Клемешов(s=898)[Клемешов,_Олег_Петрович] | Благодарность Президента Российской Федерации(s=898)[Благодарность_Президента_Российской_Федерации]
2026-08-25 23:40:27.083 I/BenchmarkBridge: [PROBE] cand=46 ms=562 titles=Новосибирск | Максим Кудрявцев | Анатолий Локоть | Олег Клемешов | Благодарность Президента Российской Федерации | Медаль «За возвращение Крыма» | Почётная грамота Правительства Российской Федерации | Новосибирский метрополитен | Новосибирск (телерадиокомпания) | Новосибирский троллейбус | Новосибирская агломерация | Новосибирский трамвай | Новосибирский автобус | Новосибирский метромост | Новосибирская епархия | Новосибирский государственный художественный музей | Новосибирский автотранспортный колледж | Новосибирский радиотехнический колледж | Новосибирская (кондитерская фабрика) | Новосибирская картографическая фабрика
2026-08-25 23:40:27.084 I/BenchmarkBridge: [PROBE] done
2026-08-25 23:40:29.590 I/BenchmarkBridge: [PROBE] q=когда основан Владивосток
2026-08-25 23:40:29.591 I/FactoidAnswerer: Factoid candidate: label='Основан' entity='Владивосток'
2026-08-25 23:40:29.660 I/FactoidAnswerer: Factoid HIT: Основан = '1860 год' (Владивосток)
2026-08-25 23:40:29.660 I/BenchmarkBridge: [PROBE] fast=hit ms=69 article=Владивосток field=Основан value=1860 год
2026-08-25 23:40:29.661 I/RagPromptBuilder: Query: 'когда основан Владивосток' -> ZIM keywords: 'основан владивосток'
2026-08-25 23:40:29.731 I/GraphWalker: walk seed=Владивосток props=[P6, P1365, P1366, P39, P166, P26, P40, P22, P25, P3373, P50, P175, P800, P184, P802, P57, P58, P162, P36, P159, P127, P112] → 4 nodes
2026-08-25 23:40:29.731 I/RagPromptBuilder: Walker probes (entity='Владивосток', props=22): Владивосток, Константин Владимирович Шестаков, Олег Владимирович Гуменюк, Виталий Веркеенко, Игорь Пушкарёв
2026-08-25 23:40:29.733 I/EntityTitleProbe: Title probes (2 lookups): Владивосток(1070)
2026-08-25 23:40:29.756 I/ZimSearcher: search('основан владивосток') estimated=3000
2026-08-25 23:40:29.933 I/ZimSearcher: search('владивосток') estimated=15504
2026-08-25 23:40:30.167 I/RagPromptBuilder: Entity merge 'владивосток': +17 candidates
2026-08-25 23:40:30.168 I/RagPromptBuilder: RAG: 'когда основан Владивосток' candidates=42
2026-08-25 23:40:30.169 I/RagPromptBuilder: Top hits: Владивосток(s=1000)[Владивосток] | Константин Владимирович Шестаков(s=899)[Шестаков,_Константин_Владимирович] | Олег Владимирович Гуменюк(s=898)[Гуменюк,_Олег_Владимирович] | Виталий Веркеенко(s=897)[Веркеенко,_Виталий_Васильевич] | Игорь Пушкарёв(s=896)[Пушкарёв,_Игорь_Сергеевич]
2026-08-25 23:40:30.169 I/BenchmarkBridge: [PROBE] cand=42 ms=508 titles=Владивосток | Константин Владимирович Шестаков | Олег Владимирович Гуменюк | Виталий Веркеенко | Игорь Пушкарёв | Владивосток (станция) | Владивосток Авиа | Владивосток (аэропорт) | Владивосток (газета, 1883) | Владивостокские тигры | Владивосток (газета, 1911) | Герб Владивостока | Флаг Владивостока | Почётный гражданин Владивостока | История Владивостока | Архитектура Владивостока | Культура Владивостока | Экономика Владивостока | Свободный порт Владивосток | Памятники Владивостока
2026-08-25 23:40:30.169 I/BenchmarkBridge: [PROBE] done
2026-08-25 23:40:32.707 I/BenchmarkBridge: [PROBE] q=какая площадь Байкала
2026-08-25 23:40:32.709 I/FactoidAnswerer: Factoid candidate: label='Площадь' entity='Байкала'
2026-08-25 23:40:32.771 I/FactoidAnswerer: Factoid HIT: Площадь = '31 722 км²' (Байкал)
2026-08-25 23:40:32.771 I/BenchmarkBridge: [PROBE] fast=hit ms=63 article=Байкал field=Площадь value=31 722 км²
2026-08-25 23:40:32.772 I/RagPromptBuilder: Query: 'какая площадь Байкала' -> ZIM keywords: 'площадь байкала'
2026-08-25 23:40:32.787 I/GraphWalker: walk: 0 wikilinks in 'Ветры_Байкала' (depth=0)
2026-08-25 23:40:32.787 I/GraphWalker: walk seed=Ветры_Байкала props=[P6, P1365, P1366, P39, P166, P26, P40, P22, P25, P3373, P50, P175, P800, P184, P802, P57, P58, P162, P36, P159, P127, P112] → 0 nodes
2026-08-25 23:40:32.787 I/RagPromptBuilder: Walker probes (entity='Байкала', props=22): Ветры Байкала
2026-08-25 23:40:32.788 I/EntityTitleProbe: Title probes (4 lookups): Байкал(1070)
2026-08-25 23:40:32.806 I/ZimSearcher: search('площадь байкала') estimated=2000
2026-08-25 23:40:33.175 I/ZimSearcher: search('площадь') estimated=297695
2026-08-25 23:40:33.395 I/RagPromptBuilder: Entity merge 'площадь': +20 candidates
2026-08-25 23:40:33.396 I/RagPromptBuilder: RAG: 'какая площадь Байкала' candidates=41
2026-08-25 23:40:33.396 I/RagPromptBuilder: Top hits: Байкал(s=1070)[Байкал] | Ветры Байкала(s=950)[Ветры_Байкала] | Площадь Свободы(s=100)[Площадь_Свободы] | Площадь Ленина(s=99)[Площадь_Ленина] | Площадь Революции(s=99)[Площадь_Революции]
2026-08-25 23:40:33.396 I/BenchmarkBridge: [PROBE] cand=41 ms=624 titles=Байкал | Ветры Байкала | Площадь Свободы | Площадь Ленина | Площадь Революции | Площадь Победы | Площадь Героев | Площадь Независимости | Площадь Обороны (Екатеринбург) | Площадь Кирова (Екатеринбург) | Площадь Труда (Екатеринбург) | Площадь 1905 года (Екатеринбург) | Соборная площадь | Октябрьская площадь | Советская площадь | Берёзовская площадь | Дворцовая площадь | Привокзальная площадь | Сенная площадь (Санкт-Петербург) | Сенная площадь (Екатеринбург)
2026-08-25 23:40:33.396 I/BenchmarkBridge: [PROBE] done
2026-08-25 23:40:35.831 I/BenchmarkBridge: [PROBE] q=какая столица Японии
2026-08-25 23:40:35.833 I/FactoidAnswerer: Factoid candidate: label='Столица' entity='Японии'
2026-08-25 23:40:35.993 I/FactoidAnswerer: Factoid HIT: Столица = 'Токио' (Япония)
2026-08-25 23:40:35.993 I/BenchmarkBridge: [PROBE] fast=hit ms=161 article=Япония field=Столица value=Токио
2026-08-25 23:40:35.994 I/RagPromptBuilder: Query: 'какая столица Японии' -> ZIM keywords: 'столица японии'
2026-08-25 23:40:36.093 I/GraphWalker: walk: 0 wikilinks in 'Японий' (depth=0)
2026-08-25 23:40:36.093 I/GraphWalker: walk seed=Японий props=[P6, P1365, P1366] → 0 nodes
2026-08-25 23:40:36.093 I/RagPromptBuilder: Walker probes (entity='Японии', props=3): Японий
2026-08-25 23:40:36.096 I/EntityTitleProbe: Title probes (9 lookups): Япония(1070), Нихоний(1070), Токио(890)
2026-08-25 23:40:36.140 I/ZimSearcher: search('столица японии') estimated=10000
2026-08-25 23:40:36.583 I/ZimSearcher: search('столица') estimated=88669
2026-08-25 23:40:36.812 I/RagPromptBuilder: Entity merge 'столица': +20 candidates
2026-08-25 23:40:36.813 I/RagPromptBuilder: RAG: 'какая столица Японии' candidates=43
2026-08-25 23:40:36.813 I/RagPromptBuilder: Top hits: Япония(s=1070)[Япония] | Нихоний(s=1070)[Нихоний] | Японий(s=950)[Японий] | Токио(s=890)[Токио] | Столица(s=99)[Столица]
2026-08-25 23:40:36.813 I/BenchmarkBridge: [PROBE] cand=43 ms=820 titles=Япония | Нихоний | Японий | Токио | Столица | Столица (телеканал) | Столица Германии | Столица Республики Казахстан | Столица в огне | Столицы Японии | Третья столица России | Культурная столица Беларуси | Гетманская столица | Первая столица (телепрограмма) | ТОР «Столица Арктики» | Новая столица Египта | Транспорт в Японии | Список стран, где столица не является крупнейшим городом | Фестиваль Столица закатов (Нижний Новгород) | Нагаокакё (столица)
2026-08-25 23:40:36.813 I/BenchmarkBridge: [PROBE] done
2026-08-25 23:40:38.951 I/BenchmarkBridge: [PROBE] q=какая валюта в Бразилии
2026-08-25 23:40:38.952 I/FactoidAnswerer: Factoid candidate: label='Валюта' entity='Бразилии'
2026-08-25 23:40:39.068 I/FactoidAnswerer: Factoid HIT: Валюта = 'бразильский реал (код BRL, 986)' (Бразилия)
2026-08-25 23:40:39.068 I/BenchmarkBridge: [PROBE] fast=hit ms=116 article=Бразилия field=Валюта value=бразильский реал (код BRL, 986)
2026-08-25 23:40:39.068 I/RagPromptBuilder: Query: 'какая валюта в Бразилии' -> ZIM keywords: 'валюта бразилии'
2026-08-25 23:40:39.171 I/GraphWalker: walk seed=Авеню_Бразилии props=[P6, P1365, P1366, P39, P166, P26, P40, P22, P25, P3373, P50, P175, P800, P184, P802, P57, P58, P162, P36, P159, P127, P112] → 3 nodes
2026-08-25 23:40:39.171 I/RagPromptBuilder: Walker probes (entity='Бразилии', props=22): Авеню Бразилии, Спаси меня, Святой Георгий, Проспект Бразилии, Любовь к жизни
2026-08-25 23:40:39.175 I/EntityTitleProbe: Title probes (5 lookups): Бразилия(1070)
2026-08-25 23:40:39.190 I/ZimSearcher: search('валюта бразилии') estimated=2000
2026-08-25 23:40:39.410 I/ZimSearcher: search('бразилии') estimated=63140
2026-08-25 23:40:40.119 I/RagPromptBuilder: Entity merge 'бразилии': +19 candidates
2026-08-25 23:40:40.120 I/RagPromptBuilder: RAG: 'какая валюта в Бразилии' candidates=44
2026-08-25 23:40:40.120 I/RagPromptBuilder: Top hits: Бразилия(s=1070)[Бразилия] | Авеню Бразилии(s=950)[Авеню_Бразилии] | Проспект Бразилии(s=898)[Проспект_Бразилии] | Спаси меня, Святой Георгий(s=899)[Спаси_меня,_Святой_Георгий] | Любовь к жизни(s=898)[Любовь_к_жизни_(телесериал,_2013)]
2026-08-25 23:40:40.120 I/BenchmarkBridge: [PROBE] cand=44 ms=1052 titles=Бразилия | Авеню Бразилии | Проспект Бразилии | Спаси меня, Святой Георгий | Любовь к жизни | Чемпионат Бразилии по футболу 2018 (составы) | Экономика Бразилии | Список матчей сборной Бразилии по футболу (1960—1969) | Список матчей сборной Бразилии по футболу (1980—1989) | Список матчей сборной Бразилии по футболу (1970—1979) | Список матчей сборной Бразилии по футболу (1990—1999) | Список матчей сборной Бразилии по футболу (1940—1949) | Список матчей сборной Бразилии по футболу (2010—2019) | Список матчей сборной Бразилии по футболу (1930—1939) | Список матчей сборной Бразилии по футболу (с 2020 года) | Список матчей сборной Бразилии по футболу (1920—1929) | Список матчей сборной Бразилии по футболу (2000—2009) | Список главных тренеров сборной Бразилии по футболу | Соединённое королевство Португалии, Бразилии и Алгарве | Список матчей сборной Бразилии по футболу (1914—1919)
2026-08-25 23:40:40.120 I/BenchmarkBridge: [PROBE] done
2026-08-25 23:40:42.075 I/BenchmarkBridge: [PROBE] q=когда родился Дмитрий Менделеев
2026-08-25 23:40:42.077 I/FactoidAnswerer: Factoid candidate: label='Дата рождения' entity='Менделеев'
2026-08-25 23:40:42.130 I/FactoidAnswerer: Factoid HIT: Дата рождения = '27 января (8 февраля) 1834 […]' (Менделеев)
2026-08-25 23:40:42.130 I/BenchmarkBridge: [PROBE] fast=hit ms=54 article=Менделеев field=Дата рождения value=27 января (8 февраля) 1834 […]
2026-08-25 23:40:42.131 I/RagPromptBuilder: Query: 'когда родился Дмитрий Менделеев' -> ZIM keywords: 'родился дмитрий менделеев'
2026-08-25 23:40:42.161 I/GraphWalker: walk seed=Менделеев,_Дмитрий_Иванович props=[P6, P1365, P1366, P39, P166, P26, P40, P22, P25, P3373, P50, P175, P800, P184, P802, P57, P58, P162, P36, P159, P127, P112] → 6 nodes
2026-08-25 23:40:42.162 I/RagPromptBuilder: Walker probes (entity='Менделеев', props=22): Менделеев, Дмитрий Иванович, Орден Святого Владимира, Кавалер ордена Святого Александра Невского, Орден Белого орла (Российская империя), Орден Святой Анны I степени, Орден Святого Станислава (Российская империя), Орден Святой Анны II степени
2026-08-25 23:40:42.164 I/EntityTitleProbe: Title probes (9 lookups): Менделеев, Дмитрий Иванович(1090), Дмитрий(1070)
2026-08-25 23:40:42.174 I/ZimSearcher: search('родился дмитрий менделеев') estimated=300
2026-08-25 23:40:42.318 I/ZimSearcher: search('менделеев') estimated=965
2026-08-25 23:40:42.535 I/RagPromptBuilder: Entity merge 'менделеев': +12 candidates
2026-08-25 23:40:42.536 I/RagPromptBuilder: RAG: 'когда родился Дмитрий Менделеев' candidates=39
2026-08-25 23:40:42.536 I/RagPromptBuilder: Top hits: Дмитрий(s=1070)[Дмитрий] | Менделеев, Дмитрий Иванович(s=1000)[Менделеев,_Дмитрий_Иванович] | Орден Святого Владимира(s=899)[Орден_Святого_Владимира] | Орден Белого орла (Российская империя)(s=899)[Орден_Белого_орла_(Российская_империя)] | Орден Святой Анны I степени(s=899)[Орден_Святой_Анны_I_степени]
2026-08-25 23:40:42.537 I/BenchmarkBridge: [PROBE] cand=39 ms=406 titles=Дмитрий | Менделеев, Дмитрий Иванович | Орден Святого Владимира | Орден Белого орла (Российская империя) | Орден Святой Анны I степени | Орден Святой Анны II степени | Кавалер ордена Святого Александра Невского | Орден Святого Станислава (Российская империя) | Дмитрий Менделеев (судно) | Менделеев, Иридий Михайлович | Менделеев (лунный кратер) | Менделеев, Иван Павлович | Менделеев, Владимир Дмитриевич | Менделеев, Павел Павлович | Менделеев (значения) | Менделеева, Анна Ивановна | Менделеев, Василий Дмитриевич | Менделеевы | Алексей (Алесь) Семёнович Менделеев | (2769) Менделеев
2026-08-25 23:40:42.537 I/BenchmarkBridge: [PROBE] done
2026-08-25 23:40:45.188 I/BenchmarkBridge: [PROBE] q=когда умер Лев Толстой
2026-08-25 23:40:45.189 I/FactoidAnswerer: Factoid candidate: label='Дата смерти' entity='Толстой'
2026-08-25 23:40:45.202 I/FactoidAnswerer: Factoid: 'Толстой' has no infobox — falling back to RAG
2026-08-25 23:40:45.202 I/BenchmarkBridge: [PROBE] fast=miss ms=14
2026-08-25 23:40:45.203 I/RagPromptBuilder: Query: 'когда умер Лев Толстой' -> ZIM keywords: 'умер лев толстой'
2026-08-25 23:40:45.209 I/GraphWalker: walk: 0 wikilinks in 'Толстой' (depth=0)
2026-08-25 23:40:45.209 I/GraphWalker: walk seed=Толстой props=[P6, P1365, P1366, P39, P166, P26, P40, P22, P25, P3373, P50, P175, P800, P184, P802, P57, P58, P162, P36, P159, P127, P112] → 0 nodes
2026-08-25 23:40:45.210 I/RagPromptBuilder: Walker probes (entity='Толстой', props=22): Толстой
2026-08-25 23:40:45.213 I/EntityTitleProbe: Title probes (9 lookups): Толстой, Лев Николаевич(1090), Толстой(1070), Толстая(1070)
2026-08-25 23:40:45.234 I/ZimSearcher: search('умер лев толстой') estimated=900
2026-08-25 23:40:45.545 I/ZimSearcher: search('толстой') estimated=9261
2026-08-25 23:40:45.955 I/RagPromptBuilder: Entity merge 'толстой': +16 candidates
2026-08-25 23:40:45.956 I/RagPromptBuilder: RAG: 'когда умер Лев Толстой' candidates=38
2026-08-25 23:40:45.956 I/RagPromptBuilder: Top hits: Толстой(s=1000)[Толстой] | Толстой, Лев Николаевич(s=1090)[Толстой,_Лев_Николаевич] | Толстая(s=1070)[Толстая] | Лев Толстой (станция)(s=100)[Лев_Толстой_(станция)] | Лев Толстой в Чечне(s=99)[Лев_Толстой_в_Чечне]
2026-08-25 23:40:45.956 I/BenchmarkBridge: [PROBE] cand=38 ms=753 titles=Толстой | Толстой, Лев Николаевич | Толстая | Лев Толстой (станция) | Лев Толстой в Чечне | Толстой-Юрт | Толстой, Фёдор Иванович | Толстой, Алексей Константинович | Толстой, Михаил Львович | Толстой, Дмитрий Андреевич | Толстой, Пётр Олегович | Толстой, Алексей Николаевич | Толстой, Николай Александрович (1849) | Толстой, Михаил Павлович | Толстой, Пётр Александрович | Толстой, Николай Николаевич | Толстой, Фёдор Петрович | Толстой, Иван Петрович | Толстой, Иван Иванович (государственный деятель) | Толстой-Милославский, Николай Дмитриевич
2026-08-25 23:40:45.956 I/BenchmarkBridge: [PROBE] done
2026-08-25 23:40:48.319 I/BenchmarkBridge: [PROBE] q=где родился Юрий Гагарин
2026-08-25 23:40:48.320 I/FactoidAnswerer: Factoid candidate: label='Место рождения' entity='Гагарин'
2026-08-25 23:40:48.370 I/FactoidAnswerer: Factoid HIT: Место рождения = 'деревня Клушино, Гжатский район, Западная область, РСФСР, СССР' (Гагарин)
2026-08-25 23:40:48.370 I/BenchmarkBridge: [PROBE] fast=hit ms=50 article=Гагарин field=Место рождения value=деревня Клушино, Гжатский район, Западная область, РСФСР, СССР
2026-08-25 23:40:48.371 I/RagPromptBuilder: Query: 'где родился Юрий Гагарин' -> ZIM keywords: 'родился юрий гагарин'
2026-08-25 23:40:48.402 I/GraphWalker: walk seed=Гагарин,_Юрий_Алексеевич props=[P6, P1365, P1366, P39, P166, P26, P40, P22, P25, P3373, P50, P175, P800, P184, P802, P57, P58, P162, P36, P159, P127, P112] → 6 nodes
2026-08-25 23:40:48.403 I/RagPromptBuilder: Walker probes (entity='Гагарин', props=22): Гагарин, Юрий Алексеевич, Герой Советского Союза, Орден Ленина, Юбилейная медаль «Двадцать лет Победы в Великой Отечественной войне 1941—1945 гг.», Медаль «За освоение целинных земель», Юбилейная медаль «40 лет Вооружённых Сил СССР», Юбилейная медаль «50 лет Вооружённых Сил СССР»
2026-08-25 23:40:48.405 I/EntityTitleProbe: Title probes (7 lookups): Гагарин, Юрий Алексеевич(1090), Юрий(1070)
2026-08-25 23:40:48.433 I/ZimSearcher: search('родился юрий гагарин') estimated=2000
2026-08-25 23:40:49.008 I/ZimSearcher: search('родился') estimated=796317
2026-08-25 23:40:49.330 I/RagPromptBuilder: Entity merge 'родился': +20 candidates
2026-08-25 23:40:49.331 I/RagPromptBuilder: RAG: 'где родился Юрий Гагарин' candidates=47
2026-08-25 23:40:49.331 I/RagPromptBuilder: Top hits: Юрий(s=1070)[Юрий] | Гагарин, Юрий Алексеевич(s=1000)[Гагарин,_Юрий_Алексеевич] | Орден Ленина(s=899)[Орден_Ленина] | Герой Советского Союза(s=899)[Герой_Советского_Союза] | Медаль «За освоение целинных земель»(s=899)[Медаль_«За_освоение_целинных_земель»]
2026-08-25 23:40:49.332 I/BenchmarkBridge: [PROBE] cand=47 ms=961 titles=Юрий | Гагарин, Юрий Алексеевич | Орден Ленина | Герой Советского Союза | Медаль «За освоение целинных земель» | Юбилейная медаль «40 лет Вооружённых Сил СССР» | Юбилейная медаль «50 лет Вооружённых Сил СССР» | Юбилейная медаль «Двадцать лет Победы в Великой Отечественной войне 1941—1945 гг.» | Гагарина, Валентина Ивановна | Гагарина, Анна Тимофеевна | Гагарина, Галина Юрьевна | Гагарин (значения) | Гагарина, Елена Юрьевна | Юрий Гагарин в культуре и искусстве | Гагаринское поле | Гагарина | Гагаринленд | Гагарин (Смоленская область) | Памятник Юрию Гагарину (Вифлеем) | Памятник Юрию Гагарину (Рига)
2026-08-25 23:40:49.332 I/BenchmarkBridge: [PROBE] done
2026-08-25 23:40:51.457 I/BenchmarkBridge: [PROBE] q=кто автор романа Война и мир
2026-08-25 23:40:51.459 I/FactoidAnswerer: Factoid candidate: label='Автор' entity='Война'
2026-08-25 23:40:51.487 I/FactoidAnswerer: Factoid: 'Война' has no infobox — falling back to RAG
2026-08-25 23:40:51.488 I/BenchmarkBridge: [PROBE] fast=miss ms=30
2026-08-25 23:40:51.488 I/RagPromptBuilder: Query: 'кто автор романа Война и мир' -> ZIM keywords: 'автор романа война мир'
2026-08-25 23:40:51.503 I/GraphWalker: walk: 0 wikilinks in 'Война' (depth=0)
2026-08-25 23:40:51.503 I/GraphWalker: walk seed=Война props=[P50, P57, P58, P162, P175, P800, P1365, P1366] → 0 nodes
2026-08-25 23:40:51.504 I/RagPromptBuilder: Walker probes (entity='Война', props=8): Война
2026-08-25 23:40:51.512 I/EntityTitleProbe: Title probes (14 lookups): Война и мир(1110), Война(1070)
2026-08-25 23:40:51.588 I/ZimSearcher: search('автор романа война мир') estimated=20000
2026-08-25 23:40:51.854 I/ZimSearcher: search('романа') estimated=98784
2026-08-25 23:40:52.184 I/RagPromptBuilder: Entity merge 'романа': +20 candidates
2026-08-25 23:40:52.186 I/RagPromptBuilder: RAG: 'кто автор романа Война и мир' candidates=41
2026-08-25 23:40:52.186 I/RagPromptBuilder: Top hits: Война и мир(s=1110)[Война_и_мир] | Война(s=1000)[Война] | Освобождённый мир (роман)(s=100)[Освобождённый_мир_(роман)] | Библиография Романа Злотникова(s=99)[Библиография_Романа_Злотникова] | Список персонажей романа «Война и мир»(s=95)[Список_персонажей_романа_«Война_и_мир»]
2026-08-25 23:40:52.186 I/BenchmarkBridge: [PROBE] cand=41 ms=698 titles=Война и мир | Война | Освобождённый мир (роман) | Библиография Романа Злотникова | Список персонажей романа «Война и мир» | Роман (значения) | Романо | Роман | Рыцарский роман | Философский роман | Роман Мстиславич | Роман (имя) | Роман-фельетон | Шпионский роман | Список публикаций в «Роман-газете» | Юрий Иванович (писатель) | Кутузов, Роман Александрович | Производственный роман | Сосновская, Надежда Андреевна | Богословский, Роман Сергеевич
2026-08-25 23:40:52.186 I/BenchmarkBridge: [PROBE] done
2026-08-25 23:40:54.600 I/BenchmarkBridge: [PROBE] q=кто режиссёр фильма Сталкер
2026-08-25 23:40:54.601 I/FactoidAnswerer: Factoid candidate: label='Режиссёр' entity='Сталкер'
2026-08-25 23:40:54.609 I/FactoidAnswerer: Factoid: 'Сталкер' has no infobox — falling back to RAG
2026-08-25 23:40:54.609 I/BenchmarkBridge: [PROBE] fast=miss ms=8
2026-08-25 23:40:54.609 I/RagPromptBuilder: Query: 'кто режиссёр фильма Сталкер' -> ZIM keywords: 'режиссёр фильма сталкер'
2026-08-25 23:40:54.613 I/GraphWalker: walk: 0 wikilinks in 'Сталкер' (depth=0)
2026-08-25 23:40:54.613 I/GraphWalker: walk seed=Сталкер props=[P50, P57, P58, P162, P175, P800, P1365, P1366] → 0 nodes
2026-08-25 23:40:54.613 I/RagPromptBuilder: Walker probes (entity='Сталкер', props=8): Сталкер
2026-08-25 23:40:54.621 I/EntityTitleProbe: Title probes (7 lookups): Сталкер(1070)
2026-08-25 23:40:54.635 I/ZimSearcher: search('режиссёр фильма сталкер') estimated=600
2026-08-25 23:40:54.872 I/ZimSearcher: search('режиссёр') estimated=120708
2026-08-25 23:40:55.227 I/RagPromptBuilder: Entity merge 'режиссёр': +20 candidates
2026-08-25 23:40:55.228 I/RagPromptBuilder: RAG: 'кто режиссёр фильма Сталкер' candidates=41
2026-08-25 23:40:55.228 I/RagPromptBuilder: Top hits: Сталкер(s=1000)[Сталкер] | Сталкер (фильм)(s=99)[Сталкер_(фильм)] | Сталкер (фильм, 2023)(s=96)[Сталкер_(фильм,_2023)] | Сталкер (кинофестиваль)(s=92)[Сталкер_(кинофестиваль)] | Рерберг и Тарковский. Обратная сторона «Сталкера»(s=100)[Рерберг_и_Тарковский._Обратная_сторона_«Сталкера»]
2026-08-25 23:40:55.228 I/BenchmarkBridge: [PROBE] cand=41 ms=619 titles=Сталкер | Сталкер (фильм) | Сталкер (фильм, 2023) | Сталкер (кинофестиваль) | Рерберг и Тарковский. Обратная сторона «Сталкера» | Список фильмов киностудии «Мосфильм» | Марескотти, Ивано | Инфанти, Анджело | Уиттингем, Кен | Франко, Хесус | Дэвидсон, Адам | Турылёва, Ярослава Георгиевна | Экранизации произведений Чехова | Веледницкая, Лия Бенционовна | Данилов, Лев Стефанович | Свердловский театр драмы | Кинофестиваль в Торонто 2005 | Анимос (кинокомпания) | 7-й Венецианский кинофестиваль | Нестеров, Евгений Георгиевич
2026-08-25 23:40:55.228 I/BenchmarkBridge: [PROBE] done
2026-08-25 23:40:57.704 I/BenchmarkBridge: [PROBE] q=почему Юпитер называют газовым гигантом
2026-08-25 23:40:57.705 I/BenchmarkBridge: [PROBE] fast=miss ms=0
2026-08-25 23:40:57.705 I/RagPromptBuilder: Query: 'почему Юпитер называют газовым гигантом' -> ZIM keywords: 'юпитер называют газовым гигантом'
2026-08-25 23:40:57.762 I/GraphWalker: walk: 0 wikilinks in 'Юпитер' (depth=0)
2026-08-25 23:40:57.763 I/GraphWalker: walk seed=Юпитер props=[P6, P1365, P1366, P39, P166, P26, P40, P22, P25, P3373, P50, P175, P800, P184, P802, P57, P58, P162, P36, P159, P127, P112] → 0 nodes
2026-08-25 23:40:57.763 I/RagPromptBuilder: Walker probes (entity='Юпитер', props=22): Юпитер
2026-08-25 23:40:57.767 I/EntityTitleProbe: Title probes (13 lookups): Юпитер(1070), Гигант(1020)
2026-08-25 23:40:57.774 I/ZimSearcher: search('юпитер называют газовым гигантом') estimated=200
2026-08-25 23:40:58.093 I/ZimSearcher: search('называют') estimated=194221
2026-08-25 23:40:58.343 I/RagPromptBuilder: Entity merge 'называют': +20 candidates
2026-08-25 23:40:58.344 I/RagPromptBuilder: RAG: 'почему Юпитер называют газовым гигантом' candidates=42
2026-08-25 23:40:58.345 I/RagPromptBuilder: Top hits: Юпитер(s=1000)[Юпитер] | Гигант(s=1020)[Гигант] | То, что называют любовью(s=98)[То,_что_называют_любовью] | Газовые гиганты(s=100)[Газовые_гиганты] | Моя так называемая жизнь(s=100)[Моя_так_называемая_жизнь]
2026-08-25 23:40:58.345 I/BenchmarkBridge: [PROBE] cand=42 ms=640 titles=Юпитер | Гигант | То, что называют любовью | Газовые гиганты | Моя так называемая жизнь | Называй её дикой | Лев в геральдике | Не называй её небесной | Не называй меня малышкой | Премия Харви (комиксы) | Как вас теперь называть? | Этнонимы греков | Завоевание Перу, называемого Новая Кастилия | По поводу так называемого вопроса о рынках | Физика колебаний и волн | Decretum Gelasianum | Многоугольник | Ломаная | Формальная система | Расширение поля
2026-08-25 23:40:58.345 I/BenchmarkBridge: [PROBE] done
2026-08-25 23:41:00.812 I/BenchmarkBridge: [PROBE] q=из чего состоит атмосфера Марса
2026-08-25 23:41:00.813 I/BenchmarkBridge: [PROBE] fast=miss ms=0
2026-08-25 23:41:00.814 I/RagPromptBuilder: Query: 'из чего состоит атмосфера Марса' -> ZIM keywords: 'чего состоит атмосфера марса'
2026-08-25 23:41:00.821 I/GraphWalker: walk: 0 wikilinks in 'Марса' (depth=0)
2026-08-25 23:41:00.821 I/GraphWalker: walk seed=Марса props=[P6, P1365, P1366, P39, P166, P26, P40, P22, P25, P3373, P50, P175, P800, P184, P802, P57, P58, P162, P36, P159, P127, P112] → 0 nodes
2026-08-25 23:41:00.822 I/RagPromptBuilder: Walker probes (entity='Марса', props=22): Марса
2026-08-25 23:41:00.826 I/EntityTitleProbe: Title probes (10 lookups): Марса(1070), Марс(1070), Атмосфера Марса(890)
2026-08-25 23:41:00.836 I/ZimSearcher: search('чего состоит атмосфера марса') estimated=300
2026-08-25 23:41:01.162 I/ZimSearcher: search('атмосфера') estimated=21862
2026-08-25 23:41:01.443 I/RagPromptBuilder: Entity merge 'атмосфера': +19 candidates
2026-08-25 23:41:01.444 I/RagPromptBuilder: RAG: 'из чего состоит атмосфера Марса' candidates=40
2026-08-25 23:41:01.445 I/RagPromptBuilder: Top hits: Марса(s=1000)[Марса] | Марс(s=1070)[Марс] | Атмосфера Марса(s=890)[Атмосфера_Марса] | Атмосфера(s=100)[Атмосфера] | Атмосфера Земли(s=99)[Атмосфера_Земли]
2026-08-25 23:41:01.445 I/BenchmarkBridge: [PROBE] cand=40 ms=632 titles=Марса | Марс | Атмосфера Марса | Атмосфера | Атмосфера Земли | Атмосфера Титана | Атмосфера Венеры | Атмосфера (эстетика) | Атмосфера Юпитера | Атмосфера Плутона | Терраформирование Марса | Звёздная атмосфера | Химия атмосферы | Физика атмосферы | Колонизация Марса | Диссипация атмосфер планет | Общая циркуляция атмосферы | Циркуляция атмосферы | Экология атмосферы | Вход в атмосферу
2026-08-25 23:41:01.445 I/BenchmarkBridge: [PROBE] done
2026-08-25 23:41:03.915 I/BenchmarkBridge: [PROBE] q=кто открыл пенициллин
2026-08-25 23:41:03.916 I/BenchmarkBridge: [PROBE] fast=miss ms=0
2026-08-25 23:41:03.917 I/RagPromptBuilder: Query: 'кто открыл пенициллин' -> ZIM keywords: 'открыл пенициллин'
2026-08-25 23:41:03.919 I/EntityTitleProbe: Title probes (2 lookups): Бензилпенициллин(1020)
2026-08-25 23:41:03.926 I/ZimSearcher: search('открыл пенициллин') estimated=200
2026-08-25 23:41:04.088 I/ZimSearcher: search('пенициллин') estimated=589
2026-08-25 23:41:04.193 I/RagPromptBuilder: Entity merge 'пенициллин': +16 candidates
2026-08-25 23:41:04.193 I/RagPromptBuilder: RAG: 'кто открыл пенициллин' candidates=37
2026-08-25 23:41:04.194 I/RagPromptBuilder: Top hits: Бензилпенициллин(s=1020)[Бензилпенициллин] | Пенициллины(s=100)[Пенициллины] | Пенициллин (комплекс артразведки)(s=99)[Пенициллин_(комплекс_артразведки)] | Пенициллин (значения)(s=95)[Пенициллин_(значения)] | Пенициллин-связывающие белки(s=90)[Пенициллин-связывающие_белки]
2026-08-25 23:41:04.194 I/BenchmarkBridge: [PROBE] cand=37 ms=277 titles=Бензилпенициллин | Пенициллины | Пенициллин (комплекс артразведки) | Пенициллин (значения) | Пенициллин-связывающие белки | Операция «Пенициллин» | Феноксиметилпенициллин | Флеминг, Александр | Хитли, Норман | Балезина, Тамара Иосифовна | Метициллин | Зейфман, Вил Иосифович | Ампициллин | Оксациллин | Хобби, Глэдис Лаунсбери | Бета-лактамные антибиотики | Шихан, Джон Кларк | Ингибиторы бета-лактамаз | Ермольева, Зинаида Виссарионовна | Beecham
2026-08-25 23:41:04.194 I/BenchmarkBridge: [PROBE] done
2026-08-25 23:41:07.032 I/BenchmarkBridge: [PROBE] q=что такое фотосинтез
2026-08-25 23:41:07.032 I/BenchmarkBridge: [PROBE] fast=miss ms=0
2026-08-25 23:41:07.033 I/RagPromptBuilder: Query: 'что такое фотосинтез' -> ZIM keywords: 'такое фотосинтез'
2026-08-25 23:41:07.034 I/EntityTitleProbe: Title probes (1 lookups): Фотосинтез(1020)
2026-08-25 23:41:07.051 I/ZimSearcher: search('такое фотосинтез') estimated=700
2026-08-25 23:41:07.208 I/ZimSearcher: search('фотосинтез') estimated=965
2026-08-25 23:41:07.322 I/RagPromptBuilder: Entity merge 'фотосинтез': +9 candidates
2026-08-25 23:41:07.323 I/RagPromptBuilder: RAG: 'что такое фотосинтез' candidates=29
2026-08-25 23:41:07.323 I/RagPromptBuilder: Top hits: Фотосинтез(s=1020)[Фотосинтез] | C4-фотосинтез(s=100)[C4-фотосинтез] | CAM-фотосинтез(s=99)[CAM-фотосинтез] | Эффективность фотосинтеза(s=98)[Эффективность_фотосинтеза] | Эволюция фотосинтеза(s=98)[Эволюция_фотосинтеза]
2026-08-25 23:41:07.323 I/BenchmarkBridge: [PROBE] cand=29 ms=290 titles=Фотосинтез | C4-фотосинтез | CAM-фотосинтез | Эффективность фотосинтеза | Эволюция фотосинтеза | Аноксигенный фотосинтез | Спектр действия фотосинтеза | Электронотранспортная цепь фотосинтеза | Кривая светового насыщения фотосинтеза | Искусственный фотосинтез | C3-фотосинтез | Реакция Хилла | Карпилов, Юрий Соломонович | Комиссаров, Геннадий Германович | Мокроносов, Адольф Трофимович | Шувалов, Владимир Анатольевич | Световая точка компенсации | Эффект Эмерсона | Фотодыхание | Точка компенсации СО2
2026-08-25 23:41:07.323 I/BenchmarkBridge: [PROBE] done
2026-08-25 23:41:10.144 I/BenchmarkBridge: [PROBE] q=когда началась Вторая мировая война
2026-08-25 23:41:10.145 I/BenchmarkBridge: [PROBE] fast=miss ms=0
2026-08-25 23:41:10.146 I/RagPromptBuilder: Query: 'когда началась Вторая мировая война' -> ZIM keywords: 'началась вторая мировая война'
2026-08-25 23:41:10.154 I/GraphWalker: walk: 0 wikilinks in 'Вторая' (depth=0)
2026-08-25 23:41:10.154 I/GraphWalker: walk seed=Вторая props=[P6, P1365, P1366, P39, P166, P26, P40, P22, P25, P3373, P50, P175, P800, P184, P802, P57, P58, P162, P36, P159, P127, P112] → 0 nodes
2026-08-25 23:41:10.154 I/RagPromptBuilder: Walker probes (entity='Вторая', props=22): Вторая
2026-08-25 23:41:10.160 I/EntityTitleProbe: Title probes (15 lookups): Вторая мировая война(1110), Вторая(1070), Мировая война(1040), Война(1020)
2026-08-25 23:41:10.236 I/ZimSearcher: search('началась вторая мировая война') estimated=20000
2026-08-25 23:41:10.826 I/ZimSearcher: search('началась') estimated=467255
2026-08-25 23:41:11.356 I/RagPromptBuilder: Entity merge 'началась': +20 candidates
2026-08-25 23:41:11.357 I/RagPromptBuilder: RAG: 'когда началась Вторая мировая война' candidates=42
2026-08-25 23:41:11.358 I/RagPromptBuilder: Top hits: Война(s=1020)[Война] | Вторая мировая война(s=1110)[Вторая_мировая_война] | Вторая(s=1000)[Вторая] | Мировая война(s=1040)[Мировая_война] | Вторая мировая война на море(s=98)[Вторая_мировая_война_на_море]
2026-08-25 23:41:11.358 I/BenchmarkBridge: [PROBE] cand=42 ms=1212 titles=Война | Вторая мировая война | Вторая | Мировая война | Вторая мировая война на море | Вторая мировая война (серия книг) | Вторая мировая война (значения) | Маки (Вторая мировая война) | Восточноафриканская кампания (Вторая мировая война) | Портал:Вторая мировая война | Портал:Вторая мировая война/Знаете ли вы/Текущая подборка | Трофейное искусство (Вторая мировая война) | Битва за Лос-Анджелес (Вторая мировая война) | 2-я армия (Италия, Вторая мировая война) | Латинская Ось (Вторая мировая война) | Портал:Первая мировая война | Начало Века | Британские экспедиционные силы (Вторая мировая война) | Третья мировая война | Начало начал
2026-08-25 23:41:11.358 I/BenchmarkBridge: [PROBE] done
2026-08-25 23:41:13.270 I/BenchmarkBridge: [PROBE] q=чем знаменит Большое красное пятно
2026-08-25 23:41:13.271 I/BenchmarkBridge: [PROBE] fast=miss ms=0
2026-08-25 23:41:13.272 I/RagPromptBuilder: Query: 'чем знаменит Большое красное пятно' -> ZIM keywords: 'чем знаменит большое красное пятно'
2026-08-25 23:41:13.278 I/GraphWalker: walk: 0 wikilinks in 'Большое' (depth=0)
2026-08-25 23:41:13.278 I/GraphWalker: walk seed=Большое props=[P6, P1365, P1366, P39, P166, P26, P40, P22, P25, P3373, P50, P175, P800, P184, P802, P57, P58, P162, P36, P159, P127, P112] → 0 nodes
2026-08-25 23:41:13.279 I/RagPromptBuilder: Walker probes (entity='Большое', props=22): Большое
2026-08-25 23:41:13.286 I/EntityTitleProbe: Title probes (20 lookups): Большое красное пятно(1110), Большое(1070), Красное(1020), Красно(1020)
2026-08-25 23:41:13.298 I/ZimSearcher: search('чем знаменит большое красное пятно') estimated=200
2026-08-25 23:41:13.635 I/ZimSearcher: search('знаменит') estimated=51485
2026-08-25 23:41:13.862 I/RagPromptBuilder: Entity merge 'знаменит': +20 candidates
2026-08-25 23:41:13.864 I/RagPromptBuilder: RAG: 'чем знаменит Большое красное пятно' candidates=44
2026-08-25 23:41:13.864 I/RagPromptBuilder: Top hits: Красное(s=1020)[Красное] | Большое красное пятно(s=1110)[Большое_красное_пятно] | Большое(s=1000)[Большое] | Красно(s=1020)[Красно] | Я почти знаменит(s=99)[Я_почти_знаменит]
2026-08-25 23:41:13.864 I/BenchmarkBridge: [PROBE] cand=44 ms=593 titles=Красное | Большое красное пятно | Большое | Красно | Я почти знаменит | Красочная жизнь | Храм иконы Божией Матери «Знамение» | Знаменное пение | Крестное знамение | Знамённые ряды | Орден Красного Знамени | Орден Трудового Красного Знамени | Армия Зелёного знамени | Знамение Божией Матери | Под знаменем марксизма | Орден Красного Знамени (Монголия) | Летописец небесных знамений | Благие знамения | Новгородская икона Знамения Пресвятой Богородицы | Церковь иконы Божией Матери «Знамение» на Шереметевом дворе
2026-08-25 23:41:13.864 I/BenchmarkBridge: [PROBE] done
2026-08-25 23:41:16.391 I/BenchmarkBridge: [PROBE] q=что производит АвтоВАЗ
2026-08-25 23:41:16.392 I/BenchmarkBridge: [PROBE] fast=miss ms=0
2026-08-25 23:41:16.392 I/RagPromptBuilder: Query: 'что производит АвтоВАЗ' -> ZIM keywords: 'производит автоваз'
2026-08-25 23:41:16.568 I/GraphWalker: walk seed=АвтоВАЗ props=[P6, P1365, P1366, P39, P166, P26, P40, P22, P25, P3373, P50, P175, P800, P184, P802, P57, P58, P162, P36, P159, P127, P112] → 6 nodes
2026-08-25 23:41:16.568 I/RagPromptBuilder: Walker probes (entity='АвтоВАЗ', props=22): АвтоВАЗ, Россия, Тольятти, ЦК КПСС, Совет министров СССР, Москва, Илья Геннадьевич Сухих
2026-08-25 23:41:16.569 I/EntityTitleProbe: Title probes (2 lookups): АвтоВАЗ(1070)
2026-08-25 23:41:16.576 I/ZimSearcher: search('производит автоваз') estimated=300
2026-08-25 23:41:16.833 I/ZimSearcher: search('производит') estimated=56978
2026-08-25 23:41:17.114 I/RagPromptBuilder: Entity merge 'производит': +20 candidates
2026-08-25 23:41:17.115 I/RagPromptBuilder: RAG: 'что производит АвтоВАЗ' candidates=46
2026-08-25 23:41:17.115 I/RagPromptBuilder: Top hits: АвтоВАЗ(s=1000)[АвтоВАЗ] | Россия(s=899)[Россия] | Тольятти(s=899)[Тольятти] | ЦК КПСС(s=899)[ЦК_КПСС] | Совет министров СССР(s=899)[Совет_министров_СССР]
2026-08-25 23:41:17.115 I/BenchmarkBridge: [PROBE] cand=46 ms=724 titles=АвтоВАЗ | Россия | Тольятти | ЦК КПСС | Совет министров СССР | Москва | Илья Геннадьевич Сухих | Производить или покупать | Национальная гоночная серия «АВТОВАЗ» | Нива (автомобиль) | Список итальянских вин категории DOC | Meopta | Denominazione di origine controllata e garantita | Плёночные фотоаппараты Kodak | Промышленность Новой Аквитании | Список настоек, производившихся в СССР | Военно-промышленный комплекс Франции | Список пуншей, производившихся в СССР | КАвЗ-4238 «Аврора» | Welta
2026-08-25 23:41:17.116 I/BenchmarkBridge: [PROBE] done
2026-08-25 23:41:19.525 I/BenchmarkBridge: [PROBE] q=какой автозавод расположен в Тольятти
2026-08-25 23:41:19.525 I/BenchmarkBridge: [PROBE] fast=miss ms=0
2026-08-25 23:41:19.526 I/RagPromptBuilder: Query: 'какой автозавод расположен в Тольятти' -> ZIM keywords: 'автозавод расположен тольятти'
2026-08-25 23:41:19.611 I/GraphWalker: walk: 0 wikilinks in 'Заслуженный_врач_Российской_Федерации' (depth=3)
2026-08-25 23:41:19.622 I/GraphWalker: walk seed=Тольятти props=[P6, P1365, P1366, P39, P166, P26, P40, P22, P25, P3373, P50, P175, P800, P184, P802, P57, P58, P162, P36, P159, P127, P112] → 5 nodes
2026-08-25 23:41:19.623 I/RagPromptBuilder: Walker probes (entity='Тольятти', props=22): Тольятти, Илья Геннадьевич Сухих, Николай Ренц, Заслуженный врач Российской Федерации, Сергей Анташев, Сергей Андреев
2026-08-25 23:41:19.627 I/EntityTitleProbe: Title probes (10 lookups): Тольятти(1070), Автомобильная промышленность(1020)
2026-08-25 23:41:19.632 I/ZimSearcher: search('автозавод расположен тольятти') estimated=40
2026-08-25 23:41:20.174 I/ZimSearcher: search('расположен') estimated=249807
2026-08-25 23:41:20.389 I/RagPromptBuilder: Entity merge 'расположен': +20 candidates
2026-08-25 23:41:20.390 I/RagPromptBuilder: RAG: 'какой автозавод расположен в Тольятти' candidates=46
2026-08-25 23:41:20.390 I/RagPromptBuilder: Top hits: Тольятти(s=1000)[Тольятти] | Автомобильная промышленность(s=1020)[Автомобильная_промышленность] | Илья Геннадьевич Сухих(s=899)[Сухих,_Илья_Геннадьевич] | Николай Ренц(s=898)[Ренц,_Николай_Альфредович] | Сергей Анташев(s=897)[Анташев,_Сергей_Александрович]
2026-08-25 23:41:20.390 I/BenchmarkBridge: [PROBE] cand=46 ms=864 titles=Тольятти | Автомобильная промышленность | Илья Геннадьевич Сухих | Николай Ренц | Сергей Анташев | Заслуженный врач Российской Федерации | Сергей Андреев | Тольятти (станция) | Автозаводский район (Тольятти) | Тольяттинский троллейбус | Список озёр и водохранилищ Монтаны | Заозёрный (Курган) | Хузестан | Список мечетей Баку | Список высших учебных заведений Киева | Тираспольский монетный двор | Эттербек | Площади Севастополя | Исфахан (остан) | Русские и советские памятники в Софийской области
2026-08-25 23:41:20.390 I/BenchmarkBridge: [PROBE] done
2026-08-25 23:41:22.651 I/BenchmarkBridge: [PROBE] q=перечисли мэров Тольятти
2026-08-25 23:41:22.652 I/BenchmarkBridge: [PROBE] fast=miss ms=0
2026-08-25 23:41:22.653 I/RagPromptBuilder: Query: 'перечисли мэров Тольятти' -> ZIM keywords: 'мэров тольятти'
2026-08-25 23:41:22.685 I/ZimSearcher: lookupRaw 'Градоначальники Тольятти' redirect=false path='Градоначальники_Тольятти' bodyLen=18062
2026-08-25 23:41:22.685 I/RagPromptBuilder: List article FOUND: 'Градоначальники Тольятти' (bodyLen=18062)
2026-08-25 23:41:22.707 I/RagPromptBuilder: List probes (entity='Тольятти', role='Мэры'): Градоначальники Тольятти, История Тольятти
2026-08-25 23:41:22.775 I/GraphWalker: walk seed=Тольятти props=[P6, P1365, P1366] → 4 nodes
2026-08-25 23:41:22.776 I/RagPromptBuilder: Walker probes (entity='Тольятти', props=3): Тольятти, Илья Геннадьевич Сухих, Николай Ренц, Сергей Анташев, Сергей Андреев
2026-08-25 23:41:22.779 I/EntityTitleProbe: Title probes (12 lookups): Тольятти(1070)
2026-08-25 23:41:22.786 I/ZimSearcher: search('мэров тольятти') estimated=700
2026-08-25 23:41:22.926 I/ZimSearcher: search('тольятти') estimated=5796
2026-08-25 23:41:23.227 I/RagPromptBuilder: Entity merge 'тольятти': +14 candidates
2026-08-25 23:41:23.228 I/RagPromptBuilder: RAG: 'перечисли мэров Тольятти' candidates=37
2026-08-25 23:41:23.228 I/RagPromptBuilder: Top hits: Градоначальники Тольятти(s=2000)[Градоначальники_Тольятти] | Тольятти(s=1000)[Тольятти] | История Тольятти(s=1000)[История_Тольятти] | Илья Геннадьевич Сухих(s=899)[Сухих,_Илья_Геннадьевич] | Николай Ренц(s=898)[Ренц,_Николай_Альфредович]
2026-08-25 23:41:23.228 I/BenchmarkBridge: [PROBE] cand=37 ms=576 titles=Градоначальники Тольятти | Тольятти | История Тольятти | Илья Геннадьевич Сухих | Николай Ренц | Сергей Анташев | Сергей Андреев | Тольятти 24 | Тольятти, Пальмиро | Тольятти (станция) | Тольятти (особая экономическая зона) | Тольяттинский театр кукол | Спорт в Тольятти | Памятники Тольятти | Лада-Тольятти | Официальные символы Тольятти | Взрыв автобуса в Тольятти | Храмы Тольятти | ТОР «Тольятти» | Колесо (театр, Тольятти)
2026-08-25 23:41:23.228 I/BenchmarkBridge: [PROBE] done
2026-08-25 23:41:25.786 I/BenchmarkBridge: [PROBE] q=назови планеты Солнечной системы
2026-08-25 23:41:25.787 I/BenchmarkBridge: [PROBE] fast=miss ms=0
2026-08-25 23:41:25.788 I/RagPromptBuilder: Query: 'назови планеты Солнечной системы' -> ZIM keywords: 'планеты солнечной системы'
2026-08-25 23:41:25.813 I/GraphWalker: walk: 0 wikilinks in 'Вспышка_солнечной_активности' (depth=0)
2026-08-25 23:41:25.813 I/GraphWalker: walk seed=Вспышка_солнечной_активности props=[P6, P1365, P1366, P39, P166, P26, P40, P22, P25, P3373, P50, P175, P800, P184, P802, P57, P58, P162, P36, P159, P127, P112] → 0 nodes
2026-08-25 23:41:25.814 I/RagPromptBuilder: Walker probes (entity='Солнечной', props=22): Вспышка солнечной активности
2026-08-25 23:41:25.820 I/EntityTitleProbe: Title probes (24 lookups): Планеты Солнечной системы(1110), Солнечная система(1090), Солнечная(1070), Планета(1020)
2026-08-25 23:41:25.861 I/ZimSearcher: search('планеты солнечной системы') estimated=7000
2026-08-25 23:41:26.100 I/ZimSearcher: search('солнечной') estimated=12659
2026-08-25 23:41:26.366 I/RagPromptBuilder: Entity merge 'солнечной': +13 candidates
2026-08-25 23:41:26.367 I/RagPromptBuilder: RAG: 'назови планеты Солнечной системы' candidates=37
2026-08-25 23:41:26.367 I/RagPromptBuilder: Top hits: Планеты Солнечной системы(s=1110)[Планеты_Солнечной_системы] | Солнечная система(s=1090)[Солнечная_система] | Солнечная(s=1070)[Солнечная] | Планета(s=1020)[Планета] | Вспышка солнечной активности(s=950)[Вспышка_солнечной_активности]
2026-08-25 23:41:26.368 I/BenchmarkBridge: [PROBE] cand=37 ms=580 titles=Планеты Солнечной системы | Солнечная система | Солнечная | Планета | Вспышка солнечной активности | Планеты-гиганты | Планеты (сериал) | Устойчивость Солнечной системы | 20-й цикл солнечной активности | Малые тела Солнечной системы | 19-й цикл солнечной активности | 23-й цикл солнечной активности | 24-й цикл солнечной активности | Список циклов солнечной активности | 25-й цикл солнечной активности | 22-й цикл солнечной активности | На солнечной стороне улицы | Серенада солнечной долины | История исследования Солнечной системы | Формирование и эволюция Солнечной системы
2026-08-25 23:41:26.370 I/BenchmarkBridge: [PROBE] done
2026-08-25 23:41:28.905 I/BenchmarkBridge: [PROBE] q=какие есть океаны на Земле
2026-08-25 23:41:28.906 I/BenchmarkBridge: [PROBE] fast=miss ms=0
2026-08-25 23:41:28.906 I/RagPromptBuilder: Query: 'какие есть океаны на Земле' -> ZIM keywords: 'океаны земле'
2026-08-25 23:41:28.948 I/RagPromptBuilder: List probes (entity='Земле', role='null'): Земля Королевы Мэри, История жизни на Земле, Хронология первых искусственных спутников Земли по странам
2026-08-25 23:41:29.094 I/GraphWalker: walk: 0 wikilinks in 'На_земле' (depth=0)
2026-08-25 23:41:29.094 I/GraphWalker: walk seed=На_земле props=[P6, P1365, P1366, P39, P166, P26, P40, P22, P25, P3373, P50, P175, P800, P184, P802, P57, P58, P162, P36, P159, P127, P112] → 0 nodes
2026-08-25 23:41:29.095 I/RagPromptBuilder: Walker probes (entity='Земле', props=22): На земле
2026-08-25 23:41:29.098 I/EntityTitleProbe: Title probes (8 lookups): Мировой океан(1020), (224) Океана(1020), Океан(1020)
2026-08-25 23:41:29.139 I/ZimSearcher: search('океаны земле') estimated=10000
2026-08-25 23:41:29.546 I/ZimSearcher: search('океаны') estimated=31268
2026-08-25 23:41:29.905 I/RagPromptBuilder: Entity merge 'океаны': +11 candidates
2026-08-25 23:41:29.906 I/RagPromptBuilder: RAG: 'какие есть океаны на Земле' candidates=35
2026-08-25 23:41:29.906 I/RagPromptBuilder: Top hits: Мировой океан(s=1020)[Мировой_океан] | (224) Океана(s=1020)[(224)_Океана] | Океан(s=1020)[Океан] | На земле(s=950)[На_земле] | История жизни на Земле(s=950)[История_жизни_на_Земле]
2026-08-25 23:41:29.907 I/BenchmarkBridge: [PROBE] cand=35 ms=1001 titles=Мировой океан | (224) Океана | Океан | На земле | История жизни на Земле | Земля Королевы Мэри | Хронология первых искусственных спутников Земли по странам | Древние океаны | Экстремумы на Земле | Земля (альбом «Океана Ельзи») | Южный океан | Океан (значения) | Океан (завод) | Мировой океан (мифология) | Музей Мирового океана | Океан-О (космический аппарат) | Океан (детский лагерь) | Океан Ельзи | Океан (мифология) | Океан (фильм, 2008)
2026-08-25 23:41:29.907 I/BenchmarkBridge: [PROBE] done
2026-08-25 23:41:32.024 I/BenchmarkBridge: [PROBE] q=перечисли произведения Достоевского
2026-08-25 23:41:32.024 I/BenchmarkBridge: [PROBE] fast=miss ms=1
2026-08-25 23:41:32.025 I/RagPromptBuilder: Query: 'перечисли произведения Достоевского' -> ZIM keywords: 'произведения достоевского'
2026-08-25 23:41:32.039 I/RagPromptBuilder: List-intent: no title probes for entity='Достоевского' role='null'
2026-08-25 23:41:32.075 I/GraphWalker: walk: 0 wikilinks in 'Достоевского,_переулок' (depth=0)
2026-08-25 23:41:32.075 I/GraphWalker: walk seed=Достоевского,_переулок props=[P6, P1365, P1366, P39, P166, P26, P40, P22, P25, P3373, P50, P175, P800, P184, P802, P57, P58, P162, P36, P159, P127, P112] → 0 nodes
2026-08-25 23:41:32.075 I/RagPromptBuilder: Walker probes (entity='Достоевского', props=22): Достоевского, переулок
2026-08-25 23:41:32.079 I/EntityTitleProbe: Title probes (12 lookups): Достоевский, Фёдор Михайлович(1070)
2026-08-25 23:41:32.105 I/ZimSearcher: search('произведения достоевского') estimated=4000
2026-08-25 23:41:32.439 I/ZimSearcher: search('произведения') estimated=125279
2026-08-25 23:41:32.777 I/RagPromptBuilder: Entity merge 'произведения': +20 candidates
2026-08-25 23:41:32.778 I/RagPromptBuilder: RAG: 'перечисли произведения Достоевского' candidates=42
2026-08-25 23:41:32.778 I/RagPromptBuilder: Top hits: Достоевский, Фёдор Михайлович(s=1070)[Достоевский,_Фёдор_Михайлович] | Достоевского, переулок(s=950)[Достоевского,_переулок] | Произведения векторов(s=99)[Произведения_векторов] | Экранизации произведений Фёдора Достоевского(s=100)[Экранизации_произведений_Фёдора_Достоевского] | Украденные произведения искусства(s=99)[Украденные_произведения_искусства]
2026-08-25 23:41:32.778 I/BenchmarkBridge: [PROBE] cand=42 ms=753 titles=Достоевский, Фёдор Михайлович | Достоевского, переулок | Произведения векторов | Экранизации произведений Фёдора Достоевского | Украденные произведения искусства | Атрибуция произведения | Авторское право на служебные произведения | Двойник (повесть Достоевского) | Реализм Достоевского | Романист (замысел Достоевского) | Атеизм (замысел Достоевского) | Неосуществлённые замыслы Достоевского | Оценка творчества Достоевского современниками | Свободное использование произведений | Прямое произведение | Тип-произведение | Аудиовизуальное произведение | Скалярное произведение | Прямое произведение групп | Векторное произведение
2026-08-25 23:41:32.778 I/BenchmarkBridge: [PROBE] done
2026-08-25 23:41:35.145 I/BenchmarkBridge: [PROBE] q=перечисли спутники Юпитера
2026-08-25 23:41:35.145 I/BenchmarkBridge: [PROBE] fast=miss ms=0
2026-08-25 23:41:35.146 I/RagPromptBuilder: Query: 'перечисли спутники Юпитера' -> ZIM keywords: 'спутники юпитера'
2026-08-25 23:41:35.162 I/RagPromptBuilder: List-intent: no title probes for entity='Юпитера' role='null'
2026-08-25 23:41:35.207 I/GraphWalker: walk: 0 wikilinks in 'Атмосфера_Юпитера' (depth=0)
2026-08-25 23:41:35.207 I/GraphWalker: walk seed=Атмосфера_Юпитера props=[P6, P1365, P1366, P39, P166, P26, P40, P22, P25, P3373, P50, P175, P800, P184, P802, P57, P58, P162, P36, P159, P127, P112] → 0 nodes
2026-08-25 23:41:35.207 I/RagPromptBuilder: Walker probes (entity='Юпитера', props=22): Атмосфера Юпитера
2026-08-25 23:41:35.210 I/EntityTitleProbe: Title probes (10 lookups): Юпитер(1070), Спутники Юпитера(890)
2026-08-25 23:41:35.235 I/ZimSearcher: search('спутники юпитера') estimated=5000
2026-08-25 23:41:35.565 I/ZimSearcher: search('спутники') estimated=28047
2026-08-25 23:41:35.794 I/RagPromptBuilder: Entity merge 'спутники': +20 candidates
2026-08-25 23:41:35.795 I/RagPromptBuilder: RAG: 'перечисли спутники Юпитера' candidates=41
2026-08-25 23:41:35.795 I/RagPromptBuilder: Top hits: Юпитер(s=1070)[Юпитер] | Атмосфера Юпитера(s=950)[Атмосфера_Юпитера] | Спутники Юпитера(s=890)[Спутники_Юпитера] | Спутники Урана(s=99)[Спутники_Урана] | Спутники в Солнечной системе(s=99)[Спутники_в_Солнечной_системе]
2026-08-25 23:41:35.795 I/BenchmarkBridge: [PROBE] cand=41 ms=649 titles=Юпитер | Атмосфера Юпитера | Спутники Юпитера | Спутники Урана | Спутники в Солнечной системе | Колонизация спутников Юпитера | Внутренние спутники Юпитера | Галилеевы спутники | Спутник Юпитера | Исследование Юпитера межпланетными аппаратами | Троянские астероиды Юпитера | Спутник | Внутренний спутник | Спутник-1 | Портал:Космонавтика/События дня/февраль | Портал:Космонавтика/События дня/декабрь | Портал:Космонавтика/События дня/июнь | Портал:Космонавтика/События дня/апрель | Портал:Космонавтика/События дня/март | Портал:Космонавтика/События дня/октябрь
2026-08-25 23:41:35.795 I/BenchmarkBridge: [PROBE] done
2026-08-25 23:41:38.252 I/BenchmarkBridge: [PROBE] q=кто был предшественником нынешнего мэра Тольятти
2026-08-25 23:41:38.253 I/BenchmarkBridge: [PROBE] fast=miss ms=0
2026-08-25 23:41:38.253 I/RagPromptBuilder: Query: 'кто был предшественником нынешнего мэра Тольятти' -> ZIM keywords: 'предшественником нынешнего мэра тольятти'
2026-08-25 23:41:38.321 I/GraphWalker: walk seed=Тольятти props=[P6, P1365, P1366] → 4 nodes
2026-08-25 23:41:38.321 I/RagPromptBuilder: Walker probes (entity='Тольятти', props=3): Тольятти, Илья Геннадьевич Сухих, Николай Ренц, Сергей Анташев, Сергей Андреев
2026-08-25 23:41:38.325 I/EntityTitleProbe: Title probes (16 lookups): Тольятти(1070)
2026-08-25 23:41:38.328 I/ZimSearcher: search('предшественником нынешнего мэра тольятти') estimated=5
2026-08-25 23:41:38.689 I/ZimSearcher: search('предшественником') estimated=92922
2026-08-25 23:41:38.883 I/RagPromptBuilder: Entity merge 'предшественником': +20 candidates
2026-08-25 23:41:38.884 I/RagPromptBuilder: RAG: 'кто был предшественником нынешнего мэра Тольятти' candidates=30
2026-08-25 23:41:38.884 I/RagPromptBuilder: Top hits: Тольятти(s=1000)[Тольятти] | Илья Геннадьевич Сухих(s=899)[Сухих,_Илья_Геннадьевич] | Николай Ренц(s=898)[Ренц,_Николай_Альфредович] | Сергей Анташев(s=897)[Анташев,_Сергей_Александрович] | Сергей Андреев(s=896)[Андреев,_Сергей_Игоревич]
2026-08-25 23:41:38.884 I/BenchmarkBridge: [PROBE] cand=30 ms=631 titles=Тольятти | Илья Геннадьевич Сухих | Николай Ренц | Сергей Анташев | Сергей Андреев | Воронежский трамвай | Человек-предшественник | Кумундурос, Александрос | Вогт, Йёрген Херман | Предшественник бета-амилоида | Петерсен, Ханс Кристиан | Процесс ста девяноста трёх | Сибберн, Валентин Кристиан Вильгельм | Хольст, Пал Кристиан | Мёинишен, Эрик Рёринг | Предшественник белка | Крог, Николаи Йохан Лохманн | Истурис, Франсиско Хавьер де | Фаттори, Доменико | Ланг, Жак
2026-08-25 23:41:38.884 I/BenchmarkBridge: [PROBE] done
2026-08-25 23:41:41.379 I/BenchmarkBridge: [PROBE] q=в каком регионе находится город где родился Гагарин
2026-08-25 23:41:41.380 I/FactoidAnswerer: Factoid candidate: label='Место рождения' entity='Гагарин'
2026-08-25 23:41:41.414 I/FactoidAnswerer: Factoid HIT: Место рождения = 'деревня Клушино, Гжатский район, Западная область, РСФСР, СССР' (Гагарин)
2026-08-25 23:41:41.415 I/BenchmarkBridge: [PROBE] fast=hit ms=35 article=Гагарин field=Место рождения value=деревня Клушино, Гжатский район, Западная область, РСФСР, СССР
2026-08-25 23:41:41.415 I/RagPromptBuilder: Query: 'в каком регионе находится город где родился Гагарин' -> ZIM keywords: 'каком регионе находится город родился гагарин'
2026-08-25 23:41:41.440 I/GraphWalker: walk seed=Гагарин,_Юрий_Алексеевич props=[P6, P1365, P1366, P39, P166, P26, P40, P22, P25, P3373, P50, P175, P800, P184, P802, P57, P58, P162, P36, P159, P127, P112] → 6 nodes
2026-08-25 23:41:41.440 I/RagPromptBuilder: Walker probes (entity='Гагарин', props=22): Гагарин, Юрий Алексеевич, Герой Советского Союза, Орден Ленина, Юбилейная медаль «Двадцать лет Победы в Великой Отечественной войне 1941—1945 гг.», Медаль «За освоение целинных земель», Юбилейная медаль «40 лет Вооружённых Сил СССР», Юбилейная медаль «50 лет Вооружённых Сил СССР»
2026-08-25 23:41:41.444 I/EntityTitleProbe: Title probes (23 lookups): Гагарин, Юрий Алексеевич(1070), Регион(1020), Город(1020)
2026-08-25 23:41:41.472 I/ZimSearcher: search('каком регионе находится город родился гагарин') estimated=400
2026-08-25 23:41:41.944 I/ZimSearcher: search('находится') estimated=505230
2026-08-25 23:41:42.198 I/RagPromptBuilder: Entity merge 'находится': +20 candidates
2026-08-25 23:41:42.199 I/RagPromptBuilder: RAG: 'в каком регионе находится город где родился Гагарин' candidates=49
2026-08-25 23:41:42.199 I/RagPromptBuilder: Top hits: Город(s=1020)[Город] | Гагарин, Юрий Алексеевич(s=1000)[Гагарин,_Юрий_Алексеевич] | Регион(s=1020)[Регион] | Орден Ленина(s=899)[Орден_Ленина] | Герой Советского Союза(s=899)[Герой_Советского_Союза]
2026-08-25 23:41:42.199 I/BenchmarkBridge: [PROBE] cand=49 ms=784 titles=Город | Гагарин, Юрий Алексеевич | Регион | Орден Ленина | Герой Советского Союза | Медаль «За освоение целинных земель» | Юбилейная медаль «40 лет Вооружённых Сил СССР» | Юбилейная медаль «50 лет Вооружённых Сил СССР» | Юбилейная медаль «Двадцать лет Победы в Великой Отечественной войне 1941—1945 гг.» | Гагарин (Смоленская область) | Улица Гагарина (Томск) | Где находится нофелет? | Наход (Новгородская область) | Наход | Виллер | Битва при Находе | Озёра Уфы | Уличная скульптура в Элисте | Замок Скалы (Наход) | Покеткуб
2026-08-25 23:41:42.199 I/BenchmarkBridge: [PROBE] done
2026-08-25 23:41:44.504 I/BenchmarkBridge: [PROBE] q=сравни население Москвы и Санкт-Петербурга
2026-08-25 23:41:44.505 I/BenchmarkBridge: [PROBE] fast=miss ms=0
2026-08-25 23:41:44.506 I/RagPromptBuilder: Query: 'сравни население Москвы и Санкт-Петербурга' -> ZIM keywords: 'сравни население москвы санкт петербурга'
2026-08-25 23:41:44.642 I/GraphWalker: walk: 0 wikilinks in 'Генплан_Петербурга' (depth=0)
2026-08-25 23:41:44.643 I/GraphWalker: walk seed=Генплан_Петербурга props=[P6, P1365, P1366, P39, P166, P26, P40, P22, P25, P3373, P50, P175, P800, P184, P802, P57, P58, P162, P36, P159, P127, P112] → 0 nodes
2026-08-25 23:41:44.643 I/RagPromptBuilder: Walker probes (entity='Петербурга', props=22): Генплан Петербурга
2026-08-25 23:41:44.648 I/EntityTitleProbe: Title probes (23 lookups): Москва(1070), Санкт-Петербург(1070), Население Москвы(890)
2026-08-25 23:41:44.663 I/ZimSearcher: search('сравни население москвы санкт петербурга') estimated=300
2026-08-25 23:41:44.940 I/ZimSearcher: search('петербурга') estimated=115995
2026-08-25 23:41:45.175 I/RagPromptBuilder: Entity merge 'петербурга': +18 candidates
2026-08-25 23:41:45.176 I/RagPromptBuilder: RAG: 'сравни население Москвы и Санкт-Петербурга' candidates=42
2026-08-25 23:41:45.176 I/RagPromptBuilder: Top hits: Санкт-Петербург(s=1070)[Санкт-Петербург] | Москва(s=1070)[Москва] | Генплан Петербурга(s=950)[Генплан_Петербурга] | Население Москвы(s=890)[Население_Москвы] | Санкт-Петербург (телерадиокомпания)(s=99)[Санкт-Петербург_(телерадиокомпания)]
2026-08-25 23:41:45.176 I/BenchmarkBridge: [PROBE] cand=42 ms=671 titles=Санкт-Петербург | Москва | Генплан Петербурга | Население Москвы | Санкт-Петербург (телерадиокомпания) | Санкт-Петербург-Витебский регион Октябрьской железной дороги | Экономика Санкт-Петербурга | Награды Санкт-Петербурга | Библиотеки Санкт-Петербурга | Уставный суд Санкт-Петербурга | Губернатор Санкт-Петербурга | Органы власти Санкт-Петербурга | Флаг Санкт-Петербурга | Экология Санкт-Петербурга | Почётный гражданин Санкт-Петербурга | Законодательное собрание Санкт-Петербурга | Матчи сборной Санкт-Петербурга по футболу (1913) | Матчи сборной Санкт-Петербурга по футболу (1902—1907) | Матчи сборной Санкт-Петербурга по футболу (1914) | Программа сохранения и развития исторического центра Санкт-Петербурга
2026-08-25 23:41:45.176 I/BenchmarkBridge: [PROBE] done
2026-08-25 23:41:47.620 I/BenchmarkBridge: [PROBE] q=почему Байкал самое глубокое озеро
2026-08-25 23:41:47.621 I/BenchmarkBridge: [PROBE] fast=miss ms=0
2026-08-25 23:41:47.621 I/RagPromptBuilder: Query: 'почему Байкал самое глубокое озеро' -> ZIM keywords: 'байкал самое глубокое озеро'
2026-08-25 23:41:47.653 I/GraphWalker: walk: 0 wikilinks in 'Байкал' (depth=0)
2026-08-25 23:41:47.654 I/GraphWalker: walk seed=Байкал props=[P6, P1365, P1366, P39, P166, P26, P40, P22, P25, P3373, P50, P175, P800, P184, P802, P57, P58, P162, P36, P159, P127, P112] → 0 nodes
2026-08-25 23:41:47.654 I/RagPromptBuilder: Walker probes (entity='Байкал', props=22): Байкал
2026-08-25 23:41:47.659 I/EntityTitleProbe: Title probes (25 lookups): Байкал(1070), Глубокое озеро(1040), Самоа(1020), Само(1020)
2026-08-25 23:41:47.665 I/ZimSearcher: search('байкал самое глубокое озеро') estimated=200
2026-08-25 23:41:47.904 I/ZimSearcher: search('глубокое') estimated=52854
2026-08-25 23:41:48.141 I/RagPromptBuilder: Entity merge 'глубокое': +19 candidates
2026-08-25 23:41:48.141 I/RagPromptBuilder: RAG: 'почему Байкал самое глубокое озеро' candidates=41
2026-08-25 23:41:48.142 I/RagPromptBuilder: Top hits: Байкал(s=1000)[Байкал] | Глубокое озеро(s=1040)[Глубокое_озеро] | Самоа(s=1020)[Самоа] | Само(s=1020)[Само] | Глубокое(s=100)[Глубокое]
2026-08-25 23:41:48.142 I/BenchmarkBridge: [PROBE] cand=41 ms=521 titles=Байкал | Глубокое озеро | Самоа | Само | Глубокое | Глубокое (город) | Глубокое обучение | Глубокое (Алтайский край) | Глубокое синее море (фильм, 1999) | Глубокое синее море 2 | Глубокое (Лужский район) | Глубокое (Опочецкий район) | Байкальская горная страна | Хронология озера Байкал | Сарма (река, впадает в Байкал) | (2776) Байкал | Глубокий | Хубсугул | Впадины континентов | Глубокая
2026-08-25 23:41:48.142 I/BenchmarkBridge: [PROBE] done
2026-08-25 23:41:50.744 I/BenchmarkBridge: [PROBE] q=как связаны Менделеев и периодическая таблица
2026-08-25 23:41:50.744 I/BenchmarkBridge: [PROBE] fast=miss ms=0
2026-08-25 23:41:50.745 I/RagPromptBuilder: Query: 'как связаны Менделеев и периодическая таблица' -> ZIM keywords: 'связаны менделеев периодическая таблица'
2026-08-25 23:41:50.791 I/GraphWalker: walk seed=Менделеев,_Дмитрий_Иванович props=[P6, P1365, P1366, P39, P166, P26, P40, P22, P25, P3373, P50, P175, P800, P184, P802, P57, P58, P162, P36, P159, P127, P112] → 6 nodes
2026-08-25 23:41:50.792 I/RagPromptBuilder: Walker probes (entity='Менделеев', props=22): Менделеев, Дмитрий Иванович, Орден Святого Владимира, Кавалер ордена Святого Александра Невского, Орден Белого орла (Российская империя), Орден Святой Анны I степени, Орден Святого Станислава (Российская империя), Орден Святой Анны II степени
2026-08-25 23:41:50.795 I/EntityTitleProbe: Title probes (14 lookups): Менделеев, Дмитрий Иванович(1070), Периодическая система химических элементов(1040), Таблица(1020), Таблиц, Богуслав(1020)
2026-08-25 23:41:50.799 I/ZimSearcher: search('связаны менделеев периодическая таблица') estimated=60
2026-08-25 23:41:51.106 I/ZimSearcher: search('периодическая') estimated=24960
2026-08-25 23:41:51.376 I/RagPromptBuilder: Entity merge 'периодическая': +18 candidates
2026-08-25 23:41:51.377 I/RagPromptBuilder: RAG: 'как связаны Менделеев и периодическая таблица' candidates=46
2026-08-25 23:41:51.377 I/RagPromptBuilder: Top hits: Таблица(s=1020)[Таблица] | Периодическая система химических элементов(s=1040)[Периодическая_система_химических_элементов] | Менделеев, Дмитрий Иванович(s=1000)[Менделеев,_Дмитрий_Иванович] | Таблиц, Богуслав(s=1020)[Таблиц,_Богуслав] | Орден Святого Владимира(s=899)[Орден_Святого_Владимира]
2026-08-25 23:41:51.378 I/BenchmarkBridge: [PROBE] cand=46 ms=633 titles=Таблица | Периодическая система химических элементов | Менделеев, Дмитрий Иванович | Таблиц, Богуслав | Орден Святого Владимира | Орден Белого орла (Российская империя) | Орден Святой Анны I степени | Орден Святой Анны II степени | Кавалер ордена Святого Александра Невского | Орден Святого Станислава (Российская империя) | Периодическая болезнь | Периодическая последовательность | Периодическая группа | Периодическая функция | Историческая еврейская периодическая печать | Почти периодическая функция | Трижды периодическая минимальная поверхность | Периодический закон | Менделеевские съезды | Периодическое издание
2026-08-25 23:41:51.378 I/BenchmarkBridge: [PROBE] done
2026-08-26 02:56:33.974 I/WikiLLMApp: ADSP_LIBRARY_PATH=/data/app/~~DTyhfDCBEIIFYWkRAPBBKg==/com.wikillm.android.debug-5BwsfEdSsW4jXJ6m1uNVUA==/lib/arm64;/vendor/lib/rfsa/adsp;/vendor/dsp/cdsp;/system/lib/rfsa/adsp
2026-08-26 02:56:33.979 I/WikiLLMApp: ReLinker.loadLibrary(zim) OK
2026-08-26 02:56:33.984 I/WikiLLMApp: ReLinker.loadLibrary(kiwix) OK
2026-08-26 02:56:33.985 I/WikiLLMApp: System.loadLibrary(zim_wrapper) OK
2026-08-26 02:56:33.985 I/WikiLLMApp: System.loadLibrary(kiwix_wrapper) OK
2026-08-26 02:56:34.235 I/ChatVM: Auto-loading last model: Qwen3-4B-Thinking-2507-Q4_0.gguf
2026-08-26 02:56:34.236 I/ChatVM: Loading model: Qwen3-4B-Thinking-2507-Q4_0.gguf (device=auto, mtp=1) (/storage/emulated/0/Android/data/com.wikillm.android.debug/files/models/unsloth/Qwen3-4B-Thinking-2507-GGUF/Qwen3-4B-Thinking-2507-Q4_0.gguf)
2026-08-26 02:56:38.145 I/ChatVM: Model loaded: Qwen3-4B-Thinking-2507-Q4_0.gguf
2026-08-26 02:56:56.998 I/BenchmarkBridge: [PROBE] q=PROBE-RUN-1787702207
2026-08-26 02:56:57.005 I/ZimSearcher: openPath: /storage/emulated/0/Android/data/com.wikillm.android.debug/files/zim/wikipedia_ru_all_nopic_2026-01.zim (14671735099 bytes)
2026-08-26 02:56:57.333 I/ZimSearchHolder: ZimSearchHolder ready: wikipedia_ru_all_nopic_2026-01.zim
2026-08-26 02:56:57.334 I/BenchmarkBridge: [PROBE] fast=miss ms=0
2026-08-26 02:56:57.338 I/RagPromptBuilder: Query: 'PROBE-RUN-1787702207' -> ZIM keywords: 'probe run 1787702207'
2026-08-26 02:56:57.504 I/GraphWalker: walk: 0 wikilinks in 'Probe_16' (depth=0)
2026-08-26 02:56:57.505 I/GraphWalker: walk seed=Probe_16 props=[P6, P1365, P1366, P39, P166, P26, P40, P22, P25, P3373, P50, P175, P800, P184, P802, P57, P58, P162, P36, P159, P127, P112] → 0 nodes
2026-08-26 02:56:57.505 I/RagPromptBuilder: Walker probes (entity='PROBE', props=22): Probe 16
2026-08-26 02:56:57.520 I/ZimSearcher: search('probe run 1787702207') estimated=0
2026-08-26 02:56:57.521 I/ZimSearcher: search('1787702207') estimated=0
2026-08-26 02:56:57.521 I/RagPromptBuilder: RAG: 'PROBE-RUN-1787702207' candidates=1
2026-08-26 02:56:57.521 I/RagPromptBuilder: Top hits: Probe 16(s=950)[Probe_16]
2026-08-26 02:56:57.522 I/BenchmarkBridge: [PROBE] cand=1 ms=187 titles=Probe 16
2026-08-26 02:56:57.522 I/BenchmarkBridge: [PROBE] done
2026-08-26 02:57:00.147 I/BenchmarkBridge: [PROBE] q=кто мэр Тольятти
2026-08-26 02:57:00.148 I/FactoidAnswerer: Factoid candidate: label='Глава/мэр' entity='Тольятти'
2026-08-26 02:57:00.422 I/FactoidAnswerer: Factoid HIT: Глава/мэр = 'Илья Геннадьевич Сухих' (Тольятти)
2026-08-26 02:57:00.422 I/BenchmarkBridge: [PROBE] fast=hit ms=274 article=Тольятти field=Глава/мэр value=Илья Геннадьевич Сухих
2026-08-26 02:57:00.423 I/RagPromptBuilder: Query: 'кто мэр Тольятти' -> ZIM keywords: 'мэр тольятти'
2026-08-26 02:57:00.601 I/GraphWalker: walk seed=Тольятти props=[P6, P1365, P1366] → 4 nodes
2026-08-26 02:57:00.602 I/RagPromptBuilder: Walker probes (entity='Тольятти', props=3): Тольятти, Илья Геннадьевич Сухих, Николай Ренц, Сергей Анташев, Сергей Андреев
2026-08-26 02:57:00.610 I/EntityTitleProbe: Title probes (8 lookups): Тольятти(1070)
2026-08-26 02:57:00.655 I/ZimSearcher: search('мэр тольятти') estimated=700
2026-08-26 02:57:00.916 I/ZimSearcher: search('тольятти') estimated=5796
2026-08-26 02:57:01.292 I/RagPromptBuilder: Entity merge 'тольятти': +15 candidates
2026-08-26 02:57:01.294 I/RagPromptBuilder: RAG: 'кто мэр Тольятти' candidates=37
2026-08-26 02:57:01.294 I/RagPromptBuilder: Top hits: Тольятти(s=1000)[Тольятти] | Илья Геннадьевич Сухих(s=899)[Сухих,_Илья_Геннадьевич] | Николай Ренц(s=898)[Ренц,_Николай_Альфредович] | Сергей Анташев(s=897)[Анташев,_Сергей_Александрович] | Сергей Андреев(s=896)[Андреев,_Сергей_Игоревич]
2026-08-26 02:57:01.295 I/BenchmarkBridge: [PROBE] cand=37 ms=872 titles=Тольятти | Илья Геннадьевич Сухих | Николай Ренц | Сергей Анташев | Сергей Андреев | Тольятти 24 | Тольятти, Пальмиро | Тольятти (станция) | Тольятти (особая экономическая зона) | Тольяттинский театр кукол | Спорт в Тольятти | Памятники Тольятти | Лада-Тольятти | История Тольятти | Официальные символы Тольятти | Взрыв автобуса в Тольятти | Храмы Тольятти | Градоначальники Тольятти | ТОР «Тольятти» | Колесо (театр, Тольятти)
2026-08-26 02:57:01.295 I/BenchmarkBridge: [PROBE] done
2026-08-26 02:57:03.266 I/BenchmarkBridge: [PROBE] q=кто мэр Москвы
2026-08-26 02:57:03.267 I/FactoidAnswerer: Factoid candidate: label='Глава/мэр' entity='Москвы'
2026-08-26 02:57:05.018 I/FactoidAnswerer: Factoid HIT: Глава/мэр = 'Сергей Собянин' (Москва)
2026-08-26 02:57:05.018 I/BenchmarkBridge: [PROBE] fast=hit ms=1751 article=Москва field=Глава/мэр value=Сергей Собянин
2026-08-26 02:57:05.019 I/RagPromptBuilder: Query: 'кто мэр Москвы' -> ZIM keywords: 'мэр москвы'
2026-08-26 02:57:05.374 I/GraphWalker: walk: 0 wikilinks in 'Москвы_имени_канал' (depth=0)
2026-08-26 02:57:05.374 I/GraphWalker: walk seed=Москвы_имени_канал props=[P6, P1365, P1366] → 0 nodes
2026-08-26 02:57:05.375 I/RagPromptBuilder: Walker probes (entity='Москвы', props=3): Москвы имени канал
2026-08-26 02:57:05.378 I/EntityTitleProbe: Title probes (6 lookups): Москва(1070), Мэр Москвы(890)
2026-08-26 02:57:05.434 I/ZimSearcher: search('мэр москвы') estimated=20000
2026-08-26 02:57:06.001 I/ZimSearcher: search('москвы') estimated=410811
2026-08-26 02:57:06.367 I/BenchmarkBridge: [PROBE] q=какое население Казани
2026-08-26 02:57:06.368 I/FactoidAnswerer: Factoid candidate: label='Население' entity='Казани'
2026-08-26 02:57:06.575 I/RagPromptBuilder: Entity merge 'москвы': +20 candidates
2026-08-26 02:57:06.577 I/RagPromptBuilder: RAG: 'кто мэр Москвы' candidates=42
2026-08-26 02:57:06.577 I/RagPromptBuilder: Top hits: Москва(s=1070)[Москва] | Москвы имени канал(s=950)[Москвы_имени_канал] | Мэр Москвы(s=890)[Мэр_Москвы] | Здание мэрии Москвы(s=99)[Здание_мэрии_Москвы] | Выборы мэра Москвы (2018)(s=99)[Выборы_мэра_Москвы_(2018)]
2026-08-26 02:57:06.578 I/BenchmarkBridge: [PROBE] cand=42 ms=1559 titles=Москва | Москвы имени канал | Мэр Москвы | Здание мэрии Москвы | Выборы мэра Москвы (2018) | Выборы мэра Москвы (2013) | Выборы мэра Москвы (1999) | Выборы мэра Москвы (2023) | Выборы мэра Москвы (1991) | Выборы мэра Москвы (1996) | Кубок мэра Москвы по хоккею | Правительство Москвы | Выборы мэра Москвы (2003) | Устав города Москвы | Выборы мэра Москвы | Награды Москвы | Градоначальники Москвы | ФК «Спартак» Москва в сезоне 1935 | Москва (значения) | ФК «Спартак» Москва в сезоне 1940
2026-08-26 02:57:06.578 I/BenchmarkBridge: [PROBE] done
2026-08-26 02:57:07.022 I/FactoidAnswerer: Factoid HIT: Население = '1 329 825 человек (2025)' (Казань)
2026-08-26 02:57:07.022 I/BenchmarkBridge: [PROBE] fast=hit ms=654 article=Казань field=Население value=1 329 825 человек (2025)
2026-08-26 02:57:07.023 I/RagPromptBuilder: Query: 'какое население Казани' -> ZIM keywords: 'какое население казани'
2026-08-26 02:57:07.144 I/GraphWalker: walk: 0 wikilinks in 'Архитектура_Казани' (depth=0)
2026-08-26 02:57:07.145 I/GraphWalker: walk seed=Архитектура_Казани props=[P6, P1365, P1366, P39, P166, P26, P40, P22, P25, P3373, P50, P175, P800, P184, P802, P57, P58, P162, P36, P159, P127, P112] → 0 nodes
2026-08-26 02:57:07.145 I/RagPromptBuilder: Walker probes (entity='Казани', props=22): Архитектура Казани
2026-08-26 02:57:07.157 I/EntityTitleProbe: Title probes (16 lookups): Казань(1070), Казана, Мариуш(1070), Население Казани(890)
2026-08-26 02:57:07.221 I/ZimSearcher: search('какое население казани') estimated=7000
2026-08-26 02:57:07.842 I/ZimSearcher: search('население') estimated=524115
2026-08-26 02:57:08.467 I/RagPromptBuilder: Entity merge 'население': +20 candidates
2026-08-26 02:57:08.469 I/RagPromptBuilder: RAG: 'какое население Казани' candidates=42
2026-08-26 02:57:08.470 I/RagPromptBuilder: Top hits: Казань(s=1070)[Казань] | Казана, Мариуш(s=1070)[Казана,_Мариуш] | Архитектура Казани(s=950)[Архитектура_Казани] | Население Казани(s=890)[Население_Казани] | Население(s=99)[Население]
2026-08-26 02:57:08.470 I/BenchmarkBridge: [PROBE] cand=42 ms=1447 titles=Казань | Казана, Мариуш | Архитектура Казани | Население Казани | Население | Население Тывы | Население Ингушетии | Население Перми | Население Мордовии | Население Севастополя | Население Ярославской области | Население Красноярского края | Население Алтайского края | Население Ставропольского края | Население Чукотского автономного округа | Население Курской области | Население Сахалинской области | Приволжский район (Казань) | Портал:Черноземье | География населения
2026-08-26 02:57:08.470 I/BenchmarkBridge: [PROBE] done
2026-08-26 02:57:09.475 I/BenchmarkBridge: [PROBE] q=какое население Екатеринбурга
2026-08-26 02:57:09.476 I/FactoidAnswerer: Factoid candidate: label='Население' entity='Екатеринбурга'
2026-08-26 02:57:09.808 I/FactoidAnswerer: Factoid HIT: Население = 'город: 1 548 187 (2025) городской округ: 1 592 493 человек (2025)' (Екатеринбург)
2026-08-26 02:57:09.809 I/BenchmarkBridge: [PROBE] fast=hit ms=333 article=Екатеринбург field=Население value=город: 1 548 187 (2025) городской округ: 1 592 493 человек (2025)
2026-08-26 02:57:09.809 I/RagPromptBuilder: Query: 'какое население Екатеринбурга' -> ZIM keywords: 'какое население екатеринбурга'
2026-08-26 02:57:09.971 I/GraphWalker: walk: 0 wikilinks in 'Проспект_Ленина_(Екатеринбург)' (depth=1)
2026-08-26 02:57:09.978 I/GraphWalker: walk seed=Администрация_Екатеринбурга props=[P6, P1365, P1366, P39, P166, P26, P40, P22, P25, P3373, P50, P175, P800, P184, P802, P57, P58, P162, P36, P159, P127, P112] → 6 nodes
2026-08-26 02:57:09.979 I/RagPromptBuilder: Walker probes (entity='Екатеринбурга', props=22): Администрация Екатеринбурга, Екатеринбург, Проспект Ленина, дом 24а, Алексей Орлов, Г. А. Голубев, М. В. Рейшер
2026-08-26 02:57:09.983 I/EntityTitleProbe: Title probes (8 lookups): Екатеринбург(1070), Население Екатеринбурга(890)
2026-08-26 02:57:10.031 I/ZimSearcher: search('какое население екатеринбурга') estimated=5000
2026-08-26 02:57:10.376 I/ZimSearcher: search('екатеринбурга') estimated=25419
2026-08-26 02:57:10.669 I/RagPromptBuilder: Entity merge 'екатеринбурга': +16 candidates
2026-08-26 02:57:10.672 I/RagPromptBuilder: RAG: 'какое население Екатеринбурга' candidates=43
2026-08-26 02:57:10.672 I/RagPromptBuilder: Top hits: Администрация Екатеринбурга(s=950)[Администрация_Екатеринбурга] | Екатеринбург(s=899)[Екатеринбург] | Проспект Ленина(s=899)[Проспект_Ленина_(Екатеринбург)] | дом 24а(s=899)[Здание_Свердловского_городского_совета_народных_депутатов] | Алексей Орлов(s=899)[Орлов,_Алексей_Валерьевич]
2026-08-26 02:57:10.672 I/BenchmarkBridge: [PROBE] cand=43 ms=863 titles=Администрация Екатеринбурга | Екатеринбург | Проспект Ленина | дом 24а | Алексей Орлов | Г. А. Голубев | М. В. Рейшер | Население Екатеринбурга | Главы Екатеринбурга | Экономика Екатеринбурга | История Екатеринбурга | Международные связи Екатеринбурга | Транспорт Екатеринбурга | Архитектура Екатеринбурга | Культура Екатеринбурга | Глава администрации города Екатеринбурга | Административно-территориальное деление Екатеринбурга | Глава Екатеринбурга | Газоснабжение Екатеринбурга | Железнодорожный район (Екатеринбург)
2026-08-26 02:57:10.672 I/BenchmarkBridge: [PROBE] done
2026-08-26 02:57:12.577 I/BenchmarkBridge: [PROBE] q=когда основан Новосибирск
2026-08-26 02:57:12.578 I/FactoidAnswerer: Factoid candidate: label='Основан' entity='Новосибирск'
2026-08-26 02:57:12.670 I/FactoidAnswerer: Factoid HIT: Основан = '1893 год' (Новосибирск)
2026-08-26 02:57:12.670 I/BenchmarkBridge: [PROBE] fast=hit ms=93 article=Новосибирск field=Основан value=1893 год
2026-08-26 02:57:12.671 I/RagPromptBuilder: Query: 'когда основан Новосибирск' -> ZIM keywords: 'основан новосибирск'
2026-08-26 02:57:12.758 I/GraphWalker: walk: 0 wikilinks in 'Благодарность_Президента_Российской_Федерации' (depth=2)
2026-08-26 02:57:12.770 I/GraphWalker: walk seed=Новосибирск props=[P6, P1365, P1366, P39, P166, P26, P40, P22, P25, P3373, P50, P175, P800, P184, P802, P57, P58, P162, P36, P159, P127, P112] → 6 nodes
2026-08-26 02:57:12.770 I/RagPromptBuilder: Walker probes (entity='Новосибирск', props=22): Новосибирск, Максим Кудрявцев, Благодарность Президента Российской Федерации, Анатолий Локоть, Олег Клемешов, Медаль «За возвращение Крыма», Почётная грамота Правительства Российской Федерации
2026-08-26 02:57:12.777 I/EntityTitleProbe: Title probes (2 lookups): Новосибирск(1070)
2026-08-26 02:57:12.827 I/ZimSearcher: search('основан новосибирск') estimated=9000
2026-08-26 02:57:13.092 I/ZimSearcher: search('новосибирск') estimated=37369
2026-08-26 02:57:13.414 I/RagPromptBuilder: Entity merge 'новосибирск': +19 candidates
2026-08-26 02:57:13.417 I/RagPromptBuilder: RAG: 'когда основан Новосибирск' candidates=46
2026-08-26 02:57:13.417 I/RagPromptBuilder: Top hits: Новосибирск(s=1000)[Новосибирск] | Максим Кудрявцев(s=899)[Кудрявцев,_Максим_Георгиевич] | Анатолий Локоть(s=898)[Локоть,_Анатолий_Евгеньевич] | Олег Клемешов(s=898)[Клемешов,_Олег_Петрович] | Благодарность Президента Российской Федерации(s=898)[Благодарность_Президента_Российской_Федерации]
2026-08-26 02:57:13.417 I/BenchmarkBridge: [PROBE] cand=46 ms=746 titles=Новосибирск | Максим Кудрявцев | Анатолий Локоть | Олег Клемешов | Благодарность Президента Российской Федерации | Медаль «За возвращение Крыма» | Почётная грамота Правительства Российской Федерации | Новосибирский метрополитен | Новосибирск (телерадиокомпания) | Новосибирский троллейбус | Новосибирская агломерация | Новосибирский трамвай | Новосибирский автобус | Новосибирский метромост | Новосибирская епархия | Новосибирский государственный художественный музей | Новосибирский автотранспортный колледж | Новосибирский радиотехнический колледж | Новосибирская (кондитерская фабрика) | Новосибирская картографическая фабрика
2026-08-26 02:57:13.417 I/BenchmarkBridge: [PROBE] done
2026-08-26 02:57:15.690 I/BenchmarkBridge: [PROBE] q=когда основан Владивосток
2026-08-26 02:57:15.691 I/FactoidAnswerer: Factoid candidate: label='Основан' entity='Владивосток'
2026-08-26 02:57:15.778 I/FactoidAnswerer: Factoid HIT: Основан = '1860 год' (Владивосток)
2026-08-26 02:57:15.778 I/BenchmarkBridge: [PROBE] fast=hit ms=87 article=Владивосток field=Основан value=1860 год
2026-08-26 02:57:15.778 I/RagPromptBuilder: Query: 'когда основан Владивосток' -> ZIM keywords: 'основан владивосток'
2026-08-26 02:57:15.868 I/GraphWalker: walk seed=Владивосток props=[P6, P1365, P1366, P39, P166, P26, P40, P22, P25, P3373, P50, P175, P800, P184, P802, P57, P58, P162, P36, P159, P127, P112] → 4 nodes
2026-08-26 02:57:15.869 I/RagPromptBuilder: Walker probes (entity='Владивосток', props=22): Владивосток, Константин Владимирович Шестаков, Олег Владимирович Гуменюк, Виталий Веркеенко, Игорь Пушкарёв
2026-08-26 02:57:15.871 I/EntityTitleProbe: Title probes (2 lookups): Владивосток(1070)
2026-08-26 02:57:15.900 I/ZimSearcher: search('основан владивосток') estimated=3000
2026-08-26 02:57:16.173 I/ZimSearcher: search('владивосток') estimated=15504
2026-08-26 02:57:16.469 I/RagPromptBuilder: Entity merge 'владивосток': +17 candidates
2026-08-26 02:57:16.472 I/RagPromptBuilder: RAG: 'когда основан Владивосток' candidates=42
2026-08-26 02:57:16.473 I/RagPromptBuilder: Top hits: Владивосток(s=1000)[Владивосток] | Константин Владимирович Шестаков(s=899)[Шестаков,_Константин_Владимирович] | Олег Владимирович Гуменюк(s=898)[Гуменюк,_Олег_Владимирович] | Виталий Веркеенко(s=897)[Веркеенко,_Виталий_Васильевич] | Игорь Пушкарёв(s=896)[Пушкарёв,_Игорь_Сергеевич]
2026-08-26 02:57:16.473 I/BenchmarkBridge: [PROBE] cand=42 ms=695 titles=Владивосток | Константин Владимирович Шестаков | Олег Владимирович Гуменюк | Виталий Веркеенко | Игорь Пушкарёв | Владивосток (станция) | Владивосток Авиа | Владивосток (аэропорт) | Владивосток (газета, 1883) | Владивостокские тигры | Владивосток (газета, 1911) | Герб Владивостока | Флаг Владивостока | Почётный гражданин Владивостока | История Владивостока | Архитектура Владивостока | Культура Владивостока | Экономика Владивостока | Свободный порт Владивосток | Памятники Владивостока
2026-08-26 02:57:16.474 I/BenchmarkBridge: [PROBE] done
2026-08-26 02:57:18.802 I/BenchmarkBridge: [PROBE] q=какая площадь Байкала
2026-08-26 02:57:18.803 I/FactoidAnswerer: Factoid candidate: label='Площадь' entity='Байкала'
2026-08-26 02:57:18.901 I/FactoidAnswerer: Factoid HIT: Площадь = '31 722 км²' (Байкал)
2026-08-26 02:57:18.901 I/BenchmarkBridge: [PROBE] fast=hit ms=98 article=Байкал field=Площадь value=31 722 км²
2026-08-26 02:57:18.901 I/RagPromptBuilder: Query: 'какая площадь Байкала' -> ZIM keywords: 'площадь байкала'
2026-08-26 02:57:18.918 I/GraphWalker: walk: 0 wikilinks in 'Ветры_Байкала' (depth=0)
2026-08-26 02:57:18.918 I/GraphWalker: walk seed=Ветры_Байкала props=[P6, P1365, P1366, P39, P166, P26, P40, P22, P25, P3373, P50, P175, P800, P184, P802, P57, P58, P162, P36, P159, P127, P112] → 0 nodes
2026-08-26 02:57:18.918 I/RagPromptBuilder: Walker probes (entity='Байкала', props=22): Ветры Байкала
2026-08-26 02:57:18.923 I/EntityTitleProbe: Title probes (4 lookups): Байкал(1070)
2026-08-26 02:57:18.942 I/ZimSearcher: search('площадь байкала') estimated=2000
2026-08-26 02:57:19.395 I/ZimSearcher: search('площадь') estimated=297695
2026-08-26 02:57:19.696 I/RagPromptBuilder: Entity merge 'площадь': +20 candidates
2026-08-26 02:57:19.698 I/RagPromptBuilder: RAG: 'какая площадь Байкала' candidates=41
2026-08-26 02:57:19.698 I/RagPromptBuilder: Top hits: Байкал(s=1070)[Байкал] | Ветры Байкала(s=950)[Ветры_Байкала] | Площадь Свободы(s=100)[Площадь_Свободы] | Площадь Ленина(s=99)[Площадь_Ленина] | Площадь Революции(s=99)[Площадь_Революции]
2026-08-26 02:57:19.699 I/BenchmarkBridge: [PROBE] cand=41 ms=798 titles=Байкал | Ветры Байкала | Площадь Свободы | Площадь Ленина | Площадь Революции | Площадь Победы | Площадь Героев | Площадь Независимости | Площадь Обороны (Екатеринбург) | Площадь Кирова (Екатеринбург) | Площадь Труда (Екатеринбург) | Площадь 1905 года (Екатеринбург) | Соборная площадь | Октябрьская площадь | Советская площадь | Берёзовская площадь | Дворцовая площадь | Привокзальная площадь | Сенная площадь (Санкт-Петербург) | Сенная площадь (Екатеринбург)
2026-08-26 02:57:19.699 I/BenchmarkBridge: [PROBE] done
2026-08-26 02:57:21.905 I/BenchmarkBridge: [PROBE] q=какая столица Японии
2026-08-26 02:57:21.906 I/FactoidAnswerer: Factoid candidate: label='Столица' entity='Японии'
2026-08-26 02:57:22.470 I/FactoidAnswerer: Factoid HIT: Столица = 'Токио' (Япония)
2026-08-26 02:57:22.471 I/BenchmarkBridge: [PROBE] fast=hit ms=565 article=Япония field=Столица value=Токио
2026-08-26 02:57:22.471 I/RagPromptBuilder: Query: 'какая столица Японии' -> ZIM keywords: 'столица японии'
2026-08-26 02:57:22.584 I/GraphWalker: walk: 0 wikilinks in 'Японий' (depth=0)
2026-08-26 02:57:22.585 I/GraphWalker: walk seed=Японий props=[P6, P1365, P1366] → 0 nodes
2026-08-26 02:57:22.585 I/RagPromptBuilder: Walker probes (entity='Японии', props=3): Японий
2026-08-26 02:57:22.593 I/EntityTitleProbe: Title probes (9 lookups): Япония(1070), Нихоний(1070), Токио(890)
2026-08-26 02:57:22.640 I/ZimSearcher: search('столица японии') estimated=10000
2026-08-26 02:57:23.181 I/ZimSearcher: search('столица') estimated=88669
2026-08-26 02:57:23.470 I/RagPromptBuilder: Entity merge 'столица': +20 candidates
2026-08-26 02:57:23.473 I/RagPromptBuilder: RAG: 'какая столица Японии' candidates=43
2026-08-26 02:57:23.473 I/RagPromptBuilder: Top hits: Япония(s=1070)[Япония] | Нихоний(s=1070)[Нихоний] | Японий(s=950)[Японий] | Токио(s=890)[Токио] | Столица(s=99)[Столица]
2026-08-26 02:57:23.474 I/BenchmarkBridge: [PROBE] cand=43 ms=1003 titles=Япония | Нихоний | Японий | Токио | Столица | Столица (телеканал) | Столица Германии | Столица Республики Казахстан | Столица в огне | Столицы Японии | Третья столица России | Культурная столица Беларуси | Гетманская столица | Первая столица (телепрограмма) | ТОР «Столица Арктики» | Новая столица Египта | Транспорт в Японии | Список стран, где столица не является крупнейшим городом | Фестиваль Столица закатов (Нижний Новгород) | Нагаокакё (столица)
2026-08-26 02:57:23.474 I/BenchmarkBridge: [PROBE] done
2026-08-26 02:57:25.017 I/BenchmarkBridge: [PROBE] q=какая валюта в Бразилии
2026-08-26 02:57:25.018 I/FactoidAnswerer: Factoid candidate: label='Валюта' entity='Бразилии'
2026-08-26 02:57:25.357 I/FactoidAnswerer: Factoid HIT: Валюта = 'бразильский реал (код BRL, 986)' (Бразилия)
2026-08-26 02:57:25.357 I/BenchmarkBridge: [PROBE] fast=hit ms=339 article=Бразилия field=Валюта value=бразильский реал (код BRL, 986)
2026-08-26 02:57:25.357 I/RagPromptBuilder: Query: 'какая валюта в Бразилии' -> ZIM keywords: 'валюта бразилии'
2026-08-26 02:57:25.478 I/GraphWalker: walk seed=Авеню_Бразилии props=[P6, P1365, P1366, P39, P166, P26, P40, P22, P25, P3373, P50, P175, P800, P184, P802, P57, P58, P162, P36, P159, P127, P112] → 3 nodes
2026-08-26 02:57:25.478 I/RagPromptBuilder: Walker probes (entity='Бразилии', props=22): Авеню Бразилии, Спаси меня, Святой Георгий, Проспект Бразилии, Любовь к жизни
2026-08-26 02:57:25.485 I/EntityTitleProbe: Title probes (5 lookups): Бразилия(1070)
2026-08-26 02:57:25.502 I/ZimSearcher: search('валюта бразилии') estimated=2000
2026-08-26 02:57:25.795 I/ZimSearcher: search('бразилии') estimated=63140
2026-08-26 02:57:26.579 I/RagPromptBuilder: Entity merge 'бразилии': +19 candidates
2026-08-26 02:57:26.581 I/RagPromptBuilder: RAG: 'какая валюта в Бразилии' candidates=44
2026-08-26 02:57:26.581 I/RagPromptBuilder: Top hits: Бразилия(s=1070)[Бразилия] | Авеню Бразилии(s=950)[Авеню_Бразилии] | Спаси меня, Святой Георгий(s=899)[Спаси_меня,_Святой_Георгий] | Проспект Бразилии(s=898)[Проспект_Бразилии] | Любовь к жизни(s=898)[Любовь_к_жизни_(телесериал,_2013)]
2026-08-26 02:57:26.581 I/BenchmarkBridge: [PROBE] cand=44 ms=1224 titles=Бразилия | Авеню Бразилии | Спаси меня, Святой Георгий | Проспект Бразилии | Любовь к жизни | Чемпионат Бразилии по футболу 2018 (составы) | Экономика Бразилии | Список матчей сборной Бразилии по футболу (1960—1969) | Список матчей сборной Бразилии по футболу (1980—1989) | Список матчей сборной Бразилии по футболу (1970—1979) | Список матчей сборной Бразилии по футболу (1990—1999) | Список матчей сборной Бразилии по футболу (1940—1949) | Список матчей сборной Бразилии по футболу (2010—2019) | Список матчей сборной Бразилии по футболу (1930—1939) | Список матчей сборной Бразилии по футболу (с 2020 года) | Список матчей сборной Бразилии по футболу (1920—1929) | Список матчей сборной Бразилии по футболу (2000—2009) | Список главных тренеров сборной Бразилии по футболу | Соединённое королевство Португалии, Бразилии и Алгарве | Список матчей сборной Бразилии по футболу (1914—1919)
2026-08-26 02:57:26.581 I/BenchmarkBridge: [PROBE] done
2026-08-26 02:57:28.128 I/BenchmarkBridge: [PROBE] q=когда родился Дмитрий Менделеев
2026-08-26 02:57:28.129 I/FactoidAnswerer: Factoid candidate: label='Дата рождения' entity='Менделеев'
2026-08-26 02:57:28.184 I/FactoidAnswerer: Factoid HIT: Дата рождения = '27 января (8 февраля) 1834 […]' (Менделеев)
2026-08-26 02:57:28.184 I/BenchmarkBridge: [PROBE] fast=hit ms=55 article=Менделеев field=Дата рождения value=27 января (8 февраля) 1834 […]
2026-08-26 02:57:28.184 I/RagPromptBuilder: Query: 'когда родился Дмитрий Менделеев' -> ZIM keywords: 'родился дмитрий менделеев'
2026-08-26 02:57:28.216 I/GraphWalker: walk seed=Менделеев,_Дмитрий_Иванович props=[P6, P1365, P1366, P39, P166, P26, P40, P22, P25, P3373, P50, P175, P800, P184, P802, P57, P58, P162, P36, P159, P127, P112] → 6 nodes
2026-08-26 02:57:28.216 I/RagPromptBuilder: Walker probes (entity='Менделеев', props=22): Менделеев, Дмитрий Иванович, Орден Святого Владимира, Кавалер ордена Святого Александра Невского, Орден Белого орла (Российская империя), Орден Святой Анны I степени, Орден Святого Станислава (Российская империя), Орден Святой Анны II степени
2026-08-26 02:57:28.230 I/EntityTitleProbe: Title probes (9 lookups): Менделеев, Дмитрий Иванович(1090), Дмитрий(1070)
2026-08-26 02:57:28.246 I/ZimSearcher: search('родился дмитрий менделеев') estimated=300
2026-08-26 02:57:28.477 I/ZimSearcher: search('менделеев') estimated=965
2026-08-26 02:57:28.730 I/RagPromptBuilder: Entity merge 'менделеев': +12 candidates
2026-08-26 02:57:28.732 I/RagPromptBuilder: RAG: 'когда родился Дмитрий Менделеев' candidates=39
2026-08-26 02:57:28.732 I/RagPromptBuilder: Top hits: Дмитрий(s=1070)[Дмитрий] | Менделеев, Дмитрий Иванович(s=1000)[Менделеев,_Дмитрий_Иванович] | Орден Святого Владимира(s=899)[Орден_Святого_Владимира] | Орден Белого орла (Российская империя)(s=899)[Орден_Белого_орла_(Российская_империя)] | Орден Святой Анны I степени(s=899)[Орден_Святой_Анны_I_степени]
2026-08-26 02:57:28.732 I/BenchmarkBridge: [PROBE] cand=39 ms=548 titles=Дмитрий | Менделеев, Дмитрий Иванович | Орден Святого Владимира | Орден Белого орла (Российская империя) | Орден Святой Анны I степени | Орден Святой Анны II степени | Кавалер ордена Святого Александра Невского | Орден Святого Станислава (Российская империя) | Дмитрий Менделеев (судно) | Менделеев, Иридий Михайлович | Менделеев (лунный кратер) | Менделеев, Иван Павлович | Менделеев, Владимир Дмитриевич | Менделеев, Павел Павлович | Менделеев (значения) | Менделеева, Анна Ивановна | Менделеев, Василий Дмитриевич | Менделеевы | Алексей (Алесь) Семёнович Менделеев | (2769) Менделеев
2026-08-26 02:57:28.732 I/BenchmarkBridge: [PROBE] done
2026-08-26 02:57:31.236 I/BenchmarkBridge: [PROBE] q=когда умер Лев Толстой
2026-08-26 02:57:31.237 I/FactoidAnswerer: Factoid candidate: label='Дата смерти' entity='Толстой'
2026-08-26 02:57:31.256 I/FactoidAnswerer: Factoid: 'Толстой' has no infobox — falling back to RAG
2026-08-26 02:57:31.257 I/BenchmarkBridge: [PROBE] fast=miss ms=20
2026-08-26 02:57:31.257 I/RagPromptBuilder: Query: 'когда умер Лев Толстой' -> ZIM keywords: 'умер лев толстой'
2026-08-26 02:57:31.265 I/GraphWalker: walk: 0 wikilinks in 'Толстой' (depth=0)
2026-08-26 02:57:31.265 I/GraphWalker: walk seed=Толстой props=[P6, P1365, P1366, P39, P166, P26, P40, P22, P25, P3373, P50, P175, P800, P184, P802, P57, P58, P162, P36, P159, P127, P112] → 0 nodes
2026-08-26 02:57:31.265 I/RagPromptBuilder: Walker probes (entity='Толстой', props=22): Толстой
2026-08-26 02:57:31.281 I/EntityTitleProbe: Title probes (9 lookups): Толстой, Лев Николаевич(1090), Толстой(1070), Толстая(1070)
2026-08-26 02:57:31.304 I/ZimSearcher: search('умер лев толстой') estimated=900
2026-08-26 02:57:31.653 I/ZimSearcher: search('толстой') estimated=9261
2026-08-26 02:57:32.100 I/RagPromptBuilder: Entity merge 'толстой': +16 candidates
2026-08-26 02:57:32.102 I/RagPromptBuilder: RAG: 'когда умер Лев Толстой' candidates=38
2026-08-26 02:57:32.102 I/RagPromptBuilder: Top hits: Толстой, Лев Николаевич(s=1090)[Толстой,_Лев_Николаевич] | Толстая(s=1070)[Толстая] | Толстой(s=1000)[Толстой] | Лев Толстой (станция)(s=100)[Лев_Толстой_(станция)] | Лев Толстой в Чечне(s=99)[Лев_Толстой_в_Чечне]
2026-08-26 02:57:32.102 I/BenchmarkBridge: [PROBE] cand=38 ms=845 titles=Толстой, Лев Николаевич | Толстая | Толстой | Лев Толстой (станция) | Лев Толстой в Чечне | Толстой-Юрт | Толстой, Фёдор Иванович | Толстой, Алексей Константинович | Толстой, Михаил Львович | Толстой, Дмитрий Андреевич | Толстой, Пётр Олегович | Толстой, Алексей Николаевич | Толстой, Николай Александрович (1849) | Толстой, Михаил Павлович | Толстой, Пётр Александрович | Толстой, Николай Николаевич | Толстой, Фёдор Петрович | Толстой, Иван Петрович | Толстой, Иван Иванович (государственный деятель) | Толстой-Милославский, Николай Дмитриевич
2026-08-26 02:57:32.102 I/BenchmarkBridge: [PROBE] done
2026-08-26 02:57:34.350 I/BenchmarkBridge: [PROBE] q=где родился Юрий Гагарин
2026-08-26 02:57:34.351 I/FactoidAnswerer: Factoid candidate: label='Место рождения' entity='Гагарин'
2026-08-26 02:57:34.408 I/FactoidAnswerer: Factoid HIT: Место рождения = 'деревня Клушино, Гжатский район, Западная область, РСФСР, СССР' (Гагарин)
2026-08-26 02:57:34.409 I/BenchmarkBridge: [PROBE] fast=hit ms=59 article=Гагарин field=Место рождения value=деревня Клушино, Гжатский район, Западная область, РСФСР, СССР
2026-08-26 02:57:34.409 I/RagPromptBuilder: Query: 'где родился Юрий Гагарин' -> ZIM keywords: 'родился юрий гагарин'
2026-08-26 02:57:34.438 I/GraphWalker: walk seed=Гагарин,_Юрий_Алексеевич props=[P6, P1365, P1366, P39, P166, P26, P40, P22, P25, P3373, P50, P175, P800, P184, P802, P57, P58, P162, P36, P159, P127, P112] → 6 nodes
2026-08-26 02:57:34.438 I/RagPromptBuilder: Walker probes (entity='Гагарин', props=22): Гагарин, Юрий Алексеевич, Герой Советского Союза, Орден Ленина, Юбилейная медаль «Двадцать лет Победы в Великой Отечественной войне 1941—1945 гг.», Медаль «За освоение целинных земель», Юбилейная медаль «40 лет Вооружённых Сил СССР», Юбилейная медаль «50 лет Вооружённых Сил СССР»
2026-08-26 02:57:34.448 I/EntityTitleProbe: Title probes (7 lookups): Гагарин, Юрий Алексеевич(1090), Юрий(1070)
2026-08-26 02:57:34.477 I/ZimSearcher: search('родился юрий гагарин') estimated=2000
2026-08-26 02:57:35.116 I/ZimSearcher: search('родился') estimated=796317
2026-08-26 02:57:35.509 I/RagPromptBuilder: Entity merge 'родился': +20 candidates
2026-08-26 02:57:35.512 I/RagPromptBuilder: RAG: 'где родился Юрий Гагарин' candidates=47
2026-08-26 02:57:35.512 I/RagPromptBuilder: Top hits: Юрий(s=1070)[Юрий] | Гагарин, Юрий Алексеевич(s=1000)[Гагарин,_Юрий_Алексеевич] | Орден Ленина(s=899)[Орден_Ленина] | Герой Советского Союза(s=899)[Герой_Советского_Союза] | Медаль «За освоение целинных земель»(s=899)[Медаль_«За_освоение_целинных_земель»]
2026-08-26 02:57:35.512 I/BenchmarkBridge: [PROBE] cand=47 ms=1103 titles=Юрий | Гагарин, Юрий Алексеевич | Орден Ленина | Герой Советского Союза | Медаль «За освоение целинных земель» | Юбилейная медаль «40 лет Вооружённых Сил СССР» | Юбилейная медаль «50 лет Вооружённых Сил СССР» | Юбилейная медаль «Двадцать лет Победы в Великой Отечественной войне 1941—1945 гг.» | Гагарина, Валентина Ивановна | Гагарина, Анна Тимофеевна | Гагарина, Галина Юрьевна | Гагарин (значения) | Гагарина, Елена Юрьевна | Юрий Гагарин в культуре и искусстве | Гагаринское поле | Гагарина | Гагаринленд | Гагарин (Смоленская область) | Памятник Юрию Гагарину (Вифлеем) | Памятник Юрию Гагарину (Рига)
2026-08-26 02:57:35.513 I/BenchmarkBridge: [PROBE] done
2026-08-26 02:57:37.465 I/BenchmarkBridge: [PROBE] q=кто автор романа Война и мир
2026-08-26 02:57:37.467 I/FactoidAnswerer: Factoid candidate: label='Автор' entity='Война'
2026-08-26 02:57:37.501 I/FactoidAnswerer: Factoid: 'Война' has no infobox — falling back to RAG
2026-08-26 02:57:37.502 I/BenchmarkBridge: [PROBE] fast=miss ms=36
2026-08-26 02:57:37.502 I/RagPromptBuilder: Query: 'кто автор романа Война и мир' -> ZIM keywords: 'автор романа война мир'
2026-08-26 02:57:37.513 I/GraphWalker: walk: 0 wikilinks in 'Война' (depth=0)
2026-08-26 02:57:37.513 I/GraphWalker: walk seed=Война props=[P50, P57, P58, P162, P175, P800, P1365, P1366] → 0 nodes
2026-08-26 02:57:37.513 I/RagPromptBuilder: Walker probes (entity='Война', props=8): Война
2026-08-26 02:57:37.528 I/EntityTitleProbe: Title probes (14 lookups): Война и мир(1110), Война(1070)
2026-08-26 02:57:37.607 I/ZimSearcher: search('автор романа война мир') estimated=20000
2026-08-26 02:57:37.955 I/ZimSearcher: search('романа') estimated=98784
2026-08-26 02:57:38.354 I/RagPromptBuilder: Entity merge 'романа': +20 candidates
2026-08-26 02:57:38.357 I/RagPromptBuilder: RAG: 'кто автор романа Война и мир' candidates=41
2026-08-26 02:57:38.357 I/RagPromptBuilder: Top hits: Война и мир(s=1110)[Война_и_мир] | Война(s=1000)[Война] | Освобождённый мир (роман)(s=100)[Освобождённый_мир_(роман)] | Библиография Романа Злотникова(s=99)[Библиография_Романа_Злотникова] | Список персонажей романа «Война и мир»(s=95)[Список_персонажей_романа_«Война_и_мир»]
2026-08-26 02:57:38.357 I/BenchmarkBridge: [PROBE] cand=41 ms=855 titles=Война и мир | Война | Освобождённый мир (роман) | Библиография Романа Злотникова | Список персонажей романа «Война и мир» | Роман (значения) | Романо | Роман | Рыцарский роман | Философский роман | Роман Мстиславич | Роман (имя) | Роман-фельетон | Шпионский роман | Список публикаций в «Роман-газете» | Юрий Иванович (писатель) | Кутузов, Роман Александрович | Производственный роман | Сосновская, Надежда Андреевна | Богословский, Роман Сергеевич
2026-08-26 02:57:38.357 I/BenchmarkBridge: [PROBE] done
2026-08-26 02:57:40.581 I/BenchmarkBridge: [PROBE] q=кто режиссёр фильма Сталкер
2026-08-26 02:57:40.583 I/FactoidAnswerer: Factoid candidate: label='Режиссёр' entity='Сталкер'
2026-08-26 02:57:40.595 I/FactoidAnswerer: Factoid: 'Сталкер' has no infobox — falling back to RAG
2026-08-26 02:57:40.595 I/BenchmarkBridge: [PROBE] fast=miss ms=13
2026-08-26 02:57:40.595 I/RagPromptBuilder: Query: 'кто режиссёр фильма Сталкер' -> ZIM keywords: 'режиссёр фильма сталкер'
2026-08-26 02:57:40.598 I/GraphWalker: walk: 0 wikilinks in 'Сталкер' (depth=0)
2026-08-26 02:57:40.599 I/GraphWalker: walk seed=Сталкер props=[P50, P57, P58, P162, P175, P800, P1365, P1366] → 0 nodes
2026-08-26 02:57:40.599 I/RagPromptBuilder: Walker probes (entity='Сталкер', props=8): Сталкер
2026-08-26 02:57:40.610 I/EntityTitleProbe: Title probes (7 lookups): Сталкер(1070)
2026-08-26 02:57:40.625 I/ZimSearcher: search('режиссёр фильма сталкер') estimated=600
2026-08-26 02:57:40.932 I/ZimSearcher: search('режиссёр') estimated=120708
2026-08-26 02:57:41.356 I/RagPromptBuilder: Entity merge 'режиссёр': +20 candidates
2026-08-26 02:57:41.359 I/RagPromptBuilder: RAG: 'кто режиссёр фильма Сталкер' candidates=41
2026-08-26 02:57:41.359 I/RagPromptBuilder: Top hits: Сталкер(s=1000)[Сталкер] | Сталкер (фильм)(s=99)[Сталкер_(фильм)] | Сталкер (фильм, 2023)(s=96)[Сталкер_(фильм,_2023)] | Сталкер (кинофестиваль)(s=92)[Сталкер_(кинофестиваль)] | Рерберг и Тарковский. Обратная сторона «Сталкера»(s=100)[Рерберг_и_Тарковский._Обратная_сторона_«Сталкера»]
2026-08-26 02:57:41.360 I/BenchmarkBridge: [PROBE] cand=41 ms=765 titles=Сталкер | Сталкер (фильм) | Сталкер (фильм, 2023) | Сталкер (кинофестиваль) | Рерберг и Тарковский. Обратная сторона «Сталкера» | Список фильмов киностудии «Мосфильм» | Марескотти, Ивано | Инфанти, Анджело | Уиттингем, Кен | Франко, Хесус | Дэвидсон, Адам | Турылёва, Ярослава Георгиевна | Экранизации произведений Чехова | Веледницкая, Лия Бенционовна | Данилов, Лев Стефанович | Свердловский театр драмы | Кинофестиваль в Торонто 2005 | Анимос (кинокомпания) | 7-й Венецианский кинофестиваль | Нестеров, Евгений Георгиевич
2026-08-26 02:57:41.360 I/BenchmarkBridge: [PROBE] done
2026-08-26 02:57:43.704 I/BenchmarkBridge: [PROBE] q=почему Юпитер называют газовым гигантом
2026-08-26 02:57:43.705 I/BenchmarkBridge: [PROBE] fast=miss ms=0
2026-08-26 02:57:43.705 I/RagPromptBuilder: Query: 'почему Юпитер называют газовым гигантом' -> ZIM keywords: 'юпитер называют газовым гигантом'
2026-08-26 02:57:43.767 I/GraphWalker: walk: 0 wikilinks in 'Юпитер' (depth=0)
2026-08-26 02:57:43.768 I/GraphWalker: walk seed=Юпитер props=[P6, P1365, P1366, P39, P166, P26, P40, P22, P25, P3373, P50, P175, P800, P184, P802, P57, P58, P162, P36, P159, P127, P112] → 0 nodes
2026-08-26 02:57:43.768 I/RagPromptBuilder: Walker probes (entity='Юпитер', props=22): Юпитер
2026-08-26 02:57:43.785 I/EntityTitleProbe: Title probes (13 lookups): Юпитер(1070), Гигант(1020)
2026-08-26 02:57:43.798 I/ZimSearcher: search('юпитер называют газовым гигантом') estimated=200
2026-08-26 02:57:44.223 I/ZimSearcher: search('называют') estimated=194221
2026-08-26 02:57:44.552 I/RagPromptBuilder: Entity merge 'называют': +20 candidates
2026-08-26 02:57:44.555 I/RagPromptBuilder: RAG: 'почему Юпитер называют газовым гигантом' candidates=42
2026-08-26 02:57:44.555 I/RagPromptBuilder: Top hits: Гигант(s=1020)[Гигант] | Юпитер(s=1000)[Юпитер] | То, что называют любовью(s=98)[То,_что_называют_любовью] | Газовые гиганты(s=100)[Газовые_гиганты] | Моя так называемая жизнь(s=100)[Моя_так_называемая_жизнь]
2026-08-26 02:57:44.556 I/BenchmarkBridge: [PROBE] cand=42 ms=851 titles=Гигант | Юпитер | То, что называют любовью | Газовые гиганты | Моя так называемая жизнь | Называй её дикой | Лев в геральдике | Не называй её небесной | Не называй меня малышкой | Премия Харви (комиксы) | Как вас теперь называть? | Этнонимы греков | Завоевание Перу, называемого Новая Кастилия | По поводу так называемого вопроса о рынках | Физика колебаний и волн | Decretum Gelasianum | Многоугольник | Ломаная | Формальная система | Расширение поля
2026-08-26 02:57:44.556 I/BenchmarkBridge: [PROBE] done
2026-08-26 02:57:46.821 I/BenchmarkBridge: [PROBE] q=из чего состоит атмосфера Марса
2026-08-26 02:57:46.822 I/BenchmarkBridge: [PROBE] fast=miss ms=0
2026-08-26 02:57:46.822 I/RagPromptBuilder: Query: 'из чего состоит атмосфера Марса' -> ZIM keywords: 'чего состоит атмосфера марса'
2026-08-26 02:57:46.835 I/GraphWalker: walk: 0 wikilinks in 'Марса' (depth=0)
2026-08-26 02:57:46.836 I/GraphWalker: walk seed=Марса props=[P6, P1365, P1366, P39, P166, P26, P40, P22, P25, P3373, P50, P175, P800, P184, P802, P57, P58, P162, P36, P159, P127, P112] → 0 nodes
2026-08-26 02:57:46.836 I/RagPromptBuilder: Walker probes (entity='Марса', props=22): Марса
2026-08-26 02:57:46.850 I/EntityTitleProbe: Title probes (10 lookups): Марса(1070), Марс(1070), Атмосфера Марса(890)
2026-08-26 02:57:46.865 I/ZimSearcher: search('чего состоит атмосфера марса') estimated=300
2026-08-26 02:57:47.270 I/ZimSearcher: search('атмосфера') estimated=21862
2026-08-26 02:57:47.601 I/RagPromptBuilder: Entity merge 'атмосфера': +19 candidates
2026-08-26 02:57:47.603 I/RagPromptBuilder: RAG: 'из чего состоит атмосфера Марса' candidates=40
2026-08-26 02:57:47.603 I/RagPromptBuilder: Top hits: Марс(s=1070)[Марс] | Марса(s=1000)[Марса] | Атмосфера Марса(s=890)[Атмосфера_Марса] | Атмосфера(s=100)[Атмосфера] | Атмосфера Земли(s=99)[Атмосфера_Земли]
2026-08-26 02:57:47.604 I/BenchmarkBridge: [PROBE] cand=40 ms=782 titles=Марс | Марса | Атмосфера Марса | Атмосфера | Атмосфера Земли | Атмосфера Титана | Атмосфера Венеры | Атмосфера (эстетика) | Атмосфера Юпитера | Атмосфера Плутона | Терраформирование Марса | Звёздная атмосфера | Химия атмосферы | Физика атмосферы | Колонизация Марса | Диссипация атмосфер планет | Общая циркуляция атмосферы | Циркуляция атмосферы | Экология атмосферы | Вход в атмосферу
2026-08-26 02:57:47.604 I/BenchmarkBridge: [PROBE] done
2026-08-26 02:57:49.947 I/BenchmarkBridge: [PROBE] q=кто открыл пенициллин
2026-08-26 02:57:49.948 I/BenchmarkBridge: [PROBE] fast=miss ms=0
2026-08-26 02:57:49.949 I/RagPromptBuilder: Query: 'кто открыл пенициллин' -> ZIM keywords: 'открыл пенициллин'
2026-08-26 02:57:49.960 I/EntityTitleProbe: Title probes (2 lookups): Бензилпенициллин(1020)
2026-08-26 02:57:49.969 I/ZimSearcher: search('открыл пенициллин') estimated=200
2026-08-26 02:57:50.224 I/ZimSearcher: search('пенициллин') estimated=589
2026-08-26 02:57:50.398 I/RagPromptBuilder: Entity merge 'пенициллин': +16 candidates
2026-08-26 02:57:50.400 I/RagPromptBuilder: RAG: 'кто открыл пенициллин' candidates=37
2026-08-26 02:57:50.400 I/RagPromptBuilder: Top hits: Бензилпенициллин(s=1020)[Бензилпенициллин] | Пенициллины(s=100)[Пенициллины] | Пенициллин (комплекс артразведки)(s=99)[Пенициллин_(комплекс_артразведки)] | Пенициллин (значения)(s=95)[Пенициллин_(значения)] | Пенициллин-связывающие белки(s=90)[Пенициллин-связывающие_белки]
2026-08-26 02:57:50.401 I/BenchmarkBridge: [PROBE] cand=37 ms=453 titles=Бензилпенициллин | Пенициллины | Пенициллин (комплекс артразведки) | Пенициллин (значения) | Пенициллин-связывающие белки | Операция «Пенициллин» | Феноксиметилпенициллин | Флеминг, Александр | Хитли, Норман | Балезина, Тамара Иосифовна | Метициллин | Зейфман, Вил Иосифович | Ампициллин | Оксациллин | Хобби, Глэдис Лаунсбери | Бета-лактамные антибиотики | Шихан, Джон Кларк | Ингибиторы бета-лактамаз | Ермольева, Зинаида Виссарионовна | Beecham
2026-08-26 02:57:50.401 I/BenchmarkBridge: [PROBE] done
2026-08-26 02:57:53.082 I/BenchmarkBridge: [PROBE] q=что такое фотосинтез
2026-08-26 02:57:53.083 I/BenchmarkBridge: [PROBE] fast=miss ms=0
2026-08-26 02:57:53.084 I/RagPromptBuilder: Query: 'что такое фотосинтез' -> ZIM keywords: 'такое фотосинтез'
2026-08-26 02:57:53.092 I/EntityTitleProbe: Title probes (1 lookups): Фотосинтез(1020)
2026-08-26 02:57:53.112 I/ZimSearcher: search('такое фотосинтез') estimated=700
2026-08-26 02:57:53.355 I/ZimSearcher: search('фотосинтез') estimated=965
2026-08-26 02:57:53.502 I/RagPromptBuilder: Entity merge 'фотосинтез': +9 candidates
2026-08-26 02:57:53.503 I/RagPromptBuilder: RAG: 'что такое фотосинтез' candidates=29
2026-08-26 02:57:53.503 I/RagPromptBuilder: Top hits: Фотосинтез(s=1020)[Фотосинтез] | C4-фотосинтез(s=100)[C4-фотосинтез] | CAM-фотосинтез(s=99)[CAM-фотосинтез] | Эффективность фотосинтеза(s=98)[Эффективность_фотосинтеза] | Эволюция фотосинтеза(s=98)[Эволюция_фотосинтеза]
2026-08-26 02:57:53.503 I/BenchmarkBridge: [PROBE] cand=29 ms=420 titles=Фотосинтез | C4-фотосинтез | CAM-фотосинтез | Эффективность фотосинтеза | Эволюция фотосинтеза | Аноксигенный фотосинтез | Спектр действия фотосинтеза | Электронотранспортная цепь фотосинтеза | Кривая светового насыщения фотосинтеза | Искусственный фотосинтез | C3-фотосинтез | Реакция Хилла | Карпилов, Юрий Соломонович | Комиссаров, Геннадий Германович | Мокроносов, Адольф Трофимович | Шувалов, Владимир Анатольевич | Световая точка компенсации | Эффект Эмерсона | Фотодыхание | Точка компенсации СО2
2026-08-26 02:57:53.506 I/BenchmarkBridge: [PROBE] done
2026-08-26 02:57:56.193 I/BenchmarkBridge: [PROBE] q=когда началась Вторая мировая война
2026-08-26 02:57:56.194 I/BenchmarkBridge: [PROBE] fast=miss ms=0
2026-08-26 02:57:56.195 I/RagPromptBuilder: Query: 'когда началась Вторая мировая война' -> ZIM keywords: 'началась вторая мировая война'
2026-08-26 02:57:56.207 I/GraphWalker: walk: 0 wikilinks in 'Вторая' (depth=0)
2026-08-26 02:57:56.207 I/GraphWalker: walk seed=Вторая props=[P6, P1365, P1366, P39, P166, P26, P40, P22, P25, P3373, P50, P175, P800, P184, P802, P57, P58, P162, P36, P159, P127, P112] → 0 nodes
2026-08-26 02:57:56.208 I/RagPromptBuilder: Walker probes (entity='Вторая', props=22): Вторая
2026-08-26 02:57:56.219 I/EntityTitleProbe: Title probes (15 lookups): Вторая мировая война(1110), Вторая(1070), Мировая война(1040), Война(1020)
2026-08-26 02:57:56.306 I/ZimSearcher: search('началась вторая мировая война') estimated=20000
2026-08-26 02:57:57.003 I/ZimSearcher: search('началась') estimated=467255
2026-08-26 02:57:57.606 I/RagPromptBuilder: Entity merge 'началась': +20 candidates
2026-08-26 02:57:57.608 I/RagPromptBuilder: RAG: 'когда началась Вторая мировая война' candidates=42
2026-08-26 02:57:57.608 I/RagPromptBuilder: Top hits: Вторая мировая война(s=1110)[Вторая_мировая_война] | Мировая война(s=1040)[Мировая_война] | Война(s=1020)[Война] | Вторая(s=1000)[Вторая] | Вторая мировая война на море(s=98)[Вторая_мировая_война_на_море]
2026-08-26 02:57:57.608 I/BenchmarkBridge: [PROBE] cand=42 ms=1414 titles=Вторая мировая война | Мировая война | Война | Вторая | Вторая мировая война на море | Вторая мировая война (серия книг) | Вторая мировая война (значения) | Маки (Вторая мировая война) | Восточноафриканская кампания (Вторая мировая война) | Портал:Вторая мировая война | Портал:Вторая мировая война/Знаете ли вы/Текущая подборка | Трофейное искусство (Вторая мировая война) | Битва за Лос-Анджелес (Вторая мировая война) | 2-я армия (Италия, Вторая мировая война) | Латинская Ось (Вторая мировая война) | Портал:Первая мировая война | Начало Века | Британские экспедиционные силы (Вторая мировая война) | Третья мировая война | Начало начал
2026-08-26 02:57:57.608 I/BenchmarkBridge: [PROBE] done
2026-08-26 02:57:59.316 I/BenchmarkBridge: [PROBE] q=чем знаменит Большое красное пятно
2026-08-26 02:57:59.317 I/BenchmarkBridge: [PROBE] fast=miss ms=0
2026-08-26 02:57:59.318 I/RagPromptBuilder: Query: 'чем знаменит Большое красное пятно' -> ZIM keywords: 'чем знаменит большое красное пятно'
2026-08-26 02:57:59.330 I/GraphWalker: walk: 0 wikilinks in 'Большое' (depth=0)
2026-08-26 02:57:59.331 I/GraphWalker: walk seed=Большое props=[P6, P1365, P1366, P39, P166, P26, P40, P22, P25, P3373, P50, P175, P800, P184, P802, P57, P58, P162, P36, P159, P127, P112] → 0 nodes
2026-08-26 02:57:59.331 I/RagPromptBuilder: Walker probes (entity='Большое', props=22): Большое
2026-08-26 02:57:59.350 I/EntityTitleProbe: Title probes (20 lookups): Большое красное пятно(1110), Большое(1070), Красное(1020), Красно(1020)
2026-08-26 02:57:59.375 I/ZimSearcher: search('чем знаменит большое красное пятно') estimated=200
2026-08-26 02:57:59.794 I/ZimSearcher: search('знаменит') estimated=51485
2026-08-26 02:58:00.082 I/RagPromptBuilder: Entity merge 'знаменит': +20 candidates
2026-08-26 02:58:00.084 I/RagPromptBuilder: RAG: 'чем знаменит Большое красное пятно' candidates=44
2026-08-26 02:58:00.084 I/RagPromptBuilder: Top hits: Большое красное пятно(s=1110)[Большое_красное_пятно] | Красное(s=1020)[Красное] | Красно(s=1020)[Красно] | Большое(s=1000)[Большое] | Я почти знаменит(s=99)[Я_почти_знаменит]
2026-08-26 02:58:00.084 I/BenchmarkBridge: [PROBE] cand=44 ms=767 titles=Большое красное пятно | Красное | Красно | Большое | Я почти знаменит | Красочная жизнь | Храм иконы Божией Матери «Знамение» | Знаменное пение | Крестное знамение | Знамённые ряды | Орден Красного Знамени | Орден Трудового Красного Знамени | Армия Зелёного знамени | Знамение Божией Матери | Под знаменем марксизма | Орден Красного Знамени (Монголия) | Летописец небесных знамений | Благие знамения | Новгородская икона Знамения Пресвятой Богородицы | Церковь иконы Божией Матери «Знамение» на Шереметевом дворе
2026-08-26 02:58:00.085 I/BenchmarkBridge: [PROBE] done
2026-08-26 02:58:02.447 I/BenchmarkBridge: [PROBE] q=что производит АвтоВАЗ
2026-08-26 02:58:02.447 I/BenchmarkBridge: [PROBE] fast=miss ms=0
2026-08-26 02:58:02.448 I/RagPromptBuilder: Query: 'что производит АвтоВАЗ' -> ZIM keywords: 'производит автоваз'
2026-08-26 02:58:02.626 I/GraphWalker: walk seed=АвтоВАЗ props=[P6, P1365, P1366, P39, P166, P26, P40, P22, P25, P3373, P50, P175, P800, P184, P802, P57, P58, P162, P36, P159, P127, P112] → 6 nodes
2026-08-26 02:58:02.626 I/RagPromptBuilder: Walker probes (entity='АвтоВАЗ', props=22): АвтоВАЗ, Россия, Тольятти, ЦК КПСС, Совет министров СССР, Москва, Илья Геннадьевич Сухих
2026-08-26 02:58:02.632 I/EntityTitleProbe: Title probes (2 lookups): АвтоВАЗ(1070)
2026-08-26 02:58:02.638 I/ZimSearcher: search('производит автоваз') estimated=300
2026-08-26 02:58:02.942 I/ZimSearcher: search('производит') estimated=56978
2026-08-26 02:58:03.278 I/RagPromptBuilder: Entity merge 'производит': +20 candidates
2026-08-26 02:58:03.280 I/RagPromptBuilder: RAG: 'что производит АвтоВАЗ' candidates=46
2026-08-26 02:58:03.281 I/RagPromptBuilder: Top hits: АвтоВАЗ(s=1000)[АвтоВАЗ] | Россия(s=899)[Россия] | Тольятти(s=899)[Тольятти] | ЦК КПСС(s=899)[ЦК_КПСС] | Совет министров СССР(s=899)[Совет_министров_СССР]
2026-08-26 02:58:03.281 I/BenchmarkBridge: [PROBE] cand=46 ms=833 titles=АвтоВАЗ | Россия | Тольятти | ЦК КПСС | Совет министров СССР | Москва | Илья Геннадьевич Сухих | Производить или покупать | Национальная гоночная серия «АВТОВАЗ» | Нива (автомобиль) | Список итальянских вин категории DOC | Meopta | Denominazione di origine controllata e garantita | Плёночные фотоаппараты Kodak | Промышленность Новой Аквитании | Список настоек, производившихся в СССР | Военно-промышленный комплекс Франции | Список пуншей, производившихся в СССР | КАвЗ-4238 «Аврора» | Welta
2026-08-26 02:58:03.281 I/BenchmarkBridge: [PROBE] done
2026-08-26 02:58:05.566 I/BenchmarkBridge: [PROBE] q=какой автозавод расположен в Тольятти
2026-08-26 02:58:05.567 I/BenchmarkBridge: [PROBE] fast=miss ms=0
2026-08-26 02:58:05.567 I/RagPromptBuilder: Query: 'какой автозавод расположен в Тольятти' -> ZIM keywords: 'автозавод расположен тольятти'
2026-08-26 02:58:05.649 I/GraphWalker: walk: 0 wikilinks in 'Заслуженный_врач_Российской_Федерации' (depth=3)
2026-08-26 02:58:05.661 I/GraphWalker: walk seed=Тольятти props=[P6, P1365, P1366, P39, P166, P26, P40, P22, P25, P3373, P50, P175, P800, P184, P802, P57, P58, P162, P36, P159, P127, P112] → 5 nodes
2026-08-26 02:58:05.661 I/RagPromptBuilder: Walker probes (entity='Тольятти', props=22): Тольятти, Илья Геннадьевич Сухих, Николай Ренц, Заслуженный врач Российской Федерации, Сергей Анташев, Сергей Андреев
2026-08-26 02:58:05.671 I/EntityTitleProbe: Title probes (10 lookups): Тольятти(1070), Автомобильная промышленность(1020)
2026-08-26 02:58:05.678 I/ZimSearcher: search('автозавод расположен тольятти') estimated=40
2026-08-26 02:58:06.268 I/ZimSearcher: search('расположен') estimated=249807
2026-08-26 02:58:06.552 I/RagPromptBuilder: Entity merge 'расположен': +20 candidates
2026-08-26 02:58:06.553 I/RagPromptBuilder: RAG: 'какой автозавод расположен в Тольятти' candidates=46
2026-08-26 02:58:06.553 I/RagPromptBuilder: Top hits: Автомобильная промышленность(s=1020)[Автомобильная_промышленность] | Тольятти(s=1000)[Тольятти] | Илья Геннадьевич Сухих(s=899)[Сухих,_Илья_Геннадьевич] | Николай Ренц(s=898)[Ренц,_Николай_Альфредович] | Сергей Анташев(s=897)[Анташев,_Сергей_Александрович]
2026-08-26 02:58:06.554 I/BenchmarkBridge: [PROBE] cand=46 ms=987 titles=Автомобильная промышленность | Тольятти | Илья Геннадьевич Сухих | Николай Ренц | Сергей Анташев | Заслуженный врач Российской Федерации | Сергей Андреев | Тольятти (станция) | Автозаводский район (Тольятти) | Тольяттинский троллейбус | Список озёр и водохранилищ Монтаны | Заозёрный (Курган) | Хузестан | Список мечетей Баку | Список высших учебных заведений Киева | Тираспольский монетный двор | Эттербек | Площади Севастополя | Исфахан (остан) | Русские и советские памятники в Софийской области
2026-08-26 02:58:06.554 I/BenchmarkBridge: [PROBE] done
2026-08-26 02:58:08.679 I/BenchmarkBridge: [PROBE] q=перечисли мэров Тольятти
2026-08-26 02:58:08.679 I/BenchmarkBridge: [PROBE] fast=miss ms=0
2026-08-26 02:58:08.680 I/RagPromptBuilder: Query: 'перечисли мэров Тольятти' -> ZIM keywords: 'мэров тольятти'
2026-08-26 02:58:08.729 I/ZimSearcher: lookupRaw 'Градоначальники Тольятти' redirect=false path='Градоначальники_Тольятти' bodyLen=18062
2026-08-26 02:58:08.729 I/RagPromptBuilder: List article FOUND: 'Градоначальники Тольятти' (bodyLen=18062)
2026-08-26 02:58:08.780 I/RagPromptBuilder: List probes (entity='Тольятти', role='Мэры'): Градоначальники Тольятти, История Тольятти
2026-08-26 02:58:08.845 I/GraphWalker: walk seed=Тольятти props=[P6, P1365, P1366] → 4 nodes
2026-08-26 02:58:08.846 I/RagPromptBuilder: Walker probes (entity='Тольятти', props=3): Тольятти, Илья Геннадьевич Сухих, Николай Ренц, Сергей Анташев, Сергей Андреев
2026-08-26 02:58:08.851 I/EntityTitleProbe: Title probes (12 lookups): Тольятти(1070)
2026-08-26 02:58:08.859 I/ZimSearcher: search('мэров тольятти') estimated=700
2026-08-26 02:58:09.027 I/ZimSearcher: search('тольятти') estimated=5796
2026-08-26 02:58:09.380 I/RagPromptBuilder: Entity merge 'тольятти': +14 candidates
2026-08-26 02:58:09.381 I/RagPromptBuilder: RAG: 'перечисли мэров Тольятти' candidates=37
2026-08-26 02:58:09.381 I/RagPromptBuilder: Top hits: Градоначальники Тольятти(s=2000)[Градоначальники_Тольятти] | История Тольятти(s=1000)[История_Тольятти] | Тольятти(s=1000)[Тольятти] | Илья Геннадьевич Сухих(s=899)[Сухих,_Илья_Геннадьевич] | Николай Ренц(s=898)[Ренц,_Николай_Альфредович]
2026-08-26 02:58:09.381 I/BenchmarkBridge: [PROBE] cand=37 ms=702 titles=Градоначальники Тольятти | История Тольятти | Тольятти | Илья Геннадьевич Сухих | Николай Ренц | Сергей Анташев | Сергей Андреев | Тольятти 24 | Тольятти, Пальмиро | Тольятти (станция) | Тольятти (особая экономическая зона) | Тольяттинский театр кукол | Спорт в Тольятти | Памятники Тольятти | Лада-Тольятти | Официальные символы Тольятти | Взрыв автобуса в Тольятти | Храмы Тольятти | ТОР «Тольятти» | Колесо (театр, Тольятти)
2026-08-26 02:58:09.382 I/BenchmarkBridge: [PROBE] done
2026-08-26 02:58:11.793 I/BenchmarkBridge: [PROBE] q=назови планеты Солнечной системы
2026-08-26 02:58:11.794 I/BenchmarkBridge: [PROBE] fast=miss ms=0
2026-08-26 02:58:11.795 I/RagPromptBuilder: Query: 'назови планеты Солнечной системы' -> ZIM keywords: 'планеты солнечной системы'
2026-08-26 02:58:11.839 I/GraphWalker: walk: 0 wikilinks in 'Вспышка_солнечной_активности' (depth=0)
2026-08-26 02:58:11.840 I/GraphWalker: walk seed=Вспышка_солнечной_активности props=[P6, P1365, P1366, P39, P166, P26, P40, P22, P25, P3373, P50, P175, P800, P184, P802, P57, P58, P162, P36, P159, P127, P112] → 0 nodes
2026-08-26 02:58:11.840 I/RagPromptBuilder: Walker probes (entity='Солнечной', props=22): Вспышка солнечной активности
2026-08-26 02:58:11.850 I/EntityTitleProbe: Title probes (24 lookups): Планеты Солнечной системы(1110), Солнечная система(1090), Солнечная(1070), Планета(1020)
2026-08-26 02:58:11.896 I/ZimSearcher: search('планеты солнечной системы') estimated=7000
2026-08-26 02:58:12.206 I/ZimSearcher: search('солнечной') estimated=12659
2026-08-26 02:58:12.520 I/RagPromptBuilder: Entity merge 'солнечной': +13 candidates
2026-08-26 02:58:12.522 I/RagPromptBuilder: RAG: 'назови планеты Солнечной системы' candidates=37
2026-08-26 02:58:12.522 I/RagPromptBuilder: Top hits: Планеты Солнечной системы(s=1110)[Планеты_Солнечной_системы] | Солнечная система(s=1090)[Солнечная_система] | Солнечная(s=1070)[Солнечная] | Планета(s=1020)[Планета] | Вспышка солнечной активности(s=950)[Вспышка_солнечной_активности]
2026-08-26 02:58:12.522 I/BenchmarkBridge: [PROBE] cand=37 ms=728 titles=Планеты Солнечной системы | Солнечная система | Солнечная | Планета | Вспышка солнечной активности | Планеты-гиганты | Планеты (сериал) | Устойчивость Солнечной системы | 20-й цикл солнечной активности | Малые тела Солнечной системы | 19-й цикл солнечной активности | 23-й цикл солнечной активности | 24-й цикл солнечной активности | Список циклов солнечной активности | 25-й цикл солнечной активности | 22-й цикл солнечной активности | На солнечной стороне улицы | Серенада солнечной долины | История исследования Солнечной системы | Формирование и эволюция Солнечной системы
2026-08-26 02:58:12.522 I/BenchmarkBridge: [PROBE] done
2026-08-26 02:58:14.910 I/BenchmarkBridge: [PROBE] q=какие есть океаны на Земле
2026-08-26 02:58:14.911 I/BenchmarkBridge: [PROBE] fast=miss ms=0
2026-08-26 02:58:14.911 I/RagPromptBuilder: Query: 'какие есть океаны на Земле' -> ZIM keywords: 'океаны земле'
2026-08-26 02:58:14.974 I/RagPromptBuilder: List probes (entity='Земле', role='null'): Земля Королевы Мэри, История жизни на Земле, Хронология первых искусственных спутников Земли по странам
2026-08-26 02:58:15.418 I/GraphWalker: walk: 0 wikilinks in 'На_земле' (depth=0)
2026-08-26 02:58:15.419 I/GraphWalker: walk seed=На_земле props=[P6, P1365, P1366, P39, P166, P26, P40, P22, P25, P3373, P50, P175, P800, P184, P802, P57, P58, P162, P36, P159, P127, P112] → 0 nodes
2026-08-26 02:58:15.419 I/RagPromptBuilder: Walker probes (entity='Земле', props=22): На земле
2026-08-26 02:58:15.427 I/EntityTitleProbe: Title probes (8 lookups): Мировой океан(1020), (224) Океана(1020), Океан(1020)
2026-08-26 02:58:15.476 I/ZimSearcher: search('океаны земле') estimated=10000
2026-08-26 02:58:15.971 I/ZimSearcher: search('океаны') estimated=31268
2026-08-26 02:58:16.352 I/RagPromptBuilder: Entity merge 'океаны': +11 candidates
2026-08-26 02:58:16.354 I/RagPromptBuilder: RAG: 'какие есть океаны на Земле' candidates=35
2026-08-26 02:58:16.354 I/RagPromptBuilder: Top hits: Мировой океан(s=1020)[Мировой_океан] | (224) Океана(s=1020)[(224)_Океана] | Океан(s=1020)[Океан] | Земля Королевы Мэри(s=950)[Земля_Королевы_Мэри] | На земле(s=950)[На_земле]
2026-08-26 02:58:16.354 I/BenchmarkBridge: [PROBE] cand=35 ms=1443 titles=Мировой океан | (224) Океана | Океан | Земля Королевы Мэри | На земле | История жизни на Земле | Хронология первых искусственных спутников Земли по странам | Древние океаны | Экстремумы на Земле | Земля (альбом «Океана Ельзи») | Южный океан | Океан (значения) | Океан (завод) | Мировой океан (мифология) | Музей Мирового океана | Океан-О (космический аппарат) | Океан (детский лагерь) | Океан Ельзи | Океан (мифология) | Океан (фильм, 2008)
2026-08-26 02:58:16.354 I/BenchmarkBridge: [PROBE] done
2026-08-26 02:58:18.042 I/BenchmarkBridge: [PROBE] q=перечисли произведения Достоевского
2026-08-26 02:58:18.043 I/BenchmarkBridge: [PROBE] fast=miss ms=0
2026-08-26 02:58:18.043 I/RagPromptBuilder: Query: 'перечисли произведения Достоевского' -> ZIM keywords: 'произведения достоевского'
2026-08-26 02:58:18.062 I/RagPromptBuilder: List-intent: no title probes for entity='Достоевского' role='null'
2026-08-26 02:58:18.144 I/GraphWalker: walk: 0 wikilinks in 'Достоевского,_переулок' (depth=0)
2026-08-26 02:58:18.145 I/GraphWalker: walk seed=Достоевского,_переулок props=[P6, P1365, P1366, P39, P166, P26, P40, P22, P25, P3373, P50, P175, P800, P184, P802, P57, P58, P162, P36, P159, P127, P112] → 0 nodes
2026-08-26 02:58:18.145 I/RagPromptBuilder: Walker probes (entity='Достоевского', props=22): Достоевского, переулок
2026-08-26 02:58:18.151 I/EntityTitleProbe: Title probes (12 lookups): Достоевский, Фёдор Михайлович(1070)
2026-08-26 02:58:18.181 I/ZimSearcher: search('произведения достоевского') estimated=4000
2026-08-26 02:58:18.574 I/ZimSearcher: search('произведения') estimated=125279
2026-08-26 02:58:18.983 I/RagPromptBuilder: Entity merge 'произведения': +20 candidates
2026-08-26 02:58:18.985 I/RagPromptBuilder: RAG: 'перечисли произведения Достоевского' candidates=42
2026-08-26 02:58:18.985 I/RagPromptBuilder: Top hits: Достоевский, Фёдор Михайлович(s=1070)[Достоевский,_Фёдор_Михайлович] | Достоевского, переулок(s=950)[Достоевского,_переулок] | Произведения векторов(s=99)[Произведения_векторов] | Экранизации произведений Фёдора Достоевского(s=100)[Экранизации_произведений_Фёдора_Достоевского] | Украденные произведения искусства(s=99)[Украденные_произведения_искусства]
2026-08-26 02:58:18.986 I/BenchmarkBridge: [PROBE] cand=42 ms=943 titles=Достоевский, Фёдор Михайлович | Достоевского, переулок | Произведения векторов | Экранизации произведений Фёдора Достоевского | Украденные произведения искусства | Атрибуция произведения | Авторское право на служебные произведения | Двойник (повесть Достоевского) | Реализм Достоевского | Романист (замысел Достоевского) | Атеизм (замысел Достоевского) | Неосуществлённые замыслы Достоевского | Оценка творчества Достоевского современниками | Свободное использование произведений | Прямое произведение | Тип-произведение | Аудиовизуальное произведение | Скалярное произведение | Прямое произведение групп | Векторное произведение
2026-08-26 02:58:18.986 I/BenchmarkBridge: [PROBE] done
2026-08-26 02:58:21.180 I/BenchmarkBridge: [PROBE] q=перечисли спутники Юпитера
2026-08-26 02:58:21.181 I/BenchmarkBridge: [PROBE] fast=miss ms=0
2026-08-26 02:58:21.182 I/RagPromptBuilder: Query: 'перечисли спутники Юпитера' -> ZIM keywords: 'спутники юпитера'
2026-08-26 02:58:21.200 I/RagPromptBuilder: List-intent: no title probes for entity='Юпитера' role='null'
2026-08-26 02:58:21.273 I/GraphWalker: walk: 0 wikilinks in 'Атмосфера_Юпитера' (depth=0)
2026-08-26 02:58:21.274 I/GraphWalker: walk seed=Атмосфера_Юпитера props=[P6, P1365, P1366, P39, P166, P26, P40, P22, P25, P3373, P50, P175, P800, P184, P802, P57, P58, P162, P36, P159, P127, P112] → 0 nodes
2026-08-26 02:58:21.274 I/RagPromptBuilder: Walker probes (entity='Юпитера', props=22): Атмосфера Юпитера
2026-08-26 02:58:21.281 I/EntityTitleProbe: Title probes (10 lookups): Юпитер(1070), Спутники Юпитера(890)
2026-08-26 02:58:21.312 I/ZimSearcher: search('спутники юпитера') estimated=5000
2026-08-26 02:58:21.714 I/ZimSearcher: search('спутники') estimated=28047
2026-08-26 02:58:21.978 I/RagPromptBuilder: Entity merge 'спутники': +20 candidates
2026-08-26 02:58:21.979 I/RagPromptBuilder: RAG: 'перечисли спутники Юпитера' candidates=41
2026-08-26 02:58:21.979 I/RagPromptBuilder: Top hits: Юпитер(s=1070)[Юпитер] | Атмосфера Юпитера(s=950)[Атмосфера_Юпитера] | Спутники Юпитера(s=890)[Спутники_Юпитера] | Спутники Урана(s=99)[Спутники_Урана] | Спутники в Солнечной системе(s=99)[Спутники_в_Солнечной_системе]
2026-08-26 02:58:21.979 I/BenchmarkBridge: [PROBE] cand=41 ms=798 titles=Юпитер | Атмосфера Юпитера | Спутники Юпитера | Спутники Урана | Спутники в Солнечной системе | Колонизация спутников Юпитера | Внутренние спутники Юпитера | Галилеевы спутники | Спутник Юпитера | Исследование Юпитера межпланетными аппаратами | Троянские астероиды Юпитера | Спутник | Внутренний спутник | Спутник-1 | Портал:Космонавтика/События дня/февраль | Портал:Космонавтика/События дня/декабрь | Портал:Космонавтика/События дня/июнь | Портал:Космонавтика/События дня/апрель | Портал:Космонавтика/События дня/март | Портал:Космонавтика/События дня/октябрь
2026-08-26 02:58:21.979 I/BenchmarkBridge: [PROBE] done
2026-08-26 02:58:24.323 I/BenchmarkBridge: [PROBE] q=кто был предшественником нынешнего мэра Тольятти
2026-08-26 02:58:24.324 I/BenchmarkBridge: [PROBE] fast=miss ms=0
2026-08-26 02:58:24.325 I/RagPromptBuilder: Query: 'кто был предшественником нынешнего мэра Тольятти' -> ZIM keywords: 'предшественником нынешнего мэра тольятти'
2026-08-26 02:58:24.403 I/GraphWalker: walk seed=Тольятти props=[P6, P1365, P1366] → 4 nodes
2026-08-26 02:58:24.403 I/RagPromptBuilder: Walker probes (entity='Тольятти', props=3): Тольятти, Илья Геннадьевич Сухих, Николай Ренц, Сергей Анташев, Сергей Андреев
2026-08-26 02:58:24.412 I/EntityTitleProbe: Title probes (16 lookups): Тольятти(1070)
2026-08-26 02:58:24.419 I/ZimSearcher: search('предшественником нынешнего мэра тольятти') estimated=5
2026-08-26 02:58:24.816 I/ZimSearcher: search('предшественником') estimated=92922
2026-08-26 02:58:25.103 I/RagPromptBuilder: Entity merge 'предшественником': +20 candidates
2026-08-26 02:58:25.105 I/RagPromptBuilder: RAG: 'кто был предшественником нынешнего мэра Тольятти' candidates=30
2026-08-26 02:58:25.105 I/RagPromptBuilder: Top hits: Тольятти(s=1000)[Тольятти] | Илья Геннадьевич Сухих(s=899)[Сухих,_Илья_Геннадьевич] | Николай Ренц(s=898)[Ренц,_Николай_Альфредович] | Сергей Анташев(s=897)[Анташев,_Сергей_Александрович] | Сергей Андреев(s=896)[Андреев,_Сергей_Игоревич]
2026-08-26 02:58:25.105 I/BenchmarkBridge: [PROBE] cand=30 ms=780 titles=Тольятти | Илья Геннадьевич Сухих | Николай Ренц | Сергей Анташев | Сергей Андреев | Воронежский трамвай | Человек-предшественник | Кумундурос, Александрос | Вогт, Йёрген Херман | Предшественник бета-амилоида | Петерсен, Ханс Кристиан | Процесс ста девяноста трёх | Сибберн, Валентин Кристиан Вильгельм | Хольст, Пал Кристиан | Мёинишен, Эрик Рёринг | Предшественник белка | Крог, Николаи Йохан Лохманн | Истурис, Франсиско Хавьер де | Фаттори, Доменико | Ланг, Жак
2026-08-26 02:58:25.106 I/BenchmarkBridge: [PROBE] done
2026-08-26 02:58:27.453 I/BenchmarkBridge: [PROBE] q=в каком регионе находится город где родился Гагарин
2026-08-26 02:58:27.457 I/FactoidAnswerer: Factoid candidate: label='Место рождения' entity='Гагарин'
2026-08-26 02:58:27.508 I/FactoidAnswerer: Factoid HIT: Место рождения = 'деревня Клушино, Гжатский район, Западная область, РСФСР, СССР' (Гагарин)
2026-08-26 02:58:27.508 I/BenchmarkBridge: [PROBE] fast=hit ms=54 article=Гагарин field=Место рождения value=деревня Клушино, Гжатский район, Западная область, РСФСР, СССР
2026-08-26 02:58:27.509 I/RagPromptBuilder: Query: 'в каком регионе находится город где родился Гагарин' -> ZIM keywords: 'каком регионе находится город родился гагарин'
2026-08-26 02:58:27.559 I/GraphWalker: walk seed=Гагарин,_Юрий_Алексеевич props=[P6, P1365, P1366, P39, P166, P26, P40, P22, P25, P3373, P50, P175, P800, P184, P802, P57, P58, P162, P36, P159, P127, P112] → 6 nodes
2026-08-26 02:58:27.560 I/RagPromptBuilder: Walker probes (entity='Гагарин', props=22): Гагарин, Юрий Алексеевич, Герой Советского Союза, Орден Ленина, Юбилейная медаль «Двадцать лет Победы в Великой Отечественной войне 1941—1945 гг.», Медаль «За освоение целинных земель», Юбилейная медаль «40 лет Вооружённых Сил СССР», Юбилейная медаль «50 лет Вооружённых Сил СССР»
2026-08-26 02:58:27.576 I/EntityTitleProbe: Title probes (23 lookups): Гагарин, Юрий Алексеевич(1070), Регион(1020), Город(1020)
2026-08-26 02:58:27.629 I/ZimSearcher: search('каком регионе находится город родился гагарин') estimated=400
2026-08-26 02:58:28.196 I/ZimSearcher: search('находится') estimated=505230
2026-08-26 02:58:28.569 I/RagPromptBuilder: Entity merge 'находится': +20 candidates
2026-08-26 02:58:28.572 I/RagPromptBuilder: RAG: 'в каком регионе находится город где родился Гагарин' candidates=49
2026-08-26 02:58:28.573 I/RagPromptBuilder: Top hits: Регион(s=1020)[Регион] | Город(s=1020)[Город] | Гагарин, Юрий Алексеевич(s=1000)[Гагарин,_Юрий_Алексеевич] | Орден Ленина(s=899)[Орден_Ленина] | Герой Советского Союза(s=899)[Герой_Советского_Союза]
2026-08-26 02:58:28.573 I/BenchmarkBridge: [PROBE] cand=49 ms=1064 titles=Регион | Город | Гагарин, Юрий Алексеевич | Орден Ленина | Герой Советского Союза | Медаль «За освоение целинных земель» | Юбилейная медаль «40 лет Вооружённых Сил СССР» | Юбилейная медаль «50 лет Вооружённых Сил СССР» | Юбилейная медаль «Двадцать лет Победы в Великой Отечественной войне 1941—1945 гг.» | Гагарин (Смоленская область) | Улица Гагарина (Томск) | Где находится нофелет? | Наход (Новгородская область) | Наход | Виллер | Битва при Находе | Озёра Уфы | Уличная скульптура в Элисте | Замок Скалы (Наход) | Покеткуб
2026-08-26 02:58:28.573 I/BenchmarkBridge: [PROBE] done
2026-08-26 02:58:30.576 I/BenchmarkBridge: [PROBE] q=сравни население Москвы и Санкт-Петербурга
2026-08-26 02:58:30.577 I/BenchmarkBridge: [PROBE] fast=miss ms=0
2026-08-26 02:58:30.577 I/RagPromptBuilder: Query: 'сравни население Москвы и Санкт-Петербурга' -> ZIM keywords: 'сравни население москвы санкт петербурга'
2026-08-26 02:58:31.227 I/GraphWalker: walk: 0 wikilinks in 'Генплан_Петербурга' (depth=0)
2026-08-26 02:58:31.228 I/GraphWalker: walk seed=Генплан_Петербурга props=[P6, P1365, P1366, P39, P166, P26, P40, P22, P25, P3373, P50, P175, P800, P184, P802, P57, P58, P162, P36, P159, P127, P112] → 0 nodes
2026-08-26 02:58:31.228 I/RagPromptBuilder: Walker probes (entity='Петербурга', props=22): Генплан Петербурга
2026-08-26 02:58:31.242 I/EntityTitleProbe: Title probes (23 lookups): Москва(1070), Санкт-Петербург(1070), Население Москвы(890)
2026-08-26 02:58:31.269 I/ZimSearcher: search('сравни население москвы санкт петербурга') estimated=300
2026-08-26 02:58:31.695 I/ZimSearcher: search('петербурга') estimated=115995
2026-08-26 02:58:32.007 I/RagPromptBuilder: Entity merge 'петербурга': +18 candidates
2026-08-26 02:58:32.009 I/RagPromptBuilder: RAG: 'сравни население Москвы и Санкт-Петербурга' candidates=42
2026-08-26 02:58:32.009 I/RagPromptBuilder: Top hits: Москва(s=1070)[Москва] | Санкт-Петербург(s=1070)[Санкт-Петербург] | Генплан Петербурга(s=950)[Генплан_Петербурга] | Население Москвы(s=890)[Население_Москвы] | Санкт-Петербург (телерадиокомпания)(s=99)[Санкт-Петербург_(телерадиокомпания)]
2026-08-26 02:58:32.009 I/BenchmarkBridge: [PROBE] cand=42 ms=1432 titles=Москва | Санкт-Петербург | Генплан Петербурга | Население Москвы | Санкт-Петербург (телерадиокомпания) | Санкт-Петербург-Витебский регион Октябрьской железной дороги | Экономика Санкт-Петербурга | Награды Санкт-Петербурга | Библиотеки Санкт-Петербурга | Уставный суд Санкт-Петербурга | Губернатор Санкт-Петербурга | Органы власти Санкт-Петербурга | Флаг Санкт-Петербурга | Экология Санкт-Петербурга | Почётный гражданин Санкт-Петербурга | Законодательное собрание Санкт-Петербурга | Матчи сборной Санкт-Петербурга по футболу (1913) | Матчи сборной Санкт-Петербурга по футболу (1902—1907) | Матчи сборной Санкт-Петербурга по футболу (1914) | Программа сохранения и развития исторического центра Санкт-Петербурга
2026-08-26 02:58:32.009 I/BenchmarkBridge: [PROBE] done
2026-08-26 02:58:33.688 I/BenchmarkBridge: [PROBE] q=почему Байкал самое глубокое озеро
2026-08-26 02:58:33.689 I/BenchmarkBridge: [PROBE] fast=miss ms=0
2026-08-26 02:58:33.690 I/RagPromptBuilder: Query: 'почему Байкал самое глубокое озеро' -> ZIM keywords: 'байкал самое глубокое озеро'
2026-08-26 02:58:33.759 I/GraphWalker: walk: 0 wikilinks in 'Байкал' (depth=0)
2026-08-26 02:58:33.759 I/GraphWalker: walk seed=Байкал props=[P6, P1365, P1366, P39, P166, P26, P40, P22, P25, P3373, P50, P175, P800, P184, P802, P57, P58, P162, P36, P159, P127, P112] → 0 nodes
2026-08-26 02:58:33.760 I/RagPromptBuilder: Walker probes (entity='Байкал', props=22): Байкал
2026-08-26 02:58:33.779 I/EntityTitleProbe: Title probes (25 lookups): Байкал(1070), Глубокое озеро(1040), Самоа(1020), Само(1020)
2026-08-26 02:58:33.794 I/ZimSearcher: search('байкал самое глубокое озеро') estimated=200
2026-08-26 02:58:34.146 I/ZimSearcher: search('глубокое') estimated=52854
2026-08-26 02:58:34.453 I/RagPromptBuilder: Entity merge 'глубокое': +19 candidates
2026-08-26 02:58:34.455 I/RagPromptBuilder: RAG: 'почему Байкал самое глубокое озеро' candidates=41
2026-08-26 02:58:34.455 I/RagPromptBuilder: Top hits: Глубокое озеро(s=1040)[Глубокое_озеро] | Самоа(s=1020)[Самоа] | Само(s=1020)[Само] | Байкал(s=1000)[Байкал] | Глубокое(s=100)[Глубокое]
2026-08-26 02:58:34.455 I/BenchmarkBridge: [PROBE] cand=41 ms=766 titles=Глубокое озеро | Самоа | Само | Байкал | Глубокое | Глубокое (город) | Глубокое обучение | Глубокое (Алтайский край) | Глубокое синее море (фильм, 1999) | Глубокое синее море 2 | Глубокое (Лужский район) | Глубокое (Опочецкий район) | Байкальская горная страна | Хронология озера Байкал | Сарма (река, впадает в Байкал) | (2776) Байкал | Глубокий | Хубсугул | Впадины континентов | Глубокая
2026-08-26 02:58:34.455 I/BenchmarkBridge: [PROBE] done
2026-08-26 02:58:36.813 I/BenchmarkBridge: [PROBE] q=как связаны Менделеев и периодическая таблица
2026-08-26 02:58:36.814 I/BenchmarkBridge: [PROBE] fast=miss ms=0
2026-08-26 02:58:36.815 I/RagPromptBuilder: Query: 'как связаны Менделеев и периодическая таблица' -> ZIM keywords: 'связаны менделеев периодическая таблица'
2026-08-26 02:58:36.865 I/GraphWalker: walk seed=Менделеев,_Дмитрий_Иванович props=[P6, P1365, P1366, P39, P166, P26, P40, P22, P25, P3373, P50, P175, P800, P184, P802, P57, P58, P162, P36, P159, P127, P112] → 6 nodes
2026-08-26 02:58:36.866 I/RagPromptBuilder: Walker probes (entity='Менделеев', props=22): Менделеев, Дмитрий Иванович, Орден Святого Владимира, Кавалер ордена Святого Александра Невского, Орден Белого орла (Российская империя), Орден Святой Анны I степени, Орден Святого Станислава (Российская империя), Орден Святой Анны II степени
2026-08-26 02:58:36.876 I/EntityTitleProbe: Title probes (14 lookups): Менделеев, Дмитрий Иванович(1070), Периодическая система химических элементов(1040), Таблица(1020), Таблиц, Богуслав(1020)
2026-08-26 02:58:36.885 I/ZimSearcher: search('связаны менделеев периодическая таблица') estimated=60
2026-08-26 02:58:37.276 I/ZimSearcher: search('периодическая') estimated=24960
2026-08-26 02:58:37.605 I/RagPromptBuilder: Entity merge 'периодическая': +18 candidates
2026-08-26 02:58:37.607 I/RagPromptBuilder: RAG: 'как связаны Менделеев и периодическая таблица' candidates=46
2026-08-26 02:58:37.607 I/RagPromptBuilder: Top hits: Периодическая система химических элементов(s=1040)[Периодическая_система_химических_элементов] | Таблица(s=1020)[Таблица] | Таблиц, Богуслав(s=1020)[Таблиц,_Богуслав] | Менделеев, Дмитрий Иванович(s=1000)[Менделеев,_Дмитрий_Иванович] | Орден Святого Владимира(s=899)[Орден_Святого_Владимира]
2026-08-26 02:58:37.607 I/BenchmarkBridge: [PROBE] cand=46 ms=792 titles=Периодическая система химических элементов | Таблица | Таблиц, Богуслав | Менделеев, Дмитрий Иванович | Орден Святого Владимира | Орден Белого орла (Российская империя) | Орден Святой Анны I степени | Орден Святой Анны II степени | Кавалер ордена Святого Александра Невского | Орден Святого Станислава (Российская империя) | Периодическая болезнь | Периодическая последовательность | Периодическая группа | Периодическая функция | Историческая еврейская периодическая печать | Почти периодическая функция | Трижды периодическая минимальная поверхность | Периодический закон | Менделеевские съезды | Периодическое издание
2026-08-26 02:58:37.607 I/BenchmarkBridge: [PROBE] done
