='Владивосток', props=22): Владивосток, Константин Владимирович Шестаков, Олег Владимирович Гуменюк, Виталий Веркеенко, Игорь Пушкарёв
2026-08-26 11:42:11.739 I/EntityTitleProbe: Title probes (2 lookups): Владивосток(1070)
2026-08-26 11:42:11.767 I/ZimSearcher: search('основан владивосток') estimated=3000
2026-08-26 11:42:12.042 I/ZimSearcher: search('владивосток') estimated=15504
2026-08-26 11:42:12.332 I/RagPromptBuilder: Entity merge 'владивосток': +17 candidates
2026-08-26 11:42:12.333 I/RagPromptBuilder: RAG: 'когда основан Владивосток' candidates=42
2026-08-26 11:42:12.334 I/RagPromptBuilder: Top hits: Владивосток(s=1000)[Владивосток] | Константин Владимирович Шестаков(s=899)[Шестаков,_Константин_Владимирович] | Олег Владимирович Гуменюк(s=898)[Гуменюк,_Олег_Владимирович] | Виталий Веркеенко(s=897)[Веркеенко,_Виталий_Васильевич] | Игорь Пушкарёв(s=896)[Пушкарёв,_Игорь_Сергеевич]
2026-08-26 11:42:12.334 I/BenchmarkBridge: [PROBE] cand=42 ms=679 titles=Владивосток | Константин Владимирович Шестаков | Олег Владимирович Гуменюк | Виталий Веркеенко | Игорь Пушкарёв | Владивосток (станция) | Владивосток Авиа | Владивосток (аэропорт) | Владивосток (газета, 1883) | Владивостокские тигры | Владивосток (газета, 1911) | Герб Владивостока | Флаг Владивостока | Почётный гражданин Владивостока | История Владивостока | Архитектура Владивостока | Культура Владивостока | Экономика Владивостока | Свободный порт Владивосток | Памятники Владивостока
2026-08-26 11:42:12.334 I/BenchmarkBridge: [PROBE] done
2026-08-26 11:42:14.703 I/BenchmarkBridge: [PROBE] q=какая площадь Байкала
2026-08-26 11:42:14.704 I/FactoidAnswerer: Factoid candidate: label='Площадь' entity='Байкала'
2026-08-26 11:42:14.793 I/FactoidAnswerer: Factoid HIT: Площадь = '31 722 км²' (Байкал)
2026-08-26 11:42:14.794 I/BenchmarkBridge: [PROBE] fast=hit ms=91 article=Байкал field=Площадь value=31 722 км²
2026-08-26 11:42:14.794 I/RagPromptBuilder: Query: 'какая площадь Байкала' -> ZIM keywords: 'площадь байкала'
2026-08-26 11:42:14.808 I/GraphWalker: walk: 0 wikilinks in 'Ветры_Байкала' (depth=0)
2026-08-26 11:42:14.809 I/GraphWalker: walk seed=Ветры_Байкала props=[P6, P1365, P1366, P39, P166, P26, P40, P22, P25, P3373, P50, P175, P800, P184, P802, P57, P58, P162, P36, P159, P127, P112] → 0 nodes
2026-08-26 11:42:14.809 I/RagPromptBuilder: Walker probes (entity='Байкала', props=22): Ветры Байкала
2026-08-26 11:42:14.814 I/EntityTitleProbe: Title probes (4 lookups): Байкал(1070)
2026-08-26 11:42:14.833 I/ZimSearcher: search('площадь байкала') estimated=2000
2026-08-26 11:42:15.279 I/ZimSearcher: search('площадь') estimated=297695
2026-08-26 11:42:15.584 I/RagPromptBuilder: Entity merge 'площадь': +20 candidates
2026-08-26 11:42:15.585 I/RagPromptBuilder: RAG: 'какая площадь Байкала' candidates=41
2026-08-26 11:42:15.585 I/RagPromptBuilder: Top hits: Байкал(s=1070)[Байкал] | Ветры Байкала(s=950)[Ветры_Байкала] | Площадь Свободы(s=100)[Площадь_Свободы] | Площадь Ленина(s=99)[Площадь_Ленина] | Площадь Революции(s=99)[Площадь_Революции]
2026-08-26 11:42:15.585 I/BenchmarkBridge: [PROBE] cand=41 ms=792 titles=Байкал | Ветры Байкала | Площадь Свободы | Площадь Ленина | Площадь Революции | Площадь Победы | Площадь Героев | Площадь Независимости | Площадь Обороны (Екатеринбург) | Площадь Кирова (Екатеринбург) | Площадь Труда (Екатеринбург) | Площадь 1905 года (Екатеринбург) | Соборная площадь | Октябрьская площадь | Советская площадь | Берёзовская площадь | Дворцовая площадь | Привокзальная площадь | Сенная площадь (Санкт-Петербург) | Сенная площадь (Екатеринбург)
2026-08-26 11:42:15.586 I/BenchmarkBridge: [PROBE] done
2026-08-26 11:42:17.805 I/BenchmarkBridge: [PROBE] q=какая столица Японии
2026-08-26 11:42:17.806 I/FactoidAnswerer: Factoid candidate: label='Столица' entity='Японии'
2026-08-26 11:42:18.323 I/FactoidAnswerer: Factoid HIT: Столица = 'Токио' (Япония)
2026-08-26 11:42:18.323 I/BenchmarkBridge: [PROBE] fast=hit ms=517 article=Япония field=Столица value=Токио
2026-08-26 11:42:18.323 I/RagPromptBuilder: Query: 'какая столица Японии' -> ZIM keywords: 'столица японии'
2026-08-26 11:42:18.423 I/GraphWalker: walk: 0 wikilinks in 'Японий' (depth=0)
2026-08-26 11:42:18.423 I/GraphWalker: walk seed=Японий props=[P6, P1365, P1366] → 0 nodes
2026-08-26 11:42:18.423 I/RagPromptBuilder: Walker probes (entity='Японии', props=3): Японий
2026-08-26 11:42:18.430 I/EntityTitleProbe: Title probes (9 lookups): Япония(1070), Нихоний(1070), Токио(890)
2026-08-26 11:42:18.477 I/ZimSearcher: search('столица японии') estimated=10000
2026-08-26 11:42:18.995 I/ZimSearcher: search('столица') estimated=88669
2026-08-26 11:42:19.295 I/RagPromptBuilder: Entity merge 'столица': +20 candidates
2026-08-26 11:42:19.296 I/RagPromptBuilder: RAG: 'какая столица Японии' candidates=43
2026-08-26 11:42:19.297 I/RagPromptBuilder: Top hits: Япония(s=1070)[Япония] | Нихоний(s=1070)[Нихоний] | Японий(s=950)[Японий] | Токио(s=890)[Токио] | Столица(s=99)[Столица]
2026-08-26 11:42:19.297 I/BenchmarkBridge: [PROBE] cand=43 ms=974 titles=Япония | Нихоний | Японий | Токио | Столица | Столица (телеканал) | Столица Германии | Столица Республики Казахстан | Столица в огне | Столицы Японии | Третья столица России | Культурная столица Беларуси | Гетманская столица | Первая столица (телепрограмма) | ТОР «Столица Арктики» | Новая столица Египта | Транспорт в Японии | Список стран, где столица не является крупнейшим городом | Фестиваль Столица закатов (Нижний Новгород) | Нагаокакё (столица)
2026-08-26 11:42:19.297 I/BenchmarkBridge: [PROBE] done
2026-08-26 11:42:20.922 I/BenchmarkBridge: [PROBE] q=какая валюта в Бразилии
2026-08-26 11:42:20.923 I/FactoidAnswerer: Factoid candidate: label='Валюта' entity='Бразилии'
2026-08-26 11:42:21.256 I/FactoidAnswerer: Factoid HIT: Валюта = 'бразильский реал (код BRL, 986)' (Бразилия)
2026-08-26 11:42:21.257 I/BenchmarkBridge: [PROBE] fast=hit ms=335 article=Бразилия field=Валюта value=бразильский реал (код BRL, 986)
2026-08-26 11:42:21.257 I/RagPromptBuilder: Query: 'какая валюта в Бразилии' -> ZIM keywords: 'валюта бразилии'
2026-08-26 11:42:21.369 I/GraphWalker: walk seed=Авеню_Бразилии props=[P6, P1365, P1366, P39, P166, P26, P40, P22, P25, P3373, P50, P175, P800, P184, P802, P57, P58, P162, P36, P159, P127, P112] → 3 nodes
2026-08-26 11:42:21.369 I/RagPromptBuilder: Walker probes (entity='Бразилии', props=22): Авеню Бразилии, Спаси меня, Святой Георгий, Проспект Бразилии, Любовь к жизни
2026-08-26 11:42:21.378 I/EntityTitleProbe: Title probes (5 lookups): Бразилия(1070)
2026-08-26 11:42:21.398 I/ZimSearcher: search('валюта бразилии') estimated=2000
2026-08-26 11:42:21.696 I/ZimSearcher: search('бразилии') estimated=63140
2026-08-26 11:42:22.460 I/RagPromptBuilder: Entity merge 'бразилии': +19 candidates
2026-08-26 11:42:22.461 I/RagPromptBuilder: RAG: 'какая валюта в Бразилии' candidates=44
2026-08-26 11:42:22.461 I/RagPromptBuilder: Top hits: Бразилия(s=1070)[Бразилия] | Авеню Бразилии(s=950)[Авеню_Бразилии] | Спаси меня, Святой Георгий(s=899)[Спаси_меня,_Святой_Георгий] | Проспект Бразилии(s=898)[Проспект_Бразилии] | Любовь к жизни(s=898)[Любовь_к_жизни_(телесериал,_2013)]
2026-08-26 11:42:22.461 I/BenchmarkBridge: [PROBE] cand=44 ms=1204 titles=Бразилия | Авеню Бразилии | Спаси меня, Святой Георгий | Проспект Бразилии | Любовь к жизни | Чемпионат Бразилии по футболу 2018 (составы) | Экономика Бразилии | Список матчей сборной Бразилии по футболу (1960—1969) | Список матчей сборной Бразилии по футболу (1980—1989) | Список матчей сборной Бразилии по футболу (1970—1979) | Список матчей сборной Бразилии по футболу (1990—1999) | Список матчей сборной Бразилии по футболу (1940—1949) | Список матчей сборной Бразилии по футболу (2010—2019) | Список матчей сборной Бразилии по футболу (1930—1939) | Список матчей сборной Бразилии по футболу (с 2020 года) | Список матчей сборной Бразилии по футболу (1920—1929) | Список матчей сборной Бразилии по футболу (2000—2009) | Список главных тренеров сборной Бразилии по футболу | Соединённое королевство Португалии, Бразилии и Алгарве | Список матчей сборной Бразилии по футболу (1914—1919)
2026-08-26 11:42:22.461 I/BenchmarkBridge: [PROBE] done
2026-08-26 11:42:24.028 I/BenchmarkBridge: [PROBE] q=когда родился Дмитрий Менделеев
2026-08-26 11:42:24.029 I/FactoidAnswerer: Factoid candidate: label='Дата рождения' entity='Менделеев'
2026-08-26 11:42:24.078 I/FactoidAnswerer: Factoid HIT: Дата рождения = '27 января (8 февраля) 1834 […]' (Менделеев)
2026-08-26 11:42:24.079 I/BenchmarkBridge: [PROBE] fast=hit ms=50 article=Менделеев field=Дата рождения value=27 января (8 февраля) 1834 […]
2026-08-26 11:42:24.079 I/RagPromptBuilder: Query: 'когда родился Дмитрий Менделеев' -> ZIM keywords: 'родился дмитрий менделеев'
2026-08-26 11:42:24.108 I/GraphWalker: walk seed=Менделеев,_Дмитрий_Иванович props=[P6, P1365, P1366, P39, P166, P26, P40, P22, P25, P3373, P50, P175, P800, P184, P802, P57, P58, P162, P36, P159, P127, P112] → 6 nodes
2026-08-26 11:42:24.108 I/RagPromptBuilder: Walker probes (entity='Менделеев', props=22): Менделеев, Дмитрий Иванович, Орден Святого Владимира, Кавалер ордена Святого Александра Невского, Орден Белого орла (Российская империя), Орден Святой Анны I степени, Орден Святого Станислава (Российская империя), Орден Святой Анны II степени
2026-08-26 11:42:24.121 I/EntityTitleProbe: Title probes (9 lookups): Менделеев, Дмитрий Иванович(1090), Дмитрий(1070)
2026-08-26 11:42:24.138 I/ZimSearcher: search('родился дмитрий менделеев') estimated=300
2026-08-26 11:42:24.377 I/ZimSearcher: search('менделеев') estimated=965
2026-08-26 11:42:24.643 I/RagPromptBuilder: Entity merge 'менделеев': +12 candidates
2026-08-26 11:42:24.644 I/RagPromptBuilder: RAG: 'когда родился Дмитрий Менделеев' candidates=39
2026-08-26 11:42:24.644 I/RagPromptBuilder: Top hits: Дмитрий(s=1070)[Дмитрий] | Менделеев, Дмитрий Иванович(s=1000)[Менделеев,_Дмитрий_Иванович] | Орден Святого Владимира(s=899)[Орден_Святого_Владимира] | Орден Белого орла (Российская империя)(s=899)[Орден_Белого_орла_(Российская_империя)] | Орден Святой Анны I степени(s=899)[Орден_Святой_Анны_I_степени]
2026-08-26 11:42:24.644 I/BenchmarkBridge: [PROBE] cand=39 ms=565 titles=Дмитрий | Менделеев, Дмитрий Иванович | Орден Святого Владимира | Орден Белого орла (Российская империя) | Орден Святой Анны I степени | Орден Святой Анны II степени | Кавалер ордена Святого Александра Невского | Орден Святого Станислава (Российская империя) | Дмитрий Менделеев (судно) | Менделеев, Иридий Михайлович | Менделеев (лунный кратер) | Менделеев, Иван Павлович | Менделеев, Владимир Дмитриевич | Менделеев, Павел Павлович | Менделеев (значения) | Менделеева, Анна Ивановна | Менделеев, Василий Дмитриевич | Менделеевы | Алексей (Алесь) Семёнович Менделеев | (2769) Менделеев
2026-08-26 11:42:24.644 I/BenchmarkBridge: [PROBE] done
2026-08-26 11:42:27.146 I/BenchmarkBridge: [PROBE] q=когда умер Лев Толстой
2026-08-26 11:42:27.147 I/FactoidAnswerer: Factoid candidate: label='Дата смерти' entity='Толстой'
2026-08-26 11:42:27.168 I/FactoidAnswerer: Factoid: 'Толстой' has no infobox — falling back to RAG
2026-08-26 11:42:27.169 I/BenchmarkBridge: [PROBE] fast=miss ms=22
2026-08-26 11:42:27.169 I/RagPromptBuilder: Query: 'когда умер Лев Толстой' -> ZIM keywords: 'умер лев толстой'
2026-08-26 11:42:27.176 I/GraphWalker: walk: 0 wikilinks in 'Толстой' (depth=0)
2026-08-26 11:42:27.176 I/GraphWalker: walk seed=Толстой props=[P6, P1365, P1366, P39, P166, P26, P40, P22, P25, P3373, P50, P175, P800, P184, P802, P57, P58, P162, P36, P159, P127, P112] → 0 nodes
2026-08-26 11:42:27.177 I/RagPromptBuilder: Walker probes (entity='Толстой', props=22): Толстой
2026-08-26 11:42:27.189 I/EntityTitleProbe: Title probes (9 lookups): Толстой, Лев Николаевич(1090), Толстой(1070), Толстая(1070)
2026-08-26 11:42:27.211 I/ZimSearcher: search('умер лев толстой') estimated=900
2026-08-26 11:42:27.571 I/ZimSearcher: search('толстой') estimated=9261
2026-08-26 11:42:28.017 I/RagPromptBuilder: Entity merge 'толстой': +16 candidates
2026-08-26 11:42:28.018 I/RagPromptBuilder: RAG: 'когда умер Лев Толстой' candidates=38
2026-08-26 11:42:28.018 I/RagPromptBuilder: Top hits: Толстой, Лев Николаевич(s=1090)[Толстой,_Лев_Николаевич] | Толстая(s=1070)[Толстая] | Толстой(s=1000)[Толстой] | Лев Толстой (станция)(s=100)[Лев_Толстой_(станция)] | Лев Толстой в Чечне(s=99)[Лев_Толстой_в_Чечне]
2026-08-26 11:42:28.022 I/BenchmarkBridge: [PROBE] cand=38 ms=853 titles=Толстой, Лев Николаевич | Толстая | Толстой | Лев Толстой (станция) | Лев Толстой в Чечне | Толстой-Юрт | Толстой, Фёдор Иванович | Толстой, Алексей Константинович | Толстой, Михаил Львович | Толстой, Дмитрий Андреевич | Толстой, Пётр Олегович | Толстой, Алексей Николаевич | Толстой, Николай Александрович (1849) | Толстой, Михаил Павлович | Толстой, Пётр Александрович | Толстой, Николай Николаевич | Толстой, Фёдор Петрович | Толстой, Иван Петрович | Толстой, Иван Иванович (государственный деятель) | Толстой-Милославский, Николай Дмитриевич
2026-08-26 11:42:28.022 I/BenchmarkBridge: [PROBE] done
2026-08-26 11:42:30.264 I/BenchmarkBridge: [PROBE] q=где родился Юрий Гагарин
2026-08-26 11:42:30.265 I/FactoidAnswerer: Factoid candidate: label='Место рождения' entity='Гагарин'
2026-08-26 11:42:30.314 I/FactoidAnswerer: Factoid HIT: Место рождения = 'деревня Клушино, Гжатский район, Западная область, РСФСР, СССР' (Гагарин)
2026-08-26 11:42:30.315 I/BenchmarkBridge: [PROBE] fast=hit ms=50 article=Гагарин field=Место рождения value=деревня Клушино, Гжатский район, Западная область, РСФСР, СССР
2026-08-26 11:42:30.315 I/RagPromptBuilder: Query: 'где родился Юрий Гагарин' -> ZIM keywords: 'родился юрий гагарин'
2026-08-26 11:42:30.344 I/GraphWalker: walk seed=Гагарин,_Юрий_Алексеевич props=[P6, P1365, P1366, P39, P166, P26, P40, P22, P25, P3373, P50, P175, P800, P184, P802, P57, P58, P162, P36, P159, P127, P112] → 6 nodes
2026-08-26 11:42:30.344 I/RagPromptBuilder: Walker probes (entity='Гагарин', props=22): Гагарин, Юрий Алексеевич, Герой Советского Союза, Орден Ленина, Юбилейная медаль «Двадцать лет Победы в Великой Отечественной войне 1941—1945 гг.», Медаль «За освоение целинных земель», Юбилейная медаль «40 лет Вооружённых Сил СССР», Юбилейная медаль «50 лет Вооружённых Сил СССР»
2026-08-26 11:42:30.352 I/EntityTitleProbe: Title probes (7 lookups): Гагарин, Юрий Алексеевич(1090), Юрий(1070)
2026-08-26 11:42:30.382 I/ZimSearcher: search('родился юрий гагарин') estimated=2000
2026-08-26 11:42:31.053 I/ZimSearcher: search('родился') estimated=796317
2026-08-26 11:42:31.437 I/RagPromptBuilder: Entity merge 'родился': +20 candidates
2026-08-26 11:42:31.438 I/RagPromptBuilder: RAG: 'где родился Юрий Гагарин' candidates=47
2026-08-26 11:42:31.438 I/RagPromptBuilder: Top hits: Юрий(s=1070)[Юрий] | Гагарин, Юрий Алексеевич(s=1000)[Гагарин,_Юрий_Алексеевич] | Орден Ленина(s=899)[Орден_Ленина] | Герой Советского Союза(s=899)[Герой_Советского_Союза] | Медаль «За освоение целинных земель»(s=899)[Медаль_«За_освоение_целинных_земель»]
2026-08-26 11:42:31.439 I/BenchmarkBridge: [PROBE] cand=47 ms=1124 titles=Юрий | Гагарин, Юрий Алексеевич | Орден Ленина | Герой Советского Союза | Медаль «За освоение целинных земель» | Юбилейная медаль «40 лет Вооружённых Сил СССР» | Юбилейная медаль «50 лет Вооружённых Сил СССР» | Юбилейная медаль «Двадцать лет Победы в Великой Отечественной войне 1941—1945 гг.» | Гагарина, Валентина Ивановна | Гагарина, Анна Тимофеевна | Гагарина, Галина Юрьевна | Гагарин (значения) | Гагарина, Елена Юрьевна | Юрий Гагарин в культуре и искусстве | Гагаринское поле | Гагарина | Гагаринленд | Гагарин (Смоленская область) | Памятник Юрию Гагарину (Вифлеем) | Памятник Юрию Гагарину (Рига)
2026-08-26 11:42:31.439 I/BenchmarkBridge: [PROBE] done
2026-08-26 11:42:33.400 I/BenchmarkBridge: [PROBE] q=кто автор романа Война и мир
2026-08-26 11:42:33.401 I/FactoidAnswerer: Factoid candidate: label='Автор' entity='Война'
2026-08-26 11:42:33.438 I/FactoidAnswerer: Factoid: 'Война' has no infobox — falling back to RAG
2026-08-26 11:42:33.439 I/BenchmarkBridge: [PROBE] fast=miss ms=38
2026-08-26 11:42:33.439 I/RagPromptBuilder: Query: 'кто автор романа Война и мир' -> ZIM keywords: 'автор романа война мир'
2026-08-26 11:42:33.454 I/GraphWalker: walk: 0 wikilinks in 'Война' (depth=0)
2026-08-26 11:42:33.454 I/GraphWalker: walk seed=Война props=[P50, P57, P58, P162, P175, P800, P1365, P1366] → 0 nodes
2026-08-26 11:42:33.454 I/RagPromptBuilder: Walker probes (entity='Война', props=8): Война
2026-08-26 11:42:33.471 I/EntityTitleProbe: Title probes (14 lookups): Война и мир(1110), Война(1070)
2026-08-26 11:42:33.559 I/ZimSearcher: search('автор романа война мир') estimated=20000
2026-08-26 11:42:33.918 I/ZimSearcher: search('романа') estimated=98784
2026-08-26 11:42:34.306 I/RagPromptBuilder: Entity merge 'романа': +20 candidates
2026-08-26 11:42:34.307 I/RagPromptBuilder: RAG: 'кто автор романа Война и мир' candidates=41
2026-08-26 11:42:34.307 I/RagPromptBuilder: Top hits: Война и мир(s=1110)[Война_и_мир] | Война(s=1000)[Война] | Освобождённый мир (роман)(s=100)[Освобождённый_мир_(роман)] | Библиография Романа Злотникова(s=99)[Библиография_Романа_Злотникова] | Список персонажей романа «Война и мир»(s=95)[Список_персонажей_романа_«Война_и_мир»]
2026-08-26 11:42:34.307 I/BenchmarkBridge: [PROBE] cand=41 ms=868 titles=Война и мир | Война | Освобождённый мир (роман) | Библиография Романа Злотникова | Список персонажей романа «Война и мир» | Роман (значения) | Романо | Роман | Рыцарский роман | Философский роман | Роман Мстиславич | Роман (имя) | Роман-фельетон | Шпионский роман | Список публикаций в «Роман-газете» | Юрий Иванович (писатель) | Кутузов, Роман Александрович | Производственный роман | Сосновская, Надежда Андреевна | Богословский, Роман Сергеевич
2026-08-26 11:42:34.308 I/BenchmarkBridge: [PROBE] done
2026-08-26 11:42:36.522 I/BenchmarkBridge: [PROBE] q=кто режиссёр фильма Сталкер
2026-08-26 11:42:36.523 I/FactoidAnswerer: Factoid candidate: label='Режиссёр' entity='Сталкер'
2026-08-26 11:42:36.528 I/FactoidAnswerer: Factoid: 'Сталкер' has no infobox — falling back to RAG
2026-08-26 11:42:36.528 I/BenchmarkBridge: [PROBE] fast=miss ms=6
2026-08-26 11:42:36.529 I/RagPromptBuilder: Query: 'кто режиссёр фильма Сталкер' -> ZIM keywords: 'режиссёр фильма сталкер'
2026-08-26 11:42:36.531 I/GraphWalker: walk: 0 wikilinks in 'Сталкер' (depth=0)
2026-08-26 11:42:36.532 I/GraphWalker: walk seed=Сталкер props=[P50, P57, P58, P162, P175, P800, P1365, P1366] → 0 nodes
2026-08-26 11:42:36.532 I/RagPromptBuilder: Walker probes (entity='Сталкер', props=8): Сталкер
2026-08-26 11:42:36.535 I/EntityTitleProbe: Title probes (7 lookups): Сталкер(1070)
2026-08-26 11:42:36.548 I/ZimSearcher: search('режиссёр фильма сталкер') estimated=600
2026-08-26 11:42:36.758 I/ZimSearcher: search('режиссёр') estimated=120708
2026-08-26 11:42:37.075 I/RagPromptBuilder: Entity merge 'режиссёр': +20 candidates
2026-08-26 11:42:37.076 I/RagPromptBuilder: RAG: 'кто режиссёр фильма Сталкер' candidates=41
2026-08-26 11:42:37.076 I/RagPromptBuilder: Top hits: Сталкер(s=1000)[Сталкер] | Сталкер (фильм)(s=99)[Сталкер_(фильм)] | Сталкер (фильм, 2023)(s=96)[Сталкер_(фильм,_2023)] | Сталкер (кинофестиваль)(s=92)[Сталкер_(кинофестиваль)] | Рерберг и Тарковский. Обратная сторона «Сталкера»(s=100)[Рерберг_и_Тарковский._Обратная_сторона_«Сталкера»]
2026-08-26 11:42:37.077 I/BenchmarkBridge: [PROBE] cand=41 ms=549 titles=Сталкер | Сталкер (фильм) | Сталкер (фильм, 2023) | Сталкер (кинофестиваль) | Рерберг и Тарковский. Обратная сторона «Сталкера» | Список фильмов киностудии «Мосфильм» | Марескотти, Ивано | Инфанти, Анджело | Уиттингем, Кен | Франко, Хесус | Дэвидсон, Адам | Турылёва, Ярослава Георгиевна | Экранизации произведений Чехова | Веледницкая, Лия Бенционовна | Данилов, Лев Стефанович | Свердловский театр драмы | Кинофестиваль в Торонто 2005 | Анимос (кинокомпания) | 7-й Венецианский кинофестиваль | Нестеров, Евгений Георгиевич
2026-08-26 11:42:37.077 I/BenchmarkBridge: [PROBE] done
2026-08-26 11:42:39.650 I/BenchmarkBridge: [PROBE] q=почему Юпитер называют газовым гигантом
2026-08-26 11:42:39.651 I/BenchmarkBridge: [PROBE] fast=miss ms=0
2026-08-26 11:42:39.651 I/RagPromptBuilder: Query: 'почему Юпитер называют газовым гигантом' -> ZIM keywords: 'юпитер называют газовым гигантом'
2026-08-26 11:42:39.708 I/GraphWalker: walk: 0 wikilinks in 'Юпитер' (depth=0)
2026-08-26 11:42:39.708 I/GraphWalker: walk seed=Юпитер props=[P6, P1365, P1366, P39, P166, P26, P40, P22, P25, P3373, P50, P175, P800, P184, P802, P57, P58, P162, P36, P159, P127, P112] → 0 nodes
2026-08-26 11:42:39.709 I/RagPromptBuilder: Walker probes (entity='Юпитер', props=22): Юпитер
2026-08-26 11:42:39.720 I/EntityTitleProbe: Title probes (13 lookups): Юпитер(1070), Гигант(1020)
2026-08-26 11:42:39.732 I/ZimSearcher: search('юпитер называют газовым гигантом') estimated=200
2026-08-26 11:42:40.148 I/ZimSearcher: search('называют') estimated=194221
2026-08-26 11:42:40.478 I/RagPromptBuilder: Entity merge 'называют': +20 candidates
2026-08-26 11:42:40.480 I/RagPromptBuilder: RAG: 'почему Юпитер называют газовым гигантом' candidates=42
2026-08-26 11:42:40.481 I/RagPromptBuilder: Top hits: Гигант(s=1020)[Гигант] | Юпитер(s=1000)[Юпитер] | То, что называют любовью(s=98)[То,_что_называют_любовью] | Газовые гиганты(s=100)[Газовые_гиганты] | Моя так называемая жизнь(s=100)[Моя_так_называемая_жизнь]
2026-08-26 11:42:40.481 I/BenchmarkBridge: [PROBE] cand=42 ms=830 titles=Гигант | Юпитер | То, что называют любовью | Газовые гиганты | Моя так называемая жизнь | Называй её дикой | Лев в геральдике | Не называй её небесной | Не называй меня малышкой | Премия Харви (комиксы) | Как вас теперь называть? | Этнонимы греков | Завоевание Перу, называемого Новая Кастилия | По поводу так называемого вопроса о рынках | Физика колебаний и волн | Decretum Gelasianum | Многоугольник | Ломаная | Формальная система | Расширение поля
2026-08-26 11:42:40.481 I/BenchmarkBridge: [PROBE] done
2026-08-26 11:42:42.785 I/BenchmarkBridge: [PROBE] q=из чего состоит атмосфера Марса
2026-08-26 11:42:42.786 I/BenchmarkBridge: [PROBE] fast=miss ms=0
2026-08-26 11:42:42.786 I/RagPromptBuilder: Query: 'из чего состоит атмосфера Марса' -> ZIM keywords: 'чего состоит атмосфера марса'
2026-08-26 11:42:42.801 I/GraphWalker: walk: 0 wikilinks in 'Марса' (depth=0)
2026-08-26 11:42:42.801 I/GraphWalker: walk seed=Марса props=[P6, P1365, P1366, P39, P166, P26, P40, P22, P25, P3373, P50, P175, P800, P184, P802, P57, P58, P162, P36, P159, P127, P112] → 0 nodes
2026-08-26 11:42:42.802 I/RagPromptBuilder: Walker probes (entity='Марса', props=22): Марса
2026-08-26 11:42:42.816 I/EntityTitleProbe: Title probes (10 lookups): Марса(1070), Марс(1070), Атмосфера Марса(890)
2026-08-26 11:42:42.832 I/ZimSearcher: search('чего состоит атмосфера марса') estimated=300
2026-08-26 11:42:43.247 I/ZimSearcher: search('атмосфера') estimated=21862
2026-08-26 11:42:43.566 I/RagPromptBuilder: Entity merge 'атмосфера': +19 candidates
2026-08-26 11:42:43.568 I/RagPromptBuilder: RAG: 'из чего состоит атмосфера Марса' candidates=40
2026-08-26 11:42:43.568 I/RagPromptBuilder: Top hits: Марс(s=1070)[Марс] | Марса(s=1000)[Марса] | Атмосфера Марса(s=890)[Атмосфера_Марса] | Атмосфера(s=100)[Атмосфера] | Атмосфера Земли(s=99)[Атмосфера_Земли]
2026-08-26 11:42:43.568 I/BenchmarkBridge: [PROBE] cand=40 ms=782 titles=Марс | Марса | Атмосфера Марса | Атмосфера | Атмосфера Земли | Атмосфера Титана | Атмосфера Венеры | Атмосфера (эстетика) | Атмосфера Юпитера | Атмосфера Плутона | Терраформирование Марса | Звёздная атмосфера | Химия атмосферы | Физика атмосферы | Колонизация Марса | Диссипация атмосфер планет | Общая циркуляция атмосферы | Циркуляция атмосферы | Экология атмосферы | Вход в атмосферу
2026-08-26 11:42:43.568 I/BenchmarkBridge: [PROBE] done
2026-08-26 11:42:45.903 I/BenchmarkBridge: [PROBE] q=кто открыл пенициллин
2026-08-26 11:42:45.904 I/BenchmarkBridge: [PROBE] fast=miss ms=0
2026-08-26 11:42:45.905 I/RagPromptBuilder: Query: 'кто открыл пенициллин' -> ZIM keywords: 'открыл пенициллин'
2026-08-26 11:42:45.916 I/EntityTitleProbe: Title probes (2 lookups): Бензилпенициллин(1020)
2026-08-26 11:42:45.923 I/ZimSearcher: search('открыл пенициллин') estimated=200
2026-08-26 11:42:46.174 I/ZimSearcher: search('пенициллин') estimated=589
2026-08-26 11:42:46.364 I/RagPromptBuilder: Entity merge 'пенициллин': +16 candidates
2026-08-26 11:42:46.366 I/RagPromptBuilder: RAG: 'кто открыл пенициллин' candidates=37
2026-08-26 11:42:46.366 I/RagPromptBuilder: Top hits: Бензилпенициллин(s=1020)[Бензилпенициллин] | Пенициллины(s=100)[Пенициллины] | Пенициллин (комплекс артразведки)(s=99)[Пенициллин_(комплекс_артразведки)] | Пенициллин (значения)(s=95)[Пенициллин_(значения)] | Пенициллин-связывающие белки(s=90)[Пенициллин-связывающие_белки]
2026-08-26 11:42:46.366 I/BenchmarkBridge: [PROBE] cand=37 ms=461 titles=Бензилпенициллин | Пенициллины | Пенициллин (комплекс артразведки) | Пенициллин (значения) | Пенициллин-связывающие белки | Операция «Пенициллин» | Феноксиметилпенициллин | Флеминг, Александр | Хитли, Норман | Балезина, Тамара Иосифовна | Метициллин | Зейфман, Вил Иосифович | Ампициллин | Оксациллин | Хобби, Глэдис Лаунсбери | Бета-лактамные антибиотики | Шихан, Джон Кларк | Ингибиторы бета-лактамаз | Ермольева, Зинаида Виссарионовна | Beecham
2026-08-26 11:42:46.367 I/BenchmarkBridge: [PROBE] done
2026-08-26 11:42:49.022 I/BenchmarkBridge: [PROBE] q=что такое фотосинтез
2026-08-26 11:42:49.023 I/BenchmarkBridge: [PROBE] fast=miss ms=0
2026-08-26 11:42:49.024 I/RagPromptBuilder: Query: 'что такое фотосинтез' -> ZIM keywords: 'такое фотосинтез'
2026-08-26 11:42:49.030 I/EntityTitleProbe: Title probes (1 lookups): Фотосинтез(1020)
2026-08-26 11:42:49.050 I/ZimSearcher: search('такое фотосинтез') estimated=700
2026-08-26 11:42:49.314 I/ZimSearcher: search('фотосинтез') estimated=965
2026-08-26 11:42:49.462 I/RagPromptBuilder: Entity merge 'фотосинтез': +9 candidates
2026-08-26 11:42:49.463 I/RagPromptBuilder: RAG: 'что такое фотосинтез' candidates=29
2026-08-26 11:42:49.463 I/RagPromptBuilder: Top hits: Фотосинтез(s=1020)[Фотосинтез] | C4-фотосинтез(s=100)[C4-фотосинтез] | CAM-фотосинтез(s=99)[CAM-фотосинтез] | Эффективность фотосинтеза(s=98)[Эффективность_фотосинтеза] | Эволюция фотосинтеза(s=98)[Эволюция_фотосинтеза]
2026-08-26 11:42:49.463 I/BenchmarkBridge: [PROBE] cand=29 ms=440 titles=Фотосинтез | C4-фотосинтез | CAM-фотосинтез | Эффективность фотосинтеза | Эволюция фотосинтеза | Аноксигенный фотосинтез | Спектр действия фотосинтеза | Электронотранспортная цепь фотосинтеза | Кривая светового насыщения фотосинтеза | Искусственный фотосинтез | C3-фотосинтез | Реакция Хилла | Карпилов, Юрий Соломонович | Комиссаров, Геннадий Германович | Мокроносов, Адольф Трофимович | Шувалов, Владимир Анатольевич | Световая точка компенсации | Эффект Эмерсона | Фотодыхание | Точка компенсации СО2
2026-08-26 11:42:49.463 I/BenchmarkBridge: [PROBE] done
2026-08-26 11:42:52.144 I/BenchmarkBridge: [PROBE] q=когда началась Вторая мировая война
2026-08-26 11:42:52.145 I/BenchmarkBridge: [PROBE] fast=miss ms=0
2026-08-26 11:42:52.145 I/RagPromptBuilder: Query: 'когда началась Вторая мировая война' -> ZIM keywords: 'началась вторая мировая война'
2026-08-26 11:42:52.159 I/GraphWalker: walk: 0 wikilinks in 'Вторая' (depth=0)
2026-08-26 11:42:52.159 I/GraphWalker: walk seed=Вторая props=[P6, P1365, P1366, P39, P166, P26, P40, P22, P25, P3373, P50, P175, P800, P184, P802, P57, P58, P162, P36, P159, P127, P112] → 0 nodes
2026-08-26 11:42:52.160 I/RagPromptBuilder: Walker probes (entity='Вторая', props=22): Вторая
2026-08-26 11:42:52.171 I/EntityTitleProbe: Title probes (15 lookups): Вторая мировая война(1110), Вторая(1070), Мировая война(1040), Война(1020)
2026-08-26 11:42:52.258 I/ZimSearcher: search('началась вторая мировая война') estimated=20000
2026-08-26 11:42:52.940 I/ZimSearcher: search('началась') estimated=467255
2026-08-26 11:42:53.527 I/RagPromptBuilder: Entity merge 'началась': +20 candidates
2026-08-26 11:42:53.529 I/RagPromptBuilder: RAG: 'когда началась Вторая мировая война' candidates=42
2026-08-26 11:42:53.529 I/RagPromptBuilder: Top hits: Вторая мировая война(s=1110)[Вторая_мировая_война] | Мировая война(s=1040)[Мировая_война] | Война(s=1020)[Война] | Вторая(s=1000)[Вторая] | Вторая мировая война на море(s=98)[Вторая_мировая_война_на_море]
2026-08-26 11:42:53.529 I/BenchmarkBridge: [PROBE] cand=42 ms=1384 titles=Вторая мировая война | Мировая война | Война | Вторая | Вторая мировая война на море | Вторая мировая война (серия книг) | Вторая мировая война (значения) | Маки (Вторая мировая война) | Восточноафриканская кампания (Вторая мировая война) | Портал:Вторая мировая война | Портал:Вторая мировая война/Знаете ли вы/Текущая подборка | Трофейное искусство (Вторая мировая война) | Битва за Лос-Анджелес (Вторая мировая война) | 2-я армия (Италия, Вторая мировая война) | Латинская Ось (Вторая мировая война) | Портал:Первая мировая война | Начало Века | Британские экспедиционные силы (Вторая мировая война) | Третья мировая война | Начало начал
2026-08-26 11:42:53.529 I/BenchmarkBridge: [PROBE] done
2026-08-26 11:42:55.268 I/BenchmarkBridge: [PROBE] q=чем знаменит Большое красное пятно
2026-08-26 11:42:55.269 I/BenchmarkBridge: [PROBE] fast=miss ms=0
2026-08-26 11:42:55.269 I/RagPromptBuilder: Query: 'чем знаменит Большое красное пятно' -> ZIM keywords: 'чем знаменит большое красное пятно'
2026-08-26 11:42:55.281 I/GraphWalker: walk: 0 wikilinks in 'Большое' (depth=0)
2026-08-26 11:42:55.281 I/GraphWalker: walk seed=Большое props=[P6, P1365, P1366, P39, P166, P26, P40, P22, P25, P3373, P50, P175, P800, P184, P802, P57, P58, P162, P36, P159, P127, P112] → 0 nodes
2026-08-26 11:42:55.281 I/RagPromptBuilder: Walker probes (entity='Большое', props=22): Большое
2026-08-26 11:42:55.296 I/EntityTitleProbe: Title probes (20 lookups): Большое красное пятно(1110), Большое(1070), Красное(1020), Красно(1020)
2026-08-26 11:42:55.321 I/ZimSearcher: search('чем знаменит большое красное пятно') estimated=200
2026-08-26 11:42:55.728 I/ZimSearcher: search('знаменит') estimated=51485
2026-08-26 11:42:56.013 I/RagPromptBuilder: Entity merge 'знаменит': +20 candidates
2026-08-26 11:42:56.014 I/RagPromptBuilder: RAG: 'чем знаменит Большое красное пятно' candidates=44
2026-08-26 11:42:56.015 I/RagPromptBuilder: Top hits: Большое красное пятно(s=1110)[Большое_красное_пятно] | Красное(s=1020)[Красное] | Красно(s=1020)[Красно] | Большое(s=1000)[Большое] | Я почти знаменит(s=99)[Я_почти_знаменит]
2026-08-26 11:42:56.015 I/BenchmarkBridge: [PROBE] cand=44 ms=746 titles=Большое красное пятно | Красное | Красно | Большое | Я почти знаменит | Красочная жизнь | Храм иконы Божией Матери «Знамение» | Знаменное пение | Крестное знамение | Знамённые ряды | Орден Красного Знамени | Орден Трудового Красного Знамени | Армия Зелёного знамени | Знамение Божией Матери | Под знаменем марксизма | Орден Красного Знамени (Монголия) | Летописец небесных знамений | Благие знамения | Новгородская икона Знамения Пресвятой Богородицы | Церковь иконы Божией Матери «Знамение» на Шереметевом дворе
2026-08-26 11:42:56.015 I/BenchmarkBridge: [PROBE] done
2026-08-26 11:42:58.379 I/BenchmarkBridge: [PROBE] q=что производит АвтоВАЗ
2026-08-26 11:42:58.380 I/BenchmarkBridge: [PROBE] fast=miss ms=1
2026-08-26 11:42:58.380 I/RagPromptBuilder: Query: 'что производит АвтоВАЗ' -> ZIM keywords: 'производит автоваз'
2026-08-26 11:42:58.558 I/GraphWalker: walk seed=АвтоВАЗ props=[P6, P1365, P1366, P39, P166, P26, P40, P22, P25, P3373, P50, P175, P800, P184, P802, P57, P58, P162, P36, P159, P127, P112] → 6 nodes
2026-08-26 11:42:58.558 I/RagPromptBuilder: Walker probes (entity='АвтоВАЗ', props=22): АвтоВАЗ, Россия, Тольятти, ЦК КПСС, Совет министров СССР, Москва, Илья Геннадьевич Сухих
2026-08-26 11:42:58.564 I/EntityTitleProbe: Title probes (2 lookups): АвтоВАЗ(1070)
2026-08-26 11:42:58.569 I/ZimSearcher: search('производит автоваз') estimated=300
2026-08-26 11:42:58.877 I/ZimSearcher: search('производит') estimated=56978
2026-08-26 11:42:59.220 I/RagPromptBuilder: Entity merge 'производит': +20 candidates
2026-08-26 11:42:59.222 I/RagPromptBuilder: RAG: 'что производит АвтоВАЗ' candidates=46
2026-08-26 11:42:59.222 I/RagPromptBuilder: Top hits: АвтоВАЗ(s=1000)[АвтоВАЗ] | Россия(s=899)[Россия] | Тольятти(s=899)[Тольятти] | ЦК КПСС(s=899)[ЦК_КПСС] | Совет министров СССР(s=899)[Совет_министров_СССР]
2026-08-26 11:42:59.223 I/BenchmarkBridge: [PROBE] cand=46 ms=843 titles=АвтоВАЗ | Россия | Тольятти | ЦК КПСС | Совет министров СССР | Москва | Илья Геннадьевич Сухих | Производить или покупать | Национальная гоночная серия «АВТОВАЗ» | Нива (автомобиль) | Список итальянских вин категории DOC | Meopta | Denominazione di origine controllata e garantita | Плёночные фотоаппараты Kodak | Промышленность Новой Аквитании | Список настоек, производившихся в СССР | Военно-промышленный комплекс Франции | Список пуншей, производившихся в СССР | КАвЗ-4238 «Аврора» | Welta
2026-08-26 11:42:59.223 I/BenchmarkBridge: [PROBE] done
2026-08-26 11:43:01.495 I/BenchmarkBridge: [PROBE] q=какой автозавод расположен в Тольятти
2026-08-26 11:43:01.496 I/BenchmarkBridge: [PROBE] fast=miss ms=0
2026-08-26 11:43:01.497 I/RagPromptBuilder: Query: 'какой автозавод расположен в Тольятти' -> ZIM keywords: 'автозавод расположен тольятти'
2026-08-26 11:43:01.568 I/GraphWalker: walk: 0 wikilinks in 'Заслуженный_врач_Российской_Федерации' (depth=3)
2026-08-26 11:43:01.578 I/GraphWalker: walk seed=Тольятти props=[P6, P1365, P1366, P39, P166, P26, P40, P22, P25, P3373, P50, P175, P800, P184, P802, P57, P58, P162, P36, P159, P127, P112] → 5 nodes
2026-08-26 11:43:01.579 I/RagPromptBuilder: Walker probes (entity='Тольятти', props=22): Тольятти, Илья Геннадьевич Сухих, Николай Ренц, Заслуженный врач Российской Федерации, Сергей Анташев, Сергей Андреев
2026-08-26 11:43:01.588 I/EntityTitleProbe: Title probes (10 lookups): Тольятти(1070), Автомобильная промышленность(1020)
2026-08-26 11:43:01.595 I/ZimSearcher: search('автозавод расположен тольятти') estimated=40
2026-08-26 11:43:02.177 I/ZimSearcher: search('расположен') estimated=249807
2026-08-26 11:43:02.470 I/RagPromptBuilder: Entity merge 'расположен': +20 candidates
2026-08-26 11:43:02.472 I/RagPromptBuilder: RAG: 'какой автозавод расположен в Тольятти' candidates=46
2026-08-26 11:43:02.473 I/RagPromptBuilder: Top hits: Автомобильная промышленность(s=1020)[Автомобильная_промышленность] | Тольятти(s=1000)[Тольятти] | Илья Геннадьевич Сухих(s=899)[Сухих,_Илья_Геннадьевич] | Николай Ренц(s=898)[Ренц,_Николай_Альфредович] | Сергей Анташев(s=897)[Анташев,_Сергей_Александрович]
2026-08-26 11:43:02.473 I/BenchmarkBridge: [PROBE] cand=46 ms=977 titles=Автомобильная промышленность | Тольятти | Илья Геннадьевич Сухих | Николай Ренц | Сергей Анташев | Заслуженный врач Российской Федерации | Сергей Андреев | Тольятти (станция) | Автозаводский район (Тольятти) | Тольяттинский троллейбус | Список озёр и водохранилищ Монтаны | Заозёрный (Курган) | Хузестан | Список мечетей Баку | Список высших учебных заведений Киева | Тираспольский монетный двор | Эттербек | Площади Севастополя | Исфахан (остан) | Русские и советские памятники в Софийской области
2026-08-26 11:43:02.473 I/BenchmarkBridge: [PROBE] done
2026-08-26 11:43:04.608 I/BenchmarkBridge: [PROBE] q=перечисли мэров Тольятти
2026-08-26 11:43:04.608 I/BenchmarkBridge: [PROBE] fast=miss ms=1
2026-08-26 11:43:04.609 I/RagPromptBuilder: Query: 'перечисли мэров Тольятти' -> ZIM keywords: 'мэров тольятти'
2026-08-26 11:43:04.648 I/ZimSearcher: lookupRaw 'Градоначальники Тольятти' redirect=false path='Градоначальники_Тольятти' bodyLen=18062
2026-08-26 11:43:04.648 I/RagPromptBuilder: List article FOUND: 'Градоначальники Тольятти' (bodyLen=18062)
2026-08-26 11:43:04.696 I/RagPromptBuilder: List probes (entity='Тольятти', role='Мэры'): Градоначальники Тольятти, История Тольятти
2026-08-26 11:43:04.760 I/GraphWalker: walk seed=Тольятти props=[P6, P1365, P1366] → 4 nodes
2026-08-26 11:43:04.760 I/RagPromptBuilder: Walker probes (entity='Тольятти', props=3): Тольятти, Илья Геннадьевич Сухих, Николай Ренц, Сергей Анташев, Сергей Андреев
2026-08-26 11:43:04.765 I/EntityTitleProbe: Title probes (12 lookups): Тольятти(1070)
2026-08-26 11:43:04.773 I/ZimSearcher: search('мэров тольятти') estimated=700
2026-08-26 11:43:04.922 I/ZimSearcher: search('тольятти') estimated=5796
2026-08-26 11:43:05.227 I/RagPromptBuilder: Entity merge 'тольятти': +14 candidates
2026-08-26 11:43:05.228 I/RagPromptBuilder: RAG: 'перечисли мэров Тольятти' candidates=37
2026-08-26 11:43:05.228 I/RagPromptBuilder: Top hits: Градоначальники Тольятти(s=2000)[Градоначальники_Тольятти] | История Тольятти(s=1000)[История_Тольятти] | Тольятти(s=1000)[Тольятти] | Илья Геннадьевич Сухих(s=899)[Сухих,_Илья_Геннадьевич] | Николай Ренц(s=898)[Ренц,_Николай_Альфредович]
2026-08-26 11:43:05.228 I/BenchmarkBridge: [PROBE] cand=37 ms=619 titles=Градоначальники Тольятти | История Тольятти | Тольятти | Илья Геннадьевич Сухих | Николай Ренц | Сергей Анташев | Сергей Андреев | Тольятти 24 | Тольятти, Пальмиро | Тольятти (станция) | Тольятти (особая экономическая зона) | Тольяттинский театр кукол | Спорт в Тольятти | Памятники Тольятти | Лада-Тольятти | Официальные символы Тольятти | Взрыв автобуса в Тольятти | Храмы Тольятти | ТОР «Тольятти» | Колесо (театр, Тольятти)
2026-08-26 11:43:05.228 I/BenchmarkBridge: [PROBE] done
2026-08-26 11:43:07.725 I/BenchmarkBridge: [PROBE] q=назови планеты Солнечной системы
2026-08-26 11:43:07.725 I/BenchmarkBridge: [PROBE] fast=miss ms=0
2026-08-26 11:43:07.726 I/RagPromptBuilder: Query: 'назови планеты Солнечной системы' -> ZIM keywords: 'планеты солнечной системы'
2026-08-26 11:43:07.771 I/GraphWalker: walk: 0 wikilinks in 'Вспышка_солнечной_активности' (depth=0)
2026-08-26 11:43:07.772 I/GraphWalker: walk seed=Вспышка_солнечной_активности props=[P6, P1365, P1366, P39, P166, P26, P40, P22, P25, P3373, P50, P175, P800, P184, P802, P57, P58, P162, P36, P159, P127, P112] → 0 nodes
2026-08-26 11:43:07.772 I/RagPromptBuilder: Walker probes (entity='Солнечной', props=22): Вспышка солнечной активности
2026-08-26 11:43:07.782 I/EntityTitleProbe: Title probes (24 lookups): Планеты Солнечной системы(1110), Солнечная система(1090), Солнечная(1070), Планета(1020)
2026-08-26 11:43:07.828 I/ZimSearcher: search('планеты солнечной системы') estimated=7000
2026-08-26 11:43:08.152 I/ZimSearcher: search('солнечной') estimated=12659
2026-08-26 11:43:08.467 I/RagPromptBuilder: Entity merge 'солнечной': +13 candidates
2026-08-26 11:43:08.468 I/RagPromptBuilder: RAG: 'назови планеты Солнечной системы' candidates=37
2026-08-26 11:43:08.468 I/RagPromptBuilder: Top hits: Планеты Солнечной системы(s=1110)[Планеты_Солнечной_системы] | Солнечная система(s=1090)[Солнечная_система] | Солнечная(s=1070)[Солнечная] | Планета(s=1020)[Планета] | Вспышка солнечной активности(s=950)[Вспышка_солнечной_активности]
2026-08-26 11:43:08.469 I/BenchmarkBridge: [PROBE] cand=37 ms=743 titles=Планеты Солнечной системы | Солнечная система | Солнечная | Планета | Вспышка солнечной активности | Планеты-гиганты | Планеты (сериал) | Устойчивость Солнечной системы | 20-й цикл солнечной активности | Малые тела Солнечной системы | 19-й цикл солнечной активности | 23-й цикл солнечной активности | 24-й цикл солнечной активности | Список циклов солнечной активности | 25-й цикл солнечной активности | 22-й цикл солнечной активности | На солнечной стороне улицы | Серенада солнечной долины | История исследования Солнечной системы | Формирование и эволюция Солнечной системы
2026-08-26 11:43:08.469 I/BenchmarkBridge: [PROBE] done
2026-08-26 11:43:10.846 I/BenchmarkBridge: [PROBE] q=какие есть океаны на Земле
2026-08-26 11:43:10.847 I/BenchmarkBridge: [PROBE] fast=miss ms=0
2026-08-26 11:43:10.847 I/RagPromptBuilder: Query: 'какие есть океаны на Земле' -> ZIM keywords: 'океаны земле'
2026-08-26 11:43:10.909 I/RagPromptBuilder: List probes (entity='Земле', role='null'): Земля Королевы Мэри, История жизни на Земле, Хронология первых искусственных спутников Земли по странам
2026-08-26 11:43:11.374 I/GraphWalker: walk: 0 wikilinks in 'На_земле' (depth=0)
2026-08-26 11:43:11.375 I/GraphWalker: walk seed=На_земле props=[P6, P1365, P1366, P39, P166, P26, P40, P22, P25, P3373, P50, P175, P800, P184, P802, P57, P58, P162, P36, P159, P127, P112] → 0 nodes
2026-08-26 11:43:11.375 I/RagPromptBuilder: Walker probes (entity='Земле', props=22): На земле
2026-08-26 11:43:11.383 I/EntityTitleProbe: Title probes (8 lookups): Мировой океан(1020), (224) Океана(1020), Океан(1020)
2026-08-26 11:43:11.434 I/ZimSearcher: search('океаны земле') estimated=10000
2026-08-26 11:43:11.922 I/ZimSearcher: search('океаны') estimated=31268
2026-08-26 11:43:12.295 I/RagPromptBuilder: Entity merge 'океаны': +11 candidates
2026-08-26 11:43:12.296 I/RagPromptBuilder: RAG: 'какие есть океаны на Земле' candidates=35
2026-08-26 11:43:12.296 I/RagPromptBuilder: Top hits: Мировой океан(s=1020)[Мировой_океан] | (224) Океана(s=1020)[(224)_Океана] | Океан(s=1020)[Океан] | Земля Королевы Мэри(s=950)[Земля_Королевы_Мэри] | На земле(s=950)[На_земле]
2026-08-26 11:43:12.296 I/BenchmarkBridge: [PROBE] cand=35 ms=1449 titles=Мировой океан | (224) Океана | Океан | Земля Королевы Мэри | На земле | История жизни на Земле | Хронология первых искусственных спутников Земли по странам | Древние океаны | Экстремумы на Земле | Земля (альбом «Океана Ельзи») | Южный океан | Океан (значения) | Океан (завод) | Мировой океан (мифология) | Музей Мирового океана | Океан-О (космический аппарат) | Океан (детский лагерь) | Океан Ельзи | Океан (мифология) | Океан (фильм, 2008)
2026-08-26 11:43:12.296 I/BenchmarkBridge: [PROBE] done
2026-08-26 11:43:13.962 I/BenchmarkBridge: [PROBE] q=перечисли произведения Достоевского
2026-08-26 11:43:13.963 I/BenchmarkBridge: [PROBE] fast=miss ms=0
2026-08-26 11:43:13.963 I/RagPromptBuilder: Query: 'перечисли произведения Достоевского' -> ZIM keywords: 'произведения достоевского'
2026-08-26 11:43:13.980 I/RagPromptBuilder: List-intent: no title probes for entity='Достоевского' role='null'
2026-08-26 11:43:14.051 I/GraphWalker: walk: 0 wikilinks in 'Достоевского,_переулок' (depth=0)
2026-08-26 11:43:14.051 I/GraphWalker: walk seed=Достоевского,_переулок props=[P6, P1365, P1366, P39, P166, P26, P40, P22, P25, P3373, P50, P175, P800, P184, P802, P57, P58, P162, P36, P159, P127, P112] → 0 nodes
2026-08-26 11:43:14.051 I/RagPromptBuilder: Walker probes (entity='Достоевского', props=22): Достоевского, переулок
2026-08-26 11:43:14.055 I/EntityTitleProbe: Title probes (12 lookups): Достоевский, Фёдор Михайлович(1070)
2026-08-26 11:43:14.083 I/ZimSearcher: search('произведения достоевского') estimated=4000
2026-08-26 11:43:14.490 I/ZimSearcher: search('произведения') estimated=125279
2026-08-26 11:43:14.901 I/RagPromptBuilder: Entity merge 'произведения': +20 candidates
2026-08-26 11:43:14.902 I/RagPromptBuilder: RAG: 'перечисли произведения Достоевского' candidates=42
2026-08-26 11:43:14.903 I/RagPromptBuilder: Top hits: Достоевский, Фёдор Михайлович(s=1070)[Достоевский,_Фёдор_Михайлович] | Достоевского, переулок(s=950)[Достоевского,_переулок] | Произведения векторов(s=99)[Произведения_векторов] | Экранизации произведений Фёдора Достоевского(s=100)[Экранизации_произведений_Фёдора_Достоевского] | Украденные произведения искусства(s=99)[Украденные_произведения_искусства]
2026-08-26 11:43:14.903 I/BenchmarkBridge: [PROBE] cand=42 ms=940 titles=Достоевский, Фёдор Михайлович | Достоевского, переулок | Произведения векторов | Экранизации произведений Фёдора Достоевского | Украденные произведения искусства | Атрибуция произведения | Авторское право на служебные произведения | Двойник (повесть Достоевского) | Реализм Достоевского | Романист (замысел Достоевского) | Атеизм (замысел Достоевского) | Неосуществлённые замыслы Достоевского | Оценка творчества Достоевского современниками | Свободное использование произведений | Прямое произведение | Тип-произведение | Аудиовизуальное произведение | Скалярное произведение | Прямое произведение групп | Векторное произведение
2026-08-26 11:43:14.903 I/BenchmarkBridge: [PROBE] done
2026-08-26 11:43:17.076 I/BenchmarkBridge: [PROBE] q=перечисли спутники Юпитера
2026-08-26 11:43:17.077 I/BenchmarkBridge: [PROBE] fast=miss ms=0
2026-08-26 11:43:17.077 I/RagPromptBuilder: Query: 'перечисли спутники Юпитера' -> ZIM keywords: 'спутники юпитера'
2026-08-26 11:43:17.093 I/RagPromptBuilder: List-intent: no title probes for entity='Юпитера' role='null'
2026-08-26 11:43:17.161 I/GraphWalker: walk: 0 wikilinks in 'Атмосфера_Юпитера' (depth=0)
2026-08-26 11:43:17.161 I/GraphWalker: walk seed=Атмосфера_Юпитера props=[P6, P1365, P1366, P39, P166, P26, P40, P22, P25, P3373, P50, P175, P800, P184, P802, P57, P58, P162, P36, P159, P127, P112] → 0 nodes
2026-08-26 11:43:17.162 I/RagPromptBuilder: Walker probes (entity='Юпитера', props=22): Атмосфера Юпитера
2026-08-26 11:43:17.167 I/EntityTitleProbe: Title probes (10 lookups): Юпитер(1070), Спутники Юпитера(890)
2026-08-26 11:43:17.195 I/ZimSearcher: search('спутники юпитера') estimated=5000
2026-08-26 11:43:17.601 I/ZimSearcher: search('спутники') estimated=28047
2026-08-26 11:43:17.857 I/RagPromptBuilder: Entity merge 'спутники': +20 candidates
2026-08-26 11:43:17.858 I/RagPromptBuilder: RAG: 'перечисли спутники Юпитера' candidates=41
2026-08-26 11:43:17.858 I/RagPromptBuilder: Top hits: Юпитер(s=1070)[Юпитер] | Атмосфера Юпитера(s=950)[Атмосфера_Юпитера] | Спутники Юпитера(s=890)[Спутники_Юпитера] | Спутники Урана(s=99)[Спутники_Урана] | Спутники в Солнечной системе(s=99)[Спутники_в_Солнечной_системе]
2026-08-26 11:43:17.858 I/BenchmarkBridge: [PROBE] cand=41 ms=781 titles=Юпитер | Атмосфера Юпитера | Спутники Юпитера | Спутники Урана | Спутники в Солнечной системе | Колонизация спутников Юпитера | Внутренние спутники Юпитера | Галилеевы спутники | Спутник Юпитера | Исследование Юпитера межпланетными аппаратами | Троянские астероиды Юпитера | Спутник | Внутренний спутник | Спутник-1 | Портал:Космонавтика/События дня/февраль | Портал:Космонавтика/События дня/декабрь | Портал:Космонавтика/События дня/июнь | Портал:Космонавтика/События дня/апрель | Портал:Космонавтика/События дня/март | Портал:Космонавтика/События дня/октябрь
2026-08-26 11:43:17.858 I/BenchmarkBridge: [PROBE] done
2026-08-26 11:43:20.190 I/BenchmarkBridge: [PROBE] q=кто был предшественником нынешнего мэра Тольятти
2026-08-26 11:43:20.190 I/BenchmarkBridge: [PROBE] fast=miss ms=0
2026-08-26 11:43:20.191 I/RagPromptBuilder: Query: 'кто был предшественником нынешнего мэра Тольятти' -> ZIM keywords: 'предшественником нынешнего мэра тольятти'
2026-08-26 11:43:20.248 I/GraphWalker: walk seed=Тольятти props=[P6, P1365, P1366] → 4 nodes
2026-08-26 11:43:20.248 I/RagPromptBuilder: Walker probes (entity='Тольятти', props=3): Тольятти, Илья Геннадьевич Сухих, Николай Ренц, Сергей Анташев, Сергей Андреев
2026-08-26 11:43:20.256 I/EntityTitleProbe: Title probes (16 lookups): Тольятти(1070)
2026-08-26 11:43:20.262 I/ZimSearcher: search('предшественником нынешнего мэра тольятти') estimated=5
2026-08-26 11:43:20.647 I/ZimSearcher: search('предшественником') estimated=92922
2026-08-26 11:43:20.954 I/RagPromptBuilder: Entity merge 'предшественником': +20 candidates
2026-08-26 11:43:20.956 I/RagPromptBuilder: RAG: 'кто был предшественником нынешнего мэра Тольятти' candidates=30
2026-08-26 11:43:20.956 I/RagPromptBuilder: Top hits: Тольятти(s=1000)[Тольятти] | Илья Геннадьевич Сухих(s=899)[Сухих,_Илья_Геннадьевич] | Николай Ренц(s=898)[Ренц,_Николай_Альфредович] | Сергей Анташев(s=897)[Анташев,_Сергей_Александрович] | Сергей Андреев(s=896)[Андреев,_Сергей_Игоревич]
2026-08-26 11:43:20.957 I/BenchmarkBridge: [PROBE] cand=30 ms=766 titles=Тольятти | Илья Геннадьевич Сухих | Николай Ренц | Сергей Анташев | Сергей Андреев | Воронежский трамвай | Человек-предшественник | Кумундурос, Александрос | Вогт, Йёрген Херман | Предшественник бета-амилоида | Петерсен, Ханс Кристиан | Процесс ста девяноста трёх | Сибберн, Валентин Кристиан Вильгельм | Хольст, Пал Кристиан | Мёинишен, Эрик Рёринг | Предшественник белка | Крог, Николаи Йохан Лохманн | Истурис, Франсиско Хавьер де | Фаттори, Доменико | Ланг, Жак
2026-08-26 11:43:20.957 I/BenchmarkBridge: [PROBE] done
2026-08-26 11:43:23.308 I/BenchmarkBridge: [PROBE] q=в каком регионе находится город где родился Гагарин
2026-08-26 11:43:23.309 I/FactoidAnswerer: Factoid candidate: label='Место рождения' entity='Гагарин'
2026-08-26 11:43:23.359 I/FactoidAnswerer: Factoid HIT: Место рождения = 'деревня Клушино, Гжатский район, Западная область, РСФСР, СССР' (Гагарин)
2026-08-26 11:43:23.360 I/BenchmarkBridge: [PROBE] fast=hit ms=51 article=Гагарин field=Место рождения value=деревня Клушино, Гжатский район, Западная область, РСФСР, СССР
2026-08-26 11:43:23.360 I/RagPromptBuilder: Query: 'в каком регионе находится город где родился Гагарин' -> ZIM keywords: 'каком регионе находится город родился гагарин'
2026-08-26 11:43:23.385 I/GraphWalker: walk seed=Гагарин,_Юрий_Алексеевич props=[P6, P1365, P1366, P39, P166, P26, P40, P22, P25, P3373, P50, P175, P800, P184, P802, P57, P58, P162, P36, P159, P127, P112] → 6 nodes
2026-08-26 11:43:23.385 I/RagPromptBuilder: Walker probes (entity='Гагарин', props=22): Гагарин, Юрий Алексеевич, Герой Советского Союза, Орден Ленина, Юбилейная медаль «Двадцать лет Победы в Великой Отечественной войне 1941—1945 гг.», Медаль «За освоение целинных земель», Юбилейная медаль «40 лет Вооружённых Сил СССР», Юбилейная медаль «50 лет Вооружённых Сил СССР»
2026-08-26 11:43:23.399 I/EntityTitleProbe: Title probes (23 lookups): Гагарин, Юрий Алексеевич(1070), Регион(1020), Город(1020)
2026-08-26 11:43:23.442 I/ZimSearcher: search('каком регионе находится город родился гагарин') estimated=400
2026-08-26 11:43:24.028 I/ZimSearcher: search('находится') estimated=505230
2026-08-26 11:43:24.392 I/RagPromptBuilder: Entity merge 'находится': +20 candidates
2026-08-26 11:43:24.393 I/RagPromptBuilder: RAG: 'в каком регионе находится город где родился Гагарин' candidates=49
2026-08-26 11:43:24.394 I/RagPromptBuilder: Top hits: Регион(s=1020)[Регион] | Город(s=1020)[Город] | Гагарин, Юрий Алексеевич(s=1000)[Гагарин,_Юрий_Алексеевич] | Орден Ленина(s=899)[Орден_Ленина] | Герой Советского Союза(s=899)[Герой_Советского_Союза]
2026-08-26 11:43:24.394 I/BenchmarkBridge: [PROBE] cand=49 ms=1034 titles=Регион | Город | Гагарин, Юрий Алексеевич | Орден Ленина | Герой Советского Союза | Медаль «За освоение целинных земель» | Юбилейная медаль «40 лет Вооружённых Сил СССР» | Юбилейная медаль «50 лет Вооружённых Сил СССР» | Юбилейная медаль «Двадцать лет Победы в Великой Отечественной войне 1941—1945 гг.» | Гагарин (Смоленская область) | Улица Гагарина (Томск) | Где находится нофелет? | Наход (Новгородская область) | Наход | Виллер | Битва при Находе | Озёра Уфы | Уличная скульптура в Элисте | Замок Скалы (Наход) | Покеткуб
2026-08-26 11:43:24.394 I/BenchmarkBridge: [PROBE] done
2026-08-26 11:43:26.420 I/BenchmarkBridge: [PROBE] q=сравни население Москвы и Санкт-Петербурга
2026-08-26 11:43:26.421 I/BenchmarkBridge: [PROBE] fast=miss ms=0
2026-08-26 11:43:26.421 I/RagPromptBuilder: Query: 'сравни население Москвы и Санкт-Петербурга' -> ZIM keywords: 'сравни население москвы санкт петербурга'
2026-08-26 11:43:27.037 I/GraphWalker: walk: 0 wikilinks in 'Генплан_Петербурга' (depth=0)
2026-08-26 11:43:27.038 I/GraphWalker: walk seed=Генплан_Петербурга props=[P6, P1365, P1366, P39, P166, P26, P40, P22, P25, P3373, P50, P175, P800, P184, P802, P57, P58, P162, P36, P159, P127, P112] → 0 nodes
2026-08-26 11:43:27.038 I/RagPromptBuilder: Walker probes (entity='Петербурга', props=22): Генплан Петербурга
2026-08-26 11:43:27.048 I/EntityTitleProbe: Title probes (23 lookups): Москва(1070), Санкт-Петербург(1070), Население Москвы(890)
2026-08-26 11:43:27.073 I/ZimSearcher: search('сравни население москвы санкт петербурга') estimated=300
2026-08-26 11:43:27.443 I/ZimSearcher: search('петербурга') estimated=115995
2026-08-26 11:43:27.759 I/RagPromptBuilder: Entity merge 'петербурга': +18 candidates
2026-08-26 11:43:27.760 I/RagPromptBuilder: RAG: 'сравни население Москвы и Санкт-Петербурга' candidates=42
2026-08-26 11:43:27.761 I/RagPromptBuilder: Top hits: Москва(s=1070)[Москва] | Санкт-Петербург(s=1070)[Санкт-Петербург] | Генплан Петербурга(s=950)[Генплан_Петербурга] | Население Москвы(s=890)[Население_Москвы] | Санкт-Петербург (телерадиокомпания)(s=99)[Санкт-Петербург_(телерадиокомпания)]
2026-08-26 11:43:27.761 I/BenchmarkBridge: [PROBE] cand=42 ms=1340 titles=Москва | Санкт-Петербург | Генплан Петербурга | Население Москвы | Санкт-Петербург (телерадиокомпания) | Санкт-Петербург-Витебский регион Октябрьской железной дороги | Экономика Санкт-Петербурга | Награды Санкт-Петербурга | Библиотеки Санкт-Петербурга | Уставный суд Санкт-Петербурга | Губернатор Санкт-Петербурга | Органы власти Санкт-Петербурга | Флаг Санкт-Петербурга | Экология Санкт-Петербурга | Почётный гражданин Санкт-Петербурга | Законодательное собрание Санкт-Петербурга | Матчи сборной Санкт-Петербурга по футболу (1913) | Матчи сборной Санкт-Петербурга по футболу (1902—1907) | Матчи сборной Санкт-Петербурга по футболу (1914) | Программа сохранения и развития исторического центра Санкт-Петербурга
2026-08-26 11:43:27.761 I/BenchmarkBridge: [PROBE] done
2026-08-26 11:43:29.529 I/BenchmarkBridge: [PROBE] q=почему Байкал самое глубокое озеро
2026-08-26 11:43:29.530 I/BenchmarkBridge: [PROBE] fast=miss ms=0
2026-08-26 11:43:29.530 I/RagPromptBuilder: Query: 'почему Байкал самое глубокое озеро' -> ZIM keywords: 'байкал самое глубокое озеро'
2026-08-26 11:43:29.572 I/GraphWalker: walk: 0 wikilinks in 'Байкал' (depth=0)
2026-08-26 11:43:29.572 I/GraphWalker: walk seed=Байкал props=[P6, P1365, P1366, P39, P166, P26, P40, P22, P25, P3373, P50, P175, P800, P184, P802, P57, P58, P162, P36, P159, P127, P112] → 0 nodes
2026-08-26 11:43:29.572 I/RagPromptBuilder: Walker probes (entity='Байкал', props=22): Байкал
2026-08-26 11:43:29.585 I/EntityTitleProbe: Title probes (25 lookups): Байкал(1070), Глубокое озеро(1040), Самоа(1020), Само(1020)
2026-08-26 11:43:29.598 I/ZimSearcher: search('байкал самое глубокое озеро') estimated=200
2026-08-26 11:43:29.951 I/ZimSearcher: search('глубокое') estimated=52854
2026-08-26 11:43:30.255 I/RagPromptBuilder: Entity merge 'глубокое': +19 candidates
2026-08-26 11:43:30.256 I/RagPromptBuilder: RAG: 'почему Байкал самое глубокое озеро' candidates=41
2026-08-26 11:43:30.256 I/RagPromptBuilder: Top hits: Глубокое озеро(s=1040)[Глубокое_озеро] | Самоа(s=1020)[Самоа] | Само(s=1020)[Само] | Байкал(s=1000)[Байкал] | Глубокое(s=100)[Глубокое]
2026-08-26 11:43:30.256 I/BenchmarkBridge: [PROBE] cand=41 ms=726 titles=Глубокое озеро | Самоа | Само | Байкал | Глубокое | Глубокое (город) | Глубокое обучение | Глубокое (Алтайский край) | Глубокое синее море (фильм, 1999) | Глубокое синее море 2 | Глубокое (Лужский район) | Глубокое (Опочецкий район) | Байкальская горная страна | Хронология озера Байкал | Сарма (река, впадает в Байкал) | (2776) Байкал | Глубокий | Хубсугул | Впадины континентов | Глубокая
2026-08-26 11:43:30.256 I/BenchmarkBridge: [PROBE] done
2026-08-26 11:43:32.639 I/BenchmarkBridge: [PROBE] q=как связаны Менделеев и периодическая таблица
2026-08-26 11:43:32.640 I/BenchmarkBridge: [PROBE] fast=miss ms=0
2026-08-26 11:43:32.641 I/RagPromptBuilder: Query: 'как связаны Менделеев и периодическая таблица' -> ZIM keywords: 'связаны менделеев периодическая таблица'
2026-08-26 11:43:32.682 I/GraphWalker: walk seed=Менделеев,_Дмитрий_Иванович props=[P6, P1365, P1366, P39, P166, P26, P40, P22, P25, P3373, P50, P175, P800, P184, P802, P57, P58, P162, P36, P159, P127, P112] → 6 nodes
2026-08-26 11:43:32.682 I/RagPromptBuilder: Walker probes (entity='Менделеев', props=22): Менделеев, Дмитрий Иванович, Орден Святого Владимира, Кавалер ордена Святого Александра Невского, Орден Белого орла (Российская империя), Орден Святой Анны I степени, Орден Святого Станислава (Российская империя), Орден Святой Анны II степени
2026-08-26 11:43:32.691 I/EntityTitleProbe: Title probes (14 lookups): Менделеев, Дмитрий Иванович(1070), Периодическая система химических элементов(1040), Таблица(1020), Таблиц, Богуслав(1020)
2026-08-26 11:43:32.700 I/ZimSearcher: search('связаны менделеев периодическая таблица') estimated=60
2026-08-26 11:43:33.100 I/ZimSearcher: search('периодическая') estimated=24960
2026-08-26 11:43:33.432 I/RagPromptBuilder: Entity merge 'периодическая': +18 candidates
2026-08-26 11:43:33.433 I/RagPromptBuilder: RAG: 'как связаны Менделеев и периодическая таблица' candidates=46
2026-08-26 11:43:33.434 I/RagPromptBuilder: Top hits: Периодическая система химических элементов(s=1040)[Периодическая_система_химических_элементов] | Таблица(s=1020)[Таблица] | Таблиц, Богуслав(s=1020)[Таблиц,_Богуслав] | Менделеев, Дмитрий Иванович(s=1000)[Менделеев,_Дмитрий_Иванович] | Орден Святого Владимира(s=899)[Орден_Святого_Владимира]
2026-08-26 11:43:33.434 I/BenchmarkBridge: [PROBE] cand=46 ms=793 titles=Периодическая система химических элементов | Таблица | Таблиц, Богуслав | Менделеев, Дмитрий Иванович | Орден Святого Владимира | Орден Белого орла (Российская империя) | Орден Святой Анны I степени | Орден Святой Анны II степени | Кавалер ордена Святого Александра Невского | Орден Святого Станислава (Российская империя) | Периодическая болезнь | Периодическая последовательность | Периодическая группа | Периодическая функция | Историческая еврейская периодическая печать | Почти периодическая функция | Трижды периодическая минимальная поверхность | Периодический закон | Менделеевские съезды | Периодическое издание
2026-08-26 11:43:33.434 I/BenchmarkBridge: [PROBE] done
2026-08-26 11:47:34.799 I/WikiLLMApp: ADSP_LIBRARY_PATH=/data/app/~~9khR7p8jci6cjvbAMZ6E8Q==/com.wikillm.android.debug--y004nfXHTY7XQf__xN9VQ==/lib/arm64;/vendor/lib/rfsa/adsp;/vendor/dsp/cdsp;/system/lib/rfsa/adsp
2026-08-26 11:47:34.804 I/WikiLLMApp: ReLinker.loadLibrary(zim) OK
2026-08-26 11:47:34.808 I/WikiLLMApp: ReLinker.loadLibrary(kiwix) OK
2026-08-26 11:47:34.809 I/WikiLLMApp: System.loadLibrary(zim_wrapper) OK
2026-08-26 11:47:34.810 I/WikiLLMApp: System.loadLibrary(kiwix_wrapper) OK
2026-08-26 11:47:35.058 I/ChatVM: Auto-loading last model: Qwen3-4B-Thinking-2507-Q4_0.gguf
2026-08-26 11:47:35.059 I/ChatVM: Loading model: Qwen3-4B-Thinking-2507-Q4_0.gguf (device=auto, mtp=1) (/storage/emulated/0/Android/data/com.wikillm.android.debug/files/models/unsloth/Qwen3-4B-Thinking-2507-GGUF/Qwen3-4B-Thinking-2507-Q4_0.gguf)
2026-08-26 11:47:38.961 I/ChatVM: Model loaded: Qwen3-4B-Thinking-2507-Q4_0.gguf
2026-08-26 11:47:45.532 I/BenchmarkBridge: [PROBE] q=PROBE-RUN-1787734056
2026-08-26 11:47:45.539 I/ZimSearcher: openPath: /storage/emulated/0/Android/data/com.wikillm.android.debug/files/zim/wikipedia_ru_all_nopic_2026-01.zim (14671735099 bytes)
2026-08-26 11:47:45.886 I/ZimSearchHolder: ZimSearchHolder ready: wikipedia_ru_all_nopic_2026-01.zim
2026-08-26 11:47:45.888 I/BenchmarkBridge: [PROBE] fast=miss ms=1
2026-08-26 11:47:45.890 I/RagPromptBuilder: Query: 'PROBE-RUN-1787734056' -> ZIM keywords: 'probe run 1787734056'
2026-08-26 11:47:45.991 I/GraphWalker: walk: 0 wikilinks in 'Probe_16' (depth=0)
2026-08-26 11:47:45.992 I/GraphWalker: walk seed=Probe_16 props=[P6, P1365, P1366, P39, P166, P26, P40, P22, P25, P3373, P50, P175, P800, P184, P802, P57, P58, P162, P36, P159, P127, P112] → 0 nodes
2026-08-26 11:47:45.992 I/RagPromptBuilder: Walker probes (entity='PROBE', props=22): Probe 16
2026-08-26 11:47:46.007 I/ZimSearcher: search('probe run 1787734056') estimated=0
2026-08-26 11:47:46.008 I/ZimSearcher: search('1787734056') estimated=0
2026-08-26 11:47:46.008 I/RagPromptBuilder: RAG: 'PROBE-RUN-1787734056' candidates=1
2026-08-26 11:47:46.009 I/RagPromptBuilder: Top hits: Probe 16(s=950)[Probe_16]
2026-08-26 11:47:46.009 I/BenchmarkBridge: [PROBE] cand=1 ms=121 titles=Probe 16
2026-08-26 11:47:46.009 I/BenchmarkBridge: [PROBE] done
2026-08-26 11:47:48.685 I/BenchmarkBridge: [PROBE] q=кто мэр Тольятти
2026-08-26 11:47:48.686 I/FactoidAnswerer: Factoid candidate: label='Глава/мэр' entity='Тольятти'
2026-08-26 11:47:48.701 I/EntityTitleProbe: Title probes (8 lookups): Тольятти(1070)
2026-08-26 11:47:48.703 I/FactoidAnswerer: Factoid candidates: Тольятти
2026-08-26 11:47:48.962 I/FactoidAnswerer: Factoid HIT: Глава/мэр = 'Илья Геннадьевич Сухих' (Тольятти)
2026-08-26 11:47:48.963 I/BenchmarkBridge: [PROBE] fast=hit ms=277 article=Тольятти field=Глава/мэр value=Илья Геннадьевич Сухих
2026-08-26 11:47:48.963 I/RagPromptBuilder: Query: 'кто мэр Тольятти' -> ZIM keywords: 'мэр тольятти'
2026-08-26 11:47:49.131 I/GraphWalker: walk seed=Тольятти props=[P6, P1365, P1366] → 4 nodes
2026-08-26 11:47:49.132 I/RagPromptBuilder: Walker probes (entity='Тольятти', props=3): Тольятти, Илья Геннадьевич Сухих, Николай Ренц, Сергей Анташев, Сергей Андреев
2026-08-26 11:47:49.134 I/EntityTitleProbe: Title probes (8 lookups): Тольятти(1070)
2026-08-26 11:47:49.146 I/ZimSearcher: search('мэр тольятти') estimated=700
2026-08-26 11:47:49.377 I/ZimSearcher: search('тольятти') estimated=5796
2026-08-26 11:47:49.741 I/RagPromptBuilder: Entity merge 'тольятти': +15 candidates
2026-08-26 11:47:49.744 I/RagPromptBuilder: RAG: 'кто мэр Тольятти' candidates=37
2026-08-26 11:47:49.744 I/RagPromptBuilder: Top hits: Тольятти(s=1000)[Тольятти] | Илья Геннадьевич Сухих(s=899)[Сухих,_Илья_Геннадьевич] | Николай Ренц(s=898)[Ренц,_Николай_Альфредович] | Сергей Анташев(s=897)[Анташев,_Сергей_Александрович] | Сергей Андреев(s=896)[Андреев,_Сергей_Игоревич]
2026-08-26 11:47:49.744 I/BenchmarkBridge: [PROBE] cand=37 ms=781 titles=Тольятти | Илья Геннадьевич Сухих | Николай Ренц | Сергей Анташев | Сергей Андреев | Тольятти 24 | Тольятти, Пальмиро | Тольятти (станция) | Тольятти (особая экономическая зона) | Тольяттинский театр кукол | Спорт в Тольятти | Памятники Тольятти | Лада-Тольятти | История Тольятти | Официальные символы Тольятти | Взрыв автобуса в Тольятти | Храмы Тольятти | Градоначальники Тольятти | ТОР «Тольятти» | Колесо (театр, Тольятти)
2026-08-26 11:47:49.744 I/BenchmarkBridge: [PROBE] done
2026-08-26 11:47:51.803 I/BenchmarkBridge: [PROBE] q=кто мэр Москвы
2026-08-26 11:47:51.804 I/FactoidAnswerer: Factoid candidate: label='Глава/мэр' entity='Москвы'
2026-08-26 11:47:53.439 I/EntityTitleProbe: Title probes (6 lookups): Москва(1070), Мэр Москвы(890)
2026-08-26 11:47:53.440 I/FactoidAnswerer: Factoid candidates: Москва, Мэр Москвы
2026-08-26 11:47:53.582 I/FactoidAnswerer: Factoid HIT: Глава/мэр = 'Сергей Собянин' (Москва)
2026-08-26 11:47:53.583 I/BenchmarkBridge: [PROBE] fast=hit ms=1779 article=Москва field=Глава/мэр value=Сергей Собянин
2026-08-26 11:47:53.583 I/RagPromptBuilder: Query: 'кто мэр Москвы' -> ZIM keywords: 'мэр москвы'
2026-08-26 11:47:53.951 I/GraphWalker: walk: 0 wikilinks in 'Москвы_имени_канал' (depth=0)
2026-08-26 11:47:53.951 I/GraphWalker: walk seed=Москвы_имени_канал props=[P6, P1365, P1366] → 0 nodes
2026-08-26 11:47:53.952 I/RagPromptBuilder: Walker probes (entity='Москвы', props=3): Москвы имени канал
2026-08-26 11:47:53.954 I/EntityTitleProbe: Title probes (6 lookups): Москва(1070), Мэр Москвы(890)
2026-08-26 11:47:54.009 I/ZimSearcher: search('мэр москвы') estimated=20000
2026-08-26 11:47:54.577 I/ZimSearcher: search('москвы') estimated=410811
2026-08-26 11:47:54.896 I/BenchmarkBridge: [PROBE] q=какое население Казани
2026-08-26 11:47:54.897 I/FactoidAnswerer: Factoid candidate: label='Население' entity='Казани'
2026-08-26 11:47:55.136 I/RagPromptBuilder: Entity merge 'москвы': +20 candidates
2026-08-26 11:47:55.139 I/RagPromptBuilder: RAG: 'кто мэр Москвы' candidates=42
2026-08-26 11:47:55.139 I/RagPromptBuilder: Top hits: Москва(s=1070)[Москва] | Москвы имени канал(s=950)[Москвы_имени_канал] | Мэр Москвы(s=890)[Мэр_Москвы] | Здание мэрии Москвы(s=99)[Здание_мэрии_Москвы] | Выборы мэра Москвы (2018)(s=99)[Выборы_мэра_Москвы_(2018)]
2026-08-26 11:47:55.139 I/BenchmarkBridge: [PROBE] cand=42 ms=1556 titles=Москва | Москвы имени канал | Мэр Москвы | Здание мэрии Москвы | Выборы мэра Москвы (2018) | Выборы мэра Москвы (2013) | Выборы мэра Москвы (1999) | Выборы мэра Москвы (2023) | Выборы мэра Москвы (1991) | Выборы мэра Москвы (1996) | Кубок мэра Москвы по хоккею | Правительство Москвы | Выборы мэра Москвы (2003) | Устав города Москвы | Выборы мэра Москвы | Награды Москвы | Градоначальники Москвы | ФК «Спартак» Москва в сезоне 1935 | Москва (значения) | ФК «Спартак» Москва в сезоне 1940
2026-08-26 11:47:55.140 I/BenchmarkBridge: [PROBE] done
2026-08-26 11:47:55.496 I/EntityTitleProbe: Title probes (5 lookups): Казань(1070), Казана, Мариуш(1070), Население Казани(890)
2026-08-26 11:47:55.497 I/FactoidAnswerer: Factoid candidates: Казань, Казана, Мариуш, Население Казани
2026-08-26 11:47:55.590 I/FactoidAnswerer: Factoid HIT: Население = '1 329 825 человек (2025)' (Казань)
2026-08-26 11:47:55.590 I/BenchmarkBridge: [PROBE] fast=hit ms=694 article=Казань field=Население value=1 329 825 человек (2025)
2026-08-26 11:47:55.591 I/RagPromptBuilder: Query: 'какое население Казани' -> ZIM keywords: 'какое население казани'
2026-08-26 11:47:55.701 I/GraphWalker: walk: 0 wikilinks in 'Архитектура_Казани' (depth=0)
2026-08-26 11:47:55.702 I/GraphWalker: walk seed=Архитектура_Казани props=[P6, P1365, P1366, P39, P166, P26, P40, P22, P25, P3373, P50, P175, P800, P184, P802, P57, P58, P162, P36, P159, P127, P112] → 0 nodes
2026-08-26 11:47:55.702 I/RagPromptBuilder: Walker probes (entity='Казани', props=22): Архитектура Казани
2026-08-26 11:47:55.709 I/EntityTitleProbe: Title probes (16 lookups): Казань(1070), Казана, Мариуш(1070), Население Казани(890)
2026-08-26 11:47:55.771 I/ZimSearcher: search('какое население казани') estimated=7000
2026-08-26 11:47:56.358 I/ZimSearcher: search('население') estimated=524115
2026-08-26 11:47:56.937 I/RagPromptBuilder: Entity merge 'население': +20 candidates
2026-08-26 11:47:56.940 I/RagPromptBuilder: RAG: 'какое население Казани' candidates=42
2026-08-26 11:47:56.940 I/RagPromptBuilder: Top hits: Казань(s=1070)[Казань] | Казана, Мариуш(s=1070)[Казана,_Мариуш] | Архитектура Казани(s=950)[Архитектура_Казани] | Население Казани(s=890)[Население_Казани] | Население(s=99)[Население]
2026-08-26 11:47:56.940 I/BenchmarkBridge: [PROBE] cand=42 ms=1349 titles=Казань | Казана, Мариуш | Архитектура Казани | Население Казани | Население | Население Тывы | Население Ингушетии | Население Перми | Население Мордовии | Население Севастополя | Население Ярославской области | Население Красноярского края | Население Алтайского края | Население Ставропольского края | Население Чукотского автономного округа | Население Курской области | Население Сахалинской области | Приволжский район (Казань) | Портал:Черноземье | География населения
2026-08-26 11:47:56.940 I/BenchmarkBridge: [PROBE] done
2026-08-26 11:47:58.014 I/BenchmarkBridge: [PROBE] q=какое население Екатеринбурга
2026-08-26 11:47:58.015 I/FactoidAnswerer: Factoid candidate: label='Население' entity='Екатеринбурга'
2026-08-26 11:47:58.305 I/EntityTitleProbe: Title probes (8 lookups): Екатеринбург(1070), Население Екатеринбурга(890)
2026-08-26 11:47:58.306 I/FactoidAnswerer: Factoid candidates: Екатеринбург, Население Екатеринбурга
2026-08-26 11:47:58.411 I/FactoidAnswerer: Factoid HIT: Население = 'город: 1 548 187 (2025) городской округ: 1 592 493 человек (2025)' (Екатеринбург)
2026-08-26 11:47:58.412 I/BenchmarkBridge: [PROBE] fast=hit ms=398 article=Екатеринбург field=Население value=город: 1 548 187 (2025) городской округ: 1 592 493 человек (2025)
2026-08-26 11:47:58.412 I/RagPromptBuilder: Query: 'какое население Екатеринбурга' -> ZIM keywords: 'какое население екатеринбурга'
2026-08-26 11:47:58.579 I/GraphWalker: walk: 0 wikilinks in 'Проспект_Ленина_(Екатеринбург)' (depth=1)
2026-08-26 11:47:58.586 I/GraphWalker: walk seed=Администрация_Екатеринбурга props=[P6, P1365, P1366, P39, P166, P26, P40, P22, P25, P3373, P50, P175, P800, P184, P802, P57, P58, P162, P36, P159, P127, P112] → 6 nodes
2026-08-26 11:47:58.587 I/RagPromptBuilder: Walker probes (entity='Екатеринбурга', props=22): Администрация Екатеринбурга, Екатеринбург, Проспект Ленина, дом 24а, Алексей Орлов, Г. А. Голубев, М. В. Рейшер
2026-08-26 11:47:58.588 I/EntityTitleProbe: Title probes (8 lookups): Екатеринбург(1070), Население Екатеринбурга(890)
2026-08-26 11:47:58.637 I/ZimSearcher: search('какое население екатеринбурга') estimated=5000
2026-08-26 11:47:58.948 I/ZimSearcher: search('екатеринбурга') estimated=25419
2026-08-26 11:47:59.226 I/RagPromptBuilder: Entity merge 'екатеринбурга': +16 candidates
2026-08-26 11:47:59.229 I/RagPromptBuilder: RAG: 'какое население Екатеринбурга' candidates=43
2026-08-26 11:47:59.230 I/RagPromptBuilder: Top hits: Администрация Екатеринбурга(s=950)[Администрация_Екатеринбурга] | Население Екатеринбурга(s=890)[Население_Екатеринбурга] | Екатеринбург(s=899)[Екатеринбург] | Проспект Ленина(s=899)[Проспект_Ленина_(Екатеринбург)] | дом 24а(s=899)[Здание_Свердловского_городского_совета_народных_депутатов]
2026-08-26 11:47:59.230 I/BenchmarkBridge: [PROBE] cand=43 ms=818 titles=Администрация Екатеринбурга | Население Екатеринбурга | Екатеринбург | Проспект Ленина | дом 24а | Алексей Орлов | Г. А. Голубев | М. В. Рейшер | Главы Екатеринбурга | Экономика Екатеринбурга | История Екатеринбурга | Международные связи Екатеринбурга | Транспорт Екатеринбурга | Архитектура Екатеринбурга | Культура Екатеринбурга | Глава администрации города Екатеринбурга | Административно-территориальное деление Екатеринбурга | Глава Екатеринбурга | Газоснабжение Екатеринбурга | Железнодорожный район (Екатеринбург)
2026-08-26 11:47:59.230 I/BenchmarkBridge: [PROBE] done
2026-08-26 11:48:01.129 I/BenchmarkBridge: [PROBE] q=когда основан Новосибирск
2026-08-26 11:48:01.130 I/FactoidAnswerer: Factoid candidate: label='Основан' entity='Новосибирск'
2026-08-26 11:48:01.144 I/EntityTitleProbe: Title probes (2 lookups): Новосибирск(1070)
2026-08-26 11:48:01.146 I/FactoidAnswerer: Factoid candidates: Новосибирск
2026-08-26 11:48:01.229 I/FactoidAnswerer: Factoid HIT: Основан = '1893 год' (Новосибирск)
2026-08-26 11:48:01.230 I/BenchmarkBridge: [PROBE] fast=hit ms=100 article=Новосибирск field=Основан value=1893 год
2026-08-26 11:48:01.230 I/RagPromptBuilder: Query: 'когда основан Новосибирск' -> ZIM keywords: 'основан новосибирск'
2026-08-26 11:48:01.315 I/GraphWalker: walk: 0 wikilinks in 'Благодарность_Президента_Российской_Федерации' (depth=2)
2026-08-26 11:48:01.328 I/GraphWalker: walk seed=Новосибирск props=[P6, P1365, P1366, P39, P166, P26, P40, P22, P25, P3373, P50, P175, P800, P184, P802, P57, P58, P162, P36, P159, P127, P112] → 6 nodes
2026-08-26 11:48:01.328 I/RagPromptBuilder: Walker probes (entity='Новосибирск', props=22): Новосибирск, Максим Кудрявцев, Благодарность Президента Российской Федерации, Анатолий Локоть, Олег Клемешов, Медаль «За возвращение Крыма», Почётная грамота Правительства Российской Федерации
2026-08-26 11:48:01.329 I/EntityTitleProbe: Title probes (2 lookups): Новосибирск(1070)
2026-08-26 11:48:01.373 I/ZimSearcher: search('основан новосибирск') estimated=9000
2026-08-26 11:48:01.611 I/ZimSearcher: search('новосибирск') estimated=37369
2026-08-26 11:48:01.899 I/RagPromptBuilder: Entity merge 'новосибирск': +19 candidates
2026-08-26 11:48:01.902 I/RagPromptBuilder: RAG: 'когда основан Новосибирск' candidates=46
2026-08-26 11:48:01.902 I/RagPromptBuilder: Top hits: Новосибирск(s=1000)[Новосибирск] | Максим Кудрявцев(s=899)[Кудрявцев,_Максим_Георгиевич] | Анатолий Локоть(s=898)[Локоть,_Анатолий_Евгеньевич] | Олег Клемешов(s=898)[Клемешов,_Олег_Петрович] | Благодарность Президента Российской Федерации(s=898)[Благодарность_Президента_Российской_Федерации]
2026-08-26 11:48:01.906 I/BenchmarkBridge: [PROBE] cand=46 ms=676 titles=Новосибирск | Максим Кудрявцев | Анатолий Локоть | Олег Клемешов | Благодарность Президента Российской Федерации | Медаль «За возвращение Крыма» | Почётная грамота Правительства Российской Федерации | Новосибирский метрополитен | Новосибирск (телерадиокомпания) | Новосибирский троллейбус | Новосибирская агломерация | Новосибирский трамвай | Новосибирский автобус | Новосибирский метромост | Новосибирская епархия | Новосибирский государственный художественный музей | Новосибирский автотранспортный колледж | Новосибирский радиотехнический колледж | Новосибирская (кондитерская фабрика) | Новосибирская картографическая фабрика
2026-08-26 11:48:01.906 I/BenchmarkBridge: [PROBE] done
2026-08-26 11:48:04.236 I/BenchmarkBridge: [PROBE] q=когда основан Владивосток
2026-08-26 11:48:04.237 I/FactoidAnswerer: Factoid candidate: label='Основан' entity='Владивосток'
2026-08-26 11:48:04.246 I/EntityTitleProbe: Title probes (2 lookups): Владивосток(1070)
2026-08-26 11:48:04.247 I/FactoidAnswerer: Factoid candidates: Владивосток
2026-08-26 11:48:04.320 I/FactoidAnswerer: Factoid HIT: Основан = '1860 год' (Владивосток)
2026-08-26 11:48:04.321 I/BenchmarkBridge: [PROBE] fast=hit ms=84 article=Владивосток field=Основан value=1860 год
2026-08-26 11:48:04.321 I/RagPromptBuilder: Query: 'когда основан Владивосток' -> ZIM keywords: 'основан владивосток'
2026-08-26 11:48:04.407 I/GraphWalker: walk seed=Владивосток props=[P6, P1365, P1366, P39, P166, P26, P40, P22, P25, P3373, P50, P175, P800, P184, P802, P57, P58, P162, P36, P159, P127, P112] → 4 nodes
2026-08-26 11:48:04.408 I/RagPromptBuilder: Walker probes (entity='Владивосток', props=22): Владивосток, Константин Владимирович Шестаков, Олег Владимирович Гуменюк, Виталий Веркеенко, Игорь Пушкарёв
2026-08-26 11:48:04.409 I/EntityTitleProbe: Title probes (2 lookups): Владивосток(1070)
2026-08-26 11:48:04.435 I/ZimSearcher: search('основан владивосток') estimated=3000
2026-08-26 11:48:04.685 I/ZimSearcher: search('владивосток') estimated=15504
2026-08-26 11:48:04.960 I/RagPromptBuilder: Entity merge 'владивосток': +17 candidates
2026-08-26 11:48:04.964 I/RagPromptBuilder: RAG: 'когда основан Владивосток' candidates=42
2026-08-26 11:48:04.964 I/RagPromptBuilder: Top hits: Владивосток(s=1000)[Владивосток] | Константин Владимирович Шестаков(s=899)[Шестаков,_Константин_Владимирович] | Олег Владимирович Гуменюк(s=898)[Гуменюк,_Олег_Владимирович] | Виталий Веркеенко(s=897)[Веркеенко,_Виталий_Васильевич] | Игорь Пушкарёв(s=896)[Пушкарёв,_Игорь_Сергеевич]
2026-08-26 11:48:04.964 I/BenchmarkBridge: [PROBE] cand=42 ms=644 titles=Владивосток | Константин Владимирович Шестаков | Олег Владимирович Гуменюк | Виталий Веркеенко | Игорь Пушкарёв | Владивосток (станция) | Владивосток Авиа | Владивосток (аэропорт) | Владивосток (газета, 1883) | Владивостокские тигры | Владивосток (газета, 1911) | Герб Владивостока | Флаг Владивостока | Почётный гражданин Владивостока | История Владивостока | Архитектура Владивостока | Культура Владивостока | Экономика Владивостока | Свободный порт Владивосток | Памятники Владивостока
2026-08-26 11:48:04.965 I/BenchmarkBridge: [PROBE] done
2026-08-26 11:48:07.351 I/BenchmarkBridge: [PROBE] q=какая площадь Байкала
2026-08-26 11:48:07.352 I/FactoidAnswerer: Factoid candidate: label='Площадь' entity='Байкала'
2026-08-26 11:48:07.420 I/EntityTitleProbe: Title probes (4 lookups): Байкал(1070)
2026-08-26 11:48:07.421 I/FactoidAnswerer: Factoid candidates: Байкал
2026-08-26 11:48:07.462 I/FactoidAnswerer: Factoid HIT: Площадь = '31 722 км²' (Байкал)
2026-08-26 11:48:07.462 I/BenchmarkBridge: [PROBE] fast=hit ms=111 article=Байкал field=Площадь value=31 722 км²
2026-08-26 11:48:07.463 I/RagPromptBuilder: Query: 'какая площадь Байкала' -> ZIM keywords: 'площадь байкала'
2026-08-26 11:48:07.478 I/GraphWalker: walk: 0 wikilinks in 'Ветры_Байкала' (depth=0)
2026-08-26 11:48:07.478 I/GraphWalker: walk seed=Ветры_Байкала props=[P6, P1365, P1366, P39, P166, P26, P40, P22, P25, P3373, P50, P175, P800, P184, P802, P57, P58, P162, P36, P159, P127, P112] → 0 nodes
2026-08-26 11:48:07.478 I/RagPromptBuilder: Walker probes (entity='Байкала', props=22): Ветры Байкала
2026-08-26 11:48:07.479 I/EntityTitleProbe: Title probes (4 lookups): Байкал(1070)
2026-08-26 11:48:07.498 I/ZimSearcher: search('площадь байкала') estimated=2000
2026-08-26 11:48:07.924 I/ZimSearcher: search('площадь') estimated=297695
2026-08-26 11:48:08.206 I/RagPromptBuilder: Entity merge 'площадь': +20 candidates
2026-08-26 11:48:08.208 I/RagPromptBuilder: RAG: 'какая площадь Байкала' candidates=41
2026-08-26 11:48:08.208 I/RagPromptBuilder: Top hits: Байкал(s=1070)[Байкал] | Ветры Байкала(s=950)[Ветры_Байкала] | Площадь Свободы(s=100)[Площадь_Свободы] | Площадь Ленина(s=99)[Площадь_Ленина] | Площадь Революции(s=99)[Площадь_Революции]
2026-08-26 11:48:08.208 I/BenchmarkBridge: [PROBE] cand=41 ms=745 titles=Байкал | Ветры Байкала | Площадь Свободы | Площадь Ленина | Площадь Революции | Площадь Победы | Площадь Героев | Площадь Независимости | Площадь Обороны (Екатеринбург) | Площадь Кирова (Екатеринбург) | Площадь Труда (Екатеринбург) | Площадь 1905 года (Екатеринбург) | Соборная площадь | Октябрьская площадь | Советская площадь | Берёзовская площадь | Дворцовая площадь | Привокзальная площадь | Сенная площадь (Санкт-Петербург) | Сенная площадь (Екатеринбург)
2026-08-26 11:48:08.208 I/BenchmarkBridge: [PROBE] done
2026-08-26 11:48:10.458 I/BenchmarkBridge: [PROBE] q=какая столица Японии
2026-08-26 11:48:10.459 I/FactoidAnswerer: Factoid candidate: label='Столица' entity='Японии'
2026-08-26 11:48:10.907 I/EntityTitleProbe: Title probes (4 lookups): Япония(1070), Нихоний(1070), Токио(890)
2026-08-26 11:48:10.908 I/FactoidAnswerer: Factoid candidates: Япония, Нихоний, Токио
2026-08-26 11:48:10.954 I/FactoidAnswerer: Factoid HIT: Столица = 'Токио' (Япония)
2026-08-26 11:48:10.954 I/BenchmarkBridge: [PROBE] fast=hit ms=496 article=Япония field=Столица value=Токио
2026-08-26 11:48:10.955 I/RagPromptBuilder: Query: 'какая столица Японии' -> ZIM keywords: 'столица японии'
2026-08-26 11:48:11.067 I/GraphWalker: walk: 0 wikilinks in 'Японий' (depth=0)
2026-08-26 11:48:11.068 I/GraphWalker: walk seed=Японий props=[P6, P1365, P1366] → 0 nodes
2026-08-26 11:48:11.068 I/RagPromptBuilder: Walker probes (entity='Японии', props=3): Японий
2026-08-26 11:48:11.071 I/EntityTitleProbe: Title probes (9 lookups): Япония(1070), Нихоний(1070), Токио(890)
2026-08-26 11:48:11.116 I/ZimSearcher: search('столица японии') estimated=10000
2026-08-26 11:48:11.605 I/ZimSearcher: search('столица') estimated=88669
2026-08-26 11:48:11.858 I/RagPromptBuilder: Entity merge 'столица': +20 candidates
2026-08-26 11:48:11.860 I/RagPromptBuilder: RAG: 'какая столица Японии' candidates=43
2026-08-26 11:48:11.861 I/RagPromptBuilder: Top hits: Япония(s=1070)[Япония] | Нихоний(s=1070)[Нихоний] | Японий(s=950)[Японий] | Токио(s=890)[Токио] | Столица(s=99)[Столица]
2026-08-26 11:48:11.861 I/BenchmarkBridge: [PROBE] cand=43 ms=906 titles=Япония | Нихоний | Японий | Токио | Столица | Столица (телеканал) | Столица Германии | Столица Республики Казахстан | Столица в огне | Столицы Японии | Третья столица России | Культурная столица Беларуси | Гетманская столица | Первая столица (телепрограмма) | ТОР «Столица Арктики» | Новая столица Египта | Транспорт в Японии | Список стран, где столица не является крупнейшим городом | Фестиваль Столица закатов (Нижний Новгород) | Нагаокакё (столица)
2026-08-26 11:48:11.861 I/BenchmarkBridge: [PROBE] done
2026-08-26 11:48:13.547 I/BenchmarkBridge: [PROBE] q=какая валюта в Бразилии
2026-08-26 11:48:13.548 I/FactoidAnswerer: Factoid candidate: label='Валюта' entity='Бразилии'
2026-08-26 11:48:13.904 I/EntityTitleProbe: Title probes (5 lookups): Бразилия(1070)
2026-08-26 11:48:13.905 I/FactoidAnswerer: Factoid candidates: Бразилия
2026-08-26 11:48:13.942 I/FactoidAnswerer: Factoid HIT: Валюта = 'бразильский реал (код BRL, 986)' (Бразилия)
2026-08-26 11:48:13.942 I/BenchmarkBridge: [PROBE] fast=hit ms=394 article=Бразилия field=Валюта value=бразильский реал (код BRL, 986)
2026-08-26 11:48:13.943 I/RagPromptBuilder: Query: 'какая валюта в Бразилии' -> ZIM keywords: 'валюта бразилии'
2026-08-26 11:48:14.068 I/GraphWalker: walk seed=Авеню_Бразилии props=[P6, P1365, P1366, P39, P166, P26, P40, P22, P25, P3373, P50, P175, P800, P184, P802, P57, P58, P162, P36, P159, P127, P112] → 3 nodes
2026-08-26 11:48:14.069 I/RagPromptBuilder: Walker probes (entity='Бразилии', props=22): Авеню Бразилии, Спаси меня, Святой Георгий, Проспект Бразилии, Любовь к жизни
2026-08-26 11:48:14.070 I/EntityTitleProbe: Title probes (5 lookups): Бразилия(1070)
2026-08-26 11:48:14.089 I/ZimSearcher: search('валюта бразилии') estimated=2000
2026-08-26 11:48:14.364 I/ZimSearcher: search('бразилии') estimated=63140
2026-08-26 11:48:15.126 I/RagPromptBuilder: Entity merge 'бразилии': +19 candidates
2026-08-26 11:48:15.129 I/RagPromptBuilder: RAG: 'какая валюта в Бразилии' candidates=44
2026-08-26 11:48:15.129 I/RagPromptBuilder: Top hits: Бразилия(s=1070)[Бразилия] | Авеню Бразилии(s=950)[Авеню_Бразилии] | Проспект Бразилии(s=898)[Проспект_Бразилии] | Спаси меня, Святой Георгий(s=899)[Спаси_меня,_Святой_Георгий] | Любовь к жизни(s=898)[Любовь_к_жизни_(телесериал,_2013)]
2026-08-26 11:48:15.129 I/BenchmarkBridge: [PROBE] cand=44 ms=1186 titles=Бразилия | Авеню Бразилии | Проспект Бразилии | Спаси меня, Святой Георгий | Любовь к жизни | Чемпионат Бразилии по футболу 2018 (составы) | Экономика Бразилии | Список матчей сборной Бразилии по футболу (1960—1969) | Список матчей сборной Бразилии по футболу (1980—1989) | Список матчей сборной Бразилии по футболу (1970—1979) | Список матчей сборной Бразилии по футболу (1990—1999) | Список матчей сборной Бразилии по футболу (1940—1949) | Список матчей сборной Бразилии по футболу (2010—2019) | Список матчей сборной Бразилии по футболу (1930—1939) | Список матчей сборной Бразилии по футболу (с 2020 года) | Список матчей сборной Бразилии по футболу (1920—1929) | Список матчей сборной Бразилии по футболу (2000—2009) | Список главных тренеров сборной Бразилии по футболу | Соединённое королевство Португалии, Бразилии и Алгарве | Список матчей сборной Бразилии по футболу (1914—1919)
2026-08-26 11:48:15.129 I/BenchmarkBridge: [PROBE] done
2026-08-26 11:48:16.657 I/BenchmarkBridge: [PROBE] q=когда родился Дмитрий Менделеев
2026-08-26 11:48:16.658 I/FactoidAnswerer: Factoid candidate: label='Дата рождения' entity='Менделеев'
2026-08-26 11:48:16.677 I/EntityTitleProbe: Title probes (9 lookups): Менделеев, Дмитрий Иванович(1090), Дмитрий(1070)
2026-08-26 11:48:16.678 I/FactoidAnswerer: Factoid candidates: Менделеев, Менделеев, Дмитрий Иванович, Дмитрий
2026-08-26 11:48:16.723 I/FactoidAnswerer: Factoid HIT: Дата рождения = '27 января (8 февраля) 1834 […]' (Менделеев)
2026-08-26 11:48:16.723 I/BenchmarkBridge: [PROBE] fast=hit ms=65 article=Менделеев field=Дата рождения value=27 января (8 февраля) 1834 […]
2026-08-26 11:48:16.723 I/RagPromptBuilder: Query: 'когда родился Дмитрий Менделеев' -> ZIM keywords: 'родился дмитрий менделеев'
2026-08-26 11:48:16.754 I/GraphWalker: walk seed=Менделеев,_Дмитрий_Иванович props=[P6, P1365, P1366, P39, P166, P26, P40, P22, P25, P3373, P50, P175, P800, P184, P802, P57, P58, P162, P36, P159, P127, P112] → 6 nodes
2026-08-26 11:48:16.755 I/RagPromptBuilder: Walker probes (entity='Менделеев', props=22): Менделеев, Дмитрий Иванович, Орден Святого Владимира, Кавалер ордена Святого Александра Невского, Орден Белого орла (Российская империя), Орден Святой Анны I степени, Орден Святого Станислава (Российская империя), Орден Святой Анны II степени
2026-08-26 11:48:16.757 I/EntityTitleProbe: Title probes (9 lookups): Менделеев, Дмитрий Иванович(1090), Дмитрий(1070)
2026-08-26 11:48:16.771 I/ZimSearcher: search('родился дмитрий менделеев') estimated=300
2026-08-26 11:48:16.978 I/ZimSearcher: search('менделеев') estimated=965
2026-08-26 11:48:17.220 I/RagPromptBuilder: Entity merge 'менделеев': +12 candidates
2026-08-26 11:48:17.223 I/RagPromptBuilder: RAG: 'когда родился Дмитрий Менделеев' candidates=39
2026-08-26 11:48:17.223 I/RagPromptBuilder: Top hits: Дмитрий(s=1070)[Дмитрий] | Менделеев, Дмитрий Иванович(s=1000)[Менделеев,_Дмитрий_Иванович] | Орден Святого Владимира(s=899)[Орден_Святого_Владимира] | Орден Белого орла (Российская империя)(s=899)[Орден_Белого_орла_(Российская_империя)] | Орден Святой Анны I степени(s=899)[Орден_Святой_Анны_I_степени]
2026-08-26 11:48:17.224 I/BenchmarkBridge: [PROBE] cand=39 ms=501 titles=Дмитрий | Менделеев, Дмитрий Иванович | Орден Святого Владимира | Орден Белого орла (Российская империя) | Орден Святой Анны I степени | Орден Святой Анны II степени | Кавалер ордена Святого Александра Невского | Орден Святого Станислава (Российская империя) | Дмитрий Менделеев (судно) | Менделеев, Иридий Михайлович | Менделеев (лунный кратер) | Менделеев, Иван Павлович | Менделеев, Владимир Дмитриевич | Менделеев, Павел Павлович | Менделеев (значения) | Менделеева, Анна Ивановна | Менделеев, Василий Дмитриевич | Менделеевы | Алексей (Алесь) Семёнович Менделеев | (2769) Менделеев
2026-08-26 11:48:17.224 I/BenchmarkBridge: [PROBE] done
2026-08-26 11:48:19.780 I/BenchmarkBridge: [PROBE] q=когда умер Лев Толстой
2026-08-26 11:48:19.781 I/FactoidAnswerer: Factoid candidate: label='Дата смерти' entity='Толстой'
2026-08-26 11:48:19.795 I/EntityTitleProbe: Title probes (5 lookups): Толстой, Лев Николаевич(1090), Толстой(1070), Толстая(1070)
2026-08-26 11:48:19.797 I/FactoidAnswerer: Factoid candidates: Толстой, Толстой, Лев Николаевич, Толстая
2026-08-26 11:48:19.810 I/FactoidAnswerer: Factoid: 'Толстой' has no infobox — next candidate
2026-08-26 11:48:19.862 I/FactoidAnswerer: Factoid HIT: Дата смерти = '7 (20) ноября 1910(1910-11-20)' (Толстой, Лев Николаевич)
2026-08-26 11:48:19.862 I/BenchmarkBridge: [PROBE] fast=hit ms=82 article=Толстой, Лев Николаевич field=Дата смерти value=7 (20) ноября 1910(1910-11-20)
2026-08-26 11:48:19.862 I/RagPromptBuilder: Query: 'когда умер Лев Толстой' -> ZIM keywords: 'умер лев толстой'
2026-08-26 11:48:19.867 I/GraphWalker: walk: 0 wikilinks in 'Толстой' (depth=0)
2026-08-26 11:48:19.867 I/GraphWalker: walk seed=Толстой props=[P6, P1365, P1366, P39, P166, P26, P40, P22, P25, P3373, P50, P175, P800, P184, P802, P57, P58, P162, P36, P159, P127, P112] → 0 nodes
2026-08-26 11:48:19.867 I/RagPromptBuilder: Walker probes (entity='Толстой', props=22): Толстой
2026-08-26 11:48:19.876 I/EntityTitleProbe: Title probes (9 lookups): Толстой, Лев Николаевич(1090), Толстой(1070), Толстая(1070)
2026-08-26 11:48:19.893 I/ZimSearcher: search('умер лев толстой') estimated=900
2026-08-26 11:48:20.203 I/ZimSearcher: search('толстой') estimated=9261
2026-08-26 11:48:20.635 I/RagPromptBuilder: Entity merge 'толстой': +16 candidates
2026-08-26 11:48:20.636 I/RagPromptBuilder: RAG: 'когда умер Лев Толстой' candidates=38
2026-08-26 11:48:20.637 I/RagPromptBuilder: Top hits: Толстой(s=1000)[Толстой] | Толстой, Лев Николаевич(s=1090)[Толстой,_Лев_Николаевич] | Толстая(s=1070)[Толстая] | Лев Толстой (станция)(s=100)[Лев_Толстой_(станция)] | Лев Толстой в Чечне(s=99)[Лев_Толстой_в_Чечне]
2026-08-26 11:48:20.637 I/BenchmarkBridge: [PROBE] cand=38 ms=775 titles=Толстой | Толстой, Лев Николаевич | Толстая | Лев Толстой (станция) | Лев Толстой в Чечне | Толстой-Юрт | Толстой, Фёдор Иванович | Толстой, Алексей Константинович | Толстой, Михаил Львович | Толстой, Дмитрий Андреевич | Толстой, Пётр Олегович | Толстой, Алексей Николаевич | Толстой, Николай Александрович (1849) | Толстой, Михаил Павлович | Толстой, Пётр Александрович | Толстой, Николай Николаевич | Толстой, Фёдор Петрович | Толстой, Иван Петрович | Толстой, Иван Иванович (государственный деятель) | Толстой-Милославский, Николай Дмитриевич
2026-08-26 11:48:20.637 I/BenchmarkBridge: [PROBE] done
2026-08-26 11:48:22.886 I/BenchmarkBridge: [PROBE] q=где родился Юрий Гагарин
2026-08-26 11:48:22.887 I/FactoidAnswerer: Factoid candidate: label='Место рождения' entity='Гагарин'
2026-08-26 11:48:22.905 I/EntityTitleProbe: Title probes (7 lookups): Гагарин, Юрий Алексеевич(1090), Юрий(1070)
2026-08-26 11:48:22.906 I/FactoidAnswerer: Factoid candidates: Гагарин, Гагарин, Юрий Алексеевич, Юрий
2026-08-26 11:48:22.949 I/FactoidAnswerer: Factoid HIT: Место рождения = 'деревня Клушино, Гжатский район, Западная область, РСФСР, СССР' (Гагарин)
2026-08-26 11:48:22.949 I/BenchmarkBridge: [PROBE] fast=hit ms=63 article=Гагарин field=Место рождения value=деревня Клушино, Гжатский район, Западная область, РСФСР, СССР
2026-08-26 11:48:22.949 I/RagPromptBuilder: Query: 'где родился Юрий Гагарин' -> ZIM keywords: 'родился юрий гагарин'
2026-08-26 11:48:22.978 I/GraphWalker: walk seed=Гагарин,_Юрий_Алексеевич props=[P6, P1365, P1366, P39, P166, P26, P40, P22, P25, P3373, P50, P175, P800, P184, P802, P57, P58, P162, P36, P159, P127, P112] → 6 nodes
2026-08-26 11:48:22.978 I/RagPromptBuilder: Walker probes (entity='Гагарин', props=22): Гагарин, Юрий Алексеевич, Герой Советского Союза, Орден Ленина, Юбилейная медаль «Двадцать лет Победы в Великой Отечественной войне 1941—1945 гг.», Медаль «За освоение целинных земель», Юбилейная медаль «40 лет Вооружённых Сил СССР», Юбилейная медаль «50 лет Вооружённых Сил СССР»
2026-08-26 11:48:22.980 I/EntityTitleProbe: Title probes (7 lookups): Гагарин, Юрий Алексеевич(1090), Юрий(1070)
2026-08-26 11:48:23.011 I/ZimSearcher: search('родился юрий гагарин') estimated=2000
2026-08-26 11:48:23.634 I/ZimSearcher: search('родился') estimated=796317
2026-08-26 11:48:24.007 I/RagPromptBuilder: Entity merge 'родился': +20 candidates
2026-08-26 11:48:24.009 I/RagPromptBuilder: RAG: 'где родился Юрий Гагарин' candidates=47
2026-08-26 11:48:24.009 I/RagPromptBuilder: Top hits: Юрий(s=1070)[Юрий] | Гагарин, Юрий Алексеевич(s=1000)[Гагарин,_Юрий_Алексеевич] | Орден Ленина(s=899)[Орден_Ленина] | Герой Советского Союза(s=899)[Герой_Советского_Союза] | Медаль «За освоение целинных земель»(s=899)[Медаль_«За_освоение_целинных_земель»]
2026-08-26 11:48:24.010 I/BenchmarkBridge: [PROBE] cand=47 ms=1061 titles=Юрий | Гагарин, Юрий Алексеевич | Орден Ленина | Герой Советского Союза | Медаль «За освоение целинных земель» | Юбилейная медаль «40 лет Вооружённых Сил СССР» | Юбилейная медаль «50 лет Вооружённых Сил СССР» | Юбилейная медаль «Двадцать лет Победы в Великой Отечественной войне 1941—1945 гг.» | Гагарина, Валентина Ивановна | Гагарина, Анна Тимофеевна | Гагарина, Галина Юрьевна | Гагарин (значения) | Гагарина, Елена Юрьевна | Юрий Гагарин в культуре и искусстве | Гагаринское поле | Гагарина | Гагаринленд | Гагарин (Смоленская область) | Памятник Юрию Гагарину (Вифлеем) | Памятник Юрию Гагарину (Рига)
2026-08-26 11:48:24.010 I/BenchmarkBridge: [PROBE] done
2026-08-26 11:48:25.999 I/BenchmarkBridge: [PROBE] q=кто автор романа Война и мир
2026-08-26 11:48:26.000 I/FactoidAnswerer: Factoid candidate: label='Автор' entity='Война'
2026-08-26 11:48:26.023 I/EntityTitleProbe: Title probes (14 lookups): Война и мир(1110), Война(1070)
2026-08-26 11:48:26.025 I/FactoidAnswerer: Factoid candidates: Война, Война и мир
2026-08-26 11:48:26.052 I/FactoidAnswerer: Factoid: 'Война' has no infobox — next candidate
2026-08-26 11:48:26.069 I/FactoidAnswerer: Factoid HIT: Автор = 'Лев Николаевич Толстой' (Война и мир)
2026-08-26 11:48:26.069 I/BenchmarkBridge: [PROBE] fast=hit ms=70 article=Война и мир field=Автор value=Лев Николаевич Толстой
2026-08-26 11:48:26.070 I/RagPromptBuilder: Query: 'кто автор романа Война и мир' -> ZIM keywords: 'автор романа война мир'
2026-08-26 11:48:26.080 I/GraphWalker: walk: 0 wikilinks in 'Война' (depth=0)
2026-08-26 11:48:26.080 I/GraphWalker: walk seed=Война props=[P50, P57, P58, P162, P175, P800, P1365, P1366] → 0 nodes
2026-08-26 11:48:26.081 I/RagPromptBuilder: Walker probes (entity='Война', props=8): Война
2026-08-26 11:48:26.084 I/EntityTitleProbe: Title probes (14 lookups): Война и мир(1110), Война(1070)
2026-08-26 11:48:26.160 I/ZimSearcher: search('автор романа война мир') estimated=20000
2026-08-26 11:48:26.500 I/ZimSearcher: search('романа') estimated=98784
2026-08-26 11:48:26.871 I/RagPromptBuilder: Entity merge 'романа': +20 candidates
2026-08-26 11:48:26.873 I/RagPromptBuilder: RAG: 'кто автор романа Война и мир' candidates=41
2026-08-26 11:48:26.873 I/RagPromptBuilder: Top hits: Война и мир(s=1110)[Война_и_мир] | Война(s=1000)[Война] | Освобождённый мир (роман)(s=100)[Освобождённый_мир_(роман)] | Библиография Романа Злотникова(s=99)[Библиография_Романа_Злотникова] | Список персонажей романа «Война и мир»(s=95)[Список_персонажей_романа_«Война_и_мир»]
2026-08-26 11:48:26.874 I/BenchmarkBridge: [PROBE] cand=41 ms=804 titles=Война и мир | Война | Освобождённый мир (роман) | Библиография Романа Злотникова | Список персонажей романа «Война и мир» | Роман (значения) | Романо | Роман | Рыцарский роман | Философский роман | Роман Мстиславич | Роман (имя) | Роман-фельетон | Шпионский роман | Список публикаций в «Роман-газете» | Юрий Иванович (писатель) | Кутузов, Роман Александрович | Производственный роман | Сосновская, Надежда Андреевна | Богословский, Роман Сергеевич
2026-08-26 11:48:26.874 I/BenchmarkBridge: [PROBE] done
2026-08-26 11:48:29.091 I/BenchmarkBridge: [PROBE] q=кто режиссёр фильма Сталкер
2026-08-26 11:48:29.092 I/FactoidAnswerer: Factoid candidate: label='Режиссёр' entity='Сталкер'
2026-08-26 11:48:29.104 I/EntityTitleProbe: Title probes (7 lookups): Сталкер(1070)
2026-08-26 11:48:29.106 I/FactoidAnswerer: Factoid candidates: Сталкер
2026-08-26 11:48:29.113 I/FactoidAnswerer: Factoid: 'Сталкер' has no infobox — next candidate
2026-08-26 11:48:29.113 I/FactoidAnswerer: Factoid: no candidate carried 'Режиссёр' — falling back to RAG
2026-08-26 11:48:29.113 I/BenchmarkBridge: [PROBE] fast=miss ms=22
2026-08-26 11:48:29.113 I/RagPromptBuilder: Query: 'кто режиссёр фильма Сталкер' -> ZIM keywords: 'режиссёр фильма сталкер'
2026-08-26 11:48:29.117 I/GraphWalker: walk: 0 wikilinks in 'Сталкер' (depth=0)
2026-08-26 11:48:29.117 I/GraphWalker: walk seed=Сталкер props=[P50, P57, P58, P162, P175, P800, P1365, P1366] → 0 nodes
2026-08-26 11:48:29.117 I/RagPromptBuilder: Walker probes (entity='Сталкер', props=8): Сталкер
2026-08-26 11:48:29.120 I/EntityTitleProbe: Title probes (7 lookups): Сталкер(1070)
2026-08-26 11:48:29.135 I/ZimSearcher: search('режиссёр фильма сталкер') estimated=600
2026-08-26 11:48:29.407 I/ZimSearcher: search('режиссёр') estimated=120708
2026-08-26 11:48:29.799 I/RagPromptBuilder: Entity merge 'режиссёр': +20 candidates
2026-08-26 11:48:29.801 I/RagPromptBuilder: RAG: 'кто режиссёр фильма Сталкер' candidates=41
2026-08-26 11:48:29.801 I/RagPromptBuilder: Top hits: Сталкер(s=1000)[Сталкер] | Сталкер (фильм)(s=99)[Сталкер_(фильм)] | Сталкер (фильм, 2023)(s=96)[Сталкер_(фильм,_2023)] | Сталкер (кинофестиваль)(s=92)[Сталкер_(кинофестиваль)] | Рерберг и Тарковский. Обратная сторона «Сталкера»(s=100)[Рерберг_и_Тарковский._Обратная_сторона_«Сталкера»]
2026-08-26 11:48:29.801 I/BenchmarkBridge: [PROBE] cand=41 ms=688 titles=Сталкер | Сталкер (фильм) | Сталкер (фильм, 2023) | Сталкер (кинофестиваль) | Рерберг и Тарковский. Обратная сторона «Сталкера» | Список фильмов киностудии «Мосфильм» | Марескотти, Ивано | Инфанти, Анджело | Уиттингем, Кен | Франко, Хесус | Дэвидсон, Адам | Турылёва, Ярослава Георгиевна | Экранизации произведений Чехова | Веледницкая, Лия Бенционовна | Данилов, Лев Стефанович | Свердловский театр драмы | Кинофестиваль в Торонто 2005 | Анимос (кинокомпания) | 7-й Венецианский кинофестиваль | Нестеров, Евгений Георгиевич
2026-08-26 11:48:29.801 I/BenchmarkBridge: [PROBE] done
2026-08-26 11:48:32.204 I/BenchmarkBridge: [PROBE] q=почему Юпитер называют газовым гигантом
2026-08-26 11:48:32.205 I/BenchmarkBridge: [PROBE] fast=miss ms=0
2026-08-26 11:48:32.206 I/RagPromptBuilder: Query: 'почему Юпитер называют газовым гигантом' -> ZIM keywords: 'юпитер называют газовым гигантом'
2026-08-26 11:48:32.257 I/GraphWalker: walk: 0 wikilinks in 'Юпитер' (depth=0)
2026-08-26 11:48:32.257 I/GraphWalker: walk seed=Юпитер props=[P6, P1365, P1366, P39, P166, P26, P40, P22, P25, P3373, P50, P175, P800, P184, P802, P57, P58, P162, P36, P159, P127, P112] → 0 nodes
2026-08-26 11:48:32.257 I/RagPromptBuilder: Walker probes (entity='Юпитер', props=22): Юпитер
2026-08-26 11:48:32.272 I/EntityTitleProbe: Title probes (13 lookups): Юпитер(1070), Гигант(1020)
2026-08-26 11:48:32.285 I/ZimSearcher: search('юпитер называют газовым гигантом') estimated=200
2026-08-26 11:48:32.652 I/ZimSearcher: search('называют') estimated=194221
2026-08-26 11:48:32.951 I/RagPromptBuilder: Entity merge 'называют': +20 candidates
2026-08-26 11:48:32.953 I/RagPromptBuilder: RAG: 'почему Юпитер называют газовым гигантом' candidates=42
2026-08-26 11:48:32.954 I/RagPromptBuilder: Top hits: Юпитер(s=1000)[Юпитер] | Гигант(s=1020)[Гигант] | То, что называют любовью(s=98)[То,_что_называют_любовью] | Газовые гиганты(s=100)[Газовые_гиганты] | Моя так называемая жизнь(s=100)[Моя_так_называемая_жизнь]
2026-08-26 11:48:32.954 I/BenchmarkBridge: [PROBE] cand=42 ms=749 titles=Юпитер | Гигант | То, что называют любовью | Газовые гиганты | Моя так называемая жизнь | Называй её дикой | Лев в геральдике | Не называй её небесной | Не называй меня малышкой | Премия Харви (комиксы) | Как вас теперь называть? | Этнонимы греков | Завоевание Перу, называемого Новая Кастилия | По поводу так называемого вопроса о рынках | Физика колебаний и волн | Decretum Gelasianum | Многоугольник | Ломаная | Формальная система | Расширение поля
2026-08-26 11:48:32.954 I/BenchmarkBridge: [PROBE] done
2026-08-26 11:48:35.313 I/BenchmarkBridge: [PROBE] q=из чего состоит атмосфера Марса
2026-08-26 11:48:35.314 I/BenchmarkBridge: [PROBE] fast=miss ms=0
2026-08-26 11:48:35.315 I/RagPromptBuilder: Query: 'из чего состоит атмосфера Марса' -> ZIM keywords: 'чего состоит атмосфера марса'
2026-08-26 11:48:35.328 I/GraphWalker: walk: 0 wikilinks in 'Марса' (depth=0)
2026-08-26 11:48:35.328 I/GraphWalker: walk seed=Марса props=[P6, P1365, P1366, P39, P166, P26, P40, P22, P25, P3373, P50, P175, P800, P184, P802, P57, P58, P162, P36, P159, P127, P112] → 0 nodes
2026-08-26 11:48:35.329 I/RagPromptBuilder: Walker probes (entity='Марса', props=22): Марса
2026-08-26 11:48:35.343 I/EntityTitleProbe: Title probes (10 lookups): Марса(1070), Марс(1070), Атмосфера Марса(890)
2026-08-26 11:48:35.360 I/ZimSearcher: search('чего состоит атмосфера марса') estimated=300
2026-08-26 11:48:35.719 I/ZimSearcher: search('атмосфера') estimated=21862
2026-08-26 11:48:36.038 I/RagPromptBuilder: Entity merge 'атмосфера': +19 candidates
2026-08-26 11:48:36.040 I/RagPromptBuilder: RAG: 'из чего состоит атмосфера Марса' candidates=40
2026-08-26 11:48:36.040 I/RagPromptBuilder: Top hits: Марса(s=1000)[Марса] | Марс(s=1070)[Марс] | Атмосфера Марса(s=890)[Атмосфера_Марса] | Атмосфера(s=100)[Атмосфера] | Атмосфера Земли(s=99)[Атмосфера_Земли]
2026-08-26 11:48:36.040 I/BenchmarkBridge: [PROBE] cand=40 ms=725 titles=Марса | Марс | Атмосфера Марса | Атмосфера | Атмосфера Земли | Атмосфера Титана | Атмосфера Венеры | Атмосфера (эстетика) | Атмосфера Юпитера | Атмосфера Плутона | Терраформирование Марса | Звёздная атмосфера | Химия атмосферы | Физика атмосферы | Колонизация Марса | Диссипация атмосфер планет | Общая циркуляция атмосферы | Циркуляция атмосферы | Экология атмосферы | Вход в атмосферу
2026-08-26 11:48:36.040 I/BenchmarkBridge: [PROBE] done
2026-08-26 11:48:38.421 I/BenchmarkBridge: [PROBE] q=кто открыл пенициллин
2026-08-26 11:48:38.423 I/BenchmarkBridge: [PROBE] fast=miss ms=1
2026-08-26 11:48:38.423 I/RagPromptBuilder: Query: 'кто открыл пенициллин' -> ZIM keywords: 'открыл пенициллин'
2026-08-26 11:48:38.435 I/EntityTitleProbe: Title probes (2 lookups): Бензилпенициллин(1020)
2026-08-26 11:48:38.442 I/ZimSearcher: search('открыл пенициллин') estimated=200
2026-08-26 11:48:38.657 I/ZimSearcher: search('пенициллин') estimated=589
2026-08-26 11:48:38.805 I/RagPromptBuilder: Entity merge 'пенициллин': +16 candidates
2026-08-26 11:48:38.807 I/RagPromptBuilder: RAG: 'кто открыл пенициллин' candidates=37
2026-08-26 11:48:38.807 I/RagPromptBuilder: Top hits: Бензилпенициллин(s=1020)[Бензилпенициллин] | Пенициллины(s=100)[Пенициллины] | Пенициллин (комплекс артразведки)(s=99)[Пенициллин_(комплекс_артразведки)] | Пенициллин (значения)(s=95)[Пенициллин_(значения)] | Пенициллин-связывающие белки(s=90)[Пенициллин-связывающие_белки]
2026-08-26 11:48:38.808 I/BenchmarkBridge: [PROBE] cand=37 ms=385 titles=Бензилпенициллин | Пенициллины | Пенициллин (комплекс артразведки) | Пенициллин (значения) | Пенициллин-связывающие белки | Операция «Пенициллин» | Феноксиметилпенициллин | Флеминг, Александр | Хитли, Норман | Балезина, Тамара Иосифовна | Метициллин | Зейфман, Вил Иосифович | Ампициллин | Оксациллин | Хобби, Глэдис Лаунсбери | Бета-лактамные антибиотики | Шихан, Джон Кларк | Ингибиторы бета-лактамаз | Ермольева, Зинаида Виссарионовна | Beecham
2026-08-26 11:48:38.808 I/BenchmarkBridge: [PROBE] done
2026-08-26 11:48:41.525 I/BenchmarkBridge: [PROBE] q=что такое фотосинтез
2026-08-26 11:48:41.526 I/BenchmarkBridge: [PROBE] fast=miss ms=0
2026-08-26 11:48:41.526 I/RagPromptBuilder: Query: 'что такое фотосинтез' -> ZIM keywords: 'такое фотосинтез'
2026-08-26 11:48:41.532 I/EntityTitleProbe: Title probes (1 lookups): Фотосинтез(1020)
2026-08-26 11:48:41.549 I/ZimSearcher: search('такое фотосинтез') estimated=700
2026-08-26 11:48:41.759 I/ZimSearcher: search('фотосинтез') estimated=965
2026-08-26 11:48:41.896 I/RagPromptBuilder: Entity merge 'фотосинтез': +9 candidates
2026-08-26 11:48:41.898 I/RagPromptBuilder: RAG: 'что такое фотосинтез' candidates=29
2026-08-26 11:48:41.898 I/RagPromptBuilder: Top hits: Фотосинтез(s=1020)[Фотосинтез] | C4-фотосинтез(s=100)[C4-фотосинтез] | CAM-фотосинтез(s=99)[CAM-фотосинтез] | Эффективность фотосинтеза(s=98)[Эффективность_фотосинтеза] | Эволюция фотосинтеза(s=98)[Эволюция_фотосинтеза]
2026-08-26 11:48:41.898 I/BenchmarkBridge: [PROBE] cand=29 ms=372 titles=Фотосинтез | C4-фотосинтез | CAM-фотосинтез | Эффективность фотосинтеза | Эволюция фотосинтеза | Аноксигенный фотосинтез | Спектр действия фотосинтеза | Электронотранспортная цепь фотосинтеза | Кривая светового насыщения фотосинтеза | Искусственный фотосинтез | C3-фотосинтез | Реакция Хилла | Карпилов, Юрий Соломонович | Комиссаров, Геннадий Германович | Мокроносов, Адольф Трофимович | Шувалов, Владимир Анатольевич | Световая точка компенсации | Эффект Эмерсона | Фотодыхание | Точка компенсации СО2
2026-08-26 11:48:41.898 I/BenchmarkBridge: [PROBE] done
2026-08-26 11:48:44.629 I/BenchmarkBridge: [PROBE] q=когда началась Вторая мировая война
2026-08-26 11:48:44.630 I/BenchmarkBridge: [PROBE] fast=miss ms=0
2026-08-26 11:48:44.630 I/RagPromptBuilder: Query: 'когда началась Вторая мировая война' -> ZIM keywords: 'началась вторая мировая война'
2026-08-26 11:48:44.640 I/GraphWalker: walk: 0 wikilinks in 'Вторая' (depth=0)
2026-08-26 11:48:44.641 I/GraphWalker: walk seed=Вторая props=[P6, P1365, P1366, P39, P166, P26, P40, P22, P25, P3373, P50, P175, P800, P184, P802, P57, P58, P162, P36, P159, P127, P112] → 0 nodes
2026-08-26 11:48:44.641 I/RagPromptBuilder: Walker probes (entity='Вторая', props=22): Вторая
2026-08-26 11:48:44.653 I/EntityTitleProbe: Title probes (15 lookups): Вторая мировая война(1110), Вторая(1070), Мировая война(1040), Война(1020)
2026-08-26 11:48:44.739 I/ZimSearcher: search('началась вторая мировая война') estimated=20000
2026-08-26 11:48:45.383 I/ZimSearcher: search('началась') estimated=467255
2026-08-26 11:48:45.969 I/RagPromptBuilder: Entity merge 'началась': +20 candidates
2026-08-26 11:48:45.971 I/RagPromptBuilder: RAG: 'когда началась Вторая мировая война' candidates=42
2026-08-26 11:48:45.972 I/RagPromptBuilder: Top hits: Война(s=1020)[Война] | Вторая мировая война(s=1110)[Вторая_мировая_война] | Вторая(s=1000)[Вторая] | Мировая война(s=1040)[Мировая_война] | Вторая мировая война на море(s=98)[Вторая_мировая_война_на_море]
2026-08-26 11:48:45.972 I/BenchmarkBridge: [PROBE] cand=42 ms=1342 titles=Война | Вторая мировая война | Вторая | Мировая война | Вторая мировая война на море | Вторая мировая война (серия книг) | Вторая мировая война (значения) | Маки (Вторая мировая война) | Восточноафриканская кампания (Вторая мировая война) | Портал:Вторая мировая война | Портал:Вторая мировая война/Знаете ли вы/Текущая подборка | Трофейное искусство (Вторая мировая война) | Битва за Лос-Анджелес (Вторая мировая война) | 2-я армия (Италия, Вторая мировая война) | Латинская Ось (Вторая мировая война) | Портал:Первая мировая война | Начало Века | Британские экспедиционные силы (Вторая мировая война) | Третья мировая война | Начало начал
2026-08-26 11:48:45.972 I/BenchmarkBridge: [PROBE] done
2026-08-26 11:48:47.739 I/BenchmarkBridge: [PROBE] q=чем знаменит Большое красное пятно
2026-08-26 11:48:47.739 I/BenchmarkBridge: [PROBE] fast=miss ms=1
2026-08-26 11:48:47.740 I/RagPromptBuilder: Query: 'чем знаменит Большое красное пятно' -> ZIM keywords: 'чем знаменит большое красное пятно'
2026-08-26 11:48:47.752 I/GraphWalker: walk: 0 wikilinks in 'Большое' (depth=0)
2026-08-26 11:48:47.752 I/GraphWalker: walk seed=Большое props=[P6, P1365, P1366, P39, P166, P26, P40, P22, P25, P3373, P50, P175, P800, P184, P802, P57, P58, P162, P36, P159, P127, P112] → 0 nodes
2026-08-26 11:48:47.753 I/RagPromptBuilder: Walker probes (entity='Большое', props=22): Большое
2026-08-26 11:48:47.770 I/EntityTitleProbe: Title probes (20 lookups): Большое красное пятно(1110), Большое(1070), Красное(1020), Красно(1020)
2026-08-26 11:48:47.796 I/ZimSearcher: search('чем знаменит большое красное пятно') estimated=200
2026-08-26 11:48:48.161 I/ZimSearcher: search('знаменит') estimated=51485
2026-08-26 11:48:48.416 I/RagPromptBuilder: Entity merge 'знаменит': +20 candidates
2026-08-26 11:48:48.418 I/RagPromptBuilder: RAG: 'чем знаменит Большое красное пятно' candidates=44
2026-08-26 11:48:48.418 I/RagPromptBuilder: Top hits: Красное(s=1020)[Красное] | Большое красное пятно(s=1110)[Большое_красное_пятно] | Большое(s=1000)[Большое] | Красно(s=1020)[Красно] | Я почти знаменит(s=99)[Я_почти_знаменит]
2026-08-26 11:48:48.419 I/BenchmarkBridge: [PROBE] cand=44 ms=679 titles=Красное | Большое красное пятно | Большое | Красно | Я почти знаменит | Красочная жизнь | Храм иконы Божией Матери «Знамение» | Знаменное пение | Крестное знамение | Знамённые ряды | Орден Красного Знамени | Орден Трудового Красного Знамени | Армия Зелёного знамени | Знамение Божией Матери | Под знаменем марксизма | Орден Красного Знамени (Монголия) | Летописец небесных знамений | Благие знамения | Новгородская икона Знамения Пресвятой Богородицы | Церковь иконы Божией Матери «Знамение» на Шереметевом дворе
2026-08-26 11:48:48.419 I/BenchmarkBridge: [PROBE] done
2026-08-26 11:48:50.841 I/BenchmarkBridge: [PROBE] q=что производит АвтоВАЗ
2026-08-26 11:48:50.843 I/BenchmarkBridge: [PROBE] fast=miss ms=0
2026-08-26 11:48:50.843 I/RagPromptBuilder: Query: 'что производит АвтоВАЗ' -> ZIM keywords: 'производит автоваз'
2026-08-26 11:48:51.022 I/GraphWalker: walk seed=АвтоВАЗ props=[P6, P1365, P1366, P39, P166, P26, P40, P22, P25, P3373, P50, P175, P800, P184, P802, P57, P58, P162, P36, P159, P127, P112] → 6 nodes
2026-08-26 11:48:51.022 I/RagPromptBuilder: Walker probes (entity='АвтоВАЗ', props=22): АвтоВАЗ, Россия, Тольятти, ЦК КПСС, Совет министров СССР, Москва, Илья Геннадьевич Сухих
2026-08-26 11:48:51.029 I/EntityTitleProbe: Title probes (2 lookups): АвтоВАЗ(1070)
2026-08-26 11:48:51.034 I/ZimSearcher: search('производит автоваз') estimated=300
2026-08-26 11:48:51.334 I/ZimSearcher: search('производит') estimated=56978
2026-08-26 11:48:51.638 I/RagPromptBuilder: Entity merge 'производит': +20 candidates
2026-08-26 11:48:51.640 I/RagPromptBuilder: RAG: 'что производит АвтоВАЗ' candidates=46
2026-08-26 11:48:51.640 I/RagPromptBuilder: Top hits: АвтоВАЗ(s=1000)[АвтоВАЗ] | Россия(s=899)[Россия] | Тольятти(s=899)[Тольятти] | ЦК КПСС(s=899)[ЦК_КПСС] | Совет министров СССР(s=899)[Совет_министров_СССР]
2026-08-26 11:48:51.640 I/BenchmarkBridge: [PROBE] cand=46 ms=797 titles=АвтоВАЗ | Россия | Тольятти | ЦК КПСС | Совет министров СССР | Москва | Илья Геннадьевич Сухих | Производить или покупать | Национальная гоночная серия «АВТОВАЗ» | Нива (автомобиль) | Список итальянских вин категории DOC | Meopta | Denominazione di origine controllata e garantita | Плёночные фотоаппараты Kodak | Промышленность Новой Аквитании | Список настоек, производившихся в СССР | Военно-промышленный комплекс Франции | Список пуншей, производившихся в СССР | КАвЗ-4238 «Аврора» | Welta
2026-08-26 11:48:51.640 I/BenchmarkBridge: [PROBE] done
2026-08-26 11:48:53.952 I/BenchmarkBridge: [PROBE] q=какой автозавод расположен в Тольятти
2026-08-26 11:48:53.952 I/BenchmarkBridge: [PROBE] fast=miss ms=1
2026-08-26 11:48:53.953 I/RagPromptBuilder: Query: 'какой автозавод расположен в Тольятти' -> ZIM keywords: 'автозавод расположен тольятти'
2026-08-26 11:48:54.034 I/GraphWalker: walk: 0 wikilinks in 'Заслуженный_врач_Российской_Федерации' (depth=3)
2026-08-26 11:48:54.045 I/GraphWalker: walk seed=Тольятти props=[P6, P1365, P1366, P39, P166, P26, P40, P22, P25, P3373, P50, P175, P800, P184, P802, P57, P58, P162, P36, P159, P127, P112] → 5 nodes
2026-08-26 11:48:54.045 I/RagPromptBuilder: Walker probes (entity='Тольятти', props=22): Тольятти, Илья Геннадьевич Сухих, Николай Ренц, Заслуженный врач Российской Федерации, Сергей Анташев, Сергей Андреев
2026-08-26 11:48:54.055 I/EntityTitleProbe: Title probes (10 lookups): Тольятти(1070), Автомобильная промышленность(1020)
2026-08-26 11:48:54.061 I/ZimSearcher: search('автозавод расположен тольятти') estimated=40
2026-08-26 11:48:54.629 I/ZimSearcher: search('расположен') estimated=249807
2026-08-26 11:48:54.898 I/RagPromptBuilder: Entity merge 'расположен': +20 candidates
2026-08-26 11:48:54.900 I/RagPromptBuilder: RAG: 'какой автозавод расположен в Тольятти' candidates=46
2026-08-26 11:48:54.901 I/RagPromptBuilder: Top hits: Тольятти(s=1000)[Тольятти] | Автомобильная промышленность(s=1020)[Автомобильная_промышленность] | Илья Геннадьевич Сухих(s=899)[Сухих,_Илья_Геннадьевич] | Николай Ренц(s=898)[Ренц,_Николай_Альфредович] | Сергей Анташев(s=897)[Анташев,_Сергей_Александрович]
2026-08-26 11:48:54.901 I/BenchmarkBridge: [PROBE] cand=46 ms=948 titles=Тольятти | Автомобильная промышленность | Илья Геннадьевич Сухих | Николай Ренц | Сергей Анташев | Заслуженный врач Российской Федерации | Сергей Андреев | Тольятти (станция) | Автозаводский район (Тольятти) | Тольяттинский троллейбус | Список озёр и водохранилищ Монтаны | Заозёрный (Курган) | Хузестан | Список мечетей Баку | Список высших учебных заведений Киева | Тираспольский монетный двор | Эттербек | Площади Севастополя | Исфахан (остан) | Русские и советские памятники в Софийской области
2026-08-26 11:48:54.901 I/BenchmarkBridge: [PROBE] done
2026-08-26 11:48:57.059 I/BenchmarkBridge: [PROBE] q=перечисли мэров Тольятти
2026-08-26 11:48:57.059 I/BenchmarkBridge: [PROBE] fast=miss ms=0
2026-08-26 11:48:57.060 I/RagPromptBuilder: Query: 'перечисли мэров Тольятти' -> ZIM keywords: 'мэров тольятти'
2026-08-26 11:48:57.106 I/ZimSearcher: lookupRaw 'Градоначальники Тольятти' redirect=false path='Градоначальники_Тольятти' bodyLen=18062
2026-08-26 11:48:57.107 I/RagPromptBuilder: List article FOUND: 'Градоначальники Тольятти' (bodyLen=18062)
2026-08-26 11:48:57.156 I/RagPromptBuilder: List probes (entity='Тольятти', role='Мэры'): Градоначальники Тольятти, История Тольятти
2026-08-26 11:48:57.219 I/GraphWalker: walk seed=Тольятти props=[P6, P1365, P1366] → 4 nodes
2026-08-26 11:48:57.219 I/RagPromptBuilder: Walker probes (entity='Тольятти', props=3): Тольятти, Илья Геннадьевич Сухих, Николай Ренц, Сергей Анташев, Сергей Андреев
2026-08-26 11:48:57.225 I/EntityTitleProbe: Title probes (12 lookups): Тольятти(1070)
2026-08-26 11:48:57.234 I/ZimSearcher: search('мэров тольятти') estimated=700
2026-08-26 11:48:57.387 I/ZimSearcher: search('тольятти') estimated=5796
2026-08-26 11:48:57.691 I/RagPromptBuilder: Entity merge 'тольятти': +14 candidates
2026-08-26 11:48:57.692 I/RagPromptBuilder: RAG: 'перечисли мэров Тольятти' candidates=37
2026-08-26 11:48:57.693 I/RagPromptBuilder: Top hits: Градоначальники Тольятти(s=2000)[Градоначальники_Тольятти] | Тольятти(s=1000)[Тольятти] | История Тольятти(s=1000)[История_Тольятти] | Илья Геннадьевич Сухих(s=899)[Сухих,_Илья_Геннадьевич] | Николай Ренц(s=898)[Ренц,_Николай_Альфредович]
2026-08-26 11:48:57.693 I/BenchmarkBridge: [PROBE] cand=37 ms=633 titles=Градоначальники Тольятти | Тольятти | История Тольятти | Илья Геннадьевич Сухих | Николай Ренц | Сергей Анташев | Сергей Андреев | Тольятти 24 | Тольятти, Пальмиро | Тольятти (станция) | Тольятти (особая экономическая зона) | Тольяттинский театр кукол | Спорт в Тольятти | Памятники Тольятти | Лада-Тольятти | Официальные символы Тольятти | Взрыв автобуса в Тольятти | Храмы Тольятти | ТОР «Тольятти» | Колесо (театр, Тольятти)
2026-08-26 11:48:57.693 I/BenchmarkBridge: [PROBE] done
2026-08-26 11:49:00.154 I/BenchmarkBridge: [PROBE] q=назови планеты Солнечной системы
2026-08-26 11:49:00.154 I/BenchmarkBridge: [PROBE] fast=miss ms=0
2026-08-26 11:49:00.155 I/RagPromptBuilder: Query: 'назови планеты Солнечной системы' -> ZIM keywords: 'планеты солнечной системы'
2026-08-26 11:49:00.203 I/GraphWalker: walk: 0 wikilinks in 'Вспышка_солнечной_активности' (depth=0)
2026-08-26 11:49:00.203 I/GraphWalker: walk seed=Вспышка_солнечной_активности props=[P6, P1365, P1366, P39, P166, P26, P40, P22, P25, P3373, P50, P175, P800, P184, P802, P57, P58, P162, P36, P159, P127, P112] → 0 nodes
2026-08-26 11:49:00.204 I/RagPromptBuilder: Walker probes (entity='Солнечной', props=22): Вспышка солнечной активности
2026-08-26 11:49:00.213 I/EntityTitleProbe: Title probes (24 lookups): Планеты Солнечной системы(1110), Солнечная система(1090), Солнечная(1070), Планета(1020)
2026-08-26 11:49:00.261 I/ZimSearcher: search('планеты солнечной системы') estimated=7000
2026-08-26 11:49:00.532 I/ZimSearcher: search('солнечной') estimated=12659
2026-08-26 11:49:00.825 I/RagPromptBuilder: Entity merge 'солнечной': +13 candidates
2026-08-26 11:49:00.827 I/RagPromptBuilder: RAG: 'назови планеты Солнечной системы' candidates=37
2026-08-26 11:49:00.827 I/RagPromptBuilder: Top hits: Планеты Солнечной системы(s=1110)[Планеты_Солнечной_системы] | Солнечная система(s=1090)[Солнечная_система] | Солнечная(s=1070)[Солнечная] | Планета(s=1020)[Планета] | Вспышка солнечной активности(s=950)[Вспышка_солнечной_активности]
2026-08-26 11:49:00.827 I/BenchmarkBridge: [PROBE] cand=37 ms=672 titles=Планеты Солнечной системы | Солнечная система | Солнечная | Планета | Вспышка солнечной активности | Планеты-гиганты | Планеты (сериал) | Устойчивость Солнечной системы | 20-й цикл солнечной активности | Малые тела Солнечной системы | 19-й цикл солнечной активности | 23-й цикл солнечной активности | 24-й цикл солнечной активности | Список циклов солнечной активности | 25-й цикл солнечной активности | 22-й цикл солнечной активности | На солнечной стороне улицы | Серенада солнечной долины | История исследования Солнечной системы | Формирование и эволюция Солнечной системы
2026-08-26 11:49:00.827 I/BenchmarkBridge: [PROBE] done
2026-08-26 11:49:03.268 I/BenchmarkBridge: [PROBE] q=какие есть океаны на Земле
2026-08-26 11:49:03.269 I/BenchmarkBridge: [PROBE] fast=miss ms=0
2026-08-26 11:49:03.269 I/RagPromptBuilder: Query: 'какие есть океаны на Земле' -> ZIM keywords: 'океаны земле'
2026-08-26 11:49:03.330 I/RagPromptBuilder: List probes (entity='Земле', role='null'): Земля Королевы Мэри, История жизни на Земле, Хронология первых искусственных спутников Земли по странам
2026-08-26 11:49:03.872 I/GraphWalker: walk: 0 wikilinks in 'На_земле' (depth=0)
2026-08-26 11:49:03.872 I/GraphWalker: walk seed=На_земле props=[P6, P1365, P1366, P39, P166, P26, P40, P22, P25, P3373, P50, P175, P800, P184, P802, P57, P58, P162, P36, P159, P127, P112] → 0 nodes
2026-08-26 11:49:03.872 I/RagPromptBuilder: Walker probes (entity='Земле', props=22): На земле
2026-08-26 11:49:03.879 I/EntityTitleProbe: Title probes (8 lookups): Мировой океан(1020), (224) Океана(1020), Океан(1020)
2026-08-26 11:49:03.927 I/ZimSearcher: search('океаны земле') estimated=10000
2026-08-26 11:49:04.387 I/ZimSearcher: search('океаны') estimated=31268
2026-08-26 11:49:04.769 I/RagPromptBuilder: Entity merge 'океаны': +11 candidates
2026-08-26 11:49:04.771 I/RagPromptBuilder: RAG: 'какие есть океаны на Земле' candidates=35
2026-08-26 11:49:04.771 I/RagPromptBuilder: Top hits: Мировой океан(s=1020)[Мировой_океан] | (224) Океана(s=1020)[(224)_Океана] | Океан(s=1020)[Океан] | На земле(s=950)[На_земле] | История жизни на Земле(s=950)[История_жизни_на_Земле]
2026-08-26 11:49:04.771 I/BenchmarkBridge: [PROBE] cand=35 ms=1502 titles=Мировой океан | (224) Океана | Океан | На земле | История жизни на Земле | Земля Королевы Мэри | Хронология первых искусственных спутников Земли по странам | Древние океаны | Экстремумы на Земле | Земля (альбом «Океана Ельзи») | Южный океан | Океан (значения) | Океан (завод) | Мировой океан (мифология) | Музей Мирового океана | Океан-О (космический аппарат) | Океан (детский лагерь) | Океан Ельзи | Океан (мифология) | Океан (фильм, 2008)
2026-08-26 11:49:04.771 I/BenchmarkBridge: [PROBE] done
2026-08-26 11:49:06.386 I/BenchmarkBridge: [PROBE] q=перечисли произведения Достоевского
2026-08-26 11:49:06.387 I/BenchmarkBridge: [PROBE] fast=miss ms=0
2026-08-26 11:49:06.387 I/RagPromptBuilder: Query: 'перечисли произведения Достоевского' -> ZIM keywords: 'произведения достоевского'
2026-08-26 11:49:06.406 I/RagPromptBuilder: List-intent: no title probes for entity='Достоевского' role='null'
2026-08-26 11:49:06.485 I/GraphWalker: walk: 0 wikilinks in 'Достоевского,_переулок' (depth=0)
2026-08-26 11:49:06.486 I/GraphWalker: walk seed=Достоевского,_переулок props=[P6, P1365, P1366, P39, P166, P26, P40, P22, P25, P3373, P50, P175, P800, P184, P802, P57, P58, P162, P36, P159, P127, P112] → 0 nodes
2026-08-26 11:49:06.486 I/RagPromptBuilder: Walker probes (entity='Достоевского', props=22): Достоевского, переулок
2026-08-26 11:49:06.491 I/EntityTitleProbe: Title probes (12 lookups): Достоевский, Фёдор Михайлович(1070)
2026-08-26 11:49:06.520 I/ZimSearcher: search('произведения достоевского') estimated=4000
2026-08-26 11:49:06.893 I/ZimSearcher: search('произведения') estimated=125279
2026-08-26 11:49:07.272 I/RagPromptBuilder: Entity merge 'произведения': +20 candidates
2026-08-26 11:49:07.273 I/RagPromptBuilder: RAG: 'перечисли произведения Достоевского' candidates=42
2026-08-26 11:49:07.274 I/RagPromptBuilder: Top hits: Достоевский, Фёдор Михайлович(s=1070)[Достоевский,_Фёдор_Михайлович] | Достоевского, переулок(s=950)[Достоевского,_переулок] | Произведения векторов(s=99)[Произведения_векторов] | Экранизации произведений Фёдора Достоевского(s=100)[Экранизации_произведений_Фёдора_Достоевского] | Украденные произведения искусства(s=99)[Украденные_произведения_искусства]
2026-08-26 11:49:07.274 I/BenchmarkBridge: [PROBE] cand=42 ms=887 titles=Достоевский, Фёдор Михайлович | Достоевского, переулок | Произведения векторов | Экранизации произведений Фёдора Достоевского | Украденные произведения искусства | Атрибуция произведения | Авторское право на служебные произведения | Двойник (повесть Достоевского) | Реализм Достоевского | Романист (замысел Достоевского) | Атеизм (замысел Достоевского) | Неосуществлённые замыслы Достоевского | Оценка творчества Достоевского современниками | Свободное использование произведений | Прямое произведение | Тип-произведение | Аудиовизуальное произведение | Скалярное произведение | Прямое произведение групп | Векторное произведение
2026-08-26 11:49:07.274 I/BenchmarkBridge: [PROBE] done
2026-08-26 11:49:09.506 I/BenchmarkBridge: [PROBE] q=перечисли спутники Юпитера
2026-08-26 11:49:09.507 I/BenchmarkBridge: [PROBE] fast=miss ms=0
2026-08-26 11:49:09.507 I/RagPromptBuilder: Query: 'перечисли спутники Юпитера' -> ZIM keywords: 'спутники юпитера'
2026-08-26 11:49:09.526 I/RagPromptBuilder: List-intent: no title probes for entity='Юпитера' role='null'
2026-08-26 11:49:09.602 I/GraphWalker: walk: 0 wikilinks in 'Атмосфера_Юпитера' (depth=0)
2026-08-26 11:49:09.602 I/GraphWalker: walk seed=Атмосфера_Юпитера props=[P6, P1365, P1366, P39, P166, P26, P40, P22, P25, P3373, P50, P175, P800, P184, P802, P57, P58, P162, P36, P159, P127, P112] → 0 nodes
2026-08-26 11:49:09.603 I/RagPromptBuilder: Walker probes (entity='Юпитера', props=22): Атмосфера Юпитера
2026-08-26 11:49:09.609 I/EntityTitleProbe: Title probes (10 lookups): Юпитер(1070), Спутники Юпитера(890)
2026-08-26 11:49:09.639 I/ZimSearcher: search('спутники юпитера') estimated=5000
2026-08-26 11:49:10.011 I/ZimSearcher: search('спутники') estimated=28047
2026-08-26 11:49:10.256 I/RagPromptBuilder: Entity merge 'спутники': +20 candidates
2026-08-26 11:49:10.257 I/RagPromptBuilder: RAG: 'перечисли спутники Юпитера' candidates=41
2026-08-26 11:49:10.258 I/RagPromptBuilder: Top hits: Юпитер(s=1070)[Юпитер] | Атмосфера Юпитера(s=950)[Атмосфера_Юпитера] | Спутники Юпитера(s=890)[Спутники_Юпитера] | Спутники Урана(s=99)[Спутники_Урана] | Спутники в Солнечной системе(s=99)[Спутники_в_Солнечной_системе]
2026-08-26 11:49:10.258 I/BenchmarkBridge: [PROBE] cand=41 ms=751 titles=Юпитер | Атмосфера Юпитера | Спутники Юпитера | Спутники Урана | Спутники в Солнечной системе | Колонизация спутников Юпитера | Внутренние спутники Юпитера | Галилеевы спутники | Спутник Юпитера | Исследование Юпитера межпланетными аппаратами | Троянские астероиды Юпитера | Спутник | Внутренний спутник | Спутник-1 | Портал:Космонавтика/События дня/февраль | Портал:Космонавтика/События дня/декабрь | Портал:Космонавтика/События дня/июнь | Портал:Космонавтика/События дня/апрель | Портал:Космонавтика/События дня/март | Портал:Космонавтика/События дня/октябрь
2026-08-26 11:49:10.258 I/BenchmarkBridge: [PROBE] done
2026-08-26 11:49:12.609 I/BenchmarkBridge: [PROBE] q=кто был предшественником нынешнего мэра Тольятти
2026-08-26 11:49:12.610 I/BenchmarkBridge: [PROBE] fast=miss ms=0
2026-08-26 11:49:12.610 I/RagPromptBuilder: Query: 'кто был предшественником нынешнего мэра Тольятти' -> ZIM keywords: 'предшественником нынешнего мэра тольятти'
2026-08-26 11:49:12.673 I/GraphWalker: walk seed=Тольятти props=[P6, P1365, P1366] → 4 nodes
2026-08-26 11:49:12.673 I/RagPromptBuilder: Walker probes (entity='Тольятти', props=3): Тольятти, Илья Геннадьевич Сухих, Николай Ренц, Сергей Анташев, Сергей Андреев
2026-08-26 11:49:12.681 I/EntityTitleProbe: Title probes (16 lookups): Тольятти(1070)
2026-08-26 11:49:12.688 I/ZimSearcher: search('предшественником нынешнего мэра тольятти') estimated=5
2026-08-26 11:49:13.073 I/ZimSearcher: search('предшественником') estimated=92922
2026-08-26 11:49:13.347 I/RagPromptBuilder: Entity merge 'предшественником': +20 candidates
2026-08-26 11:49:13.348 I/RagPromptBuilder: RAG: 'кто был предшественником нынешнего мэра Тольятти' candidates=30
2026-08-26 11:49:13.349 I/RagPromptBuilder: Top hits: Тольятти(s=1000)[Тольятти] | Илья Геннадьевич Сухих(s=899)[Сухих,_Илья_Геннадьевич] | Николай Ренц(s=898)[Ренц,_Николай_Альфредович] | Сергей Анташев(s=897)[Анташев,_Сергей_Александрович] | Сергей Андреев(s=896)[Андреев,_Сергей_Игоревич]
2026-08-26 11:49:13.349 I/BenchmarkBridge: [PROBE] cand=30 ms=739 titles=Тольятти | Илья Геннадьевич Сухих | Николай Ренц | Сергей Анташев | Сергей Андреев | Воронежский трамвай | Человек-предшественник | Кумундурос, Александрос | Вогт, Йёрген Херман | Предшественник бета-амилоида | Петерсен, Ханс Кристиан | Процесс ста девяноста трёх | Сибберн, Валентин Кристиан Вильгельм | Хольст, Пал Кристиан | Мёинишен, Эрик Рёринг | Предшественник белка | Крог, Николаи Йохан Лохманн | Истурис, Франсиско Хавьер де | Фаттори, Доменико | Ланг, Жак
2026-08-26 11:49:13.349 I/BenchmarkBridge: [PROBE] done
2026-08-26 11:49:15.719 I/BenchmarkBridge: [PROBE] q=в каком регионе находится город где родился Гагарин
2026-08-26 11:49:15.720 I/FactoidAnswerer: Factoid candidate: label='Место рождения' entity='Гагарин'
2026-08-26 11:49:15.733 I/EntityTitleProbe: Title probes (5 lookups): Гагарин, Юрий Алексеевич(1070), Регион(1020), Город(1020)
2026-08-26 11:49:15.734 I/FactoidAnswerer: Factoid candidates: Гагарин, Гагарин, Юрий Алексеевич, Регион, Город
2026-08-26 11:49:15.776 I/FactoidAnswerer: Factoid HIT: Место рождения = 'деревня Клушино, Гжатский район, Западная область, РСФСР, СССР' (Гагарин)
2026-08-26 11:49:15.776 I/BenchmarkBridge: [PROBE] fast=hit ms=57 article=Гагарин field=Место рождения value=деревня Клушино, Гжатский район, Западная область, РСФСР, СССР
2026-08-26 11:49:15.776 I/RagPromptBuilder: Query: 'в каком регионе находится город где родился Гагарин' -> ZIM keywords: 'каком регионе находится город родился гагарин'
2026-08-26 11:49:15.805 I/GraphWalker: walk seed=Гагарин,_Юрий_Алексеевич props=[P6, P1365, P1366, P39, P166, P26, P40, P22, P25, P3373, P50, P175, P800, P184, P802, P57, P58, P162, P36, P159, P127, P112] → 6 nodes
2026-08-26 11:49:15.805 I/RagPromptBuilder: Walker probes (entity='Гагарин', props=22): Гагарин, Юрий Алексеевич, Герой Советского Союза, Орден Ленина, Юбилейная медаль «Двадцать лет Победы в Великой Отечественной войне 1941—1945 гг.», Медаль «За освоение целинных земель», Юбилейная медаль «40 лет Вооружённых Сил СССР», Юбилейная медаль «50 лет Вооружённых Сил СССР»
2026-08-26 11:49:15.815 I/EntityTitleProbe: Title probes (23 lookups): Гагарин, Юрий Алексеевич(1070), Регион(1020), Город(1020)
2026-08-26 11:49:15.853 I/ZimSearcher: search('каком регионе находится город родился гагарин') estimated=400
2026-08-26 11:49:16.416 I/ZimSearcher: search('находится') estimated=505230
2026-08-26 11:49:16.762 I/RagPromptBuilder: Entity merge 'находится': +20 candidates
2026-08-26 11:49:16.765 I/RagPromptBuilder: RAG: 'в каком регионе находится город где родился Гагарин' candidates=49
2026-08-26 11:49:16.765 I/RagPromptBuilder: Top hits: Город(s=1020)[Город] | Гагарин, Юрий Алексеевич(s=1000)[Гагарин,_Юрий_Алексеевич] | Регион(s=1020)[Регион] | Орден Ленина(s=899)[Орден_Ленина] | Герой Советского Союза(s=899)[Герой_Советского_Союза]
2026-08-26 11:49:16.765 I/BenchmarkBridge: [PROBE] cand=49 ms=989 titles=Город | Гагарин, Юрий Алексеевич | Регион | Орден Ленина | Герой Советского Союза | Медаль «За освоение целинных земель» | Юбилейная медаль «40 лет Вооружённых Сил СССР» | Юбилейная медаль «50 лет Вооружённых Сил СССР» | Юбилейная медаль «Двадцать лет Победы в Великой Отечественной войне 1941—1945 гг.» | Гагарин (Смоленская область) | Улица Гагарина (Томск) | Где находится нофелет? | Наход (Новгородская область) | Наход | Виллер | Битва при Находе | Озёра Уфы | Уличная скульптура в Элисте | Замок Скалы (Наход) | Покеткуб
2026-08-26 11:49:16.765 I/BenchmarkBridge: [PROBE] done
2026-08-26 11:49:18.817 I/BenchmarkBridge: [PROBE] q=сравни население Москвы и Санкт-Петербурга
2026-08-26 11:49:18.818 I/BenchmarkBridge: [PROBE] fast=miss ms=0
2026-08-26 11:49:18.818 I/RagPromptBuilder: Query: 'сравни население Москвы и Санкт-Петербурга' -> ZIM keywords: 'сравни население москвы санкт петербурга'
2026-08-26 11:49:19.485 I/GraphWalker: walk: 0 wikilinks in 'Генплан_Петербурга' (depth=0)
2026-08-26 11:49:19.485 I/GraphWalker: walk seed=Генплан_Петербурга props=[P6, P1365, P1366, P39, P166, P26, P40, P22, P25, P3373, P50, P175, P800, P184, P802, P57, P58, P162, P36, P159, P127, P112] → 0 nodes
2026-08-26 11:49:19.486 I/RagPromptBuilder: Walker probes (entity='Петербурга', props=22): Генплан Петербурга
2026-08-26 11:49:19.498 I/EntityTitleProbe: Title probes (23 lookups): Москва(1070), Санкт-Петербург(1070), Население Москвы(890)
2026-08-26 11:49:19.527 I/ZimSearcher: search('сравни население москвы санкт петербурга') estimated=300
2026-08-26 11:49:19.877 I/ZimSearcher: search('петербурга') estimated=115995
2026-08-26 11:49:20.171 I/RagPromptBuilder: Entity merge 'петербурга': +18 candidates
2026-08-26 11:49:20.174 I/RagPromptBuilder: RAG: 'сравни население Москвы и Санкт-Петербурга' candidates=42
2026-08-26 11:49:20.174 I/RagPromptBuilder: Top hits: Санкт-Петербург(s=1070)[Санкт-Петербург] | Москва(s=1070)[Москва] | Генплан Петербурга(s=950)[Генплан_Петербурга] | Население Москвы(s=890)[Население_Москвы] | Санкт-Петербург (телерадиокомпания)(s=99)[Санкт-Петербург_(телерадиокомпания)]
2026-08-26 11:49:20.174 I/BenchmarkBridge: [PROBE] cand=42 ms=1356 titles=Санкт-Петербург | Москва | Генплан Петербурга | Население Москвы | Санкт-Петербург (телерадиокомпания) | Санкт-Петербург-Витебский регион Октябрьской железной дороги | Экономика Санкт-Петербурга | Награды Санкт-Петербурга | Библиотеки Санкт-Петербурга | Уставный суд Санкт-Петербурга | Губернатор Санкт-Петербурга | Органы власти Санкт-Петербурга | Флаг Санкт-Петербурга | Экология Санкт-Петербурга | Почётный гражданин Санкт-Петербурга | Законодательное собрание Санкт-Петербурга | Матчи сборной Санкт-Петербурга по футболу (1913) | Матчи сборной Санкт-Петербурга по футболу (1902—1907) | Матчи сборной Санкт-Петербурга по футболу (1914) | Программа сохранения и развития исторического центра Санкт-Петербурга
2026-08-26 11:49:20.174 I/BenchmarkBridge: [PROBE] done
2026-08-26 11:49:21.926 I/BenchmarkBridge: [PROBE] q=почему Байкал самое глубокое озеро
2026-08-26 11:49:21.926 I/BenchmarkBridge: [PROBE] fast=miss ms=0
2026-08-26 11:49:21.927 I/RagPromptBuilder: Query: 'почему Байкал самое глубокое озеро' -> ZIM keywords: 'байкал самое глубокое озеро'
2026-08-26 11:49:21.970 I/GraphWalker: walk: 0 wikilinks in 'Байкал' (depth=0)
2026-08-26 11:49:21.970 I/GraphWalker: walk seed=Байкал props=[P6, P1365, P1366, P39, P166, P26, P40, P22, P25, P3373, P50, P175, P800, P184, P802, P57, P58, P162, P36, P159, P127, P112] → 0 nodes
2026-08-26 11:49:21.971 I/RagPromptBuilder: Walker probes (entity='Байкал', props=22): Байкал
2026-08-26 11:49:21.985 I/EntityTitleProbe: Title probes (25 lookups): Байкал(1070), Глубокое озеро(1040), Самоа(1020), Само(1020)
2026-08-26 11:49:21.998 I/ZimSearcher: search('байкал самое глубокое озеро') estimated=200
2026-08-26 11:49:22.323 I/ZimSearcher: search('глубокое') estimated=52854
2026-08-26 11:49:22.615 I/RagPromptBuilder: Entity merge 'глубокое': +19 candidates
2026-08-26 11:49:22.617 I/RagPromptBuilder: RAG: 'почему Байкал самое глубокое озеро' candidates=41
2026-08-26 11:49:22.617 I/RagPromptBuilder: Top hits: Байкал(s=1000)[Байкал] | Глубокое озеро(s=1040)[Глубокое_озеро] | Самоа(s=1020)[Самоа] | Само(s=1020)[Само] | Глубокое(s=100)[Глубокое]
2026-08-26 11:49:22.617 I/BenchmarkBridge: [PROBE] cand=41 ms=690 titles=Байкал | Глубокое озеро | Самоа | Само | Глубокое | Глубокое (город) | Глубокое обучение | Глубокое (Алтайский край) | Глубокое синее море (фильм, 1999) | Глубокое синее море 2 | Глубокое (Лужский район) | Глубокое (Опочецкий район) | Байкальская горная страна | Хронология озера Байкал | Сарма (река, впадает в Байкал) | (2776) Байкал | Глубокий | Хубсугул | Впадины континентов | Глубокая
2026-08-26 11:49:22.621 I/BenchmarkBridge: [PROBE] done
2026-08-26 11:49:25.026 I/BenchmarkBridge: [PROBE] q=как связаны Менделеев и периодическая таблица
2026-08-26 11:49:25.027 I/BenchmarkBridge: [PROBE] fast=miss ms=0
2026-08-26 11:49:25.027 I/RagPromptBuilder: Query: 'как связаны Менделеев и периодическая таблица' -> ZIM keywords: 'связаны менделеев периодическая таблица'
2026-08-26 11:49:25.069 I/GraphWalker: walk seed=Менделеев,_Дмитрий_Иванович props=[P6, P1365, P1366, P39, P166, P26, P40, P22, P25, P3373, P50, P175, P800, P184, P802, P57, P58, P162, P36, P159, P127, P112] → 6 nodes
2026-08-26 11:49:25.069 I/RagPromptBuilder: Walker probes (entity='Менделеев', props=22): Менделеев, Дмитрий Иванович, Орден Святого Владимира, Кавалер ордена Святого Александра Невского, Орден Белого орла (Российская империя), Орден Святой Анны I степени, Орден Святого Станислава (Российская империя), Орден Святой Анны II степени
2026-08-26 11:49:25.076 I/EntityTitleProbe: Title probes (14 lookups): Менделеев, Дмитрий Иванович(1070), Периодическая система химических элементов(1040), Таблица(1020), Таблиц, Богуслав(1020)
2026-08-26 11:49:25.086 I/ZimSearcher: search('связаны менделеев периодическая таблица') estimated=60
2026-08-26 11:49:25.475 I/ZimSearcher: search('периодическая') estimated=24960
2026-08-26 11:49:25.797 I/RagPromptBuilder: Entity merge 'периодическая': +18 candidates
2026-08-26 11:49:25.799 I/RagPromptBuilder: RAG: 'как связаны Менделеев и периодическая таблица' candidates=46
2026-08-26 11:49:25.799 I/RagPromptBuilder: Top hits: Таблица(s=1020)[Таблица] | Периодическая система химических элементов(s=1040)[Периодическая_система_химических_элементов] | Менделеев, Дмитрий Иванович(s=1000)[Менделеев,_Дмитрий_Иванович] | Таблиц, Богуслав(s=1020)[Таблиц,_Богуслав] | Орден Святого Владимира(s=899)[Орден_Святого_Владимира]
2026-08-26 11:49:25.799 I/BenchmarkBridge: [PROBE] cand=46 ms=772 titles=Таблица | Периодическая система химических элементов | Менделеев, Дмитрий Иванович | Таблиц, Богуслав | Орден Святого Владимира | Орден Белого орла (Российская империя) | Орден Святой Анны I степени | Орден Святой Анны II степени | Кавалер ордена Святого Александра Невского | Орден Святого Станислава (Российская империя) | Периодическая болезнь | Периодическая последовательность | Периодическая группа | Периодическая функция | Историческая еврейская периодическая печать | Почти периодическая функция | Трижды периодическая минимальная поверхность | Периодический закон | Менделеевские съезды | Периодическое издание
2026-08-26 11:49:25.799 I/BenchmarkBridge: [PROBE] done
