е родился Юрий Гагарин' candidates=47
2026-08-26 21:30:42.205 I/RagPromptBuilder: Top hits: Юрий(s=1070)[Юрий] | Гагарин, Юрий Алексеевич(s=1000)[Гагарин,_Юрий_Алексеевич] | Орден Ленина(s=899)[Орден_Ленина] | Герой Советского Союза(s=899)[Герой_Советского_Союза] | Медаль «За освоение целинных земель»(s=899)[Медаль_«За_освоение_целинных_земель»]
2026-08-26 21:30:42.205 I/BenchmarkBridge: [PROBE] cand=47 ms=618 titles=Юрий | Гагарин, Юрий Алексеевич | Орден Ленина | Герой Советского Союза | Медаль «За освоение целинных земель» | Юбилейная медаль «40 лет Вооружённых Сил СССР» | Юбилейная медаль «50 лет Вооружённых Сил СССР» | Юбилейная медаль «Двадцать лет Победы в Великой Отечественной войне 1941—1945 гг.» | Гагарина, Валентина Ивановна | Гагарина, Анна Тимофеевна | Гагарина, Галина Юрьевна | Гагарин (значения) | Гагарина, Елена Юрьевна | Юрий Гагарин в культуре и искусстве | Гагаринское поле | Гагарина | Гагаринленд | Гагарин (Смоленская область) | Памятник Юрию Гагарину (Вифлеем) | Памятник Юрию Гагарину (Рига)
2026-08-26 21:30:42.205 I/BenchmarkBridge: [PROBE] done
2026-08-26 21:30:44.634 I/BenchmarkBridge: [PROBE] q=кто автор романа Война и мир
2026-08-26 21:30:44.635 I/FactoidAnswerer: Factoid candidate: label='Автор' entity='Война'
2026-08-26 21:30:44.654 I/EntityTitleProbe: Title probes (14 lookups): Война и мир(1110), Война(1070)
2026-08-26 21:30:44.655 I/FactoidAnswerer: Factoid candidates: Война, Война и мир
2026-08-26 21:30:44.672 I/FactoidAnswerer: Factoid: 'Война' has no infobox — next candidate
2026-08-26 21:30:44.681 I/FactoidAnswerer: Factoid HIT: Автор = 'Лев Николаевич Толстой' (Война и мир)
2026-08-26 21:30:44.681 I/BenchmarkBridge: [PROBE] fast=hit ms=47 article=Война и мир field=Автор value=Лев Николаевич Толстой
2026-08-26 21:30:44.682 I/RagPromptBuilder: Query: 'кто автор романа Война и мир' -> ZIM keywords: 'автор романа война мир'
2026-08-26 21:30:44.690 I/GraphWalker: walk: 0 wikilinks in 'Война' (depth=0)
2026-08-26 21:30:44.690 I/GraphWalker: walk seed=Война props=[P50, P57, P58, P162, P175, P800, P1365, P1366] → 0 nodes
2026-08-26 21:30:44.690 I/RagPromptBuilder: Walker probes (entity='Война', props=8): Война
2026-08-26 21:30:44.693 I/EntityTitleProbe: Title probes (14 lookups): Война и мир(1110), Война(1070)
2026-08-26 21:30:44.754 I/ZimSearcher: search('автор романа война мир') estimated=20000
2026-08-26 21:30:44.977 I/ZimSearcher: search('романа') estimated=98784
2026-08-26 21:30:45.217 I/RagPromptBuilder: Entity merge 'романа': +20 candidates
2026-08-26 21:30:45.217 I/RagPromptBuilder: RAG: 'кто автор романа Война и мир' candidates=41
2026-08-26 21:30:45.218 I/RagPromptBuilder: Top hits: Война и мир(s=1110)[Война_и_мир] | Война(s=1000)[Война] | Освобождённый мир (роман)(s=100)[Освобождённый_мир_(роман)] | Библиография Романа Злотникова(s=99)[Библиография_Романа_Злотникова] | Список персонажей романа «Война и мир»(s=95)[Список_персонажей_романа_«Война_и_мир»]
2026-08-26 21:30:45.218 I/BenchmarkBridge: [PROBE] cand=41 ms=536 titles=Война и мир | Война | Освобождённый мир (роман) | Библиография Романа Злотникова | Список персонажей романа «Война и мир» | Роман (значения) | Романо | Роман | Рыцарский роман | Философский роман | Роман Мстиславич | Роман (имя) | Роман-фельетон | Шпионский роман | Список публикаций в «Роман-газете» | Юрий Иванович (писатель) | Кутузов, Роман Александрович | Производственный роман | Сосновская, Надежда Андреевна | Богословский, Роман Сергеевич
2026-08-26 21:30:45.218 I/BenchmarkBridge: [PROBE] done
2026-08-26 21:30:47.711 I/BenchmarkBridge: [PROBE] q=кто режиссёр фильма Сталкер
2026-08-26 21:30:47.712 I/FactoidAnswerer: Factoid candidate: label='Режиссёр' entity='Сталкер'
2026-08-26 21:30:47.724 I/EntityTitleProbe: Title probes (7 lookups): Сталкер(1070)
2026-08-26 21:30:47.726 I/FactoidAnswerer: Factoid candidates: Сталкер
2026-08-26 21:30:47.732 I/FactoidAnswerer: Factoid: 'Сталкер' has no infobox — next candidate
2026-08-26 21:30:47.737 I/FactoidAnswerer: Factoid: no candidate carried 'Режиссёр' — falling back to RAG
2026-08-26 21:30:47.737 I/BenchmarkBridge: [PROBE] fast=miss ms=26
2026-08-26 21:30:47.738 I/RagPromptBuilder: Query: 'кто режиссёр фильма Сталкер' -> ZIM keywords: 'режиссёр фильма сталкер'
2026-08-26 21:30:47.739 I/GraphWalker: walk: 0 wikilinks in 'Сталкер' (depth=0)
2026-08-26 21:30:47.739 I/GraphWalker: walk seed=Сталкер props=[P50, P57, P58, P162, P175, P800, P1365, P1366] → 0 nodes
2026-08-26 21:30:47.739 I/RagPromptBuilder: Walker probes (entity='Сталкер', props=8): Сталкер
2026-08-26 21:30:47.741 I/EntityTitleProbe: Title probes (7 lookups): Сталкер(1070)
2026-08-26 21:30:47.753 I/ZimSearcher: search('режиссёр фильма сталкер') estimated=600
2026-08-26 21:30:47.929 I/ZimSearcher: search('режиссёр') estimated=120708
2026-08-26 21:30:48.180 I/RagPromptBuilder: Entity merge 'режиссёр': +20 candidates
2026-08-26 21:30:48.181 I/RagPromptBuilder: RAG: 'кто режиссёр фильма Сталкер' candidates=41
2026-08-26 21:30:48.181 I/RagPromptBuilder: Top hits: Сталкер(s=1000)[Сталкер] | Сталкер (фильм)(s=99)[Сталкер_(фильм)] | Сталкер (фильм, 2023)(s=96)[Сталкер_(фильм,_2023)] | Сталкер (кинофестиваль)(s=92)[Сталкер_(кинофестиваль)] | Рерберг и Тарковский. Обратная сторона «Сталкера»(s=100)[Рерберг_и_Тарковский._Обратная_сторона_«Сталкера»]
2026-08-26 21:30:48.181 I/BenchmarkBridge: [PROBE] cand=41 ms=443 titles=Сталкер | Сталкер (фильм) | Сталкер (фильм, 2023) | Сталкер (кинофестиваль) | Рерберг и Тарковский. Обратная сторона «Сталкера» | Список фильмов киностудии «Мосфильм» | Марескотти, Ивано | Инфанти, Анджело | Уиттингем, Кен | Франко, Хесус | Дэвидсон, Адам | Турылёва, Ярослава Георгиевна | Экранизации произведений Чехова | Веледницкая, Лия Бенционовна | Данилов, Лев Стефанович | Свердловский театр драмы | Кинофестиваль в Торонто 2005 | Анимос (кинокомпания) | 7-й Венецианский кинофестиваль | Нестеров, Евгений Георгиевич
2026-08-26 21:30:48.181 I/BenchmarkBridge: [PROBE] done
2026-08-26 21:30:50.793 I/BenchmarkBridge: [PROBE] q=почему Юпитер называют газовым гигантом
2026-08-26 21:30:50.794 I/BenchmarkBridge: [PROBE] fast=miss ms=0
2026-08-26 21:30:50.794 I/RagPromptBuilder: Query: 'почему Юпитер называют газовым гигантом' -> ZIM keywords: 'юпитер называют газовым гигантом'
2026-08-26 21:30:50.821 I/GraphWalker: walk: 0 wikilinks in 'Юпитер' (depth=0)
2026-08-26 21:30:50.821 I/GraphWalker: walk seed=Юпитер props=[P6, P1365, P1366, P39, P166, P26, P40, P22, P25, P3373, P50, P175, P800, P184, P802, P57, P58, P162, P36, P159, P127, P112] → 0 nodes
2026-08-26 21:30:50.822 I/RagPromptBuilder: Walker probes (entity='Юпитер', props=22): Юпитер
2026-08-26 21:30:50.830 I/EntityTitleProbe: Title probes (13 lookups): Юпитер(1070), Гигант(1020)
2026-08-26 21:30:50.838 I/ZimSearcher: search('юпитер называют газовым гигантом') estimated=200
2026-08-26 21:30:51.064 I/ZimSearcher: search('называют') estimated=194221
2026-08-26 21:30:51.256 I/RagPromptBuilder: Entity merge 'называют': +20 candidates
2026-08-26 21:30:51.257 I/RagPromptBuilder: RAG: 'почему Юпитер называют газовым гигантом' candidates=42
2026-08-26 21:30:51.257 I/RagPromptBuilder: Top hits: Юпитер(s=1000)[Юпитер] | Гигант(s=1020)[Гигант] | То, что называют любовью(s=98)[То,_что_называют_любовью] | Газовые гиганты(s=100)[Газовые_гиганты] | Моя так называемая жизнь(s=100)[Моя_так_называемая_жизнь]
2026-08-26 21:30:51.257 I/BenchmarkBridge: [PROBE] cand=42 ms=464 titles=Юпитер | Гигант | То, что называют любовью | Газовые гиганты | Моя так называемая жизнь | Называй её дикой | Лев в геральдике | Не называй её небесной | Не называй меня малышкой | Премия Харви (комиксы) | Как вас теперь называть? | Этнонимы греков | Завоевание Перу, называемого Новая Кастилия | По поводу так называемого вопроса о рынках | Физика колебаний и волн | Decretum Gelasianum | Многоугольник | Ломаная | Формальная система | Расширение поля
2026-08-26 21:30:51.257 I/BenchmarkBridge: [PROBE] done
2026-08-26 21:30:53.859 I/BenchmarkBridge: [PROBE] q=из чего состоит атмосфера Марса
2026-08-26 21:30:53.860 I/BenchmarkBridge: [PROBE] fast=miss ms=0
2026-08-26 21:30:53.860 I/RagPromptBuilder: Query: 'из чего состоит атмосфера Марса' -> ZIM keywords: 'чего состоит атмосфера марса'
2026-08-26 21:30:53.871 I/GraphWalker: walk: 0 wikilinks in 'Марса' (depth=0)
2026-08-26 21:30:53.871 I/GraphWalker: walk seed=Марса props=[P6, P1365, P1366, P39, P166, P26, P40, P22, P25, P3373, P50, P175, P800, P184, P802, P57, P58, P162, P36, P159, P127, P112] → 0 nodes
2026-08-26 21:30:53.872 I/RagPromptBuilder: Walker probes (entity='Марса', props=22): Марса
2026-08-26 21:30:53.882 I/EntityTitleProbe: Title probes (10 lookups): Марса(1070), Марс(1070), Атмосфера Марса(890)
2026-08-26 21:30:53.898 I/ZimSearcher: search('чего состоит атмосфера марса') estimated=300
2026-08-26 21:30:54.140 I/ZimSearcher: search('атмосфера') estimated=21862
2026-08-26 21:30:54.336 I/RagPromptBuilder: Entity merge 'атмосфера': +19 candidates
2026-08-26 21:30:54.337 I/RagPromptBuilder: RAG: 'из чего состоит атмосфера Марса' candidates=40
2026-08-26 21:30:54.337 I/RagPromptBuilder: Top hits: Марса(s=1000)[Марса] | Марс(s=1070)[Марс] | Атмосфера Марса(s=890)[Атмосфера_Марса] | Атмосфера(s=100)[Атмосфера] | Атмосфера Земли(s=99)[Атмосфера_Земли]
2026-08-26 21:30:54.337 I/BenchmarkBridge: [PROBE] cand=40 ms=477 titles=Марса | Марс | Атмосфера Марса | Атмосфера | Атмосфера Земли | Атмосфера Титана | Атмосфера Венеры | Атмосфера (эстетика) | Атмосфера Юпитера | Атмосфера Плутона | Терраформирование Марса | Звёздная атмосфера | Химия атмосферы | Физика атмосферы | Колонизация Марса | Диссипация атмосфер планет | Общая циркуляция атмосферы | Циркуляция атмосферы | Экология атмосферы | Вход в атмосферу
2026-08-26 21:30:54.337 I/BenchmarkBridge: [PROBE] done
2026-08-26 21:30:56.930 I/BenchmarkBridge: [PROBE] q=кто открыл пенициллин
2026-08-26 21:30:56.931 I/BenchmarkBridge: [PROBE] fast=miss ms=0
2026-08-26 21:30:56.931 I/RagPromptBuilder: Query: 'кто открыл пенициллин' -> ZIM keywords: 'открыл пенициллин'
2026-08-26 21:30:56.936 I/EntityTitleProbe: Title probes (2 lookups): Бензилпенициллин(1020)
2026-08-26 21:30:56.941 I/ZimSearcher: search('открыл пенициллин') estimated=200
2026-08-26 21:30:57.079 I/ZimSearcher: search('пенициллин') estimated=589
2026-08-26 21:30:57.178 I/RagPromptBuilder: Entity merge 'пенициллин': +16 candidates
2026-08-26 21:30:57.179 I/RagPromptBuilder: RAG: 'кто открыл пенициллин' candidates=37
2026-08-26 21:30:57.179 I/RagPromptBuilder: Top hits: Бензилпенициллин(s=1020)[Бензилпенициллин] | Пенициллины(s=100)[Пенициллины] | Пенициллин (комплекс артразведки)(s=99)[Пенициллин_(комплекс_артразведки)] | Пенициллин (значения)(s=95)[Пенициллин_(значения)] | Пенициллин-связывающие белки(s=90)[Пенициллин-связывающие_белки]
2026-08-26 21:30:57.179 I/BenchmarkBridge: [PROBE] cand=37 ms=248 titles=Бензилпенициллин | Пенициллины | Пенициллин (комплекс артразведки) | Пенициллин (значения) | Пенициллин-связывающие белки | Операция «Пенициллин» | Феноксиметилпенициллин | Флеминг, Александр | Хитли, Норман | Балезина, Тамара Иосифовна | Метициллин | Зейфман, Вил Иосифович | Ампициллин | Оксациллин | Хобби, Глэдис Лаунсбери | Бета-лактамные антибиотики | Шихан, Джон Кларк | Ингибиторы бета-лактамаз | Ермольева, Зинаида Виссарионовна | Beecham
2026-08-26 21:30:57.179 I/BenchmarkBridge: [PROBE] done
2026-08-26 21:31:00.008 I/BenchmarkBridge: [PROBE] q=что такое фотосинтез
2026-08-26 21:31:00.009 I/BenchmarkBridge: [PROBE] fast=miss ms=0
2026-08-26 21:31:00.009 I/RagPromptBuilder: Query: 'что такое фотосинтез' -> ZIM keywords: 'такое фотосинтез'
2026-08-26 21:31:00.013 I/EntityTitleProbe: Title probes (1 lookups): Фотосинтез(1020)
2026-08-26 21:31:00.032 I/ZimSearcher: search('такое фотосинтез') estimated=700
2026-08-26 21:31:00.172 I/ZimSearcher: search('фотосинтез') estimated=965
2026-08-26 21:31:00.267 I/RagPromptBuilder: Entity merge 'фотосинтез': +9 candidates
2026-08-26 21:31:00.267 I/RagPromptBuilder: RAG: 'что такое фотосинтез' candidates=29
2026-08-26 21:31:00.267 I/RagPromptBuilder: Top hits: Фотосинтез(s=1020)[Фотосинтез] | C4-фотосинтез(s=100)[C4-фотосинтез] | CAM-фотосинтез(s=99)[CAM-фотосинтез] | Эффективность фотосинтеза(s=98)[Эффективность_фотосинтеза] | Эволюция фотосинтеза(s=98)[Эволюция_фотосинтеза]
2026-08-26 21:31:00.267 I/BenchmarkBridge: [PROBE] cand=29 ms=259 titles=Фотосинтез | C4-фотосинтез | CAM-фотосинтез | Эффективность фотосинтеза | Эволюция фотосинтеза | Аноксигенный фотосинтез | Спектр действия фотосинтеза | Электронотранспортная цепь фотосинтеза | Кривая светового насыщения фотосинтеза | Искусственный фотосинтез | C3-фотосинтез | Реакция Хилла | Карпилов, Юрий Соломонович | Комиссаров, Геннадий Германович | Мокроносов, Адольф Трофимович | Шувалов, Владимир Анатольевич | Световая точка компенсации | Эффект Эмерсона | Фотодыхание | Точка компенсации СО2
2026-08-26 21:31:00.267 I/BenchmarkBridge: [PROBE] done
2026-08-26 21:31:03.062 I/BenchmarkBridge: [PROBE] q=когда началась Вторая мировая война
2026-08-26 21:31:03.063 I/BenchmarkBridge: [PROBE] fast=miss ms=0
2026-08-26 21:31:03.063 I/RagPromptBuilder: Query: 'когда началась Вторая мировая война' -> ZIM keywords: 'началась вторая мировая война'
2026-08-26 21:31:03.070 I/GraphWalker: walk: 0 wikilinks in 'Вторая' (depth=0)
2026-08-26 21:31:03.070 I/GraphWalker: walk seed=Вторая props=[P6, P1365, P1366, P39, P166, P26, P40, P22, P25, P3373, P50, P175, P800, P184, P802, P57, P58, P162, P36, P159, P127, P112] → 0 nodes
2026-08-26 21:31:03.070 I/RagPromptBuilder: Walker probes (entity='Вторая', props=22): Вторая
2026-08-26 21:31:03.079 I/EntityTitleProbe: Title probes (15 lookups): Вторая мировая война(1110), Вторая(1070), Мировая война(1040), Война(1020)
2026-08-26 21:31:03.139 I/ZimSearcher: search('началась вторая мировая война') estimated=20000
2026-08-26 21:31:03.545 I/ZimSearcher: search('началась') estimated=467255
2026-08-26 21:31:03.911 I/RagPromptBuilder: Entity merge 'началась': +20 candidates
2026-08-26 21:31:03.911 I/RagPromptBuilder: RAG: 'когда началась Вторая мировая война' candidates=42
2026-08-26 21:31:03.911 I/RagPromptBuilder: Top hits: Война(s=1020)[Война] | Вторая мировая война(s=1110)[Вторая_мировая_война] | Вторая(s=1000)[Вторая] | Мировая война(s=1040)[Мировая_война] | Вторая мировая война на море(s=98)[Вторая_мировая_война_на_море]
2026-08-26 21:31:03.911 I/BenchmarkBridge: [PROBE] cand=42 ms=849 titles=Война | Вторая мировая война | Вторая | Мировая война | Вторая мировая война на море | Вторая мировая война (серия книг) | Вторая мировая война (значения) | Маки (Вторая мировая война) | Восточноафриканская кампания (Вторая мировая война) | Портал:Вторая мировая война | Портал:Вторая мировая война/Знаете ли вы/Текущая подборка | Трофейное искусство (Вторая мировая война) | Битва за Лос-Анджелес (Вторая мировая война) | 2-я армия (Италия, Вторая мировая война) | Латинская Ось (Вторая мировая война) | Портал:Первая мировая война | Начало Века | Британские экспедиционные силы (Вторая мировая война) | Третья мировая война | Начало начал
2026-08-26 21:31:03.911 I/BenchmarkBridge: [PROBE] done
2026-08-26 21:31:06.136 I/BenchmarkBridge: [PROBE] q=чем знаменит Большое красное пятно
2026-08-26 21:31:06.137 I/BenchmarkBridge: [PROBE] fast=miss ms=0
2026-08-26 21:31:06.137 I/RagPromptBuilder: Query: 'чем знаменит Большое красное пятно' -> ZIM keywords: 'чем знаменит большое красное пятно'
2026-08-26 21:31:06.152 I/GraphWalker: walk: 0 wikilinks in 'Большое' (depth=0)
2026-08-26 21:31:06.152 I/GraphWalker: walk seed=Большое props=[P6, P1365, P1366, P39, P166, P26, P40, P22, P25, P3373, P50, P175, P800, P184, P802, P57, P58, P162, P36, P159, P127, P112] → 0 nodes
2026-08-26 21:31:06.152 I/RagPromptBuilder: Walker probes (entity='Большое', props=22): Большое
2026-08-26 21:31:06.163 I/EntityTitleProbe: Title probes (20 lookups): Большое красное пятно(1110), Большое(1070), Красное(1020), Красно(1020)
2026-08-26 21:31:06.178 I/ZimSearcher: search('чем знаменит большое красное пятно') estimated=200
2026-08-26 21:31:06.439 I/ZimSearcher: search('знаменит') estimated=51485
2026-08-26 21:31:06.625 I/RagPromptBuilder: Entity merge 'знаменит': +20 candidates
2026-08-26 21:31:06.626 I/RagPromptBuilder: RAG: 'чем знаменит Большое красное пятно' candidates=44
2026-08-26 21:31:06.626 I/RagPromptBuilder: Top hits: Красное(s=1020)[Красное] | Большое красное пятно(s=1110)[Большое_красное_пятно] | Большое(s=1000)[Большое] | Красно(s=1020)[Красно] | Я почти знаменит(s=99)[Я_почти_знаменит]
2026-08-26 21:31:06.626 I/BenchmarkBridge: [PROBE] cand=44 ms=489 titles=Красное | Большое красное пятно | Большое | Красно | Я почти знаменит | Красочная жизнь | Храм иконы Божией Матери «Знамение» | Знаменное пение | Крестное знамение | Знамённые ряды | Орден Красного Знамени | Орден Трудового Красного Знамени | Армия Зелёного знамени | Знамение Божией Матери | Под знаменем марксизма | Орден Красного Знамени (Монголия) | Летописец небесных знамений | Благие знамения | Новгородская икона Знамения Пресвятой Богородицы | Церковь иконы Божией Матери «Знамение» на Шереметевом дворе
2026-08-26 21:31:06.626 I/BenchmarkBridge: [PROBE] done
2026-08-26 21:31:09.213 I/BenchmarkBridge: [PROBE] q=что производит АвтоВАЗ
2026-08-26 21:31:09.213 I/BenchmarkBridge: [PROBE] fast=miss ms=0
2026-08-26 21:31:09.214 I/RagPromptBuilder: Query: 'что производит АвтоВАЗ' -> ZIM keywords: 'производит автоваз'
2026-08-26 21:31:09.317 I/GraphWalker: walk seed=АвтоВАЗ props=[P6, P1365, P1366, P39, P166, P26, P40, P22, P25, P3373, P50, P175, P800, P184, P802, P57, P58, P162, P36, P159, P127, P112] → 6 nodes
2026-08-26 21:31:09.317 I/RagPromptBuilder: Walker probes (entity='АвтоВАЗ', props=22): АвтоВАЗ, Россия, Тольятти, ЦК КПСС, Совет министров СССР, Москва, Илья Геннадьевич Сухих
2026-08-26 21:31:09.321 I/EntityTitleProbe: Title probes (2 lookups): АвтоВАЗ(1070)
2026-08-26 21:31:09.326 I/ZimSearcher: search('производит автоваз') estimated=300
2026-08-26 21:31:09.518 I/ZimSearcher: search('производит') estimated=56978
2026-08-26 21:31:09.728 I/RagPromptBuilder: Entity merge 'производит': +20 candidates
2026-08-26 21:31:09.728 I/RagPromptBuilder: RAG: 'что производит АвтоВАЗ' candidates=46
2026-08-26 21:31:09.728 I/RagPromptBuilder: Top hits: АвтоВАЗ(s=1000)[АвтоВАЗ] | Россия(s=899)[Россия] | Тольятти(s=899)[Тольятти] | ЦК КПСС(s=899)[ЦК_КПСС] | Совет министров СССР(s=899)[Совет_министров_СССР]
2026-08-26 21:31:09.728 I/BenchmarkBridge: [PROBE] cand=46 ms=515 titles=АвтоВАЗ | Россия | Тольятти | ЦК КПСС | Совет министров СССР | Москва | Илья Геннадьевич Сухих | Производить или покупать | Национальная гоночная серия «АВТОВАЗ» | Нива (автомобиль) | Список итальянских вин категории DOC | Meopta | Denominazione di origine controllata e garantita | Плёночные фотоаппараты Kodak | Промышленность Новой Аквитании | Список настоек, производившихся в СССР | Военно-промышленный комплекс Франции | Список пуншей, производившихся в СССР | КАвЗ-4238 «Аврора» | Welta
2026-08-26 21:31:09.728 I/BenchmarkBridge: [PROBE] done
2026-08-26 21:31:12.287 I/BenchmarkBridge: [PROBE] q=какой автозавод расположен в Тольятти
2026-08-26 21:31:12.288 I/BenchmarkBridge: [PROBE] fast=miss ms=1
2026-08-26 21:31:12.288 I/RagPromptBuilder: Query: 'какой автозавод расположен в Тольятти' -> ZIM keywords: 'автозавод расположен тольятти'
2026-08-26 21:31:12.364 I/GraphWalker: walk: 0 wikilinks in 'Заслуженный_врач_Российской_Федерации' (depth=3)
2026-08-26 21:31:12.371 I/GraphWalker: walk seed=Тольятти props=[P6, P1365, P1366, P39, P166, P26, P40, P22, P25, P3373, P50, P175, P800, P184, P802, P57, P58, P162, P36, P159, P127, P112] → 5 nodes
2026-08-26 21:31:12.371 I/RagPromptBuilder: Walker probes (entity='Тольятти', props=22): Тольятти, Илья Геннадьевич Сухих, Николай Ренц, Заслуженный врач Российской Федерации, Сергей Анташев, Сергей Андреев
2026-08-26 21:31:12.377 I/EntityTitleProbe: Title probes (10 lookups): Тольятти(1070), Автомобильная промышленность(1020)
2026-08-26 21:31:12.382 I/ZimSearcher: search('автозавод расположен тольятти') estimated=40
2026-08-26 21:31:12.752 I/ZimSearcher: search('расположен') estimated=249807
2026-08-26 21:31:12.959 I/RagPromptBuilder: Entity merge 'расположен': +20 candidates
2026-08-26 21:31:12.959 I/RagPromptBuilder: RAG: 'какой автозавод расположен в Тольятти' candidates=46
2026-08-26 21:31:12.959 I/RagPromptBuilder: Top hits: Тольятти(s=1000)[Тольятти] | Автомобильная промышленность(s=1020)[Автомобильная_промышленность] | Илья Геннадьевич Сухих(s=899)[Сухих,_Илья_Геннадьевич] | Николай Ренц(s=898)[Ренц,_Николай_Альфредович] | Сергей Анташев(s=897)[Анташев,_Сергей_Александрович]
2026-08-26 21:31:12.959 I/BenchmarkBridge: [PROBE] cand=46 ms=671 titles=Тольятти | Автомобильная промышленность | Илья Геннадьевич Сухих | Николай Ренц | Сергей Анташев | Заслуженный врач Российской Федерации | Сергей Андреев | Тольятти (станция) | Автозаводский район (Тольятти) | Тольяттинский троллейбус | Список озёр и водохранилищ Монтаны | Заозёрный (Курган) | Хузестан | Список мечетей Баку | Список высших учебных заведений Киева | Тираспольский монетный двор | Эттербек | Площади Севастополя | Исфахан (остан) | Русские и советские памятники в Софийской области
2026-08-26 21:31:12.959 I/BenchmarkBridge: [PROBE] done
2026-08-26 21:31:15.365 I/BenchmarkBridge: [PROBE] q=перечисли мэров Тольятти
2026-08-26 21:31:15.366 I/BenchmarkBridge: [PROBE] fast=miss ms=0
2026-08-26 21:31:15.367 I/RagPromptBuilder: Query: 'перечисли мэров Тольятти' -> ZIM keywords: 'мэров тольятти'
2026-08-26 21:31:15.405 I/ZimSearcher: lookupRaw 'Градоначальники Тольятти' redirect=false path='Градоначальники_Тольятти' bodyLen=18062
2026-08-26 21:31:15.405 I/RagPromptBuilder: List article FOUND: 'Градоначальники Тольятти' (bodyLen=18062)
2026-08-26 21:31:15.456 I/RagPromptBuilder: List probes (entity='Тольятти', role='Мэры'): Градоначальники Тольятти, История Тольятти
2026-08-26 21:31:15.516 I/GraphWalker: walk seed=Тольятти props=[P6, P1365, P1366] → 4 nodes
2026-08-26 21:31:15.516 I/RagPromptBuilder: Walker probes (entity='Тольятти', props=3): Тольятти, Илья Геннадьевич Сухих, Николай Ренц, Сергей Анташев, Сергей Андреев
2026-08-26 21:31:15.521 I/EntityTitleProbe: Title probes (12 lookups): Тольятти(1070)
2026-08-26 21:31:15.530 I/ZimSearcher: search('мэров тольятти') estimated=700
2026-08-26 21:31:15.679 I/ZimSearcher: search('тольятти') estimated=5796
2026-08-26 21:31:15.902 I/RagPromptBuilder: Entity merge 'тольятти': +14 candidates
2026-08-26 21:31:15.902 I/RagPromptBuilder: RAG: 'перечисли мэров Тольятти' candidates=37
2026-08-26 21:31:15.902 I/RagPromptBuilder: Top hits: Градоначальники Тольятти(s=2000)[Градоначальники_Тольятти] | Тольятти(s=1000)[Тольятти] | История Тольятти(s=1000)[История_Тольятти] | Илья Геннадьевич Сухих(s=899)[Сухих,_Илья_Геннадьевич] | Николай Ренц(s=898)[Ренц,_Николай_Альфредович]
2026-08-26 21:31:15.902 I/BenchmarkBridge: [PROBE] cand=37 ms=536 titles=Градоначальники Тольятти | Тольятти | История Тольятти | Илья Геннадьевич Сухих | Николай Ренц | Сергей Анташев | Сергей Андреев | Тольятти 24 | Тольятти, Пальмиро | Тольятти (станция) | Тольятти (особая экономическая зона) | Тольяттинский театр кукол | Спорт в Тольятти | Памятники Тольятти | Лада-Тольятти | Официальные символы Тольятти | Взрыв автобуса в Тольятти | Храмы Тольятти | ТОР «Тольятти» | Колесо (театр, Тольятти)
2026-08-26 21:31:15.902 I/BenchmarkBridge: [PROBE] done
2026-08-26 21:31:18.449 I/BenchmarkBridge: [PROBE] q=назови планеты Солнечной системы
2026-08-26 21:31:18.449 I/BenchmarkBridge: [PROBE] fast=miss ms=0
2026-08-26 21:31:18.450 I/RagPromptBuilder: Query: 'назови планеты Солнечной системы' -> ZIM keywords: 'планеты солнечной системы'
2026-08-26 21:31:18.514 I/GraphWalker: walk: 0 wikilinks in 'Вспышка_солнечной_активности' (depth=0)
2026-08-26 21:31:18.514 I/GraphWalker: walk seed=Вспышка_солнечной_активности props=[P6, P1365, P1366, P39, P166, P26, P40, P22, P25, P3373, P50, P175, P800, P184, P802, P57, P58, P162, P36, P159, P127, P112] → 0 nodes
2026-08-26 21:31:18.514 I/RagPromptBuilder: Walker probes (entity='Солнечной', props=22): Вспышка солнечной активности
2026-08-26 21:31:18.524 I/EntityTitleProbe: Title probes (24 lookups): Планеты Солнечной системы(1110), Солнечная система(1090), Солнечная(1070), Планета(1020)
2026-08-26 21:31:18.576 I/ZimSearcher: search('планеты солнечной системы') estimated=7000
2026-08-26 21:31:18.785 I/ZimSearcher: search('солнечной') estimated=12659
2026-08-26 21:31:18.983 I/RagPromptBuilder: Entity merge 'солнечной': +13 candidates
2026-08-26 21:31:18.984 I/RagPromptBuilder: RAG: 'назови планеты Солнечной системы' candidates=37
2026-08-26 21:31:18.984 I/RagPromptBuilder: Top hits: Планеты Солнечной системы(s=1110)[Планеты_Солнечной_системы] | Солнечная система(s=1090)[Солнечная_система] | Солнечная(s=1070)[Солнечная] | Планета(s=1020)[Планета] | Вспышка солнечной активности(s=950)[Вспышка_солнечной_активности]
2026-08-26 21:31:18.984 I/BenchmarkBridge: [PROBE] cand=37 ms=535 titles=Планеты Солнечной системы | Солнечная система | Солнечная | Планета | Вспышка солнечной активности | Планеты-гиганты | Планеты (сериал) | Устойчивость Солнечной системы | 20-й цикл солнечной активности | Малые тела Солнечной системы | 19-й цикл солнечной активности | 23-й цикл солнечной активности | 24-й цикл солнечной активности | Список циклов солнечной активности | 25-й цикл солнечной активности | 22-й цикл солнечной активности | На солнечной стороне улицы | Серенада солнечной долины | История исследования Солнечной системы | Формирование и эволюция Солнечной системы
2026-08-26 21:31:18.984 I/BenchmarkBridge: [PROBE] done
2026-08-26 21:31:21.528 I/BenchmarkBridge: [PROBE] q=какие есть океаны на Земле
2026-08-26 21:31:21.528 I/BenchmarkBridge: [PROBE] fast=miss ms=0
2026-08-26 21:31:21.529 I/RagPromptBuilder: Query: 'какие есть океаны на Земле' -> ZIM keywords: 'океаны земле'
2026-08-26 21:31:21.588 I/RagPromptBuilder: List probes (entity='Земле', role='null'): Земля Королевы Мэри, История жизни на Земле, Хронология первых искусственных спутников Земли по странам
2026-08-26 21:31:22.385 I/GraphWalker: walk: 0 wikilinks in 'На_земле' (depth=0)
2026-08-26 21:31:22.385 I/GraphWalker: walk seed=На_земле props=[P6, P1365, P1366, P39, P166, P26, P40, P22, P25, P3373, P50, P175, P800, P184, P802, P57, P58, P162, P36, P159, P127, P112] → 0 nodes
2026-08-26 21:31:22.385 I/RagPromptBuilder: Walker probes (entity='Земле', props=22): На земле
2026-08-26 21:31:22.390 I/EntityTitleProbe: Title probes (8 lookups): Мировой океан(1020), (224) Океана(1020), Океан(1020)
2026-08-26 21:31:22.429 I/ZimSearcher: search('океаны земле') estimated=10000
2026-08-26 21:31:22.726 I/ZimSearcher: search('океаны') estimated=31268
2026-08-26 21:31:22.967 I/RagPromptBuilder: Entity merge 'океаны': +11 candidates
2026-08-26 21:31:22.967 I/RagPromptBuilder: RAG: 'какие есть океаны на Земле' candidates=35
2026-08-26 21:31:22.967 I/RagPromptBuilder: Top hits: Мировой океан(s=1020)[Мировой_океан] | (224) Океана(s=1020)[(224)_Океана] | Океан(s=1020)[Океан] | На земле(s=950)[На_земле] | История жизни на Земле(s=950)[История_жизни_на_Земле]
2026-08-26 21:31:22.967 I/BenchmarkBridge: [PROBE] cand=35 ms=1439 titles=Мировой океан | (224) Океана | Океан | На земле | История жизни на Земле | Земля Королевы Мэри | Хронология первых искусственных спутников Земли по странам | Древние океаны | Экстремумы на Земле | Земля (альбом «Океана Ельзи») | Южный океан | Океан (значения) | Океан (завод) | Мировой океан (мифология) | Музей Мирового океана | Океан-О (космический аппарат) | Океан (детский лагерь) | Океан Ельзи | Океан (мифология) | Океан (фильм, 2008)
2026-08-26 21:31:22.967 I/BenchmarkBridge: [PROBE] done
2026-08-26 21:31:24.589 I/BenchmarkBridge: [PROBE] q=перечисли произведения Достоевского
2026-08-26 21:31:24.590 I/BenchmarkBridge: [PROBE] fast=miss ms=0
2026-08-26 21:31:24.590 I/RagPromptBuilder: Query: 'перечисли произведения Достоевского' -> ZIM keywords: 'произведения достоевского'
2026-08-26 21:31:24.607 I/RagPromptBuilder: List-intent: no title probes for entity='Достоевского' role='null'
2026-08-26 21:31:24.714 I/GraphWalker: walk: 0 wikilinks in 'Достоевского,_переулок' (depth=0)
2026-08-26 21:31:24.714 I/GraphWalker: walk seed=Достоевского,_переулок props=[P6, P1365, P1366, P39, P166, P26, P40, P22, P25, P3373, P50, P175, P800, P184, P802, P57, P58, P162, P36, P159, P127, P112] → 0 nodes
2026-08-26 21:31:24.714 I/RagPromptBuilder: Walker probes (entity='Достоевского', props=22): Достоевского, переулок
2026-08-26 21:31:24.716 I/EntityTitleProbe: Title probes (12 lookups): Достоевский, Фёдор Михайлович(1070)
2026-08-26 21:31:24.736 I/ZimSearcher: search('произведения достоевского') estimated=4000
2026-08-26 21:31:24.977 I/ZimSearcher: search('произведения') estimated=125279
2026-08-26 21:31:25.224 I/RagPromptBuilder: Entity merge 'произведения': +20 candidates
2026-08-26 21:31:25.224 I/RagPromptBuilder: RAG: 'перечисли произведения Достоевского' candidates=42
2026-08-26 21:31:25.224 I/RagPromptBuilder: Top hits: Достоевский, Фёдор Михайлович(s=1070)[Достоевский,_Фёдор_Михайлович] | Достоевского, переулок(s=950)[Достоевского,_переулок] | Произведения векторов(s=99)[Произведения_векторов] | Экранизации произведений Фёдора Достоевского(s=100)[Экранизации_произведений_Фёдора_Достоевского] | Украденные произведения искусства(s=99)[Украденные_произведения_искусства]
2026-08-26 21:31:25.224 I/BenchmarkBridge: [PROBE] cand=42 ms=634 titles=Достоевский, Фёдор Михайлович | Достоевского, переулок | Произведения векторов | Экранизации произведений Фёдора Достоевского | Украденные произведения искусства | Атрибуция произведения | Авторское право на служебные произведения | Двойник (повесть Достоевского) | Реализм Достоевского | Романист (замысел Достоевского) | Атеизм (замысел Достоевского) | Неосуществлённые замыслы Достоевского | Оценка творчества Достоевского современниками | Свободное использование произведений | Прямое произведение | Тип-произведение | Аудиовизуальное произведение | Скалярное произведение | Прямое произведение групп | Векторное произведение
2026-08-26 21:31:25.224 I/BenchmarkBridge: [PROBE] done
2026-08-26 21:31:27.665 I/BenchmarkBridge: [PROBE] q=перечисли спутники Юпитера
2026-08-26 21:31:27.666 I/BenchmarkBridge: [PROBE] fast=miss ms=0
2026-08-26 21:31:27.666 I/RagPromptBuilder: Query: 'перечисли спутники Юпитера' -> ZIM keywords: 'спутники юпитера'
2026-08-26 21:31:27.687 I/RagPromptBuilder: List-intent: no title probes for entity='Юпитера' role='null'
2026-08-26 21:31:27.793 I/GraphWalker: walk: 0 wikilinks in 'Атмосфера_Юпитера' (depth=0)
2026-08-26 21:31:27.794 I/GraphWalker: walk seed=Атмосфера_Юпитера props=[P6, P1365, P1366, P39, P166, P26, P40, P22, P25, P3373, P50, P175, P800, P184, P802, P57, P58, P162, P36, P159, P127, P112] → 0 nodes
2026-08-26 21:31:27.794 I/RagPromptBuilder: Walker probes (entity='Юпитера', props=22): Атмосфера Юпитера
2026-08-26 21:31:27.797 I/EntityTitleProbe: Title probes (10 lookups): Юпитер(1070), Спутники Юпитера(890)
2026-08-26 21:31:27.821 I/ZimSearcher: search('спутники юпитера') estimated=5000
2026-08-26 21:31:28.075 I/ZimSearcher: search('спутники') estimated=28047
2026-08-26 21:31:28.253 I/RagPromptBuilder: Entity merge 'спутники': +20 candidates
2026-08-26 21:31:28.253 I/RagPromptBuilder: RAG: 'перечисли спутники Юпитера' candidates=41
2026-08-26 21:31:28.253 I/RagPromptBuilder: Top hits: Юпитер(s=1070)[Юпитер] | Атмосфера Юпитера(s=950)[Атмосфера_Юпитера] | Спутники Юпитера(s=890)[Спутники_Юпитера] | Спутники Урана(s=99)[Спутники_Урана] | Спутники в Солнечной системе(s=99)[Спутники_в_Солнечной_системе]
2026-08-26 21:31:28.253 I/BenchmarkBridge: [PROBE] cand=41 ms=588 titles=Юпитер | Атмосфера Юпитера | Спутники Юпитера | Спутники Урана | Спутники в Солнечной системе | Колонизация спутников Юпитера | Внутренние спутники Юпитера | Галилеевы спутники | Спутник Юпитера | Исследование Юпитера межпланетными аппаратами | Троянские астероиды Юпитера | Спутник | Внутренний спутник | Спутник-1 | Портал:Космонавтика/События дня/февраль | Портал:Космонавтика/События дня/декабрь | Портал:Космонавтика/События дня/июнь | Портал:Космонавтика/События дня/апрель | Портал:Космонавтика/События дня/март | Портал:Космонавтика/События дня/октябрь
2026-08-26 21:31:28.254 I/BenchmarkBridge: [PROBE] done
2026-08-26 21:31:30.745 I/BenchmarkBridge: [PROBE] q=кто был предшественником нынешнего мэра Тольятти
2026-08-26 21:31:30.745 I/BenchmarkBridge: [PROBE] fast=miss ms=0
2026-08-26 21:31:30.746 I/RagPromptBuilder: Query: 'кто был предшественником нынешнего мэра Тольятти' -> ZIM keywords: 'предшественником нынешнего мэра тольятти'
2026-08-26 21:31:30.780 I/GraphWalker: walk seed=Тольятти props=[P6, P1365, P1366] → 4 nodes
2026-08-26 21:31:30.780 I/RagPromptBuilder: Walker probes (entity='Тольятти', props=3): Тольятти, Илья Геннадьевич Сухих, Николай Ренц, Сергей Анташев, Сергей Андреев
2026-08-26 21:31:30.785 I/EntityTitleProbe: Title probes (16 lookups): Тольятти(1070)
2026-08-26 21:31:30.789 I/ZimSearcher: search('предшественником нынешнего мэра тольятти') estimated=5
2026-08-26 21:31:31.033 I/ZimSearcher: search('предшественником') estimated=92922
2026-08-26 21:31:31.217 I/RagPromptBuilder: Entity merge 'предшественником': +20 candidates
2026-08-26 21:31:31.218 I/RagPromptBuilder: RAG: 'кто был предшественником нынешнего мэра Тольятти' candidates=30
2026-08-26 21:31:31.218 I/RagPromptBuilder: Top hits: Тольятти(s=1000)[Тольятти] | Илья Геннадьевич Сухих(s=899)[Сухих,_Илья_Геннадьевич] | Николай Ренц(s=898)[Ренц,_Николай_Альфредович] | Сергей Анташев(s=897)[Анташев,_Сергей_Александрович] | Сергей Андреев(s=896)[Андреев,_Сергей_Игоревич]
2026-08-26 21:31:31.218 I/BenchmarkBridge: [PROBE] cand=30 ms=472 titles=Тольятти | Илья Геннадьевич Сухих | Николай Ренц | Сергей Анташев | Сергей Андреев | Воронежский трамвай | Человек-предшественник | Кумундурос, Александрос | Вогт, Йёрген Херман | Предшественник бета-амилоида | Петерсен, Ханс Кристиан | Процесс ста девяноста трёх | Сибберн, Валентин Кристиан Вильгельм | Хольст, Пал Кристиан | Мёинишен, Эрик Рёринг | Предшественник белка | Крог, Николаи Йохан Лохманн | Истурис, Франсиско Хавьер де | Фаттори, Доменико | Ланг, Жак
2026-08-26 21:31:31.218 I/BenchmarkBridge: [PROBE] done
2026-08-26 21:31:33.824 I/BenchmarkBridge: [PROBE] q=в каком регионе находится город где родился Гагарин
2026-08-26 21:31:33.825 I/FactoidAnswerer: Factoid candidate: label='Место рождения' entity='Гагарин'
2026-08-26 21:31:33.838 I/EntityTitleProbe: Title probes (5 lookups): Гагарин, Юрий Алексеевич(1070), Регион(1020), Город(1020)
2026-08-26 21:31:33.839 I/FactoidAnswerer: Factoid candidates: Гагарин, Гагарин, Юрий Алексеевич, Регион, Город
2026-08-26 21:31:33.864 I/FactoidAnswerer: Factoid HIT: Место рождения = 'деревня Клушино, Гжатский район, Западная область, РСФСР, СССР' (Гагарин)
2026-08-26 21:31:33.864 I/BenchmarkBridge: [PROBE] fast=hit ms=40 article=Гагарин field=Место рождения value=деревня Клушино, Гжатский район, Западная область, РСФСР, СССР
2026-08-26 21:31:33.864 I/RagPromptBuilder: Query: 'в каком регионе находится город где родился Гагарин' -> ZIM keywords: 'каком регионе находится город родился гагарин'
2026-08-26 21:31:33.877 I/GraphWalker: walk seed=Гагарин,_Юрий_Алексеевич props=[P6, P1365, P1366, P39, P166, P26, P40, P22, P25, P3373, P50, P175, P800, P184, P802, P57, P58, P162, P36, P159, P127, P112] → 6 nodes
2026-08-26 21:31:33.877 I/RagPromptBuilder: Walker probes (entity='Гагарин', props=22): Гагарин, Юрий Алексеевич, Герой Советского Союза, Орден Ленина, Юбилейная медаль «Двадцать лет Победы в Великой Отечественной войне 1941—1945 гг.», Медаль «За освоение целинных земель», Юбилейная медаль «40 лет Вооружённых Сил СССР», Юбилейная медаль «50 лет Вооружённых Сил СССР»
2026-08-26 21:31:33.886 I/EntityTitleProbe: Title probes (23 lookups): Гагарин, Юрий Алексеевич(1070), Регион(1020), Город(1020)
2026-08-26 21:31:33.917 I/ZimSearcher: search('каком регионе находится город родился гагарин') estimated=400
2026-08-26 21:31:34.255 I/ZimSearcher: search('находится') estimated=505230
2026-08-26 21:31:34.465 I/RagPromptBuilder: Entity merge 'находится': +20 candidates
2026-08-26 21:31:34.466 I/RagPromptBuilder: RAG: 'в каком регионе находится город где родился Гагарин' candidates=49
2026-08-26 21:31:34.466 I/RagPromptBuilder: Top hits: Город(s=1020)[Город] | Гагарин, Юрий Алексеевич(s=1000)[Гагарин,_Юрий_Алексеевич] | Регион(s=1020)[Регион] | Орден Ленина(s=899)[Орден_Ленина] | Герой Советского Союза(s=899)[Герой_Советского_Союза]
2026-08-26 21:31:34.466 I/BenchmarkBridge: [PROBE] cand=49 ms=602 titles=Город | Гагарин, Юрий Алексеевич | Регион | Орден Ленина | Герой Советского Союза | Медаль «За освоение целинных земель» | Юбилейная медаль «40 лет Вооружённых Сил СССР» | Юбилейная медаль «50 лет Вооружённых Сил СССР» | Юбилейная медаль «Двадцать лет Победы в Великой Отечественной войне 1941—1945 гг.» | Гагарин (Смоленская область) | Улица Гагарина (Томск) | Где находится нофелет? | Наход (Новгородская область) | Наход | Виллер | Битва при Находе | Озёра Уфы | Уличная скульптура в Элисте | Замок Скалы (Наход) | Покеткуб
2026-08-26 21:31:34.466 I/BenchmarkBridge: [PROBE] done
2026-08-26 21:31:36.896 I/BenchmarkBridge: [PROBE] q=сравни население Москвы и Санкт-Петербурга
2026-08-26 21:31:36.896 I/BenchmarkBridge: [PROBE] fast=miss ms=0
2026-08-26 21:31:36.897 I/RagPromptBuilder: Query: 'сравни население Москвы и Санкт-Петербурга' -> ZIM keywords: 'сравни население москвы санкт петербурга'
2026-08-26 21:31:37.794 I/GraphWalker: walk: 0 wikilinks in 'Генплан_Петербурга' (depth=0)
2026-08-26 21:31:37.794 I/GraphWalker: walk seed=Генплан_Петербурга props=[P6, P1365, P1366, P39, P166, P26, P40, P22, P25, P3373, P50, P175, P800, P184, P802, P57, P58, P162, P36, P159, P127, P112] → 0 nodes
2026-08-26 21:31:37.794 I/RagPromptBuilder: Walker probes (entity='Петербурга', props=22): Генплан Петербурга
2026-08-26 21:31:37.810 I/EntityTitleProbe: Title probes (23 lookups): Москва(1070), Санкт-Петербург(1070), Население Москвы(890)
2026-08-26 21:31:37.832 I/ZimSearcher: search('сравни население москвы санкт петербурга') estimated=300
2026-08-26 21:31:38.086 I/ZimSearcher: search('петербурга') estimated=115995
2026-08-26 21:31:38.297 I/RagPromptBuilder: Entity merge 'петербурга': +18 candidates
2026-08-26 21:31:38.298 I/RagPromptBuilder: RAG: 'сравни население Москвы и Санкт-Петербурга' candidates=42
2026-08-26 21:31:38.298 I/RagPromptBuilder: Top hits: Санкт-Петербург(s=1070)[Санкт-Петербург] | Москва(s=1070)[Москва] | Генплан Петербурга(s=950)[Генплан_Петербурга] | Население Москвы(s=890)[Население_Москвы] | Санкт-Петербург (телерадиокомпания)(s=99)[Санкт-Петербург_(телерадиокомпания)]
2026-08-26 21:31:38.298 I/BenchmarkBridge: [PROBE] cand=42 ms=1401 titles=Санкт-Петербург | Москва | Генплан Петербурга | Население Москвы | Санкт-Петербург (телерадиокомпания) | Санкт-Петербург-Витебский регион Октябрьской железной дороги | Экономика Санкт-Петербурга | Награды Санкт-Петербурга | Библиотеки Санкт-Петербурга | Уставный суд Санкт-Петербурга | Губернатор Санкт-Петербурга | Органы власти Санкт-Петербурга | Флаг Санкт-Петербурга | Экология Санкт-Петербурга | Почётный гражданин Санкт-Петербурга | Законодательное собрание Санкт-Петербурга | Матчи сборной Санкт-Петербурга по футболу (1913) | Матчи сборной Санкт-Петербурга по футболу (1902—1907) | Матчи сборной Санкт-Петербурга по футболу (1914) | Программа сохранения и развития исторического центра Санкт-Петербурга
2026-08-26 21:31:38.298 I/BenchmarkBridge: [PROBE] done
2026-08-26 21:31:39.975 I/BenchmarkBridge: [PROBE] q=почему Байкал самое глубокое озеро
2026-08-26 21:31:39.975 I/BenchmarkBridge: [PROBE] fast=miss ms=0
2026-08-26 21:31:39.976 I/RagPromptBuilder: Query: 'почему Байкал самое глубокое озеро' -> ZIM keywords: 'байкал самое глубокое озеро'
2026-08-26 21:31:40.002 I/GraphWalker: walk: 0 wikilinks in 'Байкал' (depth=0)
2026-08-26 21:31:40.002 I/GraphWalker: walk seed=Байкал props=[P6, P1365, P1366, P39, P166, P26, P40, P22, P25, P3373, P50, P175, P800, P184, P802, P57, P58, P162, P36, P159, P127, P112] → 0 nodes
2026-08-26 21:31:40.002 I/RagPromptBuilder: Walker probes (entity='Байкал', props=22): Байкал
2026-08-26 21:31:40.011 I/EntityTitleProbe: Title probes (25 lookups): Байкал(1070), Глубокое озеро(1040), Самоа(1020), Само(1020)
2026-08-26 21:31:40.021 I/ZimSearcher: search('байкал самое глубокое озеро') estimated=200
2026-08-26 21:31:40.237 I/ZimSearcher: search('глубокое') estimated=52854
2026-08-26 21:31:40.428 I/RagPromptBuilder: Entity merge 'глубокое': +19 candidates
2026-08-26 21:31:40.429 I/RagPromptBuilder: RAG: 'почему Байкал самое глубокое озеро' candidates=41
2026-08-26 21:31:40.429 I/RagPromptBuilder: Top hits: Байкал(s=1000)[Байкал] | Глубокое озеро(s=1040)[Глубокое_озеро] | Самоа(s=1020)[Самоа] | Само(s=1020)[Само] | Глубокое(s=100)[Глубокое]
2026-08-26 21:31:40.429 I/BenchmarkBridge: [PROBE] cand=41 ms=453 titles=Байкал | Глубокое озеро | Самоа | Само | Глубокое | Глубокое (город) | Глубокое обучение | Глубокое (Алтайский край) | Глубокое синее море (фильм, 1999) | Глубокое синее море 2 | Глубокое (Лужский район) | Глубокое (Опочецкий район) | Байкальская горная страна | Хронология озера Байкал | Сарма (река, впадает в Байкал) | (2776) Байкал | Глубокий | Хубсугул | Впадины континентов | Глубокая
2026-08-26 21:31:40.429 I/BenchmarkBridge: [PROBE] done
2026-08-26 21:31:43.056 I/BenchmarkBridge: [PROBE] q=как связаны Менделеев и периодическая таблица
2026-08-26 21:31:43.057 I/BenchmarkBridge: [PROBE] fast=miss ms=0
2026-08-26 21:31:43.057 I/RagPromptBuilder: Query: 'как связаны Менделеев и периодическая таблица' -> ZIM keywords: 'связаны менделеев периодическая таблица'
2026-08-26 21:31:43.084 I/GraphWalker: walk seed=Менделеев,_Дмитрий_Иванович props=[P6, P1365, P1366, P39, P166, P26, P40, P22, P25, P3373, P50, P175, P800, P184, P802, P57, P58, P162, P36, P159, P127, P112] → 6 nodes
2026-08-26 21:31:43.085 I/RagPromptBuilder: Walker probes (entity='Менделеев', props=22): Менделеев, Дмитрий Иванович, Орден Святого Владимира, Кавалер ордена Святого Александра Невского, Орден Белого орла (Российская империя), Орден Святой Анны I степени, Орден Святого Станислава (Российская империя), Орден Святой Анны II степени
2026-08-26 21:31:43.093 I/EntityTitleProbe: Title probes (14 lookups): Менделеев, Дмитрий Иванович(1070), Периодическая система химических элементов(1040), Таблица(1020), Таблиц, Богуслав(1020)
2026-08-26 21:31:43.098 I/ZimSearcher: search('связаны менделеев периодическая таблица') estimated=60
2026-08-26 21:31:43.345 I/ZimSearcher: search('периодическая') estimated=24960
2026-08-26 21:31:43.561 I/RagPromptBuilder: Entity merge 'периодическая': +18 candidates
2026-08-26 21:31:43.561 I/RagPromptBuilder: RAG: 'как связаны Менделеев и периодическая таблица' candidates=46
2026-08-26 21:31:43.562 I/RagPromptBuilder: Top hits: Таблица(s=1020)[Таблица] | Периодическая система химических элементов(s=1040)[Периодическая_система_химических_элементов] | Менделеев, Дмитрий Иванович(s=1000)[Менделеев,_Дмитрий_Иванович] | Таблиц, Богуслав(s=1020)[Таблиц,_Богуслав] | Орден Святого Владимира(s=899)[Орден_Святого_Владимира]
2026-08-26 21:31:43.562 I/BenchmarkBridge: [PROBE] cand=46 ms=504 titles=Таблица | Периодическая система химических элементов | Менделеев, Дмитрий Иванович | Таблиц, Богуслав | Орден Святого Владимира | Орден Белого орла (Российская империя) | Орден Святой Анны I степени | Орден Святой Анны II степени | Кавалер ордена Святого Александра Невского | Орден Святого Станислава (Российская империя) | Периодическая болезнь | Периодическая последовательность | Периодическая группа | Периодическая функция | Историческая еврейская периодическая печать | Почти периодическая функция | Трижды периодическая минимальная поверхность | Периодический закон | Менделеевские съезды | Периодическое издание
2026-08-26 21:31:43.562 I/BenchmarkBridge: [PROBE] done
2026-08-26 21:33:37.533 I/ChatVM: Loading model: QVikhr-3-4B-Instruction-Q4_0.gguf (device=auto, mtp=0) (/storage/emulated/0/Android/data/com.wikillm.android.debug/files/models/Vikhrmodels/QVikhr-3-4B-Instruction-GGUF/QVikhr-3-4B-Instruction-Q4_0.gguf)
2026-08-26 21:33:40.791 I/ChatVM: Model loaded: QVikhr-3-4B-Instruction-Q4_0.gguf
2026-08-26 21:33:48.919 I/BenchmarkBridge: Benchmark question via intent: из чего состоит атмосфера Марса
2026-08-26 21:33:48.923 I/RagPromptBuilder: Query: 'из чего состоит атмосфера Марса' -> ZIM keywords: 'чего состоит атмосфера марса'
2026-08-26 21:33:48.976 I/GraphWalker: walk: 0 wikilinks in 'Марса' (depth=0)
2026-08-26 21:33:48.976 I/GraphWalker: walk seed=Марса props=[P6, P1365, P1366, P39, P166, P26, P40, P22, P25, P3373, P50, P175, P800, P184, P802, P57, P58, P162, P36, P159, P127, P112] → 0 nodes
2026-08-26 21:33:48.976 I/RagPromptBuilder: Walker probes (entity='Марса', props=22): Марса
2026-08-26 21:33:48.999 I/EntityTitleProbe: Title probes (10 lookups): Марса(1070), Марс(1070), Атмосфера Марса(890)
2026-08-26 21:33:49.035 I/ZimSearcher: search('чего состоит атмосфера марса') estimated=300
2026-08-26 21:33:49.334 I/ZimSearcher: search('атмосфера') estimated=21862
2026-08-26 21:33:49.550 I/RagPromptBuilder: Entity merge 'атмосфера': +19 candidates
2026-08-26 21:33:49.551 I/RagPromptBuilder: RAG: 'из чего состоит атмосфера Марса' candidates=40
2026-08-26 21:33:49.551 I/RagPromptBuilder: Top hits: Марса(s=1000)[Марса] | Марс(s=1070)[Марс] | Атмосфера Марса(s=890)[Атмосфера_Марса] | Атмосфера(s=100)[Атмосфера] | Атмосфера Земли(s=99)[Атмосфера_Земли]
2026-08-26 21:33:49.670 I/RagPromptBuilder: RAG prompt preview (listIntent=false): Тебе даны выдержки из Википедии. Отвечай на их основе. Извлеки и собери ВСЕ относящиеся к вопросу факты из выдержек, даже частичные (имена, даты, перечни). Если в выдержках совсем нет нужной информации — скажи «не знаю по приведённым выдержкам». Отвечай на русском языке.  === ВЫДЕРЖКИ ИЗ ВИКИ === === Марса === Марса Марса: Марса — муниципалитет в Испании, входит в провинцию Таррагона в составе автономного сообщества Каталония. Марса — город на Мальте. «Марса» — мальтийский футбольный клуб. Марса
2026-08-26 21:33:49.670 I/ChatVM: RAG ctx: 4 articles from 40 candidates
2026-08-26 21:33:49.670 I/ChatVM: Generating: 1 msgs, maxTokens=600, temp=0.7, noThink=true
2026-08-26 21:34:17.307 I/ChatVM: Reply (616 chars, 250 tok, 28384ms, prefill 2205tok/2088ms=1056t/s, decode 10,7t/s): **Атмосфера Марса состоит в основном из углекислого газа.**   Основные компоненты: около 95% — **углекислый газ (CO₂)**, остальные составляют диоксид и оксида других химических элементов. Согласно дан
2026-08-26 22:17:35.069 I/WikiLLMApp: ADSP_LIBRARY_PATH=/data/app/~~opNjTY0BpxZY3_4yJyGHvw==/com.wikillm.android.debug-R6jMNllRWAI2ru2sU5YMLQ==/lib/arm64;/vendor/lib/rfsa/adsp;/vendor/dsp/cdsp;/system/lib/rfsa/adsp
2026-08-26 22:17:35.082 I/WikiLLMApp: ReLinker.loadLibrary(zim) OK
2026-08-26 22:17:35.094 I/WikiLLMApp: ReLinker.loadLibrary(kiwix) OK
2026-08-26 22:17:35.096 I/WikiLLMApp: System.loadLibrary(zim_wrapper) OK
2026-08-26 22:17:35.097 I/WikiLLMApp: System.loadLibrary(kiwix_wrapper) OK
2026-08-26 22:17:35.219 I/ChatVM: Auto-loading last model: QVikhr-3-4B-Instruction-Q4_0.gguf
2026-08-26 22:17:35.219 I/ChatVM: Loading model: QVikhr-3-4B-Instruction-Q4_0.gguf (device=auto, mtp=0) (/storage/emulated/0/Android/data/com.wikillm.android.debug/files/models/Vikhrmodels/QVikhr-3-4B-Instruction-GGUF/QVikhr-3-4B-Instruction-Q4_0.gguf)
2026-08-26 22:17:38.384 I/ChatVM: Model loaded: QVikhr-3-4B-Instruction-Q4_0.gguf
2026-08-27 14:46:00.142 I/WikiLLMApp: ADSP_LIBRARY_PATH=/data/app/~~opNjTY0BpxZY3_4yJyGHvw==/com.wikillm.android.debug-R6jMNllRWAI2ru2sU5YMLQ==/lib/arm64;/vendor/lib/rfsa/adsp;/vendor/dsp/cdsp;/system/lib/rfsa/adsp
2026-08-27 14:46:00.152 I/WikiLLMApp: ReLinker.loadLibrary(zim) OK
2026-08-27 14:46:00.163 I/WikiLLMApp: ReLinker.loadLibrary(kiwix) OK
2026-08-27 14:46:00.164 I/WikiLLMApp: System.loadLibrary(zim_wrapper) OK
2026-08-27 14:46:00.165 I/WikiLLMApp: System.loadLibrary(kiwix_wrapper) OK
2026-08-27 14:46:00.278 I/ChatVM: Auto-loading last model: QVikhr-3-4B-Instruction-Q4_0.gguf
2026-08-27 14:46:00.279 I/ChatVM: Loading model: QVikhr-3-4B-Instruction-Q4_0.gguf (device=auto, mtp=0) (/storage/emulated/0/Android/data/com.wikillm.android.debug/files/models/Vikhrmodels/QVikhr-3-4B-Instruction-GGUF/QVikhr-3-4B-Instruction-Q4_0.gguf)
2026-08-27 14:46:04.796 I/ChatVM: Model loaded: QVikhr-3-4B-Instruction-Q4_0.gguf
2026-08-27 14:46:27.838 I/ZimSearchHolder: probe /storage/emulated/0/Android/media/org.kiwix.kiwixmobile/wikipedia_ru_all_nopic_2026-01.zim exists=false canRead=false
2026-08-27 14:46:27.842 I/ZimSearchHolder: probe /storage/emulated/0/Android/media/org.kiwix.kiwixmobile/Custom/wikipedia_ru_all_nopic_2026-01.zim exists=false canRead=false
2026-08-27 14:46:27.845 I/ZimSearchHolder: probe /storage/emulated/0/Download/wikipedia_ru_all_nopic_2026-01.zim exists=false canRead=false
2026-08-27 14:46:27.846 I/ZimSearchHolder: probe /storage/emulated/0/Documents/wikipedia_ru_all_nopic_2026-01.zim exists=false canRead=false
2026-08-27 14:46:27.847 I/ZimSearchHolder: probe /storage/emulated/0/Kiwix/wikipedia_ru_all_nopic_2026-01.zim exists=false canRead=false
2026-08-27 14:46:27.847 I/ZimSearchHolder: probe /storage/emulated/0/wikipedia_ru_all_nopic_2026-01.zim exists=false canRead=false
2026-08-27 14:46:27.890 I/ZimSearcher: openFd: wikipedia_ru_all_nopic_2026-01.zim fd=167 size=14671735099 path=/proc/self/fd/167
2026-08-27 14:46:28.221 I/ZimSearchHolder: ZimSearchHolder ready: wikipedia_ru_all_nopic_2026-01.zim
2026-08-27 14:46:54.625 I/RagPromptBuilder: Query: 'Спокойной миров Тольяттр за последние 30 лет' -> ZIM keywords: 'спокойной миров тольяттр'
2026-08-27 14:46:54.760 I/GraphWalker: walk: 0 wikilinks in 'Спокойной_ночи' (depth=0)
2026-08-27 14:46:54.761 I/GraphWalker: walk seed=Спокойной_ночи props=[P6, P1365, P1366, P39, P166, P26, P40, P22, P25, P3373, P50, P175, P800, P184, P802, P57, P58, P162, P36, P159, P127, P112] → 0 nodes
2026-08-27 14:46:54.761 I/RagPromptBuilder: Walker probes (entity='Спокойной', props=22): Спокойной ночи
2026-08-27 14:46:54.816 I/EntityTitleProbe: Title probes (31 lookups): Спокойная(1070), Миров(1020), Мир(1020), Последний(1020)
2026-08-27 14:46:54.822 I/ZimSearcher: search('спокойной миров тольяттр') estimated=0
2026-08-27 14:46:54.850 I/ZimSearcher: search('спокойной') estimated=2438
2026-08-27 14:46:55.042 I/RagPromptBuilder: Entity merge 'спокойной': +19 candidates
2026-08-27 14:46:55.045 I/RagPromptBuilder: RAG: 'Спокойной миров Тольяттр за последние 30 лет' candidates=24
2026-08-27 14:46:55.045 I/RagPromptBuilder: Top hits: Миров(s=1020)[Миров] | Спокойная(s=1070)[Спокойная] | Мир(s=1020)[Мир] | Последний(s=1020)[Последний] | Спокойной ночи(s=950)[Спокойной_ночи]
2026-08-27 14:47:05.889 I/ChatVM: Reply (0 chars, 88 tok, 11276ms): 
2026-08-27 14:47:27.200 I/RagPromptBuilder: Query: 'Список мэров Тольятти за последние 30 лет' -> ZIM keywords: 'мэров тольятти'
2026-08-27 14:47:27.374 I/ZimSearcher: lookupRaw 'Градоначальники Тольятти' redirect=false path='Градоначальники_Тольятти' bodyLen=18062
2026-08-27 14:47:27.374 I/RagPromptBuilder: List article FOUND: 'Градоначальники Тольятти' (bodyLen=18062)
2026-08-27 14:47:27.462 I/RagPromptBuilder: List probes (entity='Тольятти', role='Мэры'): Градоначальники Тольятти, История Тольятти
2026-08-27 14:47:27.657 I/GraphWalker: walk seed=Тольятти props=[P6, P1365, P1366] → 4 nodes
2026-08-27 14:47:27.657 I/RagPromptBuilder: Walker probes (entity='Тольятти', props=3): Тольятти, Илья Геннадьевич Сухих, Николай Ренц, Сергей Анташев, Сергей Андреев
2026-08-27 14:47:27.683 I/EntityTitleProbe: Title probes (27 lookups): Тольятти(1070), Последний(1020)
2026-08-27 14:47:27.707 I/ZimSearcher: search('мэров тольятти') estimated=700
2026-08-27 14:47:27.941 I/ZimSearcher: search('тольятти') estimated=5796
2026-08-27 14:47:28.276 I/RagPromptBuilder: Entity merge 'тольятти': +14 candidates
2026-08-27 14:47:28.285 I/RagPromptBuilder: RAG: 'Список мэров Тольятти за последние 30 лет' candidates=38
2026-08-27 14:47:28.285 I/RagPromptBuilder: Top hits: Градоначальники Тольятти(s=2000)[Градоначальники_Тольятти] | Тольятти(s=1000)[Тольятти] | Последний(s=1020)[Последний] | История Тольятти(s=1000)[История_Тольятти] | Илья Геннадьевич Сухих(s=899)[Сухих,_Илья_Геннадьевич]
2026-08-27 14:47:28.611 I/RagPromptBuilder: Map docs: 6 (Градоначальники Тольятти, Тольятти, Последний, История Тольятти, Илья Геннадьевич Сухих, Николай Ренц)
2026-08-27 14:47:39.575 I/ListExtractor: Map[1] raw: Уткин, Николай Дмитриевич — 1992–1994  |Жилкин, Сергей Фёдорович (род.1960) — 1994–2000  |Антонов Игорь Германович (1953—2022) — ?  |Пушков Анатолий Николаевич 
2026-08-27 14:47:39.582 I/ListExtractor: Map[1/6] 'Градоначальники Тольятти': 4 items
2026-08-27 14:47:39.582 I/ListExtractor: Short-circuit: list article gave 4 names, skipping 5 docs
2026-08-27 14:47:39.582 I/ListExtractor: Map merged: 4 unique — Уткин, Николай Дмитриевич, Жилкин, Сергей Фёдорович, Антонов Игорь Германович, Пушков Анатолий Николаевич (род.195
2026-08-27 14:47:39.583 I/ChatVM: Reply (167 chars, 2 tok, 12386ms): - **Уткин, Николай Дмитриевич** — 1992–1994 - **Жилкин, Сергей Фёдорович** — 1994–2000 - **Антонов Игорь Германович** — ? - **Пушков Анатолий Николаевич (род.195** — ?
2026-08-27 14:47:57.668 I/ChatVM: Coreference: 'мэр Москвы' + topic 'мэров тольятти'
2026-08-27 14:47:57.672 I/RagPromptBuilder: Query: 'мэр Москвы мэров тольятти' -> ZIM keywords: 'мэр москвы мэров тольятти'
2026-08-27 14:47:59.267 I/GraphWalker: walk: 0 wikilinks in 'Москвы_имени_канал' (depth=0)
2026-08-27 14:47:59.267 I/GraphWalker: walk seed=Москвы_имени_канал props=[P6, P1365, P1366] → 0 nodes
2026-08-27 14:47:59.267 I/RagPromptBuilder: Walker probes (entity='Москвы', props=3): Москвы имени канал
2026-08-27 14:47:59.293 I/EntityTitleProbe: Title probes (30 lookups): Москва(1070), Тольятти(1020), Мэр Москвы(890)
2026-08-27 14:47:59.327 I/ZimSearcher: search('мэр москвы мэров тольятти') estimated=500
2026-08-27 14:47:59.658 I/ZimSearcher: search('тольятти') estimated=5796
2026-08-27 14:48:00.015 I/RagPromptBuilder: Entity merge 'тольятти': +15 candidates
2026-08-27 14:48:00.020 I/RagPromptBuilder: RAG: 'мэр Москвы мэров тольятти' candidates=38
2026-08-27 14:48:00.021 I/RagPromptBuilder: Top hits: Тольятти(s=1020)[Тольятти] | Москва(s=1070)[Москва] | Москвы имени канал(s=950)[Москвы_имени_канал] | Мэр Москвы(s=890)[Мэр_Москвы] | Тольятти, Пальмиро(s=99)[Тольятти,_Пальмиро]
2026-08-27 14:48:00.428 I/RagPromptBuilder: RAG prompt preview (listIntent=false): Тебе даны выдержки из Википедии. Отвечай на их основе. Извлеки и собери ВСЕ относящиеся к вопросу факты из выдержек, даже частичные (имена, даты, перечни). Если в выдержках совсем нет нужной информации — скажи «не знаю по приведённым выдержкам». Отвечай на русском языке.  === ВЫДЕРЖКИ ИЗ ВИКИ === === Тольятти === Карточка: Глава/мэр: Илья Геннадьевич Сухих Население: 662 683 человека (2025) Площадь: 314,78 км² Основан: 1737 год Страна: Россия Часовой пояс: UTC+4:00 Субъект Федерации: Самарская о
2026-08-27 14:48:00.428 I/ChatVM: RAG ctx: 3 articles from 38 candidates
2026-08-27 14:48:00.429 I/ChatVM: Generating: 3 msgs, maxTokens=600, temp=0.7, noThink=false
2026-08-28 08:22:57.602 I/WikiLLMApp: ADSP_LIBRARY_PATH=/data/app/~~opNjTY0BpxZY3_4yJyGHvw==/com.wikillm.android.debug-R6jMNllRWAI2ru2sU5YMLQ==/lib/arm64;/vendor/lib/rfsa/adsp;/vendor/dsp/cdsp;/system/lib/rfsa/adsp
2026-08-28 08:22:57.613 I/WikiLLMApp: ReLinker.loadLibrary(zim) OK
2026-08-28 08:22:57.616 I/WikiLLMApp: ReLinker.loadLibrary(kiwix) OK
2026-08-28 08:22:57.616 I/WikiLLMApp: System.loadLibrary(zim_wrapper) OK
2026-08-28 08:22:57.617 I/WikiLLMApp: System.loadLibrary(kiwix_wrapper) OK
2026-08-28 08:22:57.742 I/ChatVM: Auto-loading last model: QVikhr-3-4B-Instruction-Q4_0.gguf
2026-08-28 08:22:57.742 I/ChatVM: Loading model: QVikhr-3-4B-Instruction-Q4_0.gguf (device=npu, mtp=1) (/storage/emulated/0/Android/data/com.wikillm.android.debug/files/models/Vikhrmodels/QVikhr-3-4B-Instruction-GGUF/QVikhr-3-4B-Instruction-Q4_0.gguf)
2026-08-28 08:23:01.905 I/ChatVM: Model loaded: QVikhr-3-4B-Instruction-Q4_0.gguf
2026-08-28 08:23:23.425 I/ChatVM: Generating: 1 msgs, maxTokens=600, temp=0.7, noThink=false
2026-08-28 08:23:49.076 I/ChatVM: Reply (378 chars, 402 tok, 25656ms, think 768 chars): **Валерий Золотухин** (настоящее имя не указано) – российский театральный актёр, известный своей работой на **театрах МГИМО**, в частности, под руководством Нины Гальпериной (**театр «Актёр»**). С 201
2026-08-28 08:23:54.259 I/ZimSearchHolder: probe /storage/emulated/0/Android/media/org.kiwix.kiwixmobile/wikipedia_ru_all_nopic_2026-01.zim exists=false canRead=false
2026-08-28 08:23:54.260 I/ZimSearchHolder: probe /storage/emulated/0/Android/media/org.kiwix.kiwixmobile/Custom/wikipedia_ru_all_nopic_2026-01.zim exists=false canRead=false
2026-08-28 08:23:54.263 I/ZimSearchHolder: probe /storage/emulated/0/Download/wikipedia_ru_all_nopic_2026-01.zim exists=false canRead=false
2026-08-28 08:23:54.264 I/ZimSearchHolder: probe /storage/emulated/0/Documents/wikipedia_ru_all_nopic_2026-01.zim exists=false canRead=false
2026-08-28 08:23:54.264 I/ZimSearchHolder: probe /storage/emulated/0/Kiwix/wikipedia_ru_all_nopic_2026-01.zim exists=false canRead=false
2026-08-28 08:23:54.265 I/ZimSearchHolder: probe /storage/emulated/0/wikipedia_ru_all_nopic_2026-01.zim exists=false canRead=false
2026-08-28 08:23:54.301 I/ZimSearcher: openFd: wikipedia_ru_all_nopic_2026-01.zim fd=181 size=14671735099 path=/proc/self/fd/181
2026-08-28 08:23:54.621 I/ZimSearchHolder: ZimSearchHolder ready: wikipedia_ru_all_nopic_2026-01.zim
2026-08-28 08:23:57.274 I/RagPromptBuilder: Query: 'Краткая биография актёра Валерия Золотухина.' -> ZIM keywords: 'краткая биография актёра валерия золотухина'
2026-08-28 08:23:57.363 I/GraphWalker: walk: 0 wikilinks in 'Золотухина' (depth=0)
2026-08-28 08:23:57.364 I/GraphWalker: walk seed=Золотухина props=[P6, P1365, P1366, P39, P166, P26, P40, P22, P25, P3373, P50, P175, P800, P184, P802, P57, P58, P162, P36, P159, P127, P112] → 0 nodes
2026-08-28 08:23:57.364 I/RagPromptBuilder: Walker probes (entity='Золотухина', props=22): Золотухина
2026-08-28 08:23:57.406 I/EntityTitleProbe: Title probes (28 lookups): Кратка(1070), Валерия(1070), Золотухина(1070), Золотухин(1070)
2026-08-28 08:23:57.428 I/ZimSearcher: search('краткая биография актёра валерия золотухина') estimated=20
2026-08-28 08:23:58.143 I/ZimSearcher: search('золотухина') estimated=2876
2026-08-28 08:23:58.328 I/RagPromptBuilder: Entity merge 'золотухина': +19 candidates
2026-08-28 08:23:58.338 I/RagPromptBuilder: RAG: 'Краткая биография актёра Валерия Золотухина.' candidates=41
2026-08-28 08:23:58.338 I/RagPromptBuilder: Top hits: Валерия(s=1070)[Валерия] | Золотухина(s=1000)[Золотухина] | Кратка(s=1070)[Кратка] | Золотухин(s=1070)[Золотухин] | Краснопольский, Валерий Липович(s=100)[Краснопольский,_Валерий_Липович]
2026-08-28 08:23:58.592 I/RagPromptBuilder: RAG prompt preview (listIntent=false): Тебе даны выдержки из Википедии. Отвечай на их основе. Извлеки и собери ВСЕ относящиеся к вопросу факты из выдержек, даже частичные (имена, даты, перечни). Если в выдержках совсем нет нужной информации — скажи «не знаю по приведённым выдержкам». Отвечай на русском языке.  === ВЫДЕРЖКИ ИЗ ВИКИ === === Валерия === Карточка: Происхождение: латинское Род: женский Мужское парное имя: Валерий Производ. формы: Валера, Лера, Леруня, Леруся, Леруха, Леруша, Лека, Лея, Валя, Валейка, Валеша, Валюня, Валюс
2026-08-28 08:23:58.592 I/ChatVM: RAG ctx: 4 articles from 41 candidates
2026-08-28 08:23:58.592 I/ChatVM: Generating: 1 msgs, maxTokens=600, temp=0.7, noThink=false
2026-08-28 08:24:49.886 I/ChatVM: Reply (554 chars, 576 tok, 52617ms, think 1030 chars): **Биография актера Димитрия Золотухина (реже Валерии)**   Актёровой деятельностью занимается **Дмитрий Львович Золотухин**, упомянутый в разделе «Золотукhыны». Он родился 1958 года — советский и росси
2026-08-28 08:25:03.004 I/ChatVM: Coreference: 'Ищи. Эта информация точно есть в Википедии.' + topic 'краткая биография актёра валерия золотухина'
2026-08-28 08:25:03.008 I/RagPromptBuilder: Query: 'Ищи. Эта информация точно есть в Википедии. краткая биография актёра валерия золотухина' -> ZIM keywords: 'ищи информация точно википедии краткая биография актёра валерия золотухина'
2026-08-28 08:25:03.353 I/GraphWalker: walk: 0 wikilinks in 'Администратор_Википедии' (depth=0)
2026-08-28 08:25:03.353 I/GraphWalker: walk seed=Администратор_Википедии props=[P6, P1365, P1366, P39, P166, P26, P40, P22, P25, P3373, P50, P175, P800, P184, P802, P57, P58, P162, P36, P159, P127, P112] → 0 nodes
2026-08-28 08:25:03.353 I/RagPromptBuilder: Walker probes (entity='Википедии', props=22): Администратор Википедии
2026-08-28 08:25:03.416 I/EntityTitleProbe: Title probes (48 lookups): Википедия(1070)
2026-08-28 08:25:03.429 I/ZimSearcher: search('ищи информация точно википедии краткая биография актёра валерия золотухина') estimated=1
2026-08-28 08:25:03.634 I/ZimSearcher: search('информация') estimated=324991
2026-08-28 08:25:03.921 I/RagPromptBuilder: Entity merge 'информация': +20 candidates
2026-08-28 08:25:03.924 I/RagPromptBuilder: RAG: 'Ищи. Эта информация точно есть в Википедии. краткая биография актёра валерия золотухина' candidates=23
2026-08-28 08:25:03.924 I/RagPromptBuilder: Top hits: Википедия(s=1070)[Википедия] | Администратор Википедии(s=950)[Администратор_Википедии] | Информация(s=99)[Информация] | Взаимная информация(s=99)[Взаимная_информация] | Инсайдерская информация(s=99)[Инсайдерская_информация]
2026-08-28 08:25:04.205 I/RagPromptBuilder: RAG prompt preview (listIntent=false): Тебе даны выдержки из Википедии. Отвечай на их основе. Извлеки и собери ВСЕ относящиеся к вопросу факты из выдержек, даже частичные (имена, даты, перечни). Если в выдержках совсем нет нужной информации — скажи «не знаю по приведённым выдержкам». Отвечай на русском языке.  === ВЫДЕРЖКИ ИЗ ВИКИ === === Википедия === Карточка: Основан: 15 января 2001 года Страна: США Автор: Джимми Уэйлс и Ларри Сэнгер URL: wikipedia.org Коммерческий: нет Тип сайта: энциклопедическая вики, MediaWiki-сайт и проект Фо
2026-08-28 08:25:04.205 I/ChatVM: RAG ctx: 4 articles from 23 candidates
2026-08-28 08:25:04.206 I/ChatVM: Generating: 3 msgs, maxTokens=600, temp=0.7, noThink=false
2026-08-28 08:25:19.105 I/ChatVM: Reply (0 chars, 172 tok, 16106ms, think 498 chars): 
2026-08-28 08:25:32.302 I/RagPromptBuilder: Query: 'Нужна биография Валерия Золотухина, не Владимира.' -> ZIM keywords: 'нужна биография валерия золотухина владимира'
2026-08-28 08:25:32.384 I/GraphWalker: walk: 0 wikilinks in 'Золотухина' (depth=0)
2026-08-28 08:25:32.384 I/GraphWalker: walk seed=Золотухина props=[P6, P1365, P1366, P39, P166, P26, P40, P22, P25, P3373, P50, P175, P800, P184, P802, P57, P58, P162, P36, P159, P127, P112] → 0 nodes
2026-08-28 08:25:32.384 I/RagPromptBuilder: Walker probes (entity='Золотухина', props=22): Золотухина
2026-08-28 08:25:32.413 I/EntityTitleProbe: Title probes (28 lookups): Нужна(1070), Валерия(1070), Золотухина(1070), Золотухин(1070)
2026-08-28 08:25:32.437 I/ZimSearcher: search('нужна биография валерия золотухина владимира') estimated=60
2026-08-28 08:25:32.836 I/ZimSearcher: search('золотухина') estimated=2876
2026-08-28 08:25:32.957 I/RagPromptBuilder: Entity merge 'золотухина': +19 candidates
2026-08-28 08:25:32.964 I/RagPromptBuilder: RAG: 'Нужна биография Валерия Золотухина, не Владимира.' candidates=43
2026-08-28 08:25:32.965 I/RagPromptBuilder: Top hits: Нужна(s=1070)[Нужна] | Валерия(s=1070)[Валерия] | Золотухина(s=1000)[Золотухина] | Золотухин(s=1070)[Золотухин] | 12 стульев (фильм, 1971)(s=100)[12_стульев_(фильм,_1971)]
2026-08-28 08:25:33.028 I/RagPromptBuilder: RAG prompt preview (listIntent=false): Тебе даны выдержки из Википедии. Отвечай на их основе. Извлеки и собери ВСЕ относящиеся к вопросу факты из выдержек, даже частичные (имена, даты, перечни). Если в выдержках совсем нет нужной информации — скажи «не знаю по приведённым выдержкам». Отвечай на русском языке.  === ВЫДЕРЖКИ ИЗ ВИКИ === === Нужна === Нужна Нужна — топоним. Нужна — река в Костромской и Нижегородской областях России. Нужна — деревня в Шарьинском районе Костромской области. Примечания Проект «Страницы значений» Эта статья
2026-08-28 08:25:33.029 I/ChatVM: RAG ctx: 4 articles from 43 candidates
2026-08-28 08:25:33.029 I/ChatVM: Generating: 4 msgs, maxTokens=600, temp=0.7, noThink=false
2026-08-28 08:26:27.182 I/WikiLLMApp: ADSP_LIBRARY_PATH=/data/app/~~opNjTY0BpxZY3_4yJyGHvw==/com.wikillm.android.debug-R6jMNllRWAI2ru2sU5YMLQ==/lib/arm64;/vendor/lib/rfsa/adsp;/vendor/dsp/cdsp;/system/lib/rfsa/adsp
2026-08-28 08:26:27.187 I/WikiLLMApp: ReLinker.loadLibrary(zim) OK
2026-08-28 08:26:27.191 I/WikiLLMApp: ReLinker.loadLibrary(kiwix) OK
2026-08-28 08:26:27.191 I/WikiLLMApp: System.loadLibrary(zim_wrapper) OK
2026-08-28 08:26:27.192 I/WikiLLMApp: System.loadLibrary(kiwix_wrapper) OK
2026-08-28 08:26:27.360 I/ChatVM: Auto-loading last model: QVikhr-3-4B-Instruction-Q4_0.gguf
2026-08-28 08:26:27.360 I/ChatVM: Loading model: QVikhr-3-4B-Instruction-Q4_0.gguf (device=npu, mtp=1) (/storage/emulated/0/Android/data/com.wikillm.android.debug/files/models/Vikhrmodels/QVikhr-3-4B-Instruction-GGUF/QVikhr-3-4B-Instruction-Q4_0.gguf)
2026-08-28 08:26:30.978 I/ChatVM: Model loaded: QVikhr-3-4B-Instruction-Q4_0.gguf
2026-08-28 08:26:33.117 I/ZimSearchHolder: probe /storage/emulated/0/Android/media/org.kiwix.kiwixmobile/wikipedia_ru_all_nopic_2026-01.zim exists=false canRead=false
2026-08-28 08:26:33.117 I/ZimSearchHolder: probe /storage/emulated/0/Android/media/org.kiwix.kiwixmobile/Custom/wikipedia_ru_all_nopic_2026-01.zim exists=false canRead=false
2026-08-28 08:26:33.119 I/ZimSearchHolder: probe /storage/emulated/0/Download/wikipedia_ru_all_nopic_2026-01.zim exists=false canRead=false
2026-08-28 08:26:33.120 I/ZimSearchHolder: probe /storage/emulated/0/Documents/wikipedia_ru_all_nopic_2026-01.zim exists=false canRead=false
2026-08-28 08:26:33.120 I/ZimSearchHolder: probe /storage/emulated/0/Kiwix/wikipedia_ru_all_nopic_2026-01.zim exists=false canRead=false
2026-08-28 08:26:33.120 I/ZimSearchHolder: probe /storage/emulated/0/wikipedia_ru_all_nopic_2026-01.zim exists=false canRead=false
2026-08-28 08:26:33.161 I/ZimSearcher: openFd: wikipedia_ru_all_nopic_2026-01.zim fd=166 size=14671735099 path=/proc/self/fd/166
2026-08-28 08:26:33.448 I/ZimSearchHolder: ZimSearchHolder ready: wikipedia_ru_all_nopic_2026-01.zim
2026-08-28 08:26:45.039 I/RagPromptBuilder: Query: 'Краткая биография актёра Валерий Золотухин' -> ZIM keywords: 'краткая биография актёра валерий золотухин'
2026-08-28 08:26:45.135 I/GraphWalker: walk: 0 wikilinks in 'Золотухин' (depth=0)
2026-08-28 08:26:45.136 I/GraphWalker: walk seed=Золотухин props=[P6, P1365, P1366, P39, P166, P26, P40, P22, P25, P3373, P50, P175, P800, P184, P802, P57, P58, P162, P36, P159, P127, P112] → 0 nodes
2026-08-28 08:26:45.136 I/RagPromptBuilder: Walker probes (entity='Золотухин', props=22): Золотухин
2026-08-28 08:26:45.195 I/EntityTitleProbe: Title probes (21 lookups): Золотухин, Валерий Сергеевич(1090), Кратка(1070), Валерий(1070), Золотухин(1070)
2026-08-28 08:26:45.218 I/ZimSearcher: search('краткая биография актёра валерий золотухин') estimated=20
2026-08-28 08:26:45.773 I/ZimSearcher: search('биография') estimated=455789
2026-08-28 08:26:46.007 I/RagPromptBuilder: Entity merge 'биография': +20 candidates
2026-08-28 08:26:46.020 I/RagPromptBuilder: RAG: 'Краткая биография актёра Валерий Золотухин' candidates=42
2026-08-28 08:26:46.021 I/RagPromptBuilder: Top hits: Валерий(s=1070)[Валерий] | Золотухин(s=1000)[Золотухин] | Золотухин, Валерий Сергеевич(s=1090)[Золотухин,_Валерий_Сергеевич] | Кратка(s=1070)[Кратка] | Биография(s=98)[Биография]
2026-08-28 08:26:46.232 I/RagPromptBuilder: RAG prompt preview (listIntent=false): Тебе даны выдержки из Википедии. Отвечай на их основе. Извлеки и собери ВСЕ относящиеся к вопросу факты из выдержек, даже частичные (имена, даты, перечни). Если в выдержках совсем нет нужной информации — скажи «не знаю по приведённым выдержкам». Отвечай на русском языке.  === ВЫДЕРЖКИ ИЗ ВИКИ === === Валерий === Карточка: Происхождение: латинское Род: мужской Отчество: Валерьевич, Валериевич Валерьевна, Валериевна Женское парное имя: Валерия Другие формы: Уалерий, Валерьян Производ. формы: Валер
2026-08-28 08:26:46.232 I/ChatVM: RAG ctx: 3 articles from 42 candidates
2026-08-28 08:26:46.232 I/ChatVM: Generating: 1 msgs, maxTokens=600, temp=0.7, noThink=false
2026-08-28 08:27:40.647 I/ChatVM: Reply (572 chars, 600 tok, 55616ms, prefill 2443tok/2252ms=1085t/s, decode 12,0t/s, think 980 chars): ## Биография Валерий Золотухин   **Происхождение и карьера:**   Валерий Сергеевич Золотухин (21 июня 1941 – 30 марта 2013) родился в деревне Быстрый Исток Алтайского края СССР как сын председателя кол
2026-08-28 08:30:23.522 I/WikiLLMApp: ADSP_LIBRARY_PATH=/data/app/~~opNjTY0BpxZY3_4yJyGHvw==/com.wikillm.android.debug-R6jMNllRWAI2ru2sU5YMLQ==/lib/arm64;/vendor/lib/rfsa/adsp;/vendor/dsp/cdsp;/system/lib/rfsa/adsp
2026-08-28 08:30:23.533 I/WikiLLMApp: ReLinker.loadLibrary(zim) OK
2026-08-28 08:30:23.544 I/WikiLLMApp: ReLinker.loadLibrary(kiwix) OK
2026-08-28 08:30:23.545 I/WikiLLMApp: System.loadLibrary(zim_wrapper) OK
2026-08-28 08:30:23.546 I/WikiLLMApp: System.loadLibrary(kiwix_wrapper) OK
2026-08-28 08:30:23.878 I/ChatVM: Auto-loading last model: QVikhr-3-4B-Instruction-Q4_0.gguf
2026-08-28 08:30:23.879 I/ChatVM: Loading model: QVikhr-3-4B-Instruction-Q4_0.gguf (device=npu, mtp=1) (/storage/emulated/0/Android/data/com.wikillm.android.debug/files/models/Vikhrmodels/QVikhr-3-4B-Instruction-GGUF/QVikhr-3-4B-Instruction-Q4_0.gguf)
2026-08-28 08:30:29.304 I/ChatVM: Model loaded: QVikhr-3-4B-Instruction-Q4_0.gguf
2026-09-04 21:17:58.580 I/WikiLLMApp: ADSP_LIBRARY_PATH=/data/app/~~opNjTY0BpxZY3_4yJyGHvw==/com.wikillm.android.debug-R6jMNllRWAI2ru2sU5YMLQ==/lib/arm64;/vendor/lib/rfsa/adsp;/vendor/dsp/cdsp;/system/lib/rfsa/adsp
2026-09-04 21:17:58.586 I/WikiLLMApp: ReLinker.loadLibrary(zim) OK
2026-09-04 21:17:58.589 I/WikiLLMApp: ReLinker.loadLibrary(kiwix) OK
2026-09-04 21:17:58.589 I/WikiLLMApp: System.loadLibrary(zim_wrapper) OK
2026-09-04 21:17:58.590 I/WikiLLMApp: System.loadLibrary(kiwix_wrapper) OK
2026-09-04 21:17:58.680 I/ChatVM: Auto-loading last model: QVikhr-3-4B-Instruction-Q4_0.gguf
2026-09-04 21:17:58.681 I/ChatVM: Loading model: QVikhr-3-4B-Instruction-Q4_0.gguf (device=npu, mtp=1) (/storage/emulated/0/Android/data/com.wikillm.android.debug/files/models/Vikhrmodels/QVikhr-3-4B-Instruction-GGUF/QVikhr-3-4B-Instruction-Q4_0.gguf)
2026-09-04 21:18:03.023 I/ChatVM: Model loaded: QVikhr-3-4B-Instruction-Q4_0.gguf
2026-09-08 14:33:28.739 I/WikiLLMApp: ADSP_LIBRARY_PATH=/data/app/~~opNjTY0BpxZY3_4yJyGHvw==/com.wikillm.android.debug-R6jMNllRWAI2ru2sU5YMLQ==/lib/arm64;/vendor/lib/rfsa/adsp;/vendor/dsp/cdsp;/system/lib/rfsa/adsp
2026-09-08 14:33:28.743 I/WikiLLMApp: ReLinker.loadLibrary(zim) OK
2026-09-08 14:33:28.746 I/WikiLLMApp: ReLinker.loadLibrary(kiwix) OK
2026-09-08 14:33:28.746 I/WikiLLMApp: System.loadLibrary(zim_wrapper) OK
2026-09-08 14:33:28.747 I/WikiLLMApp: System.loadLibrary(kiwix_wrapper) OK
2026-09-08 14:33:28.846 I/ChatVM: Auto-loading last model: QVikhr-3-4B-Instruction-Q4_0.gguf
2026-09-08 14:33:28.846 I/ChatVM: Loading model: QVikhr-3-4B-Instruction-Q4_0.gguf (device=npu, mtp=1) (/storage/emulated/0/Android/data/com.wikillm.android.debug/files/models/Vikhrmodels/QVikhr-3-4B-Instruction-GGUF/QVikhr-3-4B-Instruction-Q4_0.gguf)
2026-09-08 14:33:32.875 I/ChatVM: Model loaded: QVikhr-3-4B-Instruction-Q4_0.gguf
2026-09-08 14:33:39.224 I/ZimSearchHolder: probe /storage/emulated/0/Android/media/org.kiwix.kiwixmobile/wikipedia_ru_all_nopic_2026-01.zim exists=false canRead=false
2026-09-08 14:33:39.224 I/ZimSearchHolder: probe /storage/emulated/0/Android/media/org.kiwix.kiwixmobile/Custom/wikipedia_ru_all_nopic_2026-01.zim exists=false canRead=false
2026-09-08 14:33:39.227 I/ZimSearchHolder: probe /storage/emulated/0/Download/wikipedia_ru_all_nopic_2026-01.zim exists=false canRead=false
2026-09-08 14:33:39.228 I/ZimSearchHolder: probe /storage/emulated/0/Documents/wikipedia_ru_all_nopic_2026-01.zim exists=false canRead=false
2026-09-08 14:33:39.228 I/ZimSearchHolder: probe /storage/emulated/0/Kiwix/wikipedia_ru_all_nopic_2026-01.zim exists=false canRead=false
2026-09-08 14:33:39.228 I/ZimSearchHolder: probe /storage/emulated/0/wikipedia_ru_all_nopic_2026-01.zim exists=false canRead=false
2026-09-08 14:33:39.286 I/ZimSearcher: openFd: wikipedia_ru_all_nopic_2026-01.zim fd=176 size=14671735099 path=/proc/self/fd/176
2026-09-08 14:33:39.633 I/ZimSearchHolder: ZimSearchHolder ready: wikipedia_ru_all_nopic_2026-01.zim
2026-09-08 14:33:56.151 I/RagPromptBuilder: Query: 'мэры Тольятти за последние 30 лет' -> ZIM keywords: 'мэры тольятти'
2026-09-08 14:33:56.432 I/GraphWalker: walk seed=Тольятти props=[P6, P1365, P1366] → 4 nodes
2026-09-08 14:33:56.432 I/RagPromptBuilder: Walker probes (entity='Тольятти', props=3): Тольятти, Илья Геннадьевич Сухих, Николай Ренц, Сергей Анташев, Сергей Андреев
2026-09-08 14:33:56.489 I/EntityTitleProbe: Title probes (31 lookups): Тольятти(1070), Последний(1020)
2026-09-08 14:33:56.522 I/ZimSearcher: search('мэры тольятти') estimated=700
2026-09-08 14:33:56.724 I/ZimSearcher: search('тольятти') estimated=5796
2026-09-08 14:33:56.968 I/RagPromptBuilder: Entity merge 'тольятти': +15 candidates
2026-09-08 14:33:56.969 I/RagPromptBuilder: RAG: 'мэры Тольятти за последние 30 лет' candidates=38
2026-09-08 14:33:56.969 I/RagPromptBuilder: Top hits: Тольятти(s=1000)[Тольятти] | Последний(s=1020)[Последний] | Илья Геннадьевич Сухих(s=899)[Сухих,_Илья_Геннадьевич] | Николай Ренц(s=898)[Ренц,_Николай_Альфредович] | Сергей Анташев(s=897)[Анташев,_Сергей_Александрович]
2026-09-08 14:33:57.198 I/RagPromptBuilder: RAG prompt preview (listIntent=false): Тебе даны выдержки из Википедии. Отвечай на их основе. Извлеки и собери ВСЕ относящиеся к вопросу факты из выдержек, даже частичные (имена, даты, перечни). Если в выдержках совсем нет нужной информации — скажи «не знаю по приведённым выдержкам». Отвечай на русском языке.  === ВЫДЕРЖКИ ИЗ ВИКИ === === Тольятти === Карточка: Глава/мэр: Илья Геннадьевич Сухих Население: 662 683 человека (2025) Площадь: 314,78 км² Основан: 1737 год Страна: Россия Часовой пояс: UTC+4:00 Субъект Федерации: Самарская о
2026-09-08 14:33:57.198 I/ChatVM: RAG ctx: 4 articles from 38 candidates
2026-09-08 14:33:57.199 I/ChatVM: Generating: 1 msgs, maxTokens=600, temp=0.7, noThink=false
2026-09-08 14:34:36.584 I/ChatVM: Reply (0 chars, 361 tok, 40438ms, prefill 2556tok/2355ms=1085t/s, decode 10,3t/s, think 921 chars): 
2026-09-08 14:34:58.086 I/ChatVM: Coreference: 'где ответ' + topic 'мэры тольятти'
2026-09-08 14:34:58.088 I/RagPromptBuilder: Query: 'где ответ мэры тольятти' -> ZIM keywords: 'ответ мэры тольятти'
2026-09-08 14:34:58.150 I/EntityTitleProbe: Title probes (22 lookups): Ответ(1020), Тольятти(1020)
2026-09-08 14:34:58.173 I/ZimSearcher: search('ответ мэры тольятти') estimated=80
2026-09-08 14:34:58.565 I/ZimSearcher: search('тольятти') estimated=5796
2026-09-08 14:34:58.892 I/RagPromptBuilder: Entity merge 'тольятти': +19 candidates
2026-09-08 14:34:58.904 I/RagPromptBuilder: RAG: 'где ответ мэры тольятти' candidates=41
2026-09-08 14:34:58.904 I/RagPromptBuilder: Top hits: Ответ(s=1020)[Ответ] | Тольятти(s=1020)[Тольятти] | Тольятти 24(s=99)[Тольятти_24] | Тольятти, Пальмиро(s=99)[Тольятти,_Пальмиро] | Тольятти (станция)(s=99)[Тольятти_(станция)]
2026-09-08 14:34:59.145 I/RagPromptBuilder: RAG prompt preview (listIntent=false): Тебе даны выдержки из Википедии. Отвечай на их основе. Извлеки и собери ВСЕ относящиеся к вопросу факты из выдержек, даже частичные (имена, даты, перечни). Если в выдержках совсем нет нужной информации — скажи «не знаю по приведённым выдержкам». Отвечай на русском языке.  === ВЫДЕРЖКИ ИЗ ВИКИ === === Ответ === ете исследования. В информатике В информатике ответом называется результат посланого запроса, например запроса к Веб-серверу. См. также Поморские ответы Ответы Mail Ответ на главный вопрос
2026-09-08 14:34:59.145 I/ChatVM: RAG ctx: 4 articles from 41 candidates
2026-09-08 14:34:59.145 I/ChatVM: Generating: 2 msgs, maxTokens=600, temp=0.7, noThink=false
2026-09-08 14:36:09.361 I/ChatVM: Reply (671 chars, 600 tok, 71275ms, prefill 2562tok/2472ms=1036t/s, decode 8,9t/s, think 941 chars): **Мэр Тольятти:**   Имя: **Илья Геннадьевич Сухих**    ---  ### Ключевые факты из выдержек: - **Чин**: глава/мэр Городского округа Тольятти (на 2025 год).   - **Предыстория убийства политик в городе**
2026-09-08 14:39:45.430 I/RagPromptBuilder: Query: 'смотри градоначальники Тольятти' -> ZIM keywords: 'смотри градоначальники тольятти'
2026-09-08 14:39:45.544 I/GraphWalker: walk seed=Тольятти props=[P6, P1365, P1366] → 4 nodes
2026-09-08 14:39:45.544 I/RagPromptBuilder: Walker probes (entity='Тольятти', props=3): Тольятти, Илья Геннадьевич Сухих, Николай Ренц, Сергей Анташев, Сергей Андреев
2026-09-08 14:39:45.599 I/EntityTitleProbe: Title probes (42 lookups): Тольятти(1070), Градоначальники Тольятти(890)
2026-09-08 14:39:45.613 I/ZimSearcher: search('смотри градоначальники тольятти') estimated=5
2026-09-08 14:39:45.850 I/ZimSearcher: search('градоначальники') estimated=2794
2026-09-08 14:39:46.029 I/RagPromptBuilder: Entity merge 'градоначальники': +19 candidates
2026-09-08 14:39:46.034 I/RagPromptBuilder: RAG: 'смотри градоначальники Тольятти' candidates=30
2026-09-08 14:39:46.034 I/RagPromptBuilder: Top hits: Тольятти(s=1000)[Тольятти] | Градоначальники Тольятти(s=890)[Градоначальники_Тольятти] | Илья Геннадьевич Сухих(s=899)[Сухих,_Илья_Геннадьевич] | Николай Ренц(s=898)[Ренц,_Николай_Альфредович] | Сергей Анташев(s=897)[Анташев,_Сергей_Александрович]
2026-09-08 14:39:46.181 I/RagPromptBuilder: RAG prompt preview (listIntent=false): Тебе даны выдержки из Википедии. Отвечай на их основе. Извлеки и собери ВСЕ относящиеся к вопросу факты из выдержек, даже частичные (имена, даты, перечни). Если в выдержках совсем нет нужной информации — скажи «не знаю по приведённым выдержкам». Отвечай на русском языке.  === ВЫДЕРЖКИ ИЗ ВИКИ === === Тольятти === Карточка: Глава/мэр: Илья Геннадьевич Сухих Население: 662 683 человека (2025) Площадь: 314,78 км² Основан: 1737 год Страна: Россия Часовой пояс: UTC+4:00 Субъект Федерации: Самарская о
2026-09-08 14:39:46.181 I/ChatVM: RAG ctx: 3 articles from 30 candidates
2026-09-08 14:39:46.181 I/ChatVM: Generating: 4 msgs, maxTokens=600, temp=0.7, noThink=false
2026-09-08 14:40:53.998 I/ChatVM: Reply (536 chars, 600 tok, 68568ms, prefill 2638tok/2535ms=1041t/s, decode 9,2t/s, think 1064 chars): **Градоначальники Тольятти:**   - **Текущее назначение**: с 2017 года — главой города (известно как *мэр*). Согласно данным выдержки, должность оформлена Правовым актом Думы Городского округа № 1306 о
2026-09-08 14:43:39.390 I/RagPromptBuilder: Query: 'дай оттуда список мэров Тольятти за последние 30 лет' -> ZIM keywords: 'оттуда мэров тольятти'
2026-09-08 14:43:39.468 I/ZimSearcher: lookupRaw 'Градоначальники Тольятти' redirect=false path='Градоначальники_Тольятти' bodyLen=18062
2026-09-08 14:43:39.469 I/RagPromptBuilder: List article FOUND: 'Градоначальники Тольятти' (bodyLen=18062)
2026-09-08 14:43:39.555 I/RagPromptBuilder: List probes (entity='Тольятти', role='Мэры'): Градоначальники Тольятти, История Тольятти
2026-09-08 14:43:39.631 I/GraphWalker: walk seed=Тольятти props=[P6, P1365, P1366] → 4 nodes
2026-09-08 14:43:39.631 I/RagPromptBuilder: Walker probes (entity='Тольятти', props=3): Тольятти, Илья Геннадьевич Сухих, Николай Ренц, Сергей Анташев, Сергей Андреев
2026-09-08 14:43:39.665 I/EntityTitleProbe: Title probes (33 lookups): Тольятти(1070), Последний(1020)
2026-09-08 14:43:39.677 I/ZimSearcher: search('оттуда мэров тольятти') estimated=30
2026-09-08 14:43:40.179 I/ZimSearcher: search('тольятти') estimated=5796
2026-09-08 14:43:40.431 I/RagPromptBuilder: Entity merge 'тольятти': +17 candidates
2026-09-08 14:43:40.435 I/RagPromptBuilder: RAG: 'дай оттуда список мэров Тольятти за последние 30 лет' candidates=44
2026-09-08 14:43:40.435 I/RagPromptBuilder: Top hits: Градоначальники Тольятти(s=2000)[Градоначальники_Тольятти] | Тольятти(s=1000)[Тольятти] | Последний(s=1020)[Последний] | История Тольятти(s=1000)[История_Тольятти] | Илья Геннадьевич Сухих(s=899)[Сухих,_Илья_Геннадьевич]
2026-09-08 14:43:40.594 I/RagPromptBuilder: Map docs: 6 (Градоначальники Тольятти, Тольятти, Последний, История Тольятти, Илья Геннадьевич Сухих, Николай Ренц)
2026-09-08 14:43:52.148 I/ListExtractor: Map[1] raw: Уткин, Николай Дмитриевич — 1992–1994  |Жилкин, Сергей Фёдорович (Ф.И.О.) — 1994–2000  |Антонов Игорь Германович — ?  |Пушков Анатолий Николаевич — 2008–2012  |
2026-09-08 14:43:52.150 I/ListExtractor: Map[1/6] 'Градоначальники Тольятти': 5 items
2026-09-08 14:43:52.150 I/ListExtractor: Short-circuit: list article gave 5 names, skipping 5 docs
2026-09-08 14:43:52.150 I/ListExtractor: Map merged: 5 unique — Уткин, Николай Дмитриевич, Жилкин, Сергей Фёдорович, Антонов Игорь Германович, Пушков Анатолий Николаевич, Андреев Сергей
2026-09-08 14:43:52.151 I/ChatVM: Reply (191 chars, 2 tok, 12763ms): - **Уткин, Николай Дмитриевич** — 1992–1994 - **Жилкин, Сергей Фёдорович** — 1994–2000 - **Антонов Игорь Германович** — ? - **Пушков Анатолий Николаевич** — 2008–2012 - **Андреев Сергей** — ?
2026-09-08 14:44:10.872 I/ChatVM: Coreference: 'неправильно' + topic 'оттуда мэров тольятти'
2026-09-08 14:44:10.875 I/RagPromptBuilder: Query: 'неправильно оттуда мэров тольятти' -> ZIM keywords: 'неправильно оттуда мэров тольятти'
2026-09-08 14:44:10.965 I/EntityTitleProbe: Title probes (27 lookups): Тольятти(1020)
2026-09-08 14:44:10.972 I/ZimSearcher: search('неправильно оттуда мэров тольятти') estimated=3
2026-09-08 14:44:11.367 I/ZimSearcher: search('неправильно') estimated=12973
2026-09-08 14:44:11.560 I/RagPromptBuilder: Entity merge 'неправильно': +20 candidates
2026-09-08 14:44:11.567 I/RagPromptBuilder: RAG: 'неправильно оттуда мэров тольятти' candidates=24
2026-09-08 14:44:11.568 I/RagPromptBuilder: Top hits: Тольятти(s=1020)[Тольятти] | Неправильное начало(s=100)[Неправильное_начало] | Неправильное воспитание Кэмерон Пост(s=97)[Неправильное_воспитание_Кэмерон_Пост] | Если любить тебя неправильно(s=98)[Если_любить_тебя_неправильно] | Самара(s=100)[Самара]
2026-09-08 14:44:11.717 I/RagPromptBuilder: RAG prompt preview (listIntent=false): Тебе даны выдержки из Википедии. Отвечай на их основе. Извлеки и собери ВСЕ относящиеся к вопросу факты из выдержек, даже частичные (имена, даты, перечни). Если в выдержках совсем нет нужной информации — скажи «не знаю по приведённым выдержкам». Отвечай на русском языке.  === ВЫДЕРЖКИ ИЗ ВИКИ === === Тольятти === Карточка: Глава/мэр: Илья Геннадьевич Сухих Население: 662 683 человека (2025) Площадь: 314,78 км² Основан: 1737 год Страна: Россия Часовой пояс: UTC+4:00 Субъект Федерации: Самарская о
2026-09-08 14:44:11.717 I/ChatVM: RAG ctx: 3 articles from 24 candidates
2026-09-08 14:44:11.717 I/ChatVM: Generating: 8 msgs, maxTokens=600, temp=0.7, noThink=false
2026-09-08 14:44:29.494 I/ChatVM: Reply (319 chars, 130 tok, 18623ms, prefill 2822tok/2769ms=1019t/s, decode 8,7t/s): **Мэры Тольятти за последние 30 лет:**   1. **Илья Геннадьевич Сухих** — с 2017 года (по данным выдержки, должность оформлена Правовым актом № 1306 от 18.01.2017).    ---  ### Другие указания: - В тек
2026-09-08 15:23:45.684 I/WikiLLMApp: ADSP_LIBRARY_PATH=/data/app/~~opNjTY0BpxZY3_4yJyGHvw==/com.wikillm.android.debug-R6jMNllRWAI2ru2sU5YMLQ==/lib/arm64;/vendor/lib/rfsa/adsp;/vendor/dsp/cdsp;/system/lib/rfsa/adsp
2026-09-08 15:23:45.689 I/WikiLLMApp: ReLinker.loadLibrary(zim) OK
2026-09-08 15:23:45.691 I/WikiLLMApp: ReLinker.loadLibrary(kiwix) OK
2026-09-08 15:23:45.691 I/WikiLLMApp: System.loadLibrary(zim_wrapper) OK
2026-09-08 15:23:45.692 I/WikiLLMApp: System.loadLibrary(kiwix_wrapper) OK
2026-09-08 15:23:45.810 I/ChatVM: Auto-loading last model: QVikhr-3-4B-Instruction-Q4_0.gguf
2026-09-08 15:23:45.810 I/ChatVM: Loading model: QVikhr-3-4B-Instruction-Q4_0.gguf (device=npu, mtp=1) (/storage/emulated/0/Android/data/com.wikillm.android.debug/files/models/Vikhrmodels/QVikhr-3-4B-Instruction-GGUF/QVikhr-3-4B-Instruction-Q4_0.gguf)
2026-09-08 15:23:50.318 I/ChatVM: Model loaded: QVikhr-3-4B-Instruction-Q4_0.gguf
2026-09-08 15:24:04.677 I/ChatVM: Generating: 1 msgs, maxTokens=600, temp=0.7, noThink=false
2026-09-08 15:24:35.119 I/ChatVM: Reply (162 chars, 421 tok, 30444ms, think 1080 chars): **Губернатором Астраханской области с 2018 года является Елена Гаврилюк**, которая заменила Александра Кузнецова после его ухода из-за личных обстоятельств.    ##
2026-09-08 15:24:37.736 I/ZimSearchHolder: probe /storage/emulated/0/Android/media/org.kiwix.kiwixmobile/wikipedia_ru_all_nopic_2026-01.zim exists=false canRead=false
2026-09-08 15:24:37.737 I/ZimSearchHolder: probe /storage/emulated/0/Android/media/org.kiwix.kiwixmobile/Custom/wikipedia_ru_all_nopic_2026-01.zim exists=false canRead=false
2026-09-08 15:24:37.741 I/ZimSearchHolder: probe /storage/emulated/0/Download/wikipedia_ru_all_nopic_2026-01.zim exists=false canRead=false
2026-09-08 15:24:37.742 I/ZimSearchHolder: probe /storage/emulated/0/Documents/wikipedia_ru_all_nopic_2026-01.zim exists=false canRead=false
2026-09-08 15:24:37.743 I/ZimSearchHolder: probe /storage/emulated/0/Kiwix/wikipedia_ru_all_nopic_2026-01.zim exists=false canRead=false
2026-09-08 15:24:37.744 I/ZimSearchHolder: probe /storage/emulated/0/wikipedia_ru_all_nopic_2026-01.zim exists=false canRead=false
2026-09-08 15:24:37.785 I/ZimSearcher: openFd: wikipedia_ru_all_nopic_2026-01.zim fd=169 size=14671735099 path=/proc/self/fd/169
2026-09-08 15:24:38.114 I/ZimSearchHolder: ZimSearchHolder ready: wikipedia_ru_all_nopic_2026-01.zim
2026-09-08 15:24:42.749 I/RagPromptBuilder: Query: 'губернаторы Астрахани в 21 веке' -> ZIM keywords: 'губернаторы астрахани веке'
2026-09-08 15:24:43.043 I/GraphWalker: walk: 0 wikilinks in 'Астрахани_оборона_1919-20' (depth=0)
2026-09-08 15:24:43.043 I/GraphWalker: walk seed=Астрахани_оборона_1919-20 props=[P6, P1365, P1366] → 0 nodes
2026-09-08 15:24:43.044 I/RagPromptBuilder: Walker probes (entity='Астрахани', props=3): Астрахани оборона 1919-20
2026-09-08 15:24:43.088 I/EntityTitleProbe: Title probes (28 lookups): Астрахань(1070), XXI век(1040), Век(1020)
2026-09-08 15:24:43.127 I/ZimSearcher: search('губернаторы астрахани веке') estimated=700
2026-09-08 15:24:43.542 I/ZimSearcher: search('губернаторы') estimated=60070
2026-09-08 15:24:43.882 I/RagPromptBuilder: Entity merge 'губернаторы': +20 candidates
2026-09-08 15:24:43.891 I/RagPromptBuilder: RAG: 'губернаторы Астрахани в 21 веке' candidates=44
2026-09-08 15:24:43.892 I/RagPromptBuilder: Top hits: Астрахань(s=1070)[Астрахань] | XXI век(s=1040)[XXI_век] | Век(s=1020)[Век] | Астрахани оборона 1919-20(s=950)[Астрахани_оборона_1919-20] | Губернаторы Португальской Индии(s=99)[Губернаторы_Португальской_Индии]
2026-09-08 15:24:44.533 I/RagPromptBuilder: RAG prompt preview (listIntent=false): Тебе даны выдержки из Википедии. Отвечай на их основе. Извлеки и собери ВСЕ относящиеся к вопросу факты из выдержек, даже частичные (имена, даты, перечни). Если в выдержках совсем нет нужной информации — скажи «не знаю по приведённым выдержкам». Отвечай на русском языке.  === ВЫДЕРЖКИ ИЗ ВИКИ === === Астрахань === Карточка: Глава/мэр: Игорь Редькин Население: 465 990 человек (2025) Площадь: 208,7 км² Основан: 1558 год Страна: Россия Часовой пояс: UTC+4:00 Статус: Областной центр Субъект Федераци
2026-09-08 15:24:44.533 I/ChatVM: RAG ctx: 4 articles from 44 candidates
2026-09-08 15:24:44.533 I/ChatVM: Generating: 3 msgs, maxTokens=600, temp=0.7, noThink=false
2026-09-08 15:28:02.119 I/WikiLLMApp: ADSP_LIBRARY_PATH=/data/app/~~opNjTY0BpxZY3_4yJyGHvw==/com.wikillm.android.debug-R6jMNllRWAI2ru2sU5YMLQ==/lib/arm64;/vendor/lib/rfsa/adsp;/vendor/dsp/cdsp;/system/lib/rfsa/adsp
2026-09-08 15:28:02.123 I/WikiLLMApp: ReLinker.loadLibrary(zim) OK
2026-09-08 15:28:02.126 I/WikiLLMApp: ReLinker.loadLibrary(kiwix) OK
2026-09-08 15:28:02.126 I/WikiLLMApp: System.loadLibrary(zim_wrapper) OK
2026-09-08 15:28:02.127 I/WikiLLMApp: System.loadLibrary(kiwix_wrapper) OK
2026-09-08 15:28:02.218 I/ChatVM: Auto-loading last model: QVikhr-3-4B-Instruction-Q4_0.gguf
2026-09-08 15:28:02.218 I/ChatVM: Loading model: QVikhr-3-4B-Instruction-Q4_0.gguf (device=npu, mtp=1) (/storage/emulated/0/Android/data/com.wikillm.android.debug/files/models/Vikhrmodels/QVikhr-3-4B-Instruction-GGUF/QVikhr-3-4B-Instruction-Q4_0.gguf)
2026-09-08 15:28:05.898 I/ChatVM: Model loaded: QVikhr-3-4B-Instruction-Q4_0.gguf
2026-09-08 15:28:06.772 I/ZimSearchHolder: probe /storage/emulated/0/Android/media/org.kiwix.kiwixmobile/wikipedia_ru_all_nopic_2026-01.zim exists=false canRead=false
2026-09-08 15:28:06.772 I/ZimSearchHolder: probe /storage/emulated/0/Android/media/org.kiwix.kiwixmobile/Custom/wikipedia_ru_all_nopic_2026-01.zim exists=false canRead=false
2026-09-08 15:28:06.775 I/ZimSearchHolder: probe /storage/emulated/0/Download/wikipedia_ru_all_nopic_2026-01.zim exists=false canRead=false
2026-09-08 15:28:06.775 I/ZimSearchHolder: probe /storage/emulated/0/Documents/wikipedia_ru_all_nopic_2026-01.zim exists=false canRead=false
2026-09-08 15:28:06.776 I/ZimSearchHolder: probe /storage/emulated/0/Kiwix/wikipedia_ru_all_nopic_2026-01.zim exists=false canRead=false
2026-09-08 15:28:06.776 I/ZimSearchHolder: probe /storage/emulated/0/wikipedia_ru_all_nopic_2026-01.zim exists=false canRead=false
2026-09-08 15:28:06.806 I/ZimSearcher: openFd: wikipedia_ru_all_nopic_2026-01.zim fd=180 size=14671735099 path=/proc/self/fd/180
2026-09-08 15:28:07.093 I/ZimSearchHolder: ZimSearchHolder ready: wikipedia_ru_all_nopic_2026-01.zim
2026-09-08 15:28:31.411 I/RagPromptBuilder: Query: 'губернатора астраханской области с 2000 года' -> ZIM keywords: 'губернатора астраханской области 2000'
2026-09-08 15:28:31.523 I/EntityTitleProbe: Title probes (29 lookups): Астраханская область(1040), 2000 год(1040), Область(1020), Года(1020)
2026-09-08 15:28:31.566 I/ZimSearcher: search('губернатора астраханской области 2000') estimated=300
2026-09-08 15:28:31.779 I/ZimSearcher: search('астраханской') estimated=3864
2026-09-08 15:28:31.987 I/RagPromptBuilder: Entity merge 'астраханской': +17 candidates
2026-09-08 15:28:31.992 I/RagPromptBuilder: RAG: 'губернатора астраханской области с 2000 года' candidates=40
2026-09-08 15:28:31.993 I/RagPromptBuilder: Top hits: 2000 год(s=1040)[2000_год] | Астраханская область(s=1040)[Астраханская_область] | Область(s=1020)[Область] | Года(s=1020)[Года] | Губернатор Астраханской области(s=100)[Губернатор_Астраханской_области]
2026-09-08 15:28:32.329 I/RagPromptBuilder: RAG prompt preview (listIntent=false): Тебе даны выдержки из Википедии. Отвечай на их основе. Извлеки и собери ВСЕ относящиеся к вопросу факты из выдержек, даже частичные (имена, даты, перечни). Если в выдержках совсем нет нужной информации — скажи «не знаю по приведённым выдержкам». Отвечай на русском языке.  === ВЫДЕРЖКИ ИЗ ВИКИ === === 2000 год ===  до этого Ж. Ражнатовича-Аркана — 5,3 % (14 мест). 24 декабря В семи субъектах России прошли выборы глав регионов. Председателем правительства Республики Хакасия переизбран Алексей Лебе
2026-09-08 15:28:32.329 I/ChatVM: RAG ctx: 4 articles from 40 candidates
2026-09-08 15:28:32.329 I/ChatVM: Generating: 1 msgs, maxTokens=600, temp=0.7, noThink=false
2026-09-08 15:29:31.491 I/ChatVM: Reply (625 chars, 600 tok, 60083ms, prefill 1931tok/1708ms=1131t/s, decode 10,8t/s, think 880 chars): ## Губернаторы Астраханской области с 2000 года   - С 2004 по 23 октября 2018 г.: **Жилкин Александр Александрович**, победитель досрочных выборов 5 декабря 2004 (поддержка *«Единая Россия*»).   - Пос
2026-09-20 13:35:28.521 I/WikiLLMApp: ADSP_LIBRARY_PATH=/data/app/~~opNjTY0BpxZY3_4yJyGHvw==/com.wikillm.android.debug-R6jMNllRWAI2ru2sU5YMLQ==/lib/arm64;/vendor/lib/rfsa/adsp;/vendor/dsp/cdsp;/system/lib/rfsa/adsp
2026-09-20 13:35:28.525 I/WikiLLMApp: ReLinker.loadLibrary(zim) OK
2026-09-20 13:35:28.528 I/WikiLLMApp: ReLinker.loadLibrary(kiwix) OK
2026-09-20 13:35:28.528 I/WikiLLMApp: System.loadLibrary(zim_wrapper) OK
2026-09-20 13:35:28.529 I/WikiLLMApp: System.loadLibrary(kiwix_wrapper) OK
2026-09-20 13:35:28.640 I/ChatVM: Auto-loading last model: QVikhr-3-4B-Instruction-Q4_0.gguf
2026-09-20 13:35:28.641 I/ChatVM: Loading model: QVikhr-3-4B-Instruction-Q4_0.gguf (device=npu, mtp=1) (/storage/emulated/0/Android/data/com.wikillm.android.debug/files/models/Vikhrmodels/QVikhr-3-4B-Instruction-GGUF/QVikhr-3-4B-Instruction-Q4_0.gguf)
2026-09-20 13:35:32.811 I/ChatVM: Model loaded: QVikhr-3-4B-Instruction-Q4_0.gguf
2026-09-20 13:35:55.524 I/ChatVM: Generating: 1 msgs, maxTokens=600, temp=0.7, noThink=false
2026-09-20 13:36:34.878 I/ChatVM: Reply (813 chars, 575 tok, 39356ms, prefill 191tok/214ms=893t/s, decode 15,5t/s, think 908 chars): Синус-лифтинг обычно проводится при дефиците костной ткани для имплантации (гипоплазия дна верхней челюсти). Операция занимает ~2 недели до восстановления объема губокой ткани. Импланты ставятся **чер
2026-09-20 13:39:56.781 I/ChatVM: Loading model: Qwen3-4B-Thinking-2507-Q4_0.gguf (device=npu, mtp=1) (/storage/emulated/0/Android/data/com.wikillm.android.debug/files/models/unsloth/Qwen3-4B-Thinking-2507-GGUF/Qwen3-4B-Thinking-2507-Q4_0.gguf)
2026-09-20 13:40:00.086 I/ChatVM: Model loaded: Qwen3-4B-Thinking-2507-Q4_0.gguf
2026-09-20 13:40:10.036 I/ChatVM: Generating: 1 msgs, maxTokens=600, temp=0.7, noThink=false
2026-09-20 13:40:37.670 I/ChatVM: Reply (197 chars, 423 tok, 27635ms, think 1177 chars): Через сколько месяцев после синус лифтинга кручивают импланты и через сколько ставят постоянные зубы — зависит от индивидуальных особенностей пациента и методов восстановления. Обычно **3–6 месяцев
2026-09-20 13:41:35.562 I/ChatVM: Generating: 1 msgs, maxTokens=600, temp=0.7, noThink=false
2026-09-20 13:42:13.324 I/ChatVM: Reply (733 chars, 600 tok, 37763ms, prefill 198tok/241ms=822t/s, decode 16,0t/s, think 1237 chars): Для выбора региона разворачивания выделенного сервера при работе с нейронными сетями **DeepSeek** (китайская модель) и **Claude** (от Anthropic, США) ключевыми факторами являются задержка сети (**late
2026-09-20 13:42:28.325 I/ChatVM: Generating: 3 msgs, maxTokens=600, temp=0.7, noThink=false
2026-09-20 13:43:44.568 I/ChatVM: Reply (745 chars, 600 tok, 76243ms, prefill 450tok/355ms=1268t/s, decode 13,1t/s, think 1169 chars): **Рекомендация продолжена**  Для максимальной производительности и соблюдения законодательства **лучше разворачивать сервер внутри РФ**. Задержка в России составит 20–50 мс при работе с локальными сер
2026-09-20 13:51:33.545 I/WikiLLMApp: ADSP_LIBRARY_PATH=/data/app/~~opNjTY0BpxZY3_4yJyGHvw==/com.wikillm.android.debug-R6jMNllRWAI2ru2sU5YMLQ==/lib/arm64;/vendor/lib/rfsa/adsp;/vendor/dsp/cdsp;/system/lib/rfsa/adsp
2026-09-20 13:51:33.553 I/WikiLLMApp: ReLinker.loadLibrary(zim) OK
2026-09-20 13:51:33.557 I/WikiLLMApp: ReLinker.loadLibrary(kiwix) OK
2026-09-20 13:51:33.557 I/WikiLLMApp: System.loadLibrary(zim_wrapper) OK
2026-09-20 13:51:33.558 I/WikiLLMApp: System.loadLibrary(kiwix_wrapper) OK
2026-09-20 13:51:33.732 I/ChatVM: Auto-loading last model: Qwen3-4B-Thinking-2507-Q4_0.gguf
2026-09-20 13:51:33.733 I/ChatVM: Loading model: Qwen3-4B-Thinking-2507-Q4_0.gguf (device=npu, mtp=1) (/storage/emulated/0/Android/data/com.wikillm.android.debug/files/models/unsloth/Qwen3-4B-Thinking-2507-GGUF/Qwen3-4B-Thinking-2507-Q4_0.gguf)
2026-09-20 13:51:38.670 I/ChatVM: Model loaded: Qwen3-4B-Thinking-2507-Q4_0.gguf
2026-09-20 13:52:07.908 I/ChatVM: Generating: 1 msgs, maxTokens=600, temp=0.7, noThink=false
2026-09-20 13:52:47.574 I/ChatVM: Reply (788 chars, 600 tok, 39668ms, prefill 200tok/216ms=926t/s, decode 16,1t/s, think 1172 chars): Ваша проблема связана с невозможностью открытия сайта **Entertainment.Airflot.ru** на Android и MacBook, хотя на iPhone всё работает. Это указывает на то, что проблема не в самой сервисе Аэрофлота, а 
2026-09-29 22:26:26.390 I/WikiLLMApp: ADSP_LIBRARY_PATH=/data/app/~~B85KYaEGK68p4sWY73_6vw==/com.wikillm.android.debug--2mRyzDk1Ht4g74Se3Eylg==/lib/arm64;/vendor/lib/rfsa/adsp;/vendor/dsp/cdsp;/system/lib/rfsa/adsp
2026-09-29 22:26:26.393 I/WikiLLMApp: ReLinker.loadLibrary(zim) OK
2026-09-29 22:26:26.396 I/WikiLLMApp: ReLinker.loadLibrary(kiwix) OK
2026-09-29 22:26:26.396 I/WikiLLMApp: System.loadLibrary(zim_wrapper) OK
2026-09-29 22:26:26.396 I/WikiLLMApp: System.loadLibrary(kiwix_wrapper) OK
2026-09-29 22:26:26.541 I/ChatVM: Auto-loading last model: Qwen3-4B-Thinking-2507-Q4_0.gguf
2026-09-29 22:26:26.541 I/ChatVM: Loading model: Qwen3-4B-Thinking-2507-Q4_0.gguf (device=npu, mtp=0) (/storage/emulated/0/Android/data/com.wikillm.android.debug/files/models/unsloth/Qwen3-4B-Thinking-2507-GGUF/Qwen3-4B-Thinking-2507-Q4_0.gguf)
2026-09-29 22:26:31.060 I/ChatVM: Model loaded: Qwen3-4B-Thinking-2507-Q4_0.gguf
2026-09-29 22:30:08.826 I/WikiLLMApp: ADSP_LIBRARY_PATH=/data/app/~~B85KYaEGK68p4sWY73_6vw==/com.wikillm.android.debug--2mRyzDk1Ht4g74Se3Eylg==/lib/arm64;/vendor/lib/rfsa/adsp;/vendor/dsp/cdsp;/system/lib/rfsa/adsp
2026-09-29 22:30:08.839 I/WikiLLMApp: ReLinker.loadLibrary(zim) OK
2026-09-29 22:30:08.853 I/WikiLLMApp: ReLinker.loadLibrary(kiwix) OK
2026-09-29 22:30:08.853 I/WikiLLMApp: System.loadLibrary(zim_wrapper) OK
2026-09-29 22:30:08.854 I/WikiLLMApp: System.loadLibrary(kiwix_wrapper) OK
2026-09-29 22:30:08.988 I/ChatVM: Auto-loading last model: Qwen3-4B-Thinking-2507-Q4_0.gguf
2026-09-29 22:30:08.988 I/ChatVM: Loading model: Qwen3-4B-Thinking-2507-Q4_0.gguf (device=npu, mtp=0) (/storage/emulated/0/Android/data/com.wikillm.android.debug/files/models/unsloth/Qwen3-4B-Thinking-2507-GGUF/Qwen3-4B-Thinking-2507-Q4_0.gguf)
2026-09-29 22:30:12.244 I/ChatVM: Model loaded: Qwen3-4B-Thinking-2507-Q4_0.gguf
2026-09-29 22:32:55.281 I/ZimSearcher: openPath: /storage/emulated/0/Android/data/com.wikillm.android.debug/files/zim/wikipedia_ru_all_nopic_2026-01.zim (14671735099 bytes)
2026-09-29 22:32:55.519 I/ZimSearchHolder: ZimSearchHolder ready: wikipedia_ru_all_nopic_2026-01.zim
2026-09-29 22:33:10.812 I/ChatVM: Loading model: QVikhr-3-4B-Instruction-Q4_0.gguf (device=npu, mtp=0) (/storage/emulated/0/Android/data/com.wikillm.android.debug/files/models/Vikhrmodels/QVikhr-3-4B-Instruction-GGUF/QVikhr-3-4B-Instruction-Q4_0.gguf)
2026-09-29 22:33:13.925 I/ChatVM: Model loaded: QVikhr-3-4B-Instruction-Q4_0.gguf
2026-09-29 22:33:17.317 I/BenchmarkBridge: Benchmark question via intent: почему Юпитер называют газовым гигантом
2026-09-29 22:33:17.321 I/ChatVM: [TURN] begin q=почему Юпитер называют газовым гигантом
2026-09-29 22:33:17.323 I/ChatVM: [PHASE] factoid=miss ms=2
2026-09-29 22:33:17.325 I/RagPromptBuilder: Query: 'почему Юпитер называют газовым гигантом' -> ZIM keywords: 'юпитер называют газовым гигантом'
2026-09-29 22:33:17.517 I/GraphWalker: walk: 0 wikilinks in 'Юпитер' (depth=0)
2026-09-29 22:33:17.517 I/GraphWalker: walk seed=Юпитер props=[P6, P1365, P1366, P39, P166, P26, P40, P22, P25, P3373, P50, P175, P800, P184, P802, P57, P58, P162, P36, P159, P127, P112] → 0 nodes
2026-09-29 22:33:17.517 I/RagPromptBuilder: Walker probes (entity='Юпитер', props=22): Юпитер
2026-09-29 22:33:17.540 I/EntityTitleProbe: Title probes (13 lookups): Юпитер(1080), Гигант(1030)
2026-09-29 22:33:17.573 I/ZimSearcher: search('юпитер называют газовым гигантом') estimated=200
2026-09-29 22:33:17.889 I/ZimSearcher: search('называют') estimated=194221
2026-09-29 22:33:18.117 I/RagPromptBuilder: Entity merge 'называют': +20 candidates
2026-09-29 22:33:18.125 I/RagPromptBuilder: RAG: 'почему Юпитер называют газовым гигантом' candidates=42
2026-09-29 22:33:18.126 I/RagPromptBuilder: Top hits: Юпитер(s=1080)[Юпитер] | Гигант(s=1030)[Гигант] | То, что называют любовью(s=98)[То,_что_называют_любовью] | Газовые гиганты(s=100)[Газовые_гиганты] | Моя так называемая жизнь(s=100)[Моя_так_называемая_жизнь]
2026-09-29 22:33:18.365 I/RagPromptBuilder: [PHASE] search=802ms read=239ms docs=4 ctx=4405
2026-09-29 22:33:18.366 I/RagPromptBuilder: RAG prompt preview (listIntent=false): Тебе даны выдержки из Википедии. Отвечай на их основе. Ответь коротко и по существу: 1–3 предложения, только то, о чём спрашивают. Не пересказывай выдержки, не добавляй посторонние факты и не нумеруй пункты, если вопрос не про перечень. Если вопрос требует сравнения двух и более вещей — до 5 предложений. Если в выдержках совсем нет нужной информации — скажи «не знаю по приведённым выдержкам». Отвечай на русском языке.  === ВЫДЕРЖКИ ИЗ ВИКИ === === Юпитер === Карточка: Перигелий: 7,405736⋅108 км 
2026-09-29 22:33:18.366 I/ChatVM: RAG ctx: 4 articles from 42 candidates
2026-09-29 22:33:18.366 I/ChatVM: Generating: 1 msgs, maxTokens=600, temp=0.7, noThink=true
2026-09-29 22:33:39.452 I/ChatVM: Reply (575 chars, 201 tok, 22132ms, prefill 2171tok/2068ms=1050t/s, decode 10,6t/s): Юпитер называют газовым гигантом, потому что **состоит в основном из водорода и гелия** (в отличие от других планет). Его атмосфера богата инертными газами (аргоном, криптоном) с концентрацией, превыш
2026-09-29 22:33:39.453 I/ChatVM: [TURN] end path=rag total=22132ms factoid=2ms ptok=2171 gtok=201 prefill=2068ms decode=18971ms chars=575
2026-09-29 22:33:39.713 I/BenchmarkBridge: Benchmark question via intent: из чего состоит атмосфера Марса
2026-09-29 22:33:39.714 I/ChatVM: [TURN] begin q=из чего состоит атмосфера Марса
2026-09-29 22:33:39.715 I/ChatVM: [PHASE] factoid=miss ms=0
2026-09-29 22:33:39.716 I/RagPromptBuilder: Query: 'из чего состоит атмосфера Марса' -> ZIM keywords: 'чего состоит атмосфера марса'
2026-09-29 22:33:39.764 I/GraphWalker: walk: 0 wikilinks in 'Марса' (depth=0)
2026-09-29 22:33:39.765 I/GraphWalker: walk seed=Марса props=[P6, P1365, P1366, P39, P166, P26, P40, P22, P25, P3373, P50, P175, P800, P184, P802, P57, P58, P162, P36, P159, P127, P112] → 0 nodes
2026-09-29 22:33:39.765 I/RagPromptBuilder: Walker probes (entity='Марса', props=22): Марса
2026-09-29 22:33:39.793 I/EntityTitleProbe: Title probes (10 lookups): Марса(1080), Марс(1080), Атмосфера Марса(900)
2026-09-29 22:33:39.800 I/EntityTitleProbe: Top tie at 1080: Марс=658430, Марса=7479
2026-09-29 22:33:39.802 I/EntityTitleProbe: Redundant probes: Марса
2026-09-29 22:33:39.840 I/ZimSearcher: search('чего состоит атмосфера марса') estimated=300
2026-09-29 22:33:40.283 I/ZimSearcher: search('атмосфера') estimated=21862
2026-09-29 22:33:40.649 I/RagPromptBuilder: Entity merge 'атмосфера': +19 candidates
2026-09-29 22:33:40.661 I/RagPromptBuilder: RAG: 'из чего состоит атмосфера Марса' candidates=40
2026-09-29 22:33:40.661 I/RagPromptBuilder: Top hits: Марс(s=1085)[Марс] | Марса(s=900)[Марса] | Атмосфера Марса(s=900)[Атмосфера_Марса] | Атмосфера(s=100)[Атмосфера] | Атмосфера Земли(s=99)[Атмосфера_Земли]
2026-09-29 22:33:41.014 I/RagPromptBuilder: [PHASE] search=946ms read=352ms docs=4 ctx=4482
2026-09-29 22:33:41.014 I/RagPromptBuilder: RAG prompt preview (listIntent=false): Тебе даны выдержки из Википедии. Отвечай на их основе. Ответь коротко и по существу: 1–3 предложения, только то, о чём спрашивают. Не пересказывай выдержки, не добавляй посторонние факты и не нумеруй пункты, если вопрос не про перечень. Если вопрос требует сравнения двух и более вещей — до 5 предложений. Если в выдержках совсем нет нужной информации — скажи «не знаю по приведённым выдержкам». Отвечай на русском языке.  === ВЫДЕРЖКИ ИЗ ВИКИ === === Марс === Карточка: Другие названия: Красная план
2026-09-29 22:33:41.014 I/ChatVM: RAG ctx: 4 articles from 40 candidates
2026-09-29 22:33:41.015 I/ChatVM: Generating: 3 msgs, maxTokens=600, temp=0.7, noThink=true
2026-09-29 22:33:52.507 I/ChatVM: Reply (188 chars, 92 tok, 12793ms, prefill 2494tok/2432ms=1025t/s, decode 10,2t/s): Атмосфера Марса состоит в основном из **углекислого газа (95,32%)**. Другие компоненты: 2,7% азота, 1,6% аргона, водяной пар (~0,14%), угарный газ и другие инертные газы (криптон, ксенон).
2026-09-29 22:33:52.508 I/ChatVM: [TURN] end path=rag total=12793ms factoid=0ms ptok=2494 gtok=92 prefill=2432ms decode=9023ms chars=188
2026-09-29 22:33:52.981 I/BenchmarkBridge: Benchmark question via intent: кто открыл пенициллин
2026-09-29 22:33:52.983 I/ChatVM: [TURN] begin q=кто открыл пенициллин
2026-09-29 22:33:52.984 I/ChatVM: [PHASE] factoid=miss ms=1
2026-09-29 22:33:52.985 I/ChatVM: Coreference: 'кто открыл пенициллин' + topic 'чего состоит атмосфера марса'
2026-09-29 22:33:52.985 I/RagPromptBuilder: Query: 'кто открыл пенициллин чего состоит атмосфера марса' -> ZIM keywords: 'открыл пенициллин чего состоит атмосфера марса'
2026-09-29 22:33:53.026 I/EntityTitleProbe: Title probes (18 lookups): Бензилпенициллин(1020), Марса(1030), Марс(1030)
2026-09-29 22:33:53.029 I/EntityTitleProbe: Top tie at 1030: Марс=658430, Марса=7479
2026-09-29 22:33:53.030 I/EntityTitleProbe: Redundant probes: Марса
2026-09-29 22:33:53.033 I/ZimSearcher: search('открыл пенициллин чего состоит атмосфера марса') estimated=0
2026-09-29 22:33:53.041 I/ZimSearcher: search('пенициллин') estimated=589
2026-09-29 22:33:53.193 I/RagPromptBuilder: Entity merge 'пенициллин': +19 candidates
2026-09-29 22:33:53.200 I/RagPromptBuilder: RAG: 'кто открыл пенициллин чего состоит атмосфера марса' candidates=21
2026-09-29 22:33:53.201 I/RagPromptBuilder: Top hits: Марс(s=1035)[Марс] | Бензилпенициллин(s=1020)[Бензилпенициллин] | Пенициллины(s=100)[Пенициллины] | Пенициллин (комплекс артразведки)(s=99)[Пенициллин_(комплекс_артразведки)] | Пенициллин (значения)(s=95)[Пенициллин_(значения)]
2026-09-29 22:33:53.471 I/RagPromptBuilder: [PHASE] search=216ms read=269ms docs=4 ctx=4544
2026-09-29 22:33:53.471 I/RagPromptBuilder: RAG prompt preview (listIntent=false): Тебе даны выдержки из Википедии. Отвечай на их основе. Ответь коротко и по существу: 1–3 предложения, только то, о чём спрашивают. Не пересказывай выдержки, не добавляй посторонние факты и не нумеруй пункты, если вопрос не про перечень. Если вопрос требует сравнения двух и более вещей — до 5 предложений. Если в выдержках совсем нет нужной информации — скажи «не знаю по приведённым выдержкам». Отвечай на русском языке.  === ВЫДЕРЖКИ ИЗ ВИКИ === === Марс === Карточка: Другие названия: Красная план
2026-09-29 22:33:53.471 I/ChatVM: RAG ctx: 4 articles from 21 candidates
2026-09-29 22:33:53.471 I/ChatVM: Generating: 5 msgs, maxTokens=600, temp=0.7, noThink=true
2026-09-29 22:34:07.750 I/ChatVM: Reply (246 chars, 112 tok, 14767ms, prefill 2742tok/2770ms=990t/s, decode 9,8t/s): **Кто открыл пенициллин**: Александер Флеминг, грибовод и бактериолог.   **Что состоит атмосфера Марса**: в основном из углекислого газа (95,32%), с 2,7% азотом, 1,6% аргоном, водяным паром (~0,14%) и
2026-09-29 22:34:07.752 I/ChatVM: [TURN] end path=rag total=14767ms factoid=1ms ptok=2742 gtok=112 prefill=2770ms decode=11475ms chars=246
2026-09-29 22:34:08.297 I/BenchmarkBridge: Benchmark question via intent: что такое фотосинтез
2026-09-29 22:34:08.299 I/ChatVM: [TURN] begin q=что такое фотосинтез
2026-09-29 22:34:08.300 I/ChatVM: [PHASE] factoid=miss ms=1
2026-09-29 22:34:08.301 I/ChatVM: Coreference: 'что такое фотосинтез' + topic 'открыл пенициллин'
2026-09-29 22:34:08.303 I/RagPromptBuilder: Query: 'что такое фотосинтез открыл пенициллин' -> ZIM keywords: 'такое фотосинтез открыл пенициллин'
2026-09-29 22:34:08.343 I/EntityTitleProbe: Title probes (5 lookups): Фотосинтез(1030), Бензилпенициллин(1020)
2026-09-29 22:34:08.352 I/ZimSearcher: search('такое фотосинтез открыл пенициллин') estimated=2
2026-09-29 22:34:08.472 I/ZimSearcher: search('фотосинтез') estimated=965
2026-09-29 22:34:08.709 I/RagPromptBuilder: Entity merge 'фотосинтез': +19 candidates
2026-09-29 22:34:08.713 I/RagPromptBuilder: RAG: 'что такое фотосинтез открыл пенициллин' candidates=23
2026-09-29 22:34:08.713 I/RagPromptBuilder: Top hits: Фотосинтез(s=1030)[Фотосинтез] | Бензилпенициллин(s=1020)[Бензилпенициллин] | C4-фотосинтез(s=99)[C4-фотосинтез] | CAM-фотосинтез(s=99)[CAM-фотосинтез] | Эволюция фотосинтеза(s=99)[Эволюция_фотосинтеза]
2026-09-29 22:34:08.989 I/RagPromptBuilder: [PHASE] search=411ms read=275ms docs=4 ctx=4432
2026-09-29 22:34:08.989 I/RagPromptBuilder: RAG prompt preview (listIntent=false): Тебе даны выдержки из Википедии. Отвечай на их основе. Ответь коротко и по существу: 1–3 предложения, только то, о чём спрашивают. Не пересказывай выдержки, не добавляй посторонние факты и не нумеруй пункты, если вопрос не про перечень. Если вопрос требует сравнения двух и более вещей — до 5 предложений. Если в выдержках совсем нет нужной информации — скажи «не знаю по приведённым выдержкам». Отвечай на русском языке.  === ВЫДЕРЖКИ ИЗ ВИКИ === === Фотосинтез === Фотосинтез Фотоси́нтез (от др.-гр
2026-09-29 22:34:08.989 I/ChatVM: RAG ctx: 4 articles from 23 candidates
2026-09-29 22:34:08.990 I/ChatVM: Generating: 7 msgs, maxTokens=600, temp=0.7, noThink=true
2026-09-29 22:34:18.146 I/ChatVM: Reply (190 chars, 65 tok, 9847ms, prefill 2571tok/2641ms=973t/s, decode 10,0t/s): Вопрос некорректен. Фотосинтез и пенициллин — отдельные физиологические процессы, связанные с растениями и бактериями соответственно, но не имеющие прямой связи в предоставленных источниках.
2026-09-29 22:34:18.149 I/ChatVM: [TURN] end path=rag total=9847ms factoid=1ms ptok=2571 gtok=65 prefill=2641ms decode=6476ms chars=190
2026-09-29 22:34:18.487 I/BenchmarkBridge: Benchmark question via intent: когда началась Вторая мировая война
2026-09-29 22:34:18.488 I/ChatVM: [TURN] begin q=когда началась Вторая мировая война
2026-09-29 22:34:18.489 I/FactoidAnswerer: Factoid candidate: label='(by card label)' entity='Вторая'
2026-09-29 22:34:18.549 I/EntityTitleProbe: Title probes (22 lookups): Вторая мировая война(1120), Вторая(1080), Мировая война(1050), Война(1030)
2026-09-29 22:34:18.550 I/EntityTitleProbe: Redundant probes: Вторая, Война
2026-09-29 22:34:19.740 I/ZimSearcher: suggestTitles('Вторая'): Вторая, Вторая Академия, Вторая Александровка, Вторая Алексеевка, Вторая Алия, Вторая Армения, Вторая Багажиашта, Вторая Бугульда, Вторая Бундеслига, Вторая Васильевка, Вторая Вилашка, Вторая Глушковская, Вторая Горка, Вторая Григорьевка, Вторая Грязучая, Вторая Дудинская, Вторая Едома, Вторая Ивановка, Вторая Ивань, Вторая Интифада, Вторая Каменка, Вторая Ключевская, Вторая Кошка, Вторая Кривка, Вторая Крутая, Вторая Куликовка, Вторая Культура, Вторая Лака, Вторая Леденгская, Вторая Луна, Вторая Малая, Вторая Медяна
2026-09-29 22:34:19.742 I/FactoidAnswerer: Factoid candidates: Вторая, Вторая мировая война, Мировая война
2026-09-29 22:34:19.750 I/FactoidAnswerer: Factoid: 'Вторая' has no infobox — next candidate
2026-09-29 22:34:19.831 I/FactoidAnswerer: Factoid: no label covers [начала, мирова, война] in [Дата, Место, Причина, Итог]
2026-09-29 22:34:19.831 I/FactoidAnswerer: Factoid: 'Вторая мировая война' card has no matching field — next candidate
2026-09-29 22:34:19.840 I/FactoidAnswerer: Factoid: 'Мировая война' has no infobox — next candidate
2026-09-29 22:34:19.840 I/FactoidAnswerer: Factoid: no candidate carried the field — falling back to RAG
2026-09-29 22:34:19.841 I/ChatVM: [PHASE] factoid=miss ms=1353
2026-09-29 22:34:19.841 I/RagPromptBuilder: Query: 'когда началась Вторая мировая война' -> ZIM keywords: 'началась вторая мировая война'
2026-09-29 22:34:19.843 I/GraphWalker: walk: 0 wikilinks in 'Вторая' (depth=0)
2026-09-29 22:34:19.843 I/GraphWalker: walk seed=Вторая props=[P6, P1365, P1366, P39, P166, P26, P40, P22, P25, P3373, P50, P175, P800, P184, P802, P57, P58, P162, P36, P159, P127, P112] → 0 nodes
2026-09-29 22:34:19.843 I/RagPromptBuilder: Walker probes (entity='Вторая', props=22): Вторая
2026-09-29 22:34:19.852 I/EntityTitleProbe: Title probes (22 lookups): Вторая мировая война(1120), Вторая(1080), Мировая война(1050), Война(1030)
2026-09-29 22:34:19.853 I/EntityTitleProbe: Redundant probes: Вторая, Война
2026-09-29 22:34:19.996 I/ZimSearcher: search('началась вторая мировая война') estimated=20000
2026-09-29 22:34:20.880 I/ZimSearcher: search('началась') estimated=467255
2026-09-29 22:34:21.655 I/RagPromptBuilder: Entity merge 'началась': +20 candidates
2026-09-29 22:34:21.660 I/RagPromptBuilder: RAG: 'когда началась Вторая мировая война' candidates=41
2026-09-29 22:34:21.660 I/RagPromptBuilder: Top hits: Вторая мировая война(s=1120)[Вторая_мировая_война] | Мировая война(s=1050)[Мировая_война] | Вторая(s=900)[Вторая] | Вторая мировая война на море(s=98)[Вторая_мировая_война_на_море] | Вторая мировая война (серия книг)(s=95)[Вторая_мировая_война_(серия_книг)]
2026-09-29 22:34:21.894 I/RagPromptBuilder: [PHASE] search=1819ms read=234ms docs=4 ctx=4313
2026-09-29 22:34:21.894 I/RagPromptBuilder: RAG prompt preview (listIntent=false): Тебе даны выдержки из Википедии. Отвечай на их основе. Ответь коротко и по существу: 1–3 предложения, только то, о чём спрашивают. Не пересказывай выдержки, не добавляй посторонние факты и не нумеруй пункты, если вопрос не про перечень. Если вопрос требует сравнения двух и более вещей — до 5 предложений. Если в выдержках совсем нет нужной информации — скажи «не знаю по приведённым выдержкам». Отвечай на русском языке.  === ВЫДЕРЖКИ ИЗ ВИКИ === === Вторая мировая война === Карточка: Дата: 1 сентя
2026-09-29 22:34:21.894 I/ChatVM: RAG ctx: 4 articles from 41 candidates
2026-09-29 22:34:21.894 I/ChatVM: Generating: 7 msgs, maxTokens=600, temp=0.7, noThink=true
2026-09-29 22:34:27.326 I/ChatVM: Reply (86 chars, 33 tok, 8837ms, prefill 2209tok/2189ms=1009t/s, decode 10,3t/s): Вторая мировая война началась 1 сентября 1939 года, когда Германия вторглась в Польшу.
2026-09-29 22:34:27.326 I/ChatVM: [TURN] end path=rag total=8837ms factoid=1353ms ptok=2209 gtok=33 prefill=2189ms decode=3217ms chars=86
2026-09-29 22:34:27.680 I/BenchmarkBridge: Benchmark question via intent: чем знаменит Большое красное пятно
2026-09-29 22:34:27.681 I/ChatVM: [TURN] begin q=чем знаменит Большое красное пятно
2026-09-29 22:34:27.682 I/ChatVM: [PHASE] factoid=miss ms=0
2026-09-29 22:34:27.682 I/RagPromptBuilder: Query: 'чем знаменит Большое красное пятно' -> ZIM keywords: 'чем знаменит большое красное пятно'
2026-09-29 22:34:27.715 I/GraphWalker: walk: 0 wikilinks in 'Большое' (depth=0)
2026-09-29 22:34:27.716 I/GraphWalker: walk seed=Большое props=[P6, P1365, P1366, P39, P166, P26, P40, P22, P25, P3373, P50, P175, P800, P184, P802, P57, P58, P162, P36, P159, P127, P112] → 0 nodes
2026-09-29 22:34:27.716 I/RagPromptBuilder: Walker probes (entity='Большое', props=22): Большое
2026-09-29 22:34:27.757 I/EntityTitleProbe: Title probes (28 lookups): Большое красное пятно(1120), Большое(1080), Красное(1030), Красно(1030), Пятно(1030)
2026-09-29 22:34:27.759 I/EntityTitleProbe: Redundant probes: Большое, Красное, Красно, Пятно
2026-09-29 22:34:27.779 I/ZimSearcher: search('чем знаменит большое красное пятно') estimated=200
2026-09-29 22:34:28.312 I/ZimSearcher: search('знаменит') estimated=51485
2026-09-29 22:34:28.699 I/RagPromptBuilder: Entity merge 'знаменит': +20 candidates
2026-09-29 22:34:28.712 I/RagPromptBuilder: RAG: 'чем знаменит Большое красное пятно' candidates=42
2026-09-29 22:34:28.712 I/RagPromptBuilder: Top hits: Большое красное пятно(s=1120)[Большое_красное_пятно] | Большое(s=900)[Большое] | Я почти знаменит(s=99)[Я_почти_знаменит] | Красочная жизнь(s=100)[Красочная_жизнь] | Храм иконы Божией Матери «Знамение»(s=100)[Храм_иконы_Божией_Матери_«Знамение»]
2026-09-29 22:34:28.802 I/RagPromptBuilder: [PHASE] search=1030ms read=89ms docs=4 ctx=4549
2026-09-29 22:34:28.802 I/RagPromptBuilder: RAG prompt preview (listIntent=false): Тебе даны выдержки из Википедии. Отвечай на их основе. Ответь коротко и по существу: 1–3 предложения, только то, о чём спрашивают. Не пересказывай выдержки, не добавляй посторонние факты и не нумеруй пункты, если вопрос не про перечень. Если вопрос требует сравнения двух и более вещей — до 5 предложений. Если в выдержках совсем нет нужной информации — скажи «не знаю по приведённым выдержкам». Отвечай на русском языке.  === ВЫДЕРЖКИ ИЗ ВИКИ === === Большое красное пятно === Большое красное пятно 
2026-09-29 22:34:28.802 I/ChatVM: RAG ctx: 4 articles from 42 candidates
2026-09-29 22:34:28.802 I/ChatVM: Generating: 7 msgs, maxTokens=600, temp=0.7, noThink=true
2026-09-29 22:34:35.833 I/ChatVM: Reply (122 chars, 46 tok, 8152ms, prefill 2344tok/2359ms=994t/s, decode 9,9t/s): Большое красное пятно (Юпитер) — крупнейший атмосферный вихрь с антициклоническим штормом, который меняет размеры и цвета.
2026-09-29 22:34:35.834 I/ChatVM: [TURN] end path=rag total=8152ms factoid=0ms ptok=2344 gtok=46 prefill=2359ms decode=4644ms chars=122
2026-09-29 22:34:36.856 I/BenchmarkBridge: Benchmark question via intent: что производит АвтоВАЗ
2026-09-29 22:34:36.860 I/ChatVM: [TURN] begin q=что производит АвтоВАЗ
2026-09-29 22:34:36.861 I/FactoidAnswerer: Factoid candidate: label='(by card label)' entity='АвтоВАЗ'
2026-09-29 22:34:36.904 I/EntityTitleProbe: Title probes (2 lookups): АвтоВАЗ(1080)
2026-09-29 22:34:36.960 I/ZimSearcher: suggestTitles('АвтоВАЗ'): АВТОВАЗ, GM-АВТОВАЗ, Национальная гоночная серия "АВТОВАЗ", Технический музей ОАО "АвтоВАЗ", Эм-АВТОВАЗ Шевроле Вива, Джи Эм-АВТОВАЗ Шевроле Нива, Здание генеральной дирекции АВТОВАЗа, АВТОВАЗБАНК, АвтоВАЗагрегат
2026-09-29 22:34:36.961 I/FactoidAnswerer: Factoid candidates: АвтоВАЗ
2026-09-29 22:34:37.004 I/FactoidAnswerer: Factoid: no label covers [произв] in [Основан, Штаб-квартира, Тип, Листинг на бирже, Дата основания, Прежние названия, Основатели, Расположение, Ключевые фигуры, Отрасль, Продукция, Операционная прибыль, Чистая прибыль, Материнская компания, Дочерние компании]
2026-09-29 22:34:37.005 I/FactoidAnswerer: Factoid: 'АвтоВАЗ' card has no matching field — next candidate
2026-09-29 22:34:37.005 I/FactoidAnswerer: Factoid: no candidate carried the field — falling back to RAG
2026-09-29 22:34:37.005 I/ChatVM: [PHASE] factoid=miss ms=144
2026-09-29 22:34:37.005 I/RagPromptBuilder: Query: 'что производит АвтоВАЗ' -> ZIM keywords: 'производит автоваз'
2026-09-29 22:34:37.192 I/GraphWalker: walk seed=АвтоВАЗ props=[P6, P1365, P1366, P39, P166, P26, P40, P22, P25, P3373, P50, P175, P800, P184, P802, P57, P58, P162, P36, P159, P127, P112] → 6 nodes
2026-09-29 22:34:37.195 I/RagPromptBuilder: Walker probes (entity='АвтоВАЗ', props=22): АвтоВАЗ, Россия, Тольятти, ЦК КПСС, Совет министров СССР, Москва, Илья Геннадьевич Сухих
2026-09-29 22:34:37.197 I/EntityTitleProbe: Title probes (2 lookups): АвтоВАЗ(1080)
2026-09-29 22:34:37.222 I/ZimSearcher: search('производит автоваз') estimated=300
2026-09-29 22:34:37.614 I/ZimSearcher: search('производит') estimated=56978
2026-09-29 22:34:38.021 I/RagPromptBuilder: Entity merge 'производит': +20 candidates
2026-09-29 22:34:38.024 I/RagPromptBuilder: RAG: 'что производит АвтоВАЗ' candidates=46
2026-09-29 22:34:38.024 I/RagPromptBuilder: Top hits: АвтоВАЗ(s=1080)[АвтоВАЗ] | Россия(s=899)[Россия] | Тольятти(s=899)[Тольятти] | ЦК КПСС(s=899)[ЦК_КПСС] | Совет министров СССР(s=899)[Совет_министров_СССР]
2026-09-29 22:34:38.627 I/RagPromptBuilder: [PHASE] search=1019ms read=602ms docs=3 ctx=4806
2026-09-29 22:34:38.627 I/RagPromptBuilder: RAG prompt preview (listIntent=false): Тебе даны выдержки из Википедии. Отвечай на их основе. Ответь коротко и по существу: 1–3 предложения, только то, о чём спрашивают. Не пересказывай выдержки, не добавляй посторонние факты и не нумеруй пункты, если вопрос не про перечень. Если вопрос требует сравнения двух и более вещей — до 5 предложений. Если в выдержках совсем нет нужной информации — скажи «не знаю по приведённым выдержкам». Отвечай на русском языке.  === ВЫДЕРЖКИ ИЗ ВИКИ === === АвтоВАЗ === Карточка: Основан: 20 июля 1966 (196
2026-09-29 22:34:38.627 I/ChatVM: RAG ctx: 3 articles from 46 candidates
2026-09-29 22:34:38.628 I/ChatVM: Generating: 7 msgs, maxTokens=600, temp=0.7, noThink=true
2026-09-29 22:34:43.607 I/ChatVM: Reply (76 chars, 25 tok, 6746ms, prefill 2490tok/2455ms=1014t/s, decode 10,0t/s): АвтоВАЗ производит **легковые автомобили и легкие коммерческие автомобили**.
2026-09-29 22:34:43.608 I/ChatVM: [TURN] end path=rag total=6746ms factoid=144ms ptok=2490 gtok=25 prefill=2455ms decode=2498ms chars=76
2026-09-29 22:34:44.024 I/BenchmarkBridge: Benchmark question via intent: какой автозавод расположен в Тольятти
2026-09-29 22:34:44.026 I/ChatVM: [TURN] begin q=какой автозавод расположен в Тольятти
2026-09-29 22:34:44.026 I/FactoidAnswerer: Factoid candidate: label='(by card label)' entity='Тольятти'
2026-09-29 22:34:44.073 I/EntityTitleProbe: Title probes (10 lookups): Тольятти(1080), Автомобильная промышленность(1020)
2026-09-29 22:34:44.367 I/ZimSearcher: suggestTitles('Тольятти'): Тольятти, Тольятти 24, Тольятти (История), Тольятти (аэродром), Тольятти (значения), Тольятти (станция), Тольятти П., Тольятти сегодня, Тольятти, Эудженио, Тольятти (речной порт), Тольятти (футбольный клуб), Тольятти (особая экономическая зона), Тольятти (территория опережающего развития), Академия Тольятти, Вузы Тольятти, Герб Тольятти, Гимн Тольятти, Градоначальники Тольятти, Дума Тольятти, Лада (Тольятти), Лада-Тольятти, Медгородок Тольятти, Набережная Тольятти, Памятники Тольятти, Поверхность Тольятти, Портпосёлок (Тольятти), Районы Тольятти, СИБУР Тольятти, Спорт Тольятти, Троллейбус Тольятти, Улицы Тольятти, Флаг Тольятти
2026-09-29 22:34:44.370 I/FactoidAnswerer: Factoid candidates: Тольятти, Автомобильная промышленность
2026-09-29 22:34:44.442 I/FactoidAnswerer: Factoid: no label covers [автоза, распол] in [Глава/мэр, Население, Площадь, Основан, Страна, Часовой пояс, Субъект Федерации, Городской округ, Внутреннее деление, Глава городского округа, Прежние названия, Город с, Высота центра, Тип климата, Плотность, Агломерация, Население агломерации, Национальности, Конфессии, Название жителей, Официальный язык, День города]
2026-09-29 22:34:44.442 I/FactoidAnswerer: Factoid: 'Тольятти' card has no matching field — next candidate
2026-09-29 22:34:44.468 I/FactoidAnswerer: Factoid: 'Автомобильная промышленность' has no infobox — next candidate
2026-09-29 22:34:44.468 I/FactoidAnswerer: Factoid: no candidate carried the field — falling back to RAG
2026-09-29 22:34:44.468 I/ChatVM: [PHASE] factoid=miss ms=442
2026-09-29 22:34:44.469 I/RagPromptBuilder: Query: 'какой автозавод расположен в Тольятти' -> ZIM keywords: 'автозавод расположен тольятти'
2026-09-29 22:34:44.595 I/GraphWalker: walk: 0 wikilinks in 'Заслуженный_врач_Российской_Федерации' (depth=3)
2026-09-29 22:34:44.605 I/GraphWalker: walk seed=Тольятти props=[P6, P1365, P1366, P39, P166, P26, P40, P22, P25, P3373, P50, P175, P800, P184, P802, P57, P58, P162, P36, P159, P127, P112] → 5 nodes
2026-09-29 22:34:44.605 I/RagPromptBuilder: Walker probes (entity='Тольятти', props=22): Тольятти, Илья Геннадьевич Сухих, Николай Ренц, Заслуженный врач Российской Федерации, Сергей Анташев, Сергей Андреев
2026-09-29 22:34:44.610 I/EntityTitleProbe: Title probes (10 lookups): Тольятти(1080), Автомобильная промышленность(1020)
2026-09-29 22:34:44.617 I/ZimSearcher: search('автозавод расположен тольятти') estimated=40
2026-09-29 22:34:45.571 I/ZimSearcher: search('расположен') estimated=249807
2026-09-29 22:34:45.964 I/RagPromptBuilder: Entity merge 'расположен': +20 candidates
2026-09-29 22:34:45.968 I/RagPromptBuilder: RAG: 'какой автозавод расположен в Тольятти' candidates=46
2026-09-29 22:34:45.968 I/RagPromptBuilder: Top hits: Тольятти(s=1080)[Тольятти] | Автомобильная промышленность(s=1020)[Автомобильная_промышленность] | Илья Геннадьевич Сухих(s=899)[Сухих,_Илья_Геннадьевич] | Николай Ренц(s=898)[Ренц,_Николай_Альфредович] | Сергей Анташев(s=897)[Анташев,_Сергей_Александрович]
2026-09-29 22:34:46.229 I/RagPromptBuilder: [PHASE] search=1499ms read=260ms docs=4 ctx=5094
2026-09-29 22:34:46.230 I/RagPromptBuilder: RAG prompt preview (listIntent=false): Тебе даны выдержки из Википедии. Отвечай на их основе. Ответь коротко и по существу: 1–3 предложения, только то, о чём спрашивают. Не пересказывай выдержки, не добавляй посторонние факты и не нумеруй пункты, если вопрос не про перечень. Если вопрос требует сравнения двух и более вещей — до 5 предложений. Если в выдержках совсем нет нужной информации — скажи «не знаю по приведённым выдержкам». Отвечай на русском языке.  === ВЫДЕРЖКИ ИЗ ВИКИ === === Тольятти === Карточка: Глава/мэр: Илья Геннадьев
2026-09-29 22:34:46.230 I/ChatVM: RAG ctx: 4 articles from 46 candidates
2026-09-29 22:34:46.230 I/ChatVM: Generating: 7 msgs, maxTokens=600, temp=0.7, noThink=true
2026-09-29 22:34:51.246 I/ChatVM: Reply (52 chars, 21 tok, 7220ms, prefill 2709tok/2797ms=969t/s, decode 9,6t/s): Автозавод «Лада Запад Тольятти» расположен в городе.
2026-09-29 22:34:51.248 I/ChatVM: [TURN] end path=rag total=7220ms factoid=442ms ptok=2709 gtok=21 prefill=2797ms decode=2193ms chars=52
2026-09-29 22:34:52.214 I/BenchmarkBridge: Benchmark question via intent: назови планеты Солнечной системы
2026-09-29 22:34:52.215 I/ChatVM: [TURN] begin q=назови планеты Солнечной системы
2026-09-29 22:34:52.216 I/ChatVM: [PHASE] factoid=miss ms=1
2026-09-29 22:34:52.217 I/RagPromptBuilder: Query: 'назови планеты Солнечной системы' -> ZIM keywords: 'планеты солнечной системы'
2026-09-29 22:34:52.309 I/GraphWalker: walk: 0 wikilinks in 'Вспышка_солнечной_активности' (depth=0)
2026-09-29 22:34:52.310 I/GraphWalker: walk seed=Вспышка_солнечной_активности props=[P6, P1365, P1366, P39, P166, P26, P40, P22, P25, P3373, P50, P175, P800, P184, P802, P57, P58, P162, P36, P159, P127, P112] → 0 nodes
2026-09-29 22:34:52.310 I/RagPromptBuilder: Walker probes (entity='Солнечной', props=22): Вспышка солнечной активности
2026-09-29 22:34:52.338 I/EntityTitleProbe: Title probes (29 lookups): Планеты Солнечной системы(1120), Солнечная система(1100), Солнечная(1080), Планета(1020), Система(1020)
2026-09-29 22:34:52.339 I/EntityTitleProbe: Redundant probes: Солнечная, Планета, Система
2026-09-29 22:34:52.430 I/ZimSearcher: search('планеты солнечной системы') estimated=7000
2026-09-29 22:34:52.954 I/ZimSearcher: search('солнечной') estimated=12659
2026-09-29 22:34:53.473 I/RagPromptBuilder: Entity merge 'солнечной': +13 candidates
2026-09-29 22:34:53.480 I/RagPromptBuilder: RAG: 'назови планеты Солнечной системы' candidates=35
2026-09-29 22:34:53.481 I/RagPromptBuilder: Top hits: Планеты Солнечной системы(s=1120)[Планеты_Солнечной_системы] | Солнечная система(s=1100)[Солнечная_система] | Вспышка солнечной активности(s=900)[Вспышка_солнечной_активности] | Планеты-гиганты(s=97)[Планеты-гиганты] | Планеты (сериал)(s=95)[Планеты_(сериал)]
2026-09-29 22:34:53.664 I/RagPromptBuilder: [PHASE] search=1265ms read=183ms docs=4 ctx=3312
2026-09-29 22:34:53.665 I/RagPromptBuilder: RAG prompt preview (listIntent=false): Тебе даны выдержки из Википедии. Отвечай на их основе. Ответь коротко и по существу: 1–3 предложения, только то, о чём спрашивают. Не пересказывай выдержки, не добавляй посторонние факты и не нумеруй пункты, если вопрос не про перечень. Если вопрос требует сравнения двух и более вещей — до 5 предложений. Если в выдержках совсем нет нужной информации — скажи «не знаю по приведённым выдержкам». Отвечай на русском языке.  === ВЫДЕРЖКИ ИЗ ВИКИ === === Планеты Солнечной системы === Планеты Солнечной 
2026-09-29 22:34:53.665 I/ChatVM: RAG ctx: 4 articles from 35 candidates
2026-09-29 22:34:53.665 I/ChatVM: Generating: 7 msgs, maxTokens=600, temp=0.7, noThink=true
2026-09-29 22:34:56.040 I/ChatVM: Reply (12 chars, 8 tok, 3824ms, prefill 1697tok/1621ms=1047t/s, decode 11,1t/s): Земля, Марс.
2026-09-29 22:34:56.040 I/ChatVM: [TURN] end path=rag total=3824ms factoid=1ms ptok=1697 gtok=8 prefill=1621ms decode=723ms chars=12
2026-09-29 22:34:56.349 I/BenchmarkBridge: Benchmark question via intent: кто был предшественником нынешнего мэра Тольятти
2026-09-29 22:34:56.350 I/ChatVM: [TURN] begin q=кто был предшественником нынешнего мэра Тольятти
2026-09-29 22:34:56.351 I/FactoidAnswerer: Factoid candidate: label='(by card label)' entity='Тольятти'
2026-09-29 22:34:56.393 I/EntityTitleProbe: Title probes (16 lookups): Тольятти(1080)
2026-09-29 22:34:56.454 I/ZimSearcher: suggestTitles('Тольятти'): Тольятти, Тольятти 24, Тольятти (История), Тольятти (аэродром), Тольятти (значения), Тольятти (станция), Тольятти П., Тольятти сегодня, Тольятти, Эудженио, Тольятти (речной порт), Тольятти (футбольный клуб), Тольятти (особая экономическая зона), Тольятти (территория опережающего развития), Академия Тольятти, Вузы Тольятти, Герб Тольятти, Гимн Тольятти, Градоначальники Тольятти, Дума Тольятти, Лада (Тольятти), Лада-Тольятти, Медгородок Тольятти, Набережная Тольятти, Памятники Тольятти, Поверхность Тольятти, Портпосёлок (Тольятти), Районы Тольятти, СИБУР Тольятти, Спорт Тольятти, Троллейбус Тольятти, Улицы Тольятти, Флаг Тольятти
2026-09-29 22:34:56.458 I/FactoidAnswerer: Factoid candidates: Тольятти
2026-09-29 22:34:56.527 I/FactoidAnswerer: Factoid: no label covers [предше, мэра] in [Глава/мэр, Население, Площадь, Основан, Страна, Часовой пояс, Субъект Федерации, Городской округ, Внутреннее деление, Глава городского округа, Прежние названия, Город с, Высота центра, Тип климата, Плотность, Агломерация, Население агломерации, Национальности, Конфессии, Название жителей, Официальный язык, День города]
2026-09-29 22:34:56.528 I/FactoidAnswerer: Factoid: 'Тольятти' card has no matching field — next candidate
2026-09-29 22:34:56.528 I/FactoidAnswerer: Factoid: no candidate carried the field — falling back to RAG
2026-09-29 22:34:56.528 I/ChatVM: [PHASE] factoid=miss ms=178
2026-09-29 22:34:56.528 I/RagPromptBuilder: Query: 'кто был предшественником нынешнего мэра Тольятти' -> ZIM keywords: 'предшественником нынешнего мэра тольятти'
2026-09-29 22:34:56.607 I/GraphWalker: walk seed=Тольятти props=[P6, P1365, P1366] → 4 nodes
2026-09-29 22:34:56.607 I/RagPromptBuilder: Walker probes (entity='Тольятти', props=3): Тольятти, Илья Геннадьевич Сухих, Николай Ренц, Сергей Анташев, Сергей Андреев
2026-09-29 22:34:56.620 I/EntityTitleProbe: Title probes (16 lookups): Тольятти(1080)
2026-09-29 22:34:56.632 I/ZimSearcher: search('предшественником нынешнего мэра тольятти') estimated=5
2026-09-29 22:34:57.230 I/ZimSearcher: search('предшественником') estimated=92922
2026-09-29 22:34:57.625 I/RagPromptBuilder: Entity merge 'предшественником': +20 candidates
2026-09-29 22:34:57.632 I/RagPromptBuilder: RAG: 'кто был предшественником нынешнего мэра Тольятти' candidates=30
2026-09-29 22:34:57.632 I/RagPromptBuilder: Top hits: Тольятти(s=1080)[Тольятти] | Илья Геннадьевич Сухих(s=899)[Сухих,_Илья_Геннадьевич] | Николай Ренц(s=898)[Ренц,_Николай_Альфредович] | Сергей Анташев(s=897)[Анташев,_Сергей_Александрович] | Сергей Андреев(s=896)[Андреев,_Сергей_Игоревич]
2026-09-29 22:34:57.874 I/RagPromptBuilder: [PHASE] search=1110ms read=234ms docs=3 ctx=4713
2026-09-29 22:34:57.874 I/RagPromptBuilder: RAG prompt preview (listIntent=false): Тебе даны выдержки из Википедии. Отвечай на их основе. Ответь коротко и по существу: 1–3 предложения, только то, о чём спрашивают. Не пересказывай выдержки, не добавляй посторонние факты и не нумеруй пункты, если вопрос не про перечень. Если вопрос требует сравнения двух и более вещей — до 5 предложений. Если в выдержках совсем нет нужной информации — скажи «не знаю по приведённым выдержкам». Отвечай на русском языке.  === ВЫДЕРЖКИ ИЗ ВИКИ === === Тольятти === Карточка: Глава/мэр: Илья Геннадьев
2026-09-29 22:34:57.874 I/ChatVM: RAG ctx: 3 articles from 30 candidates
2026-09-29 22:34:57.874 I/ChatVM: Generating: 7 msgs, maxTokens=600, temp=0.7, noThink=true
2026-09-29 22:35:04.921 I/ChatVM: Reply (84 chars, 42 tok, 8570ms, prefill 2565tok/2634ms=974t/s, decode 9,6t/s): Предшественник нынешнего мэра Тольятти — **Николай Ренц** (12 марта 1956, Темиртау).
2026-09-29 22:35:04.922 I/ChatVM: [TURN] end path=rag total=8570ms factoid=178ms ptok=2565 gtok=42 prefill=2634ms decode=4386ms chars=84
2026-09-29 22:35:05.564 I/BenchmarkBridge: Benchmark question via intent: сравни население Москвы и Санкт-Петербурга
2026-09-29 22:35:05.565 I/ChatVM: [TURN] begin q=сравни население Москвы и Санкт-Петербурга
2026-09-29 22:35:05.566 I/ChatVM: [PHASE] factoid=miss ms=0
2026-09-29 22:35:05.567 I/RagPromptBuilder: Query: 'сравни население Москвы и Санкт-Петербурга' -> ZIM keywords: 'сравни население москвы санкт петербурга'
2026-09-29 22:35:07.031 I/GraphWalker: walk: 0 wikilinks in 'Генплан_Петербурга' (depth=0)
2026-09-29 22:35:07.032 I/GraphWalker: walk seed=Генплан_Петербурга props=[P6, P1365, P1366, P39, P166, P26, P40, P22, P25, P3373, P50, P175, P800, P184, P802, P57, P58, P162, P36, P159, P127, P112] → 0 nodes
2026-09-29 22:35:07.032 I/RagPromptBuilder: Walker probes (entity='Петербурга', props=22): Генплан Петербурга
2026-09-29 22:35:07.058 I/EntityTitleProbe: Title probes (23 lookups): Москва(1080), Санкт-Петербург(1070), Население Москвы(900)
2026-09-29 22:35:07.102 I/ZimSearcher: search('сравни население москвы санкт петербурга') estimated=300
2026-09-29 22:35:07.698 I/ZimSearcher: search('петербурга') estimated=115995
2026-09-29 22:35:08.196 I/RagPromptBuilder: Entity merge 'петербурга': +18 candidates
2026-09-29 22:35:08.201 I/RagPromptBuilder: RAG: 'сравни население Москвы и Санкт-Петербурга' candidates=42
2026-09-29 22:35:08.201 I/RagPromptBuilder: Top hits: Москва(s=1080)[Москва] | Санкт-Петербург(s=1070)[Санкт-Петербург] | Генплан Петербурга(s=900)[Генплан_Петербурга] | Население Москвы(s=900)[Население_Москвы] | Санкт-Петербург (телерадиокомпания)(s=99)[Санкт-Петербург_(телерадиокомпания)]
2026-09-29 22:35:08.723 I/RagPromptBuilder: [PHASE] search=2635ms read=520ms docs=3 ctx=4342
2026-09-29 22:35:08.723 I/RagPromptBuilder: RAG prompt preview (listIntent=false): Тебе даны выдержки из Википедии. Отвечай на их основе. Ответь коротко и по существу: 1–3 предложения, только то, о чём спрашивают. Не пересказывай выдержки, не добавляй посторонние факты и не нумеруй пункты, если вопрос не про перечень. Если вопрос требует сравнения двух и более вещей — до 5 предложений. Если в выдержках совсем нет нужной информации — скажи «не знаю по приведённым выдержкам». Отвечай на русском языке.  === ВЫДЕРЖКИ ИЗ ВИКИ === === Москва === Карточка: Глава/мэр: Сергей Собянин Н
2026-09-29 22:35:08.723 I/ChatVM: RAG ctx: 3 articles from 42 candidates
2026-09-29 22:35:08.723 I/ChatVM: Generating: 7 msgs, maxTokens=600, temp=0.7, noThink=true
2026-09-29 22:35:13.738 I/ChatVM: Reply (71 chars, 31 tok, 8173ms, prefill 2046tok/1968ms=1040t/s, decode 10,3t/s): Население Москвы — 13,27 млн (по оценкам), Санкт-Петербурга — 5,65 млн.
2026-09-29 22:35:13.739 I/ChatVM: [TURN] end path=rag total=8173ms factoid=0ms ptok=2046 gtok=31 prefill=1968ms decode=3021ms chars=71
2026-09-29 22:35:14.760 I/BenchmarkBridge: Benchmark question via intent: почему Байкал самое глубокое озеро
2026-09-29 22:35:14.762 I/ChatVM: [TURN] begin q=почему Байкал самое глубокое озеро
2026-09-29 22:35:14.762 I/ChatVM: [PHASE] factoid=miss ms=0
2026-09-29 22:35:14.763 I/RagPromptBuilder: Query: 'почему Байкал самое глубокое озеро' -> ZIM keywords: 'байкал самое глубокое озеро'
2026-09-29 22:35:14.834 I/GraphWalker: walk: 0 wikilinks in 'Байкал' (depth=0)
2026-09-29 22:35:14.834 I/GraphWalker: walk seed=Байкал props=[P6, P1365, P1366, P39, P166, P26, P40, P22, P25, P3373, P50, P175, P800, P184, P802, P57, P58, P162, P36, P159, P127, P112] → 0 nodes
2026-09-29 22:35:14.834 I/RagPromptBuilder: Walker probes (entity='Байкал', props=22): Байкал
2026-09-29 22:35:14.856 I/EntityTitleProbe: Title probes (12 lookups): Байкал(1080), Глубокое озеро(1050), Глубокое(1030), Озеро(1030)
2026-09-29 22:35:14.857 I/EntityTitleProbe: Redundant probes: Глубокое, Озеро
2026-09-29 22:35:14.876 I/ZimSearcher: search('байкал самое глубокое озеро') estimated=200
2026-09-29 22:35:15.406 I/ZimSearcher: search('глубокое') estimated=52854
2026-09-29 22:35:15.895 I/RagPromptBuilder: Entity merge 'глубокое': +19 candidates
2026-09-29 22:35:15.899 I/RagPromptBuilder: RAG: 'почему Байкал самое глубокое озеро' candidates=39
2026-09-29 22:35:15.900 I/RagPromptBuilder: Top hits: Байкал(s=1080)[Байкал] | Глубокое озеро(s=1050)[Глубокое_озеро] | Глубокое(s=100)[Глубокое] | Глубокое (город)(s=99)[Глубокое_(город)] | Глубокое обучение(s=98)[Глубокое_обучение]
2026-09-29 22:35:16.091 I/RagPromptBuilder: [PHASE] search=1137ms read=191ms docs=4 ctx=4884
2026-09-29 22:35:16.091 I/RagPromptBuilder: RAG prompt preview (listIntent=false): Тебе даны выдержки из Википедии. Отвечай на их основе. Ответь коротко и по существу: 1–3 предложения, только то, о чём спрашивают. Не пересказывай выдержки, не добавляй посторонние факты и не нумеруй пункты, если вопрос не про перечень. Если вопрос требует сравнения двух и более вещей — до 5 предложений. Если в выдержках совсем нет нужной информации — скажи «не знаю по приведённым выдержкам». Отвечай на русском языке.  === ВЫДЕРЖКИ ИЗ ВИКИ === === Байкал === Карточка: Страна: Россия Абсолютная в
2026-09-29 22:35:16.091 I/ChatVM: RAG ctx: 4 articles from 39 candidates
2026-09-29 22:35:16.091 I/ChatVM: Generating: 7 msgs, maxTokens=600, temp=0.7, noThink=true
2026-09-29 22:35:34.648 I/ChatVM: Reply (434 chars, 147 tok, 19885ms, prefill 2646tok/2721ms=972t/s, decode 9,3t/s): Байкал считается самым глубоким озером мира из-за своей **глубины 1642 м** (включая дно, на которое опускается в 1187 метров ниже уровня Мирового океана). Его чашевидная форма и относительное молодое 
2026-09-29 22:35:34.649 I/ChatVM: [TURN] end path=rag total=19885ms factoid=0ms ptok=2646 gtok=147 prefill=2721ms decode=15810ms chars=434
2026-09-29 22:35:35.165 I/BenchmarkBridge: Benchmark question via intent: как связаны Менделеев и периодическая таблица
2026-09-29 22:35:35.167 I/ChatVM: [TURN] begin q=как связаны Менделеев и периодическая таблица
2026-09-29 22:35:35.168 I/ChatVM: [PHASE] factoid=miss ms=0
2026-09-29 22:35:35.170 I/RagPromptBuilder: Query: 'как связаны Менделеев и периодическая таблица' -> ZIM keywords: 'связаны менделеев периодическая таблица'
2026-09-29 22:35:35.250 I/GraphWalker: walk seed=Менделеев,_Дмитрий_Иванович props=[P6, P1365, P1366, P39, P166, P26, P40, P22, P25, P3373, P50, P175, P800, P184, P802, P57, P58, P162, P36, P159, P127, P112] → 6 nodes
2026-09-29 22:35:35.251 I/RagPromptBuilder: Walker probes (entity='Менделеев', props=22): Менделеев, Дмитрий Иванович, Орден Святого Владимира, Кавалер ордена Святого Александра Невского, Орден Белого орла (Российская империя), Орден Святой Анны I степени, Орден Святого Станислава (Российская империя), Орден Святой Анны II степени
2026-09-29 22:35:35.291 I/EntityTitleProbe: Title probes (22 lookups): Менделеев, Дмитрий Иванович(1070), Периодическая система химических элементов(1040), Таблица(1030), Таблиц, Богуслав(1020)
2026-09-29 22:35:35.308 I/ZimSearcher: search('связаны менделеев периодическая таблица') estimated=60
2026-09-29 22:35:35.962 I/ZimSearcher: search('периодическая') estimated=24960
2026-09-29 22:35:36.509 I/RagPromptBuilder: Entity merge 'периодическая': +18 candidates
2026-09-29 22:35:36.516 I/RagPromptBuilder: RAG: 'как связаны Менделеев и периодическая таблица' candidates=46
2026-09-29 22:35:36.517 I/RagPromptBuilder: Top hits: Менделеев, Дмитрий Иванович(s=1070)[Менделеев,_Дмитрий_Иванович] | Периодическая система химических элементов(s=1040)[Периодическая_система_химических_элементов] | Таблица(s=1030)[Таблица] | Таблиц, Богуслав(s=1020)[Таблиц,_Богуслав] | Орден Святого Владимира(s=899)[Орден_Святого_Владимира]
2026-09-29 22:35:36.833 I/RagPromptBuilder: [PHASE] search=1348ms read=316ms docs=4 ctx=5006
2026-09-29 22:35:36.834 I/RagPromptBuilder: RAG prompt preview (listIntent=false): Тебе даны выдержки из Википедии. Отвечай на их основе. Ответь коротко и по существу: 1–3 предложения, только то, о чём спрашивают. Не пересказывай выдержки, не добавляй посторонние факты и не нумеруй пункты, если вопрос не про перечень. Если вопрос требует сравнения двух и более вещей — до 5 предложений. Если в выдержках совсем нет нужной информации — скажи «не знаю по приведённым выдержкам». Отвечай на русском языке.  === ВЫДЕРЖКИ ИЗ ВИКИ === === Менделеев, Дмитрий Иванович === Карточка: Дата р
2026-09-29 22:35:36.834 I/ChatVM: RAG ctx: 4 articles from 46 candidates
2026-09-29 22:35:36.834 I/ChatVM: Generating: 7 msgs, maxTokens=600, temp=0.7, noThink=true
2026-09-29 22:35:46.290 I/ChatVM: Reply (199 chars, 68 tok, 11122ms, prefill 2487tok/2508ms=992t/s, decode 9,8t/s): Дмитрий Менделеев создал первую периодическую таблицу химических элементов, предсказав свойства не открытых тёл (например, галия). Его система основывалась на атомном весе и электронной конфигурации.
2026-09-29 22:35:46.291 I/ChatVM: [TURN] end path=rag total=11122ms factoid=0ms ptok=2487 gtok=68 prefill=2508ms decode=6916ms chars=199
2026-09-29 22:35:53.428 I/ChatVM: Loading model: Qwen3.5-4B-Q4_0.gguf (device=npu, mtp=0) (/storage/emulated/0/Android/data/com.wikillm.android.debug/files/models/unsloth/Qwen3.5-4B-GGUF/Qwen3.5-4B-Q4_0.gguf)
2026-09-29 22:35:58.850 I/ChatVM: Model loaded: Qwen3.5-4B-Q4_0.gguf
2026-09-29 22:36:03.067 I/BenchmarkBridge: Benchmark question via intent: почему Юпитер называют газовым гигантом
2026-09-29 22:36:03.068 I/ChatVM: [TURN] begin q=почему Юпитер называют газовым гигантом
2026-09-29 22:36:03.068 I/ChatVM: [PHASE] factoid=miss ms=0
2026-09-29 22:36:03.069 I/RagPromptBuilder: Query: 'почему Юпитер называют газовым гигантом' -> ZIM keywords: 'юпитер называют газовым гигантом'
2026-09-29 22:36:03.141 I/GraphWalker: walk: 0 wikilinks in 'Юпитер' (depth=0)
2026-09-29 22:36:03.141 I/GraphWalker: walk seed=Юпитер props=[P6, P1365, P1366, P39, P166, P26, P40, P22, P25, P3373, P50, P175, P800, P184, P802, P57, P58, P162, P36, P159, P127, P112] → 0 nodes
2026-09-29 22:36:03.141 I/RagPromptBuilder: Walker probes (entity='Юпитер', props=22): Юпитер
2026-09-29 22:36:03.164 I/EntityTitleProbe: Title probes (13 lookups): Юпитер(1080), Гигант(1030)
2026-09-29 22:36:03.191 I/ZimSearcher: search('юпитер называют газовым гигантом') estimated=200
2026-09-29 22:36:03.679 I/ZimSearcher: search('называют') estimated=194221
2026-09-29 22:36:04.055 I/RagPromptBuilder: Entity merge 'называют': +20 candidates
2026-09-29 22:36:04.060 I/RagPromptBuilder: RAG: 'почему Юпитер называют газовым гигантом' candidates=42
2026-09-29 22:36:04.061 I/RagPromptBuilder: Top hits: Юпитер(s=1080)[Юпитер] | Гигант(s=1030)[Гигант] | То, что называют любовью(s=98)[То,_что_называют_любовью] | Газовые гиганты(s=100)[Газовые_гиганты] | Моя так называемая жизнь(s=100)[Моя_так_называемая_жизнь]
2026-09-29 22:36:04.244 I/RagPromptBuilder: [PHASE] search=993ms read=181ms docs=4 ctx=4405
2026-09-29 22:36:04.244 I/RagPromptBuilder: RAG prompt preview (listIntent=false): Тебе даны выдержки из Википедии. Отвечай на их основе. Ответь коротко и по существу: 1–3 предложения, только то, о чём спрашивают. Не пересказывай выдержки, не добавляй посторонние факты и не нумеруй пункты, если вопрос не про перечень. Если вопрос требует сравнения двух и более вещей — до 5 предложений. Если в выдержках совсем нет нужной информации — скажи «не знаю по приведённым выдержкам». Отвечай на русском языке.  === ВЫДЕРЖКИ ИЗ ВИКИ === === Юпитер === Карточка: Перигелий: 7,405736⋅108 км 
2026-09-29 22:36:04.244 I/ChatVM: RAG ctx: 4 articles from 42 candidates
2026-09-29 22:36:04.244 I/ChatVM: Generating: 1 msgs, maxTokens=600, temp=0.7, noThink=true
2026-09-29 22:36:51.570 I/ChatVM: Reply (421 chars, 98 tok, 48502ms, prefill 1832tok/6854ms=267t/s, decode 2,4t/s): Юпитер называют газовым гигантом, потому что он является самой большой планетой Солнечной системы и состоит преимущественно из водорода и гелия. Хотя его атмосфера содержит значительные доли этих элем
2026-09-29 22:36:51.571 I/ChatVM: [TURN] end path=rag total=48502ms factoid=0ms ptok=1832 gtok=98 prefill=6854ms decode=40439ms chars=421
2026-09-29 22:36:51.879 I/BenchmarkBridge: Benchmark question via intent: из чего состоит атмосфера Марса
2026-09-29 22:36:51.880 I/ChatVM: [TURN] begin q=из чего состоит атмосфера Марса
2026-09-29 22:36:51.881 I/ChatVM: [PHASE] factoid=miss ms=1
2026-09-29 22:36:51.881 I/RagPromptBuilder: Query: 'из чего состоит атмосфера Марса' -> ZIM keywords: 'чего состоит атмосфера марса'
2026-09-29 22:36:51.894 I/GraphWalker: walk: 0 wikilinks in 'Марса' (depth=0)
2026-09-29 22:36:51.895 I/GraphWalker: walk seed=Марса props=[P6, P1365, P1366, P39, P166, P26, P40, P22, P25, P3373, P50, P175, P800, P184, P802, P57, P58, P162, P36, P159, P127, P112] → 0 nodes
2026-09-29 22:36:51.895 I/RagPromptBuilder: Walker probes (entity='Марса', props=22): Марса
2026-09-29 22:36:51.934 I/EntityTitleProbe: Title probes (10 lookups): Марса(1080), Марс(1080), Атмосфера Марса(900)
2026-09-29 22:36:51.942 I/EntityTitleProbe: Top tie at 1080: Марс=658430, Марса=7479
2026-09-29 22:36:51.943 I/EntityTitleProbe: Redundant probes: Марса
2026-09-29 22:36:51.961 I/ZimSearcher: search('чего состоит атмосфера марса') estimated=300
2026-09-29 22:36:52.445 I/ZimSearcher: search('атмосфера') estimated=21862
2026-09-29 22:36:52.851 I/RagPromptBuilder: Entity merge 'атмосфера': +19 candidates
2026-09-29 22:36:52.856 I/RagPromptBuilder: RAG: 'из чего состоит атмосфера Марса' candidates=40
2026-09-29 22:36:52.856 I/RagPromptBuilder: Top hits: Марс(s=1085)[Марс] | Марса(s=900)[Марса] | Атмосфера Марса(s=900)[Атмосфера_Марса] | Атмосфера(s=100)[Атмосфера] | Атмосфера Земли(s=99)[Атмосфера_Земли]
2026-09-29 22:36:53.102 I/RagPromptBuilder: [PHASE] search=976ms read=245ms docs=4 ctx=4482
2026-09-29 22:36:53.102 I/RagPromptBuilder: RAG prompt preview (listIntent=false): Тебе даны выдержки из Википедии. Отвечай на их основе. Ответь коротко и по существу: 1–3 предложения, только то, о чём спрашивают. Не пересказывай выдержки, не добавляй посторонние факты и не нумеруй пункты, если вопрос не про перечень. Если вопрос требует сравнения двух и более вещей — до 5 предложений. Если в выдержках совсем нет нужной информации — скажи «не знаю по приведённым выдержкам». Отвечай на русском языке.  === ВЫДЕРЖКИ ИЗ ВИКИ === === Марс === Карточка: Другие названия: Красная план
2026-09-29 22:36:53.102 I/ChatVM: RAG ctx: 4 articles from 40 candidates
2026-09-29 22:36:53.103 I/ChatVM: Generating: 3 msgs, maxTokens=600, temp=0.7, noThink=true
2026-09-29 22:37:41.752 I/ChatVM: Reply (274 chars, 95 tok, 49871ms, prefill 1928tok/7375ms=261t/s, decode 2,3t/s): Атмосфера Марса состоит преимущественно из углекислого газа (около 95,32%). В её состав также входят азот (2,7%), аргон (1,6%), кислород и водяной пар. Кроме того, в ней обнаружены следы других газов:
2026-09-29 22:37:41.752 I/ChatVM: [TURN] end path=rag total=49871ms factoid=1ms ptok=1928 gtok=95 prefill=7375ms decode=41259ms chars=274
2026-09-29 22:37:42.758 I/BenchmarkBridge: Benchmark question via intent: кто открыл пенициллин
2026-09-29 22:37:42.759 I/ChatVM: [TURN] begin q=кто открыл пенициллин
2026-09-29 22:37:42.760 I/ChatVM: [PHASE] factoid=miss ms=1
2026-09-29 22:37:42.760 I/ChatVM: Coreference: 'кто открыл пенициллин' + topic 'чего состоит атмосфера марса'
2026-09-29 22:37:42.761 I/RagPromptBuilder: Query: 'кто открыл пенициллин чего состоит атмосфера марса' -> ZIM keywords: 'открыл пенициллин чего состоит атмосфера марса'
2026-09-29 22:37:42.777 I/EntityTitleProbe: Title probes (18 lookups): Бензилпенициллин(1020), Марса(1030), Марс(1030)
2026-09-29 22:37:42.810 I/EntityTitleProbe: Top tie at 1030: Марс=658430, Марса=7479
2026-09-29 22:37:42.811 I/EntityTitleProbe: Redundant probes: Марса
2026-09-29 22:37:42.816 I/ZimSearcher: search('открыл пенициллин чего состоит атмосфера марса') estimated=0
2026-09-29 22:37:42.825 I/ZimSearcher: search('пенициллин') estimated=589
2026-09-29 22:37:42.999 I/RagPromptBuilder: Entity merge 'пенициллин': +19 candidates
2026-09-29 22:37:43.002 I/RagPromptBuilder: RAG: 'кто открыл пенициллин чего состоит атмосфера марса' candidates=21
2026-09-29 22:37:43.003 I/RagPromptBuilder: Top hits: Марс(s=1035)[Марс] | Бензилпенициллин(s=1020)[Бензилпенициллин] | Пенициллины(s=100)[Пенициллины] | Пенициллин (комплекс артразведки)(s=99)[Пенициллин_(комплекс_артразведки)] | Пенициллин (значения)(s=95)[Пенициллин_(значения)]
2026-09-29 22:37:43.242 I/RagPromptBuilder: [PHASE] search=242ms read=239ms docs=4 ctx=4544
2026-09-29 22:37:43.242 I/RagPromptBuilder: RAG prompt preview (listIntent=false): Тебе даны выдержки из Википедии. Отвечай на их основе. Ответь коротко и по существу: 1–3 предложения, только то, о чём спрашивают. Не пересказывай выдержки, не добавляй посторонние факты и не нумеруй пункты, если вопрос не про перечень. Если вопрос требует сравнения двух и более вещей — до 5 предложений. Если в выдержках совсем нет нужной информации — скажи «не знаю по приведённым выдержкам». Отвечай на русском языке.  === ВЫДЕРЖКИ ИЗ ВИКИ === === Марс === Карточка: Другие названия: Красная план
2026-09-29 22:37:43.242 I/ChatVM: RAG ctx: 4 articles from 21 candidates
2026-09-29 22:37:43.242 I/ChatVM: Generating: 5 msgs, maxTokens=600, temp=0.7, noThink=true
2026-09-29 22:38:21.295 I/ChatVM: Reply (211 chars, 65 tok, 38535ms, prefill 2224tok/8984ms=248t/s, decode 2,2t/s): Пенициллин открыл Александр Флеминг в 1928 году. Атмосфера Марса состоит преимущественно из углекислого газа (около 95,3%), а также содержит азот, аргон, кислород и водяной пар в значительно меньших к
2026-09-29 22:38:21.296 I/ChatVM: [TURN] end path=rag total=38535ms factoid=1ms ptok=2224 gtok=65 prefill=8984ms decode=29047ms chars=211
2026-09-29 22:38:21.429 I/BenchmarkBridge: Benchmark question via intent: что такое фотосинтез
2026-09-29 22:38:21.430 I/ChatVM: [TURN] begin q=что такое фотосинтез
2026-09-29 22:38:21.431 I/ChatVM: [PHASE] factoid=miss ms=0
2026-09-29 22:38:21.432 I/ChatVM: Coreference: 'что такое фотосинтез' + topic 'открыл пенициллин'
2026-09-29 22:38:21.433 I/RagPromptBuilder: Query: 'что такое фотосинтез открыл пенициллин' -> ZIM keywords: 'такое фотосинтез открыл пенициллин'
2026-09-29 22:38:21.461 I/EntityTitleProbe: Title probes (5 lookups): Фотосинтез(1030), Бензилпенициллин(1020)
2026-09-29 22:38:21.466 I/ZimSearcher: search('такое фотосинтез открыл пенициллин') estimated=2
2026-09-29 22:38:21.573 I/ZimSearcher: search('фотосинтез') estimated=965
2026-09-29 22:38:21.814 I/RagPromptBuilder: Entity merge 'фотосинтез': +19 candidates
2026-09-29 22:38:21.815 I/RagPromptBuilder: RAG: 'что такое фотосинтез открыл пенициллин' candidates=23
2026-09-29 22:38:21.816 I/RagPromptBuilder: Top hits: Фотосинтез(s=1030)[Фотосинтез] | Бензилпенициллин(s=1020)[Бензилпенициллин] | C4-фотосинтез(s=99)[C4-фотосинтез] | CAM-фотосинтез(s=99)[CAM-фотосинтез] | Эволюция фотосинтеза(s=99)[Эволюция_фотосинтеза]
2026-09-29 22:38:22.055 I/RagPromptBuilder: [PHASE] search=384ms read=239ms docs=4 ctx=4432
2026-09-29 22:38:22.055 I/RagPromptBuilder: RAG prompt preview (listIntent=false): Тебе даны выдержки из Википедии. Отвечай на их основе. Ответь коротко и по существу: 1–3 предложения, только то, о чём спрашивают. Не пересказывай выдержки, не добавляй посторонние факты и не нумеруй пункты, если вопрос не про перечень. Если вопрос требует сравнения двух и более вещей — до 5 предложений. Если в выдержках совсем нет нужной информации — скажи «не знаю по приведённым выдержкам». Отвечай на русском языке.  === ВЫДЕРЖКИ ИЗ ВИКИ === === Фотосинтез === Фотосинтез Фотоси́нтез (от др.-гр
2026-09-29 22:38:22.055 I/ChatVM: RAG ctx: 4 articles from 23 candidates
2026-09-29 22:38:22.055 I/ChatVM: Generating: 7 msgs, maxTokens=600, temp=0.7, noThink=true
2026-09-29 22:39:28.803 I/ChatVM: Reply (524 chars, 137 tok, 67373ms, prefill 1996tok/8077ms=247t/s, decode 2,3t/s): Пенициллин не открыл фотосинтез; эти два понятия связаны совершенно разными научными открытиями. Фотосинтез — это сложный химический процесс преобразования энергии света в энергию химических связей ор
2026-09-29 22:39:28.806 I/ChatVM: [TURN] end path=rag total=67373ms factoid=0ms ptok=1996 gtok=137 prefill=8077ms decode=58640ms chars=524
2026-09-29 22:39:29.542 I/BenchmarkBridge: Benchmark question via intent: когда началась Вторая мировая война
2026-09-29 22:39:29.543 I/ChatVM: [TURN] begin q=когда началась Вторая мировая война
2026-09-29 22:39:29.544 I/FactoidAnswerer: Factoid candidate: label='(by card label)' entity='Вторая'
2026-09-29 22:39:29.591 I/EntityTitleProbe: Title probes (22 lookups): Вторая мировая война(1120), Вторая(1080), Мировая война(1050), Война(1030)
2026-09-29 22:39:29.593 I/EntityTitleProbe: Redundant probes: Вторая, Война
2026-09-29 22:39:30.747 I/ZimSearcher: suggestTitles('Вторая'): Вторая, Вторая Академия, Вторая Александровка, Вторая Алексеевка, Вторая Алия, Вторая Армения, Вторая Багажиашта, Вторая Бугульда, Вторая Бундеслига, Вторая Васильевка, Вторая Вилашка, Вторая Глушковская, Вторая Горка, Вторая Григорьевка, Вторая Грязучая, Вторая Дудинская, Вторая Едома, Вторая Ивановка, Вторая Ивань, Вторая Интифада, Вторая Каменка, Вторая Ключевская, Вторая Кошка, Вторая Кривка, Вторая Крутая, Вторая Куликовка, Вторая Культура, Вторая Лака, Вторая Леденгская, Вторая Луна, Вторая Малая, Вторая Медяна
2026-09-29 22:39:30.749 I/FactoidAnswerer: Factoid candidates: Вторая, Вторая мировая война, Мировая война
2026-09-29 22:39:30.756 I/FactoidAnswerer: Factoid: 'Вторая' has no infobox — next candidate
2026-09-29 22:39:30.820 I/FactoidAnswerer: Factoid: no label covers [начала, мирова, война] in [Дата, Место, Причина, Итог]
2026-09-29 22:39:30.821 I/FactoidAnswerer: Factoid: 'Вторая мировая война' card has no matching field — next candidate
2026-09-29 22:39:30.829 I/FactoidAnswerer: Factoid: 'Мировая война' has no infobox — next candidate
2026-09-29 22:39:30.829 I/FactoidAnswerer: Factoid: no candidate carried the field — falling back to RAG
2026-09-29 22:39:30.829 I/ChatVM: [PHASE] factoid=miss ms=1286
2026-09-29 22:39:30.829 I/RagPromptBuilder: Query: 'когда началась Вторая мировая война' -> ZIM keywords: 'началась вторая мировая война'
2026-09-29 22:39:30.831 I/GraphWalker: walk: 0 wikilinks in 'Вторая' (depth=0)
2026-09-29 22:39:30.831 I/GraphWalker: walk seed=Вторая props=[P6, P1365, P1366, P39, P166, P26, P40, P22, P25, P3373, P50, P175, P800, P184, P802, P57, P58, P162, P36, P159, P127, P112] → 0 nodes
2026-09-29 22:39:30.831 I/RagPromptBuilder: Walker probes (entity='Вторая', props=22): Вторая
2026-09-29 22:39:30.837 I/EntityTitleProbe: Title probes (22 lookups): Вторая мировая война(1120), Вторая(1080), Мировая война(1050), Война(1030)
2026-09-29 22:39:30.838 I/EntityTitleProbe: Redundant probes: Вторая, Война
2026-09-29 22:39:30.969 I/ZimSearcher: search('началась вторая мировая война') estimated=20000
2026-09-29 22:39:31.802 I/ZimSearcher: search('началась') estimated=467255
2026-09-29 22:39:32.562 I/RagPromptBuilder: Entity merge 'началась': +20 candidates
2026-09-29 22:39:32.564 I/RagPromptBuilder: RAG: 'когда началась Вторая мировая война' candidates=41
2026-09-29 22:39:32.564 I/RagPromptBuilder: Top hits: Вторая мировая война(s=1120)[Вторая_мировая_война] | Мировая война(s=1050)[Мировая_война] | Вторая(s=900)[Вторая] | Вторая мировая война на море(s=98)[Вторая_мировая_война_на_море] | Вторая мировая война (серия книг)(s=95)[Вторая_мировая_война_(серия_книг)]
2026-09-29 22:39:32.780 I/RagPromptBuilder: [PHASE] search=1735ms read=216ms docs=4 ctx=4313
2026-09-29 22:39:32.781 I/RagPromptBuilder: RAG prompt preview (listIntent=false): Тебе даны выдержки из Википедии. Отвечай на их основе. Ответь коротко и по существу: 1–3 предложения, только то, о чём спрашивают. Не пересказывай выдержки, не добавляй посторонние факты и не нумеруй пункты, если вопрос не про перечень. Если вопрос требует сравнения двух и более вещей — до 5 предложений. Если в выдержках совсем нет нужной информации — скажи «не знаю по приведённым выдержкам». Отвечай на русском языке.  === ВЫДЕРЖКИ ИЗ ВИКИ === === Вторая мировая война === Карточка: Дата: 1 сентя
2026-09-29 22:39:32.781 I/ChatVM: RAG ctx: 4 articles from 41 candidates
2026-09-29 22:39:32.781 I/ChatVM: Generating: 7 msgs, maxTokens=600, temp=0.7, noThink=true
2026-09-29 22:40:10.988 I/ChatVM: Reply (245 chars, 68 tok, 41444ms, prefill 1842tok/7253ms=254t/s, decode 2,2t/s): Вторая мировая война началась **1 сентября 1939 года**, когда нацистская Германия вторглась в Польшу. Это событие стало официальным началом конфликта, который длился до 2 сентября 1945 года и охватил 
2026-09-29 22:40:10.989 I/ChatVM: [TURN] end path=rag total=41444ms factoid=1286ms ptok=1842 gtok=68 prefill=7253ms decode=30940ms chars=245
2026-09-29 22:40:11.232 I/BenchmarkBridge: Benchmark question via intent: чем знаменит Большое красное пятно
2026-09-29 22:40:11.233 I/ChatVM: [TURN] begin q=чем знаменит Большое красное пятно
2026-09-29 22:40:11.233 I/ChatVM: [PHASE] factoid=miss ms=0
2026-09-29 22:40:11.234 I/RagPromptBuilder: Query: 'чем знаменит Большое красное пятно' -> ZIM keywords: 'чем знаменит большое красное пятно'
2026-09-29 22:40:11.262 I/GraphWalker: walk: 0 wikilinks in 'Большое' (depth=0)
2026-09-29 22:40:11.262 I/GraphWalker: walk seed=Большое props=[P6, P1365, P1366, P39, P166, P26, P40, P22, P25, P3373, P50, P175, P800, P184, P802, P57, P58, P162, P36, P159, P127, P112] → 0 nodes
2026-09-29 22:40:11.263 I/RagPromptBuilder: Walker probes (entity='Большое', props=22): Большое
2026-09-29 22:40:11.301 I/EntityTitleProbe: Title probes (28 lookups): Большое красное пятно(1120), Большое(1080), Красное(1030), Красно(1030), Пятно(1030)
2026-09-29 22:40:11.303 I/EntityTitleProbe: Redundant probes: Большое, Красное, Красно, Пятно
2026-09-29 22:40:11.323 I/ZimSearcher: search('чем знаменит большое красное пятно') estimated=200
2026-09-29 22:40:11.850 I/ZimSearcher: search('знаменит') estimated=51485
2026-09-29 22:40:12.240 I/RagPromptBuilder: Entity merge 'знаменит': +20 candidates
2026-09-29 22:40:12.245 I/RagPromptBuilder: RAG: 'чем знаменит Большое красное пятно' candidates=42
2026-09-29 22:40:12.245 I/RagPromptBuilder: Top hits: Большое красное пятно(s=1120)[Большое_красное_пятно] | Большое(s=900)[Большое] | Я почти знаменит(s=99)[Я_почти_знаменит] | Красочная жизнь(s=100)[Красочная_жизнь] | Храм иконы Божией Матери «Знамение»(s=100)[Храм_иконы_Божией_Матери_«Знамение»]
2026-09-29 22:40:12.330 I/RagPromptBuilder: [PHASE] search=1011ms read=83ms docs=4 ctx=4549
2026-09-29 22:40:12.330 I/RagPromptBuilder: RAG prompt preview (listIntent=false): Тебе даны выдержки из Википедии. Отвечай на их основе. Ответь коротко и по существу: 1–3 предложения, только то, о чём спрашивают. Не пересказывай выдержки, не добавляй посторонние факты и не нумеруй пункты, если вопрос не про перечень. Если вопрос требует сравнения двух и более вещей — до 5 предложений. Если в выдержках совсем нет нужной информации — скажи «не знаю по приведённым выдержкам». Отвечай на русском языке.  === ВЫДЕРЖКИ ИЗ ВИКИ === === Большое красное пятно === Большое красное пятно 
2026-09-29 22:40:12.330 I/ChatVM: RAG ctx: 4 articles from 42 candidates
2026-09-29 22:40:12.330 I/ChatVM: Generating: 7 msgs, maxTokens=600, temp=0.7, noThink=true
2026-09-29 22:41:02.314 I/ChatVM: Reply (367 chars, 91 tok, 51082ms, prefill 1999tok/8307ms=241t/s, decode 2,2t/s): Большое красное пятно знаменито тем, что является самым большим атмосферным вихрем и зоной высокого давления в Солнечной системе. Этот гигантский шторм на Юпитере медленно движется параллельно экватор
2026-09-29 22:41:02.315 I/ChatVM: [TURN] end path=rag total=51082ms factoid=0ms ptok=1999 gtok=91 prefill=8307ms decode=41661ms chars=367
2026-09-29 22:41:03.077 I/BenchmarkBridge: Benchmark question via intent: что производит АвтоВАЗ
2026-09-29 22:41:03.079 I/ChatVM: [TURN] begin q=что производит АвтоВАЗ
2026-09-29 22:41:03.079 I/FactoidAnswerer: Factoid candidate: label='(by card label)' entity='АвтоВАЗ'
2026-09-29 22:41:03.115 I/EntityTitleProbe: Title probes (2 lookups): АвтоВАЗ(1080)
2026-09-29 22:41:03.152 I/ZimSearcher: suggestTitles('АвтоВАЗ'): АВТОВАЗ, GM-АВТОВАЗ, Национальная гоночная серия "АВТОВАЗ", Технический музей ОАО "АвтоВАЗ", Эм-АВТОВАЗ Шевроле Вива, Джи Эм-АВТОВАЗ Шевроле Нива, Здание генеральной дирекции АВТОВАЗа, АВТОВАЗБАНК, АвтоВАЗагрегат
2026-09-29 22:41:03.153 I/FactoidAnswerer: Factoid candidates: АвтоВАЗ
2026-09-29 22:41:03.205 I/FactoidAnswerer: Factoid: no label covers [произв] in [Основан, Штаб-квартира, Тип, Листинг на бирже, Дата основания, Прежние названия, Основатели, Расположение, Ключевые фигуры, Отрасль, Продукция, Операционная прибыль, Чистая прибыль, Материнская компания, Дочерние компании]
2026-09-29 22:41:03.206 I/FactoidAnswerer: Factoid: 'АвтоВАЗ' card has no matching field — next candidate
2026-09-29 22:41:03.206 I/FactoidAnswerer: Factoid: no candidate carried the field — falling back to RAG
2026-09-29 22:41:03.206 I/ChatVM: [PHASE] factoid=miss ms=127
2026-09-29 22:41:03.206 I/RagPromptBuilder: Query: 'что производит АвтоВАЗ' -> ZIM keywords: 'производит автоваз'
2026-09-29 22:41:03.407 I/GraphWalker: walk seed=АвтоВАЗ props=[P6, P1365, P1366, P39, P166, P26, P40, P22, P25, P3373, P50, P175, P800, P184, P802, P57, P58, P162, P36, P159, P127, P112] → 6 nodes
2026-09-29 22:41:03.408 I/RagPromptBuilder: Walker probes (entity='АвтоВАЗ', props=22): АвтоВАЗ, Россия, Тольятти, ЦК КПСС, Совет министров СССР, Москва, Илья Геннадьевич Сухих
2026-09-29 22:41:03.412 I/EntityTitleProbe: Title probes (2 lookups): АвтоВАЗ(1080)
2026-09-29 22:41:03.428 I/ZimSearcher: search('производит автоваз') estimated=300
2026-09-29 22:41:03.879 I/ZimSearcher: search('производит') estimated=56978
2026-09-29 22:41:04.306 I/RagPromptBuilder: Entity merge 'производит': +20 candidates
2026-09-29 22:41:04.310 I/RagPromptBuilder: RAG: 'что производит АвтоВАЗ' candidates=46
2026-09-29 22:41:04.310 I/RagPromptBuilder: Top hits: АвтоВАЗ(s=1080)[АвтоВАЗ] | Россия(s=899)[Россия] | Тольятти(s=899)[Тольятти] | ЦК КПСС(s=899)[ЦК_КПСС] | Совет министров СССР(s=899)[Совет_министров_СССР]
2026-09-29 22:41:04.892 I/RagPromptBuilder: [PHASE] search=1105ms read=581ms docs=3 ctx=4806
2026-09-29 22:41:04.892 I/RagPromptBuilder: RAG prompt preview (listIntent=false): Тебе даны выдержки из Википедии. Отвечай на их основе. Ответь коротко и по существу: 1–3 предложения, только то, о чём спрашивают. Не пересказывай выдержки, не добавляй посторонние факты и не нумеруй пункты, если вопрос не про перечень. Если вопрос требует сравнения двух и более вещей — до 5 предложений. Если в выдержках совсем нет нужной информации — скажи «не знаю по приведённым выдержкам». Отвечай на русском языке.  === ВЫДЕРЖКИ ИЗ ВИКИ === === АвтоВАЗ === Карточка: Основан: 20 июля 1966 (196
2026-09-29 22:41:04.892 I/ChatVM: RAG ctx: 3 articles from 46 candidates
2026-09-29 22:41:04.892 I/ChatVM: Generating: 7 msgs, maxTokens=600, temp=0.7, noThink=true
2026-09-29 22:41:44.400 I/ChatVM: Reply (274 chars, 64 tok, 41321ms, prefill 2219tok/9354ms=237t/s, decode 2,1t/s): АвтоВАЗ производит легковые и лёгкие коммерческие автомобили под собственной торговой маркой Lada. Ранее завод также выпускал машины брендов Nissan, Renault и Datsun. С марта 2022 года производство бы
2026-09-29 22:41:44.401 I/ChatVM: [TURN] end path=rag total=41321ms factoid=127ms ptok=2219 gtok=64 prefill=9354ms decode=30138ms chars=274
2026-09-29 22:41:44.832 I/BenchmarkBridge: Benchmark question via intent: какой автозавод расположен в Тольятти
2026-09-29 22:41:44.833 I/ChatVM: [TURN] begin q=какой автозавод расположен в Тольятти
2026-09-29 22:41:44.834 I/FactoidAnswerer: Factoid candidate: label='(by card label)' entity='Тольятти'
2026-09-29 22:41:44.873 I/EntityTitleProbe: Title probes (10 lookups): Тольятти(1080), Автомобильная промышленность(1020)
2026-09-29 22:41:45.085 I/ZimSearcher: suggestTitles('Тольятти'): Тольятти, Тольятти 24, Тольятти (История), Тольятти (аэродром), Тольятти (значения), Тольятти (станция), Тольятти П., Тольятти сегодня, Тольятти, Эудженио, Тольятти (речной порт), Тольятти (футбольный клуб), Тольятти (особая экономическая зона), Тольятти (территория опережающего развития), Академия Тольятти, Вузы Тольятти, Герб Тольятти, Гимн Тольятти, Градоначальники Тольятти, Дума Тольятти, Лада (Тольятти), Лада-Тольятти, Медгородок Тольятти, Набережная Тольятти, Памятники Тольятти, Поверхность Тольятти, Портпосёлок (Тольятти), Районы Тольятти, СИБУР Тольятти, Спорт Тольятти, Троллейбус Тольятти, Улицы Тольятти, Флаг Тольятти
2026-09-29 22:41:45.087 I/FactoidAnswerer: Factoid candidates: Тольятти, Автомобильная промышленность
2026-09-29 22:41:45.145 I/FactoidAnswerer: Factoid: no label covers [автоза, распол] in [Глава/мэр, Население, Площадь, Основан, Страна, Часовой пояс, Субъект Федерации, Городской округ, Внутреннее деление, Глава городского округа, Прежние названия, Город с, Высота центра, Тип климата, Плотность, Агломерация, Население агломерации, Национальности, Конфессии, Название жителей, Официальный язык, День города]
2026-09-29 22:41:45.145 I/FactoidAnswerer: Factoid: 'Тольятти' card has no matching field — next candidate
2026-09-29 22:41:45.165 I/FactoidAnswerer: Factoid: 'Автомобильная промышленность' has no infobox — next candidate
2026-09-29 22:41:45.165 I/FactoidAnswerer: Factoid: no candidate carried the field — falling back to RAG
2026-09-29 22:41:45.166 I/ChatVM: [PHASE] factoid=miss ms=332
2026-09-29 22:41:45.166 I/RagPromptBuilder: Query: 'какой автозавод расположен в Тольятти' -> ZIM keywords: 'автозавод расположен тольятти'
2026-09-29 22:41:45.262 I/GraphWalker: walk: 0 wikilinks in 'Заслуженный_врач_Российской_Федерации' (depth=3)
2026-09-29 22:41:45.272 I/GraphWalker: walk seed=Тольятти props=[P6, P1365, P1366, P39, P166, P26, P40, P22, P25, P3373, P50, P175, P800, P184, P802, P57, P58, P162, P36, P159, P127, P112] → 5 nodes
2026-09-29 22:41:45.273 I/RagPromptBuilder: Walker probes (entity='Тольятти', props=22): Тольятти, Илья Геннадьевич Сухих, Николай Ренц, Заслуженный врач Российской Федерации, Сергей Анташев, Сергей Андреев
2026-09-29 22:41:45.277 I/EntityTitleProbe: Title probes (10 lookups): Тольятти(1080), Автомобильная промышленность(1020)
2026-09-29 22:41:45.285 I/ZimSearcher: search('автозавод расположен тольятти') estimated=40
2026-09-29 22:41:46.181 I/ZimSearcher: search('расположен') estimated=249807
2026-09-29 22:41:46.579 I/RagPromptBuilder: Entity merge 'расположен': +20 candidates
2026-09-29 22:41:46.583 I/RagPromptBuilder: RAG: 'какой автозавод расположен в Тольятти' candidates=46
2026-09-29 22:41:46.584 I/RagPromptBuilder: Top hits: Тольятти(s=1080)[Тольятти] | Автомобильная промышленность(s=1020)[Автомобильная_промышленность] | Илья Геннадьевич Сухих(s=899)[Сухих,_Илья_Геннадьевич] | Николай Ренц(s=898)[Ренц,_Николай_Альфредович] | Сергей Анташев(s=897)[Анташев,_Сергей_Александрович]
2026-09-29 22:41:46.842 I/RagPromptBuilder: [PHASE] search=1418ms read=257ms docs=4 ctx=5094
2026-09-29 22:41:46.842 I/RagPromptBuilder: RAG prompt preview (listIntent=false): Тебе даны выдержки из Википедии. Отвечай на их основе. Ответь коротко и по существу: 1–3 предложения, только то, о чём спрашивают. Не пересказывай выдержки, не добавляй посторонние факты и не нумеруй пункты, если вопрос не про перечень. Если вопрос требует сравнения двух и более вещей — до 5 предложений. Если в выдержках совсем нет нужной информации — скажи «не знаю по приведённым выдержкам». Отвечай на русском языке.  === ВЫДЕРЖКИ ИЗ ВИКИ === === Тольятти === Карточка: Глава/мэр: Илья Геннадьев
2026-09-29 22:41:46.843 I/ChatVM: RAG ctx: 4 articles from 46 candidates
2026-09-29 22:41:46.843 I/ChatVM: Generating: 7 msgs, maxTokens=600, temp=0.7, noThink=true
2026-09-29 22:42:38.852 I/ChatVM: Reply (360 chars, 88 tok, 54019ms, prefill 2372tok/9947ms=238t/s, decode 2,1t/s): В Тольятти расположен Волжский автомобильный завод (ВАЗ), который является одним из ключевых предприятий автомобилестроения в России. Этот автозавод известен массовым выпуском легковых автомобилей мар
2026-09-29 22:42:38.853 I/ChatVM: [TURN] end path=rag total=54019ms factoid=332ms ptok=2372 gtok=88 prefill=9947ms decode=42046ms chars=360
2026-09-29 22:42:39.789 I/BenchmarkBridge: Benchmark question via intent: назови планеты Солнечной системы
2026-09-29 22:42:39.790 I/ChatVM: [TURN] begin q=назови планеты Солнечной системы
2026-09-29 22:42:39.790 I/ChatVM: [PHASE] factoid=miss ms=0
2026-09-29 22:42:39.791 I/RagPromptBuilder: Query: 'назови планеты Солнечной системы' -> ZIM keywords: 'планеты солнечной системы'
2026-09-29 22:42:39.853 I/GraphWalker: walk: 0 wikilinks in 'Вспышка_солнечной_активности' (depth=0)
2026-09-29 22:42:39.854 I/GraphWalker: walk seed=Вспышка_солнечной_активности props=[P6, P1365, P1366, P39, P166, P26, P40, P22, P25, P3373, P50, P175, P800, P184, P802, P57, P58, P162, P36, P159, P127, P112] → 0 nodes
2026-09-29 22:42:39.854 I/RagPromptBuilder: Walker probes (entity='Солнечной', props=22): Вспышка солнечной активности
2026-09-29 22:42:39.871 I/EntityTitleProbe: Title probes (29 lookups): Планеты Солнечной системы(1120), Солнечная система(1100), Солнечная(1080), Планета(1020), Система(1020)
2026-09-29 22:42:39.873 I/EntityTitleProbe: Redundant probes: Солнечная, Планета, Система
2026-09-29 22:42:39.960 I/ZimSearcher: search('планеты солнечной системы') estimated=7000
2026-09-29 22:42:40.469 I/ZimSearcher: search('солнечной') estimated=12659
2026-09-29 22:42:40.984 I/RagPromptBuilder: Entity merge 'солнечной': +13 candidates
2026-09-29 22:42:40.988 I/RagPromptBuilder: RAG: 'назови планеты Солнечной системы' candidates=35
2026-09-29 22:42:40.989 I/RagPromptBuilder: Top hits: Планеты Солнечной системы(s=1120)[Планеты_Солнечной_системы] | Солнечная система(s=1100)[Солнечная_система] | Вспышка солнечной активности(s=900)[Вспышка_солнечной_активности] | Планеты-гиганты(s=97)[Планеты-гиганты] | Планеты (сериал)(s=95)[Планеты_(сериал)]
2026-09-29 22:42:41.169 I/RagPromptBuilder: [PHASE] search=1198ms read=180ms docs=4 ctx=3312
2026-09-29 22:42:41.170 I/RagPromptBuilder: RAG prompt preview (listIntent=false): Тебе даны выдержки из Википедии. Отвечай на их основе. Ответь коротко и по существу: 1–3 предложения, только то, о чём спрашивают. Не пересказывай выдержки, не добавляй посторонние факты и не нумеруй пункты, если вопрос не про перечень. Если вопрос требует сравнения двух и более вещей — до 5 предложений. Если в выдержках совсем нет нужной информации — скажи «не знаю по приведённым выдержкам». Отвечай на русском языке.  === ВЫДЕРЖКИ ИЗ ВИКИ === === Планеты Солнечной системы === Планеты Солнечной 
2026-09-29 22:42:41.170 I/ChatVM: RAG ctx: 4 articles from 35 candidates
2026-09-29 22:42:41.170 I/ChatVM: Generating: 7 msgs, maxTokens=600, temp=0.7, noThink=true
2026-09-29 22:43:29.537 I/ChatVM: Reply (283 chars, 89 tok, 49746ms, prefill 1549tok/6482ms=239t/s, decode 2,1t/s): Солнечная система включает в себя **8 планет**, движущихся по близким к круговым орбитам: четыре планеты земной группы — Меркурий, Венера, Земля и Марс; а также четыре массивные планеты-гиганта — Юпит
2026-09-29 22:43:29.538 I/ChatVM: [TURN] end path=rag total=49746ms factoid=0ms ptok=1549 gtok=89 prefill=6482ms decode=41871ms chars=283
2026-09-29 22:43:29.631 I/BenchmarkBridge: Benchmark question via intent: кто был предшественником нынешнего мэра Тольятти
2026-09-29 22:43:29.632 I/ChatVM: [TURN] begin q=кто был предшественником нынешнего мэра Тольятти
2026-09-29 22:43:29.634 I/FactoidAnswerer: Factoid candidate: label='(by card label)' entity='Тольятти'
2026-09-29 22:43:29.678 I/EntityTitleProbe: Title probes (16 lookups): Тольятти(1080)
2026-09-29 22:43:29.740 I/ZimSearcher: suggestTitles('Тольятти'): Тольятти, Тольятти 24, Тольятти (История), Тольятти (аэродром), Тольятти (значения), Тольятти (станция), Тольятти П., Тольятти сегодня, Тольятти, Эудженио, Тольятти (речной порт), Тольятти (футбольный клуб), Тольятти (особая экономическая зона), Тольятти (территория опережающего развития), Академия Тольятти, Вузы Тольятти, Герб Тольятти, Гимн Тольятти, Градоначальники Тольятти, Дума Тольятти, Лада (Тольятти), Лада-Тольятти, Медгородок Тольятти, Набережная Тольятти, Памятники Тольятти, Поверхность Тольятти, Портпосёлок (Тольятти), Районы Тольятти, СИБУР Тольятти, Спорт Тольятти, Троллейбус Тольятти, Улицы Тольятти, Флаг Тольятти
2026-09-29 22:43:29.744 I/FactoidAnswerer: Factoid candidates: Тольятти
2026-09-29 22:43:29.828 I/FactoidAnswerer: Factoid: no label covers [предше, мэра] in [Глава/мэр, Население, Площадь, Основан, Страна, Часовой пояс, Субъект Федерации, Городской округ, Внутреннее деление, Глава городского округа, Прежние названия, Город с, Высота центра, Тип климата, Плотность, Агломерация, Население агломерации, Национальности, Конфессии, Название жителей, Официальный язык, День города]
2026-09-29 22:43:29.829 I/FactoidAnswerer: Factoid: 'Тольятти' card has no matching field — next candidate
2026-09-29 22:43:29.829 I/FactoidAnswerer: Factoid: no candidate carried the field — falling back to RAG
2026-09-29 22:43:29.829 I/ChatVM: [PHASE] factoid=miss ms=196
2026-09-29 22:43:29.830 I/RagPromptBuilder: Query: 'кто был предшественником нынешнего мэра Тольятти' -> ZIM keywords: 'предшественником нынешнего мэра тольятти'
2026-09-29 22:43:29.922 I/GraphWalker: walk seed=Тольятти props=[P6, P1365, P1366] → 4 nodes
2026-09-29 22:43:29.923 I/RagPromptBuilder: Walker probes (entity='Тольятти', props=3): Тольятти, Илья Геннадьевич Сухих, Николай Ренц, Сергей Анташев, Сергей Андреев
2026-09-29 22:43:29.931 I/EntityTitleProbe: Title probes (16 lookups): Тольятти(1080)
2026-09-29 22:43:29.943 I/ZimSearcher: search('предшественником нынешнего мэра тольятти') estimated=5
2026-09-29 22:43:30.639 I/ZimSearcher: search('предшественником') estimated=92922
2026-09-29 22:43:31.090 I/RagPromptBuilder: Entity merge 'предшественником': +20 candidates
2026-09-29 22:43:31.094 I/RagPromptBuilder: RAG: 'кто был предшественником нынешнего мэра Тольятти' candidates=30
2026-09-29 22:43:31.095 I/RagPromptBuilder: Top hits: Тольятти(s=1080)[Тольятти] | Илья Геннадьевич Сухих(s=899)[Сухих,_Илья_Геннадьевич] | Николай Ренц(s=898)[Ренц,_Николай_Альфредович] | Сергей Анташев(s=897)[Анташев,_Сергей_Александрович] | Сергей Андреев(s=896)[Андреев,_Сергей_Игоревич]
2026-09-29 22:43:31.378 I/RagPromptBuilder: [PHASE] search=1266ms read=282ms docs=3 ctx=4713
2026-09-29 22:43:31.379 I/RagPromptBuilder: RAG prompt preview (listIntent=false): Тебе даны выдержки из Википедии. Отвечай на их основе. Ответь коротко и по существу: 1–3 предложения, только то, о чём спрашивают. Не пересказывай выдержки, не добавляй посторонние факты и не нумеруй пункты, если вопрос не про перечень. Если вопрос требует сравнения двух и более вещей — до 5 предложений. Если в выдержках совсем нет нужной информации — скажи «не знаю по приведённым выдержкам». Отвечай на русском языке.  === ВЫДЕРЖКИ ИЗ ВИКИ === === Тольятти === Карточка: Глава/мэр: Илья Геннадьев
2026-09-29 22:43:31.379 I/ChatVM: RAG ctx: 3 articles from 30 candidates
2026-09-29 22:43:31.379 I/ChatVM: Generating: 7 msgs, maxTokens=600, temp=0.7, noThink=true
2026-09-29 22:44:18.729 I/ChatVM: Reply (253 chars, 79 tok, 49097ms, prefill 2306tok/9687ms=238t/s, decode 2,1t/s): Предшественником нынешнего мэра Тольятти является **Николай Ренц**, который занимал этот пост с 2021 по 2024 год. Его сменил **Илья Сухих**, вступивший в должность после выигранных выборов и утвержден
2026-09-29 22:44:18.730 I/ChatVM: [TURN] end path=rag total=49097ms factoid=196ms ptok=2306 gtok=79 prefill=9687ms decode=37646ms chars=253
2026-09-29 22:44:19.485 I/BenchmarkBridge: Benchmark question via intent: сравни население Москвы и Санкт-Петербурга
2026-09-29 22:44:19.486 I/ChatVM: [TURN] begin q=сравни население Москвы и Санкт-Петербурга
2026-09-29 22:44:19.487 I/ChatVM: [PHASE] factoid=miss ms=1
2026-09-29 22:44:19.488 I/RagPromptBuilder: Query: 'сравни население Москвы и Санкт-Петербурга' -> ZIM keywords: 'сравни население москвы санкт петербурга'
2026-09-29 22:44:20.589 I/GraphWalker: walk: 0 wikilinks in 'Генплан_Петербурга' (depth=0)
2026-09-29 22:44:20.590 I/GraphWalker: walk seed=Генплан_Петербурга props=[P6, P1365, P1366, P39, P166, P26, P40, P22, P25, P3373, P50, P175, P800, P184, P802, P57, P58, P162, P36, P159, P127, P112] → 0 nodes
2026-09-29 22:44:20.590 I/RagPromptBuilder: Walker probes (entity='Петербурга', props=22): Генплан Петербурга
2026-09-29 22:44:20.611 I/EntityTitleProbe: Title probes (23 lookups): Москва(1080), Санкт-Петербург(1070), Население Москвы(900)
2026-09-29 22:44:20.655 I/ZimSearcher: search('сравни население москвы санкт петербурга') estimated=300
2026-09-29 22:44:21.250 I/ZimSearcher: search('петербурга') estimated=115995
2026-09-29 22:44:21.783 I/RagPromptBuilder: Entity merge 'петербурга': +18 candidates
2026-09-29 22:44:21.786 I/RagPromptBuilder: RAG: 'сравни население Москвы и Санкт-Петербурга' candidates=42
2026-09-29 22:44:21.786 I/RagPromptBuilder: Top hits: Москва(s=1080)[Москва] | Санкт-Петербург(s=1070)[Санкт-Петербург] | Генплан Петербурга(s=900)[Генплан_Петербурга] | Население Москвы(s=900)[Население_Москвы] | Санкт-Петербург (телерадиокомпания)(s=99)[Санкт-Петербург_(телерадиокомпания)]
2026-09-29 22:44:22.324 I/RagPromptBuilder: [PHASE] search=2299ms read=537ms docs=3 ctx=4342
2026-09-29 22:44:22.324 I/RagPromptBuilder: RAG prompt preview (listIntent=false): Тебе даны выдержки из Википедии. Отвечай на их основе. Ответь коротко и по существу: 1–3 предложения, только то, о чём спрашивают. Не пересказывай выдержки, не добавляй посторонние факты и не нумеруй пункты, если вопрос не про перечень. Если вопрос требует сравнения двух и более вещей — до 5 предложений. Если в выдержках совсем нет нужной информации — скажи «не знаю по приведённым выдержкам». Отвечай на русском языке.  === ВЫДЕРЖКИ ИЗ ВИКИ === === Москва === Карточка: Глава/мэр: Сергей Собянин Н
2026-09-29 22:44:22.325 I/ChatVM: RAG ctx: 3 articles from 42 candidates
2026-09-29 22:44:22.325 I/ChatVM: Generating: 7 msgs, maxTokens=600, temp=0.7, noThink=true
2026-09-29 22:45:24.397 I/ChatVM: Reply (433 chars, 113 tok, 64910ms, prefill 1931tok/8109ms=238t/s, decode 2,1t/s): Москва населяет **13 274 285** человек, тогда как Санкт-Петербург — **5 652 922**. Таким образом, население Москвы в два раза больше. Также стоит отметить, что Москва является столицей России с 1478 г
2026-09-29 22:45:24.398 I/ChatVM: [TURN] end path=rag total=64910ms factoid=1ms ptok=1931 gtok=113 prefill=8109ms decode=53947ms chars=433
2026-09-29 22:45:24.537 I/BenchmarkBridge: Benchmark question via intent: почему Байкал самое глубокое озеро
2026-09-29 22:45:24.539 I/ChatVM: [TURN] begin q=почему Байкал самое глубокое озеро
2026-09-29 22:45:24.539 I/ChatVM: [PHASE] factoid=miss ms=0
2026-09-29 22:45:24.540 I/RagPromptBuilder: Query: 'почему Байкал самое глубокое озеро' -> ZIM keywords: 'байкал самое глубокое озеро'
2026-09-29 22:45:24.615 I/GraphWalker: walk: 0 wikilinks in 'Байкал' (depth=0)
2026-09-29 22:45:24.616 I/GraphWalker: walk seed=Байкал props=[P6, P1365, P1366, P39, P166, P26, P40, P22, P25, P3373, P50, P175, P800, P184, P802, P57, P58, P162, P36, P159, P127, P112] → 0 nodes
2026-09-29 22:45:24.616 I/RagPromptBuilder: Walker probes (entity='Байкал', props=22): Байкал
2026-09-29 22:45:24.637 I/EntityTitleProbe: Title probes (12 lookups): Байкал(1080), Глубокое озеро(1050), Глубокое(1030), Озеро(1030)
2026-09-29 22:45:24.640 I/EntityTitleProbe: Redundant probes: Глубокое, Озеро
2026-09-29 22:45:24.660 I/ZimSearcher: search('байкал самое глубокое озеро') estimated=200
2026-09-29 22:45:25.190 I/ZimSearcher: search('глубокое') estimated=52854
2026-09-29 22:45:25.691 I/RagPromptBuilder: Entity merge 'глубокое': +19 candidates
2026-09-29 22:45:25.695 I/RagPromptBuilder: RAG: 'почему Байкал самое глубокое озеро' candidates=39
2026-09-29 22:45:25.696 I/RagPromptBuilder: Top hits: Байкал(s=1080)[Байкал] | Глубокое озеро(s=1050)[Глубокое_озеро] | Глубокое(s=100)[Глубокое] | Глубокое (город)(s=99)[Глубокое_(город)] | Глубокое обучение(s=98)[Глубокое_обучение]
2026-09-29 22:45:25.896 I/RagPromptBuilder: [PHASE] search=1156ms read=198ms docs=4 ctx=4884
2026-09-29 22:45:25.896 I/RagPromptBuilder: RAG prompt preview (listIntent=false): Тебе даны выдержки из Википедии. Отвечай на их основе. Ответь коротко и по существу: 1–3 предложения, только то, о чём спрашивают. Не пересказывай выдержки, не добавляй посторонние факты и не нумеруй пункты, если вопрос не про перечень. Если вопрос требует сравнения двух и более вещей — до 5 предложений. Если в выдержках совсем нет нужной информации — скажи «не знаю по приведённым выдержкам». Отвечай на русском языке.  === ВЫДЕРЖКИ ИЗ ВИКИ === === Байкал === Карточка: Страна: Россия Абсолютная в
2026-09-29 22:45:25.896 I/ChatVM: RAG ctx: 4 articles from 39 candidates
2026-09-29 22:45:25.896 I/ChatVM: Generating: 7 msgs, maxTokens=600, temp=0.7, noThink=true
2026-09-29 22:46:20.237 I/ChatVM: Reply (344 chars, 92 tok, 55698ms, prefill 2345tok/10111ms=232t/s, decode 2,1t/s): Байкал является самым глубоким озером на Земле с максимальной глубиной **1642 метра**. Нижняя точка его котловины лежит на **1187 метров** ниже уровня мирового океана, что делает чашу озера также одно
2026-09-29 22:46:20.237 I/ChatVM: [TURN] end path=rag total=55698ms factoid=0ms ptok=2345 gtok=92 prefill=10111ms decode=44212ms chars=344
2026-09-29 22:46:20.510 I/BenchmarkBridge: Benchmark question via intent: как связаны Менделеев и периодическая таблица
2026-09-29 22:46:20.512 I/ChatVM: [TURN] begin q=как связаны Менделеев и периодическая таблица
2026-09-29 22:46:20.512 I/ChatVM: [PHASE] factoid=miss ms=0
2026-09-29 22:46:20.513 I/RagPromptBuilder: Query: 'как связаны Менделеев и периодическая таблица' -> ZIM keywords: 'связаны менделеев периодическая таблица'
2026-09-29 22:46:20.593 I/GraphWalker: walk seed=Менделеев,_Дмитрий_Иванович props=[P6, P1365, P1366, P39, P166, P26, P40, P22, P25, P3373, P50, P175, P800, P184, P802, P57, P58, P162, P36, P159, P127, P112] → 6 nodes
2026-09-29 22:46:20.594 I/RagPromptBuilder: Walker probes (entity='Менделеев', props=22): Менделеев, Дмитрий Иванович, Орден Святого Владимира, Кавалер ордена Святого Александра Невского, Орден Белого орла (Российская империя), Орден Святой Анны I степени, Орден Святого Станислава (Российская империя), Орден Святой Анны II степени
2026-09-29 22:46:20.628 I/EntityTitleProbe: Title probes (22 lookups): Менделеев, Дмитрий Иванович(1070), Периодическая система химических элементов(1040), Таблица(1030), Таблиц, Богуслав(1020)
2026-09-29 22:46:20.641 I/ZimSearcher: search('связаны менделеев периодическая таблица') estimated=60
2026-09-29 22:46:21.282 I/ZimSearcher: search('периодическая') estimated=24960
2026-09-29 22:46:21.810 I/RagPromptBuilder: Entity merge 'периодическая': +18 candidates
2026-09-29 22:46:21.816 I/RagPromptBuilder: RAG: 'как связаны Менделеев и периодическая таблица' candidates=46
2026-09-29 22:46:21.816 I/RagPromptBuilder: Top hits: Менделеев, Дмитрий Иванович(s=1070)[Менделеев,_Дмитрий_Иванович] | Периодическая система химических элементов(s=1040)[Периодическая_система_химических_элементов] | Таблица(s=1030)[Таблица] | Таблиц, Богуслав(s=1020)[Таблиц,_Богуслав] | Орден Святого Владимира(s=899)[Орден_Святого_Владимира]
2026-09-29 22:46:22.085 I/RagPromptBuilder: [PHASE] search=1304ms read=268ms docs=4 ctx=5006
2026-09-29 22:46:22.085 I/RagPromptBuilder: RAG prompt preview (listIntent=false): Тебе даны выдержки из Википедии. Отвечай на их основе. Ответь коротко и по существу: 1–3 предложения, только то, о чём спрашивают. Не пересказывай выдержки, не добавляй посторонние факты и не нумеруй пункты, если вопрос не про перечень. Если вопрос требует сравнения двух и более вещей — до 5 предложений. Если в выдержках совсем нет нужной информации — скажи «не знаю по приведённым выдержкам». Отвечай на русском языке.  === ВЫДЕРЖКИ ИЗ ВИКИ === === Менделеев, Дмитрий Иванович === Карточка: Дата р
2026-09-29 22:46:22.086 I/ChatVM: RAG ctx: 4 articles from 46 candidates
2026-09-29 22:46:22.086 I/ChatVM: Generating: 7 msgs, maxTokens=600, temp=0.7, noThink=true
2026-09-29 22:47:10.856 I/ChatVM: Reply (320 chars, 81 tok, 50344ms, prefill 2165tok/9385ms=231t/s, decode 2,1t/s): Дмитрий Менделеев является автором **периодической системы химических элементов**, которую он представил в 1869 году. Эта таблица стала классификацией, устанавливающей связь свойств элементов с зарядо
2026-09-29 22:47:10.860 I/ChatVM: [TURN] end path=rag total=50344ms factoid=0ms ptok=2165 gtok=81 prefill=9385ms decode=39369ms chars=320
