omptBuilder: Top hits: Тольятти(s=1080)[Тольятти] | Илья Геннадьевич Сухих(s=899)[Сухих,_Илья_Геннадьевич] | Николай Ренц(s=898)[Ренц,_Николай_Альфредович] | Сергей Анташев(s=897)[Анташев,_Сергей_Александрович] | Сергей Андреев(s=896)[Андреев,_Сергей_Игоревич]
2026-09-29 22:34:57.874 I/RagPromptBuilder: [PHASE] search=1110ms read=234ms docs=3 ctx=4713
2026-09-29 22:34:57.874 I/RagPromptBuilder: RAG prompt preview (listIntent=false): Тебе даны выдержки из Википедии. Отвечай на их основе. Ответь коротко и по существу: 1–3 предложения, только то, о чём спрашивают. Не пересказывай выдержки, не добавляй посторонние факты и не нумеруй пункты, если вопрос не про перечень. Если вопрос требует сравнения двух и более вещей — до 5 предложений. Если в выдержках совсем нет нужной информации — скажи «не знаю по приведённым выдержкам». Отвечай на русском языке.  === ВЫДЕРЖКИ ИЗ ВИКИ === === Тольятти === Карточка: Глава/мэр: Илья Геннадьев
2026-09-29 22:34:57.874 I/ChatVM: RAG ctx: 3 articles from 30 candidates
2026-09-29 22:34:57.874 I/ChatVM: Generating: 7 msgs, maxTokens=600, temp=0.7, noThink=true
2026-09-29 22:35:04.921 I/ChatVM: Reply (84 chars, 42 tok, 8570ms, prefill 2565tok/2634ms=974t/s, decode 9,6t/s): Предшественник нынешнего мэра Тольятти — **Николай Ренц** (12 марта 1956, Темиртау).
2026-09-29 22:35:04.922 I/ChatVM: [TURN] end path=rag total=8570ms factoid=178ms ptok=2565 gtok=42 prefill=2634ms decode=4386ms chars=84
2026-09-29 22:35:05.564 I/BenchmarkBridge: Benchmark question via intent: сравни население Москвы и Санкт-Петербурга
2026-09-29 22:35:05.565 I/ChatVM: [TURN] begin q=сравни население Москвы и Санкт-Петербурга
2026-09-29 22:35:05.566 I/ChatVM: [PHASE] factoid=miss ms=0
2026-09-29 22:35:05.567 I/RagPromptBuilder: Query: 'сравни население Москвы и Санкт-Петербурга' -> ZIM keywords: 'сравни население москвы санкт петербурга'
2026-09-29 22:35:07.031 I/GraphWalker: walk: 0 wikilinks in 'Генплан_Петербурга' (depth=0)
2026-09-29 22:35:07.032 I/GraphWalker: walk seed=Генплан_Петербурга props=[P6, P1365, P1366, P39, P166, P26, P40, P22, P25, P3373, P50, P175, P800, P184, P802, P57, P58, P162, P36, P159, P127, P112] → 0 nodes
2026-09-29 22:35:07.032 I/RagPromptBuilder: Walker probes (entity='Петербурга', props=22): Генплан Петербурга
2026-09-29 22:35:07.058 I/EntityTitleProbe: Title probes (23 lookups): Москва(1080), Санкт-Петербург(1070), Население Москвы(900)
2026-09-29 22:35:07.102 I/ZimSearcher: search('сравни население москвы санкт петербурга') estimated=300
2026-09-29 22:35:07.698 I/ZimSearcher: search('петербурга') estimated=115995
2026-09-29 22:35:08.196 I/RagPromptBuilder: Entity merge 'петербурга': +18 candidates
2026-09-29 22:35:08.201 I/RagPromptBuilder: RAG: 'сравни население Москвы и Санкт-Петербурга' candidates=42
2026-09-29 22:35:08.201 I/RagPromptBuilder: Top hits: Москва(s=1080)[Москва] | Санкт-Петербург(s=1070)[Санкт-Петербург] | Генплан Петербурга(s=900)[Генплан_Петербурга] | Население Москвы(s=900)[Население_Москвы] | Санкт-Петербург (телерадиокомпания)(s=99)[Санкт-Петербург_(телерадиокомпания)]
2026-09-29 22:35:08.723 I/RagPromptBuilder: [PHASE] search=2635ms read=520ms docs=3 ctx=4342
2026-09-29 22:35:08.723 I/RagPromptBuilder: RAG prompt preview (listIntent=false): Тебе даны выдержки из Википедии. Отвечай на их основе. Ответь коротко и по существу: 1–3 предложения, только то, о чём спрашивают. Не пересказывай выдержки, не добавляй посторонние факты и не нумеруй пункты, если вопрос не про перечень. Если вопрос требует сравнения двух и более вещей — до 5 предложений. Если в выдержках совсем нет нужной информации — скажи «не знаю по приведённым выдержкам». Отвечай на русском языке.  === ВЫДЕРЖКИ ИЗ ВИКИ === === Москва === Карточка: Глава/мэр: Сергей Собянин Н
2026-09-29 22:35:08.723 I/ChatVM: RAG ctx: 3 articles from 42 candidates
2026-09-29 22:35:08.723 I/ChatVM: Generating: 7 msgs, maxTokens=600, temp=0.7, noThink=true
2026-09-29 22:35:13.738 I/ChatVM: Reply (71 chars, 31 tok, 8173ms, prefill 2046tok/1968ms=1040t/s, decode 10,3t/s): Население Москвы — 13,27 млн (по оценкам), Санкт-Петербурга — 5,65 млн.
2026-09-29 22:35:13.739 I/ChatVM: [TURN] end path=rag total=8173ms factoid=0ms ptok=2046 gtok=31 prefill=1968ms decode=3021ms chars=71
2026-09-29 22:35:14.760 I/BenchmarkBridge: Benchmark question via intent: почему Байкал самое глубокое озеро
2026-09-29 22:35:14.762 I/ChatVM: [TURN] begin q=почему Байкал самое глубокое озеро
2026-09-29 22:35:14.762 I/ChatVM: [PHASE] factoid=miss ms=0
2026-09-29 22:35:14.763 I/RagPromptBuilder: Query: 'почему Байкал самое глубокое озеро' -> ZIM keywords: 'байкал самое глубокое озеро'
2026-09-29 22:35:14.834 I/GraphWalker: walk: 0 wikilinks in 'Байкал' (depth=0)
2026-09-29 22:35:14.834 I/GraphWalker: walk seed=Байкал props=[P6, P1365, P1366, P39, P166, P26, P40, P22, P25, P3373, P50, P175, P800, P184, P802, P57, P58, P162, P36, P159, P127, P112] → 0 nodes
2026-09-29 22:35:14.834 I/RagPromptBuilder: Walker probes (entity='Байкал', props=22): Байкал
2026-09-29 22:35:14.856 I/EntityTitleProbe: Title probes (12 lookups): Байкал(1080), Глубокое озеро(1050), Глубокое(1030), Озеро(1030)
2026-09-29 22:35:14.857 I/EntityTitleProbe: Redundant probes: Глубокое, Озеро
2026-09-29 22:35:14.876 I/ZimSearcher: search('байкал самое глубокое озеро') estimated=200
2026-09-29 22:35:15.406 I/ZimSearcher: search('глубокое') estimated=52854
2026-09-29 22:35:15.895 I/RagPromptBuilder: Entity merge 'глубокое': +19 candidates
2026-09-29 22:35:15.899 I/RagPromptBuilder: RAG: 'почему Байкал самое глубокое озеро' candidates=39
2026-09-29 22:35:15.900 I/RagPromptBuilder: Top hits: Байкал(s=1080)[Байкал] | Глубокое озеро(s=1050)[Глубокое_озеро] | Глубокое(s=100)[Глубокое] | Глубокое (город)(s=99)[Глубокое_(город)] | Глубокое обучение(s=98)[Глубокое_обучение]
2026-09-29 22:35:16.091 I/RagPromptBuilder: [PHASE] search=1137ms read=191ms docs=4 ctx=4884
2026-09-29 22:35:16.091 I/RagPromptBuilder: RAG prompt preview (listIntent=false): Тебе даны выдержки из Википедии. Отвечай на их основе. Ответь коротко и по существу: 1–3 предложения, только то, о чём спрашивают. Не пересказывай выдержки, не добавляй посторонние факты и не нумеруй пункты, если вопрос не про перечень. Если вопрос требует сравнения двух и более вещей — до 5 предложений. Если в выдержках совсем нет нужной информации — скажи «не знаю по приведённым выдержкам». Отвечай на русском языке.  === ВЫДЕРЖКИ ИЗ ВИКИ === === Байкал === Карточка: Страна: Россия Абсолютная в
2026-09-29 22:35:16.091 I/ChatVM: RAG ctx: 4 articles from 39 candidates
2026-09-29 22:35:16.091 I/ChatVM: Generating: 7 msgs, maxTokens=600, temp=0.7, noThink=true
2026-09-29 22:35:34.648 I/ChatVM: Reply (434 chars, 147 tok, 19885ms, prefill 2646tok/2721ms=972t/s, decode 9,3t/s): Байкал считается самым глубоким озером мира из-за своей **глубины 1642 м** (включая дно, на которое опускается в 1187 метров ниже уровня Мирового океана). Его чашевидная форма и относительное молодое 
2026-09-29 22:35:34.649 I/ChatVM: [TURN] end path=rag total=19885ms factoid=0ms ptok=2646 gtok=147 prefill=2721ms decode=15810ms chars=434
2026-09-29 22:35:35.165 I/BenchmarkBridge: Benchmark question via intent: как связаны Менделеев и периодическая таблица
2026-09-29 22:35:35.167 I/ChatVM: [TURN] begin q=как связаны Менделеев и периодическая таблица
2026-09-29 22:35:35.168 I/ChatVM: [PHASE] factoid=miss ms=0
2026-09-29 22:35:35.170 I/RagPromptBuilder: Query: 'как связаны Менделеев и периодическая таблица' -> ZIM keywords: 'связаны менделеев периодическая таблица'
2026-09-29 22:35:35.250 I/GraphWalker: walk seed=Менделеев,_Дмитрий_Иванович props=[P6, P1365, P1366, P39, P166, P26, P40, P22, P25, P3373, P50, P175, P800, P184, P802, P57, P58, P162, P36, P159, P127, P112] → 6 nodes
2026-09-29 22:35:35.251 I/RagPromptBuilder: Walker probes (entity='Менделеев', props=22): Менделеев, Дмитрий Иванович, Орден Святого Владимира, Кавалер ордена Святого Александра Невского, Орден Белого орла (Российская империя), Орден Святой Анны I степени, Орден Святого Станислава (Российская империя), Орден Святой Анны II степени
2026-09-29 22:35:35.291 I/EntityTitleProbe: Title probes (22 lookups): Менделеев, Дмитрий Иванович(1070), Периодическая система химических элементов(1040), Таблица(1030), Таблиц, Богуслав(1020)
2026-09-29 22:35:35.308 I/ZimSearcher: search('связаны менделеев периодическая таблица') estimated=60
2026-09-29 22:35:35.962 I/ZimSearcher: search('периодическая') estimated=24960
2026-09-29 22:35:36.509 I/RagPromptBuilder: Entity merge 'периодическая': +18 candidates
2026-09-29 22:35:36.516 I/RagPromptBuilder: RAG: 'как связаны Менделеев и периодическая таблица' candidates=46
2026-09-29 22:35:36.517 I/RagPromptBuilder: Top hits: Менделеев, Дмитрий Иванович(s=1070)[Менделеев,_Дмитрий_Иванович] | Периодическая система химических элементов(s=1040)[Периодическая_система_химических_элементов] | Таблица(s=1030)[Таблица] | Таблиц, Богуслав(s=1020)[Таблиц,_Богуслав] | Орден Святого Владимира(s=899)[Орден_Святого_Владимира]
2026-09-29 22:35:36.833 I/RagPromptBuilder: [PHASE] search=1348ms read=316ms docs=4 ctx=5006
2026-09-29 22:35:36.834 I/RagPromptBuilder: RAG prompt preview (listIntent=false): Тебе даны выдержки из Википедии. Отвечай на их основе. Ответь коротко и по существу: 1–3 предложения, только то, о чём спрашивают. Не пересказывай выдержки, не добавляй посторонние факты и не нумеруй пункты, если вопрос не про перечень. Если вопрос требует сравнения двух и более вещей — до 5 предложений. Если в выдержках совсем нет нужной информации — скажи «не знаю по приведённым выдержкам». Отвечай на русском языке.  === ВЫДЕРЖКИ ИЗ ВИКИ === === Менделеев, Дмитрий Иванович === Карточка: Дата р
2026-09-29 22:35:36.834 I/ChatVM: RAG ctx: 4 articles from 46 candidates
2026-09-29 22:35:36.834 I/ChatVM: Generating: 7 msgs, maxTokens=600, temp=0.7, noThink=true
2026-09-29 22:35:46.290 I/ChatVM: Reply (199 chars, 68 tok, 11122ms, prefill 2487tok/2508ms=992t/s, decode 9,8t/s): Дмитрий Менделеев создал первую периодическую таблицу химических элементов, предсказав свойства не открытых тёл (например, галия). Его система основывалась на атомном весе и электронной конфигурации.
2026-09-29 22:35:46.291 I/ChatVM: [TURN] end path=rag total=11122ms factoid=0ms ptok=2487 gtok=68 prefill=2508ms decode=6916ms chars=199
2026-09-29 22:35:53.428 I/ChatVM: Loading model: Qwen3.5-4B-Q4_0.gguf (device=npu, mtp=0) (/storage/emulated/0/Android/data/com.wikillm.android.debug/files/models/unsloth/Qwen3.5-4B-GGUF/Qwen3.5-4B-Q4_0.gguf)
2026-09-29 22:35:58.850 I/ChatVM: Model loaded: Qwen3.5-4B-Q4_0.gguf
2026-09-29 22:36:03.067 I/BenchmarkBridge: Benchmark question via intent: почему Юпитер называют газовым гигантом
2026-09-29 22:36:03.068 I/ChatVM: [TURN] begin q=почему Юпитер называют газовым гигантом
2026-09-29 22:36:03.068 I/ChatVM: [PHASE] factoid=miss ms=0
2026-09-29 22:36:03.069 I/RagPromptBuilder: Query: 'почему Юпитер называют газовым гигантом' -> ZIM keywords: 'юпитер называют газовым гигантом'
2026-09-29 22:36:03.141 I/GraphWalker: walk: 0 wikilinks in 'Юпитер' (depth=0)
2026-09-29 22:36:03.141 I/GraphWalker: walk seed=Юпитер props=[P6, P1365, P1366, P39, P166, P26, P40, P22, P25, P3373, P50, P175, P800, P184, P802, P57, P58, P162, P36, P159, P127, P112] → 0 nodes
2026-09-29 22:36:03.141 I/RagPromptBuilder: Walker probes (entity='Юпитер', props=22): Юпитер
2026-09-29 22:36:03.164 I/EntityTitleProbe: Title probes (13 lookups): Юпитер(1080), Гигант(1030)
2026-09-29 22:36:03.191 I/ZimSearcher: search('юпитер называют газовым гигантом') estimated=200
2026-09-29 22:36:03.679 I/ZimSearcher: search('называют') estimated=194221
2026-09-29 22:36:04.055 I/RagPromptBuilder: Entity merge 'называют': +20 candidates
2026-09-29 22:36:04.060 I/RagPromptBuilder: RAG: 'почему Юпитер называют газовым гигантом' candidates=42
2026-09-29 22:36:04.061 I/RagPromptBuilder: Top hits: Юпитер(s=1080)[Юпитер] | Гигант(s=1030)[Гигант] | То, что называют любовью(s=98)[То,_что_называют_любовью] | Газовые гиганты(s=100)[Газовые_гиганты] | Моя так называемая жизнь(s=100)[Моя_так_называемая_жизнь]
2026-09-29 22:36:04.244 I/RagPromptBuilder: [PHASE] search=993ms read=181ms docs=4 ctx=4405
2026-09-29 22:36:04.244 I/RagPromptBuilder: RAG prompt preview (listIntent=false): Тебе даны выдержки из Википедии. Отвечай на их основе. Ответь коротко и по существу: 1–3 предложения, только то, о чём спрашивают. Не пересказывай выдержки, не добавляй посторонние факты и не нумеруй пункты, если вопрос не про перечень. Если вопрос требует сравнения двух и более вещей — до 5 предложений. Если в выдержках совсем нет нужной информации — скажи «не знаю по приведённым выдержкам». Отвечай на русском языке.  === ВЫДЕРЖКИ ИЗ ВИКИ === === Юпитер === Карточка: Перигелий: 7,405736⋅108 км 
2026-09-29 22:36:04.244 I/ChatVM: RAG ctx: 4 articles from 42 candidates
2026-09-29 22:36:04.244 I/ChatVM: Generating: 1 msgs, maxTokens=600, temp=0.7, noThink=true
2026-09-29 22:36:51.570 I/ChatVM: Reply (421 chars, 98 tok, 48502ms, prefill 1832tok/6854ms=267t/s, decode 2,4t/s): Юпитер называют газовым гигантом, потому что он является самой большой планетой Солнечной системы и состоит преимущественно из водорода и гелия. Хотя его атмосфера содержит значительные доли этих элем
2026-09-29 22:36:51.571 I/ChatVM: [TURN] end path=rag total=48502ms factoid=0ms ptok=1832 gtok=98 prefill=6854ms decode=40439ms chars=421
2026-09-29 22:36:51.879 I/BenchmarkBridge: Benchmark question via intent: из чего состоит атмосфера Марса
2026-09-29 22:36:51.880 I/ChatVM: [TURN] begin q=из чего состоит атмосфера Марса
2026-09-29 22:36:51.881 I/ChatVM: [PHASE] factoid=miss ms=1
2026-09-29 22:36:51.881 I/RagPromptBuilder: Query: 'из чего состоит атмосфера Марса' -> ZIM keywords: 'чего состоит атмосфера марса'
2026-09-29 22:36:51.894 I/GraphWalker: walk: 0 wikilinks in 'Марса' (depth=0)
2026-09-29 22:36:51.895 I/GraphWalker: walk seed=Марса props=[P6, P1365, P1366, P39, P166, P26, P40, P22, P25, P3373, P50, P175, P800, P184, P802, P57, P58, P162, P36, P159, P127, P112] → 0 nodes
2026-09-29 22:36:51.895 I/RagPromptBuilder: Walker probes (entity='Марса', props=22): Марса
2026-09-29 22:36:51.934 I/EntityTitleProbe: Title probes (10 lookups): Марса(1080), Марс(1080), Атмосфера Марса(900)
2026-09-29 22:36:51.942 I/EntityTitleProbe: Top tie at 1080: Марс=658430, Марса=7479
2026-09-29 22:36:51.943 I/EntityTitleProbe: Redundant probes: Марса
2026-09-29 22:36:51.961 I/ZimSearcher: search('чего состоит атмосфера марса') estimated=300
2026-09-29 22:36:52.445 I/ZimSearcher: search('атмосфера') estimated=21862
2026-09-29 22:36:52.851 I/RagPromptBuilder: Entity merge 'атмосфера': +19 candidates
2026-09-29 22:36:52.856 I/RagPromptBuilder: RAG: 'из чего состоит атмосфера Марса' candidates=40
2026-09-29 22:36:52.856 I/RagPromptBuilder: Top hits: Марс(s=1085)[Марс] | Марса(s=900)[Марса] | Атмосфера Марса(s=900)[Атмосфера_Марса] | Атмосфера(s=100)[Атмосфера] | Атмосфера Земли(s=99)[Атмосфера_Земли]
2026-09-29 22:36:53.102 I/RagPromptBuilder: [PHASE] search=976ms read=245ms docs=4 ctx=4482
2026-09-29 22:36:53.102 I/RagPromptBuilder: RAG prompt preview (listIntent=false): Тебе даны выдержки из Википедии. Отвечай на их основе. Ответь коротко и по существу: 1–3 предложения, только то, о чём спрашивают. Не пересказывай выдержки, не добавляй посторонние факты и не нумеруй пункты, если вопрос не про перечень. Если вопрос требует сравнения двух и более вещей — до 5 предложений. Если в выдержках совсем нет нужной информации — скажи «не знаю по приведённым выдержкам». Отвечай на русском языке.  === ВЫДЕРЖКИ ИЗ ВИКИ === === Марс === Карточка: Другие названия: Красная план
2026-09-29 22:36:53.102 I/ChatVM: RAG ctx: 4 articles from 40 candidates
2026-09-29 22:36:53.103 I/ChatVM: Generating: 3 msgs, maxTokens=600, temp=0.7, noThink=true
2026-09-29 22:37:41.752 I/ChatVM: Reply (274 chars, 95 tok, 49871ms, prefill 1928tok/7375ms=261t/s, decode 2,3t/s): Атмосфера Марса состоит преимущественно из углекислого газа (около 95,32%). В её состав также входят азот (2,7%), аргон (1,6%), кислород и водяной пар. Кроме того, в ней обнаружены следы других газов:
2026-09-29 22:37:41.752 I/ChatVM: [TURN] end path=rag total=49871ms factoid=1ms ptok=1928 gtok=95 prefill=7375ms decode=41259ms chars=274
2026-09-29 22:37:42.758 I/BenchmarkBridge: Benchmark question via intent: кто открыл пенициллин
2026-09-29 22:37:42.759 I/ChatVM: [TURN] begin q=кто открыл пенициллин
2026-09-29 22:37:42.760 I/ChatVM: [PHASE] factoid=miss ms=1
2026-09-29 22:37:42.760 I/ChatVM: Coreference: 'кто открыл пенициллин' + topic 'чего состоит атмосфера марса'
2026-09-29 22:37:42.761 I/RagPromptBuilder: Query: 'кто открыл пенициллин чего состоит атмосфера марса' -> ZIM keywords: 'открыл пенициллин чего состоит атмосфера марса'
2026-09-29 22:37:42.777 I/EntityTitleProbe: Title probes (18 lookups): Бензилпенициллин(1020), Марса(1030), Марс(1030)
2026-09-29 22:37:42.810 I/EntityTitleProbe: Top tie at 1030: Марс=658430, Марса=7479
2026-09-29 22:37:42.811 I/EntityTitleProbe: Redundant probes: Марса
2026-09-29 22:37:42.816 I/ZimSearcher: search('открыл пенициллин чего состоит атмосфера марса') estimated=0
2026-09-29 22:37:42.825 I/ZimSearcher: search('пенициллин') estimated=589
2026-09-29 22:37:42.999 I/RagPromptBuilder: Entity merge 'пенициллин': +19 candidates
2026-09-29 22:37:43.002 I/RagPromptBuilder: RAG: 'кто открыл пенициллин чего состоит атмосфера марса' candidates=21
2026-09-29 22:37:43.003 I/RagPromptBuilder: Top hits: Марс(s=1035)[Марс] | Бензилпенициллин(s=1020)[Бензилпенициллин] | Пенициллины(s=100)[Пенициллины] | Пенициллин (комплекс артразведки)(s=99)[Пенициллин_(комплекс_артразведки)] | Пенициллин (значения)(s=95)[Пенициллин_(значения)]
2026-09-29 22:37:43.242 I/RagPromptBuilder: [PHASE] search=242ms read=239ms docs=4 ctx=4544
2026-09-29 22:37:43.242 I/RagPromptBuilder: RAG prompt preview (listIntent=false): Тебе даны выдержки из Википедии. Отвечай на их основе. Ответь коротко и по существу: 1–3 предложения, только то, о чём спрашивают. Не пересказывай выдержки, не добавляй посторонние факты и не нумеруй пункты, если вопрос не про перечень. Если вопрос требует сравнения двух и более вещей — до 5 предложений. Если в выдержках совсем нет нужной информации — скажи «не знаю по приведённым выдержкам». Отвечай на русском языке.  === ВЫДЕРЖКИ ИЗ ВИКИ === === Марс === Карточка: Другие названия: Красная план
2026-09-29 22:37:43.242 I/ChatVM: RAG ctx: 4 articles from 21 candidates
2026-09-29 22:37:43.242 I/ChatVM: Generating: 5 msgs, maxTokens=600, temp=0.7, noThink=true
2026-09-29 22:38:21.295 I/ChatVM: Reply (211 chars, 65 tok, 38535ms, prefill 2224tok/8984ms=248t/s, decode 2,2t/s): Пенициллин открыл Александр Флеминг в 1928 году. Атмосфера Марса состоит преимущественно из углекислого газа (около 95,3%), а также содержит азот, аргон, кислород и водяной пар в значительно меньших к
2026-09-29 22:38:21.296 I/ChatVM: [TURN] end path=rag total=38535ms factoid=1ms ptok=2224 gtok=65 prefill=8984ms decode=29047ms chars=211
2026-09-29 22:38:21.429 I/BenchmarkBridge: Benchmark question via intent: что такое фотосинтез
2026-09-29 22:38:21.430 I/ChatVM: [TURN] begin q=что такое фотосинтез
2026-09-29 22:38:21.431 I/ChatVM: [PHASE] factoid=miss ms=0
2026-09-29 22:38:21.432 I/ChatVM: Coreference: 'что такое фотосинтез' + topic 'открыл пенициллин'
2026-09-29 22:38:21.433 I/RagPromptBuilder: Query: 'что такое фотосинтез открыл пенициллин' -> ZIM keywords: 'такое фотосинтез открыл пенициллин'
2026-09-29 22:38:21.461 I/EntityTitleProbe: Title probes (5 lookups): Фотосинтез(1030), Бензилпенициллин(1020)
2026-09-29 22:38:21.466 I/ZimSearcher: search('такое фотосинтез открыл пенициллин') estimated=2
2026-09-29 22:38:21.573 I/ZimSearcher: search('фотосинтез') estimated=965
2026-09-29 22:38:21.814 I/RagPromptBuilder: Entity merge 'фотосинтез': +19 candidates
2026-09-29 22:38:21.815 I/RagPromptBuilder: RAG: 'что такое фотосинтез открыл пенициллин' candidates=23
2026-09-29 22:38:21.816 I/RagPromptBuilder: Top hits: Фотосинтез(s=1030)[Фотосинтез] | Бензилпенициллин(s=1020)[Бензилпенициллин] | C4-фотосинтез(s=99)[C4-фотосинтез] | CAM-фотосинтез(s=99)[CAM-фотосинтез] | Эволюция фотосинтеза(s=99)[Эволюция_фотосинтеза]
2026-09-29 22:38:22.055 I/RagPromptBuilder: [PHASE] search=384ms read=239ms docs=4 ctx=4432
2026-09-29 22:38:22.055 I/RagPromptBuilder: RAG prompt preview (listIntent=false): Тебе даны выдержки из Википедии. Отвечай на их основе. Ответь коротко и по существу: 1–3 предложения, только то, о чём спрашивают. Не пересказывай выдержки, не добавляй посторонние факты и не нумеруй пункты, если вопрос не про перечень. Если вопрос требует сравнения двух и более вещей — до 5 предложений. Если в выдержках совсем нет нужной информации — скажи «не знаю по приведённым выдержкам». Отвечай на русском языке.  === ВЫДЕРЖКИ ИЗ ВИКИ === === Фотосинтез === Фотосинтез Фотоси́нтез (от др.-гр
2026-09-29 22:38:22.055 I/ChatVM: RAG ctx: 4 articles from 23 candidates
2026-09-29 22:38:22.055 I/ChatVM: Generating: 7 msgs, maxTokens=600, temp=0.7, noThink=true
2026-09-29 22:39:28.803 I/ChatVM: Reply (524 chars, 137 tok, 67373ms, prefill 1996tok/8077ms=247t/s, decode 2,3t/s): Пенициллин не открыл фотосинтез; эти два понятия связаны совершенно разными научными открытиями. Фотосинтез — это сложный химический процесс преобразования энергии света в энергию химических связей ор
2026-09-29 22:39:28.806 I/ChatVM: [TURN] end path=rag total=67373ms factoid=0ms ptok=1996 gtok=137 prefill=8077ms decode=58640ms chars=524
2026-09-29 22:39:29.542 I/BenchmarkBridge: Benchmark question via intent: когда началась Вторая мировая война
2026-09-29 22:39:29.543 I/ChatVM: [TURN] begin q=когда началась Вторая мировая война
2026-09-29 22:39:29.544 I/FactoidAnswerer: Factoid candidate: label='(by card label)' entity='Вторая'
2026-09-29 22:39:29.591 I/EntityTitleProbe: Title probes (22 lookups): Вторая мировая война(1120), Вторая(1080), Мировая война(1050), Война(1030)
2026-09-29 22:39:29.593 I/EntityTitleProbe: Redundant probes: Вторая, Война
2026-09-29 22:39:30.747 I/ZimSearcher: suggestTitles('Вторая'): Вторая, Вторая Академия, Вторая Александровка, Вторая Алексеевка, Вторая Алия, Вторая Армения, Вторая Багажиашта, Вторая Бугульда, Вторая Бундеслига, Вторая Васильевка, Вторая Вилашка, Вторая Глушковская, Вторая Горка, Вторая Григорьевка, Вторая Грязучая, Вторая Дудинская, Вторая Едома, Вторая Ивановка, Вторая Ивань, Вторая Интифада, Вторая Каменка, Вторая Ключевская, Вторая Кошка, Вторая Кривка, Вторая Крутая, Вторая Куликовка, Вторая Культура, Вторая Лака, Вторая Леденгская, Вторая Луна, Вторая Малая, Вторая Медяна
2026-09-29 22:39:30.749 I/FactoidAnswerer: Factoid candidates: Вторая, Вторая мировая война, Мировая война
2026-09-29 22:39:30.756 I/FactoidAnswerer: Factoid: 'Вторая' has no infobox — next candidate
2026-09-29 22:39:30.820 I/FactoidAnswerer: Factoid: no label covers [начала, мирова, война] in [Дата, Место, Причина, Итог]
2026-09-29 22:39:30.821 I/FactoidAnswerer: Factoid: 'Вторая мировая война' card has no matching field — next candidate
2026-09-29 22:39:30.829 I/FactoidAnswerer: Factoid: 'Мировая война' has no infobox — next candidate
2026-09-29 22:39:30.829 I/FactoidAnswerer: Factoid: no candidate carried the field — falling back to RAG
2026-09-29 22:39:30.829 I/ChatVM: [PHASE] factoid=miss ms=1286
2026-09-29 22:39:30.829 I/RagPromptBuilder: Query: 'когда началась Вторая мировая война' -> ZIM keywords: 'началась вторая мировая война'
2026-09-29 22:39:30.831 I/GraphWalker: walk: 0 wikilinks in 'Вторая' (depth=0)
2026-09-29 22:39:30.831 I/GraphWalker: walk seed=Вторая props=[P6, P1365, P1366, P39, P166, P26, P40, P22, P25, P3373, P50, P175, P800, P184, P802, P57, P58, P162, P36, P159, P127, P112] → 0 nodes
2026-09-29 22:39:30.831 I/RagPromptBuilder: Walker probes (entity='Вторая', props=22): Вторая
2026-09-29 22:39:30.837 I/EntityTitleProbe: Title probes (22 lookups): Вторая мировая война(1120), Вторая(1080), Мировая война(1050), Война(1030)
2026-09-29 22:39:30.838 I/EntityTitleProbe: Redundant probes: Вторая, Война
2026-09-29 22:39:30.969 I/ZimSearcher: search('началась вторая мировая война') estimated=20000
2026-09-29 22:39:31.802 I/ZimSearcher: search('началась') estimated=467255
2026-09-29 22:39:32.562 I/RagPromptBuilder: Entity merge 'началась': +20 candidates
2026-09-29 22:39:32.564 I/RagPromptBuilder: RAG: 'когда началась Вторая мировая война' candidates=41
2026-09-29 22:39:32.564 I/RagPromptBuilder: Top hits: Вторая мировая война(s=1120)[Вторая_мировая_война] | Мировая война(s=1050)[Мировая_война] | Вторая(s=900)[Вторая] | Вторая мировая война на море(s=98)[Вторая_мировая_война_на_море] | Вторая мировая война (серия книг)(s=95)[Вторая_мировая_война_(серия_книг)]
2026-09-29 22:39:32.780 I/RagPromptBuilder: [PHASE] search=1735ms read=216ms docs=4 ctx=4313
2026-09-29 22:39:32.781 I/RagPromptBuilder: RAG prompt preview (listIntent=false): Тебе даны выдержки из Википедии. Отвечай на их основе. Ответь коротко и по существу: 1–3 предложения, только то, о чём спрашивают. Не пересказывай выдержки, не добавляй посторонние факты и не нумеруй пункты, если вопрос не про перечень. Если вопрос требует сравнения двух и более вещей — до 5 предложений. Если в выдержках совсем нет нужной информации — скажи «не знаю по приведённым выдержкам». Отвечай на русском языке.  === ВЫДЕРЖКИ ИЗ ВИКИ === === Вторая мировая война === Карточка: Дата: 1 сентя
2026-09-29 22:39:32.781 I/ChatVM: RAG ctx: 4 articles from 41 candidates
2026-09-29 22:39:32.781 I/ChatVM: Generating: 7 msgs, maxTokens=600, temp=0.7, noThink=true
2026-09-29 22:40:10.988 I/ChatVM: Reply (245 chars, 68 tok, 41444ms, prefill 1842tok/7253ms=254t/s, decode 2,2t/s): Вторая мировая война началась **1 сентября 1939 года**, когда нацистская Германия вторглась в Польшу. Это событие стало официальным началом конфликта, который длился до 2 сентября 1945 года и охватил 
2026-09-29 22:40:10.989 I/ChatVM: [TURN] end path=rag total=41444ms factoid=1286ms ptok=1842 gtok=68 prefill=7253ms decode=30940ms chars=245
2026-09-29 22:40:11.232 I/BenchmarkBridge: Benchmark question via intent: чем знаменит Большое красное пятно
2026-09-29 22:40:11.233 I/ChatVM: [TURN] begin q=чем знаменит Большое красное пятно
2026-09-29 22:40:11.233 I/ChatVM: [PHASE] factoid=miss ms=0
2026-09-29 22:40:11.234 I/RagPromptBuilder: Query: 'чем знаменит Большое красное пятно' -> ZIM keywords: 'чем знаменит большое красное пятно'
2026-09-29 22:40:11.262 I/GraphWalker: walk: 0 wikilinks in 'Большое' (depth=0)
2026-09-29 22:40:11.262 I/GraphWalker: walk seed=Большое props=[P6, P1365, P1366, P39, P166, P26, P40, P22, P25, P3373, P50, P175, P800, P184, P802, P57, P58, P162, P36, P159, P127, P112] → 0 nodes
2026-09-29 22:40:11.263 I/RagPromptBuilder: Walker probes (entity='Большое', props=22): Большое
2026-09-29 22:40:11.301 I/EntityTitleProbe: Title probes (28 lookups): Большое красное пятно(1120), Большое(1080), Красное(1030), Красно(1030), Пятно(1030)
2026-09-29 22:40:11.303 I/EntityTitleProbe: Redundant probes: Большое, Красное, Красно, Пятно
2026-09-29 22:40:11.323 I/ZimSearcher: search('чем знаменит большое красное пятно') estimated=200
2026-09-29 22:40:11.850 I/ZimSearcher: search('знаменит') estimated=51485
2026-09-29 22:40:12.240 I/RagPromptBuilder: Entity merge 'знаменит': +20 candidates
2026-09-29 22:40:12.245 I/RagPromptBuilder: RAG: 'чем знаменит Большое красное пятно' candidates=42
2026-09-29 22:40:12.245 I/RagPromptBuilder: Top hits: Большое красное пятно(s=1120)[Большое_красное_пятно] | Большое(s=900)[Большое] | Я почти знаменит(s=99)[Я_почти_знаменит] | Красочная жизнь(s=100)[Красочная_жизнь] | Храм иконы Божией Матери «Знамение»(s=100)[Храм_иконы_Божией_Матери_«Знамение»]
2026-09-29 22:40:12.330 I/RagPromptBuilder: [PHASE] search=1011ms read=83ms docs=4 ctx=4549
2026-09-29 22:40:12.330 I/RagPromptBuilder: RAG prompt preview (listIntent=false): Тебе даны выдержки из Википедии. Отвечай на их основе. Ответь коротко и по существу: 1–3 предложения, только то, о чём спрашивают. Не пересказывай выдержки, не добавляй посторонние факты и не нумеруй пункты, если вопрос не про перечень. Если вопрос требует сравнения двух и более вещей — до 5 предложений. Если в выдержках совсем нет нужной информации — скажи «не знаю по приведённым выдержкам». Отвечай на русском языке.  === ВЫДЕРЖКИ ИЗ ВИКИ === === Большое красное пятно === Большое красное пятно 
2026-09-29 22:40:12.330 I/ChatVM: RAG ctx: 4 articles from 42 candidates
2026-09-29 22:40:12.330 I/ChatVM: Generating: 7 msgs, maxTokens=600, temp=0.7, noThink=true
2026-09-29 22:41:02.314 I/ChatVM: Reply (367 chars, 91 tok, 51082ms, prefill 1999tok/8307ms=241t/s, decode 2,2t/s): Большое красное пятно знаменито тем, что является самым большим атмосферным вихрем и зоной высокого давления в Солнечной системе. Этот гигантский шторм на Юпитере медленно движется параллельно экватор
2026-09-29 22:41:02.315 I/ChatVM: [TURN] end path=rag total=51082ms factoid=0ms ptok=1999 gtok=91 prefill=8307ms decode=41661ms chars=367
2026-09-29 22:41:03.077 I/BenchmarkBridge: Benchmark question via intent: что производит АвтоВАЗ
2026-09-29 22:41:03.079 I/ChatVM: [TURN] begin q=что производит АвтоВАЗ
2026-09-29 22:41:03.079 I/FactoidAnswerer: Factoid candidate: label='(by card label)' entity='АвтоВАЗ'
2026-09-29 22:41:03.115 I/EntityTitleProbe: Title probes (2 lookups): АвтоВАЗ(1080)
2026-09-29 22:41:03.152 I/ZimSearcher: suggestTitles('АвтоВАЗ'): АВТОВАЗ, GM-АВТОВАЗ, Национальная гоночная серия "АВТОВАЗ", Технический музей ОАО "АвтоВАЗ", Эм-АВТОВАЗ Шевроле Вива, Джи Эм-АВТОВАЗ Шевроле Нива, Здание генеральной дирекции АВТОВАЗа, АВТОВАЗБАНК, АвтоВАЗагрегат
2026-09-29 22:41:03.153 I/FactoidAnswerer: Factoid candidates: АвтоВАЗ
2026-09-29 22:41:03.205 I/FactoidAnswerer: Factoid: no label covers [произв] in [Основан, Штаб-квартира, Тип, Листинг на бирже, Дата основания, Прежние названия, Основатели, Расположение, Ключевые фигуры, Отрасль, Продукция, Операционная прибыль, Чистая прибыль, Материнская компания, Дочерние компании]
2026-09-29 22:41:03.206 I/FactoidAnswerer: Factoid: 'АвтоВАЗ' card has no matching field — next candidate
2026-09-29 22:41:03.206 I/FactoidAnswerer: Factoid: no candidate carried the field — falling back to RAG
2026-09-29 22:41:03.206 I/ChatVM: [PHASE] factoid=miss ms=127
2026-09-29 22:41:03.206 I/RagPromptBuilder: Query: 'что производит АвтоВАЗ' -> ZIM keywords: 'производит автоваз'
2026-09-29 22:41:03.407 I/GraphWalker: walk seed=АвтоВАЗ props=[P6, P1365, P1366, P39, P166, P26, P40, P22, P25, P3373, P50, P175, P800, P184, P802, P57, P58, P162, P36, P159, P127, P112] → 6 nodes
2026-09-29 22:41:03.408 I/RagPromptBuilder: Walker probes (entity='АвтоВАЗ', props=22): АвтоВАЗ, Россия, Тольятти, ЦК КПСС, Совет министров СССР, Москва, Илья Геннадьевич Сухих
2026-09-29 22:41:03.412 I/EntityTitleProbe: Title probes (2 lookups): АвтоВАЗ(1080)
2026-09-29 22:41:03.428 I/ZimSearcher: search('производит автоваз') estimated=300
2026-09-29 22:41:03.879 I/ZimSearcher: search('производит') estimated=56978
2026-09-29 22:41:04.306 I/RagPromptBuilder: Entity merge 'производит': +20 candidates
2026-09-29 22:41:04.310 I/RagPromptBuilder: RAG: 'что производит АвтоВАЗ' candidates=46
2026-09-29 22:41:04.310 I/RagPromptBuilder: Top hits: АвтоВАЗ(s=1080)[АвтоВАЗ] | Россия(s=899)[Россия] | Тольятти(s=899)[Тольятти] | ЦК КПСС(s=899)[ЦК_КПСС] | Совет министров СССР(s=899)[Совет_министров_СССР]
2026-09-29 22:41:04.892 I/RagPromptBuilder: [PHASE] search=1105ms read=581ms docs=3 ctx=4806
2026-09-29 22:41:04.892 I/RagPromptBuilder: RAG prompt preview (listIntent=false): Тебе даны выдержки из Википедии. Отвечай на их основе. Ответь коротко и по существу: 1–3 предложения, только то, о чём спрашивают. Не пересказывай выдержки, не добавляй посторонние факты и не нумеруй пункты, если вопрос не про перечень. Если вопрос требует сравнения двух и более вещей — до 5 предложений. Если в выдержках совсем нет нужной информации — скажи «не знаю по приведённым выдержкам». Отвечай на русском языке.  === ВЫДЕРЖКИ ИЗ ВИКИ === === АвтоВАЗ === Карточка: Основан: 20 июля 1966 (196
2026-09-29 22:41:04.892 I/ChatVM: RAG ctx: 3 articles from 46 candidates
2026-09-29 22:41:04.892 I/ChatVM: Generating: 7 msgs, maxTokens=600, temp=0.7, noThink=true
2026-09-29 22:41:44.400 I/ChatVM: Reply (274 chars, 64 tok, 41321ms, prefill 2219tok/9354ms=237t/s, decode 2,1t/s): АвтоВАЗ производит легковые и лёгкие коммерческие автомобили под собственной торговой маркой Lada. Ранее завод также выпускал машины брендов Nissan, Renault и Datsun. С марта 2022 года производство бы
2026-09-29 22:41:44.401 I/ChatVM: [TURN] end path=rag total=41321ms factoid=127ms ptok=2219 gtok=64 prefill=9354ms decode=30138ms chars=274
2026-09-29 22:41:44.832 I/BenchmarkBridge: Benchmark question via intent: какой автозавод расположен в Тольятти
2026-09-29 22:41:44.833 I/ChatVM: [TURN] begin q=какой автозавод расположен в Тольятти
2026-09-29 22:41:44.834 I/FactoidAnswerer: Factoid candidate: label='(by card label)' entity='Тольятти'
2026-09-29 22:41:44.873 I/EntityTitleProbe: Title probes (10 lookups): Тольятти(1080), Автомобильная промышленность(1020)
2026-09-29 22:41:45.085 I/ZimSearcher: suggestTitles('Тольятти'): Тольятти, Тольятти 24, Тольятти (История), Тольятти (аэродром), Тольятти (значения), Тольятти (станция), Тольятти П., Тольятти сегодня, Тольятти, Эудженио, Тольятти (речной порт), Тольятти (футбольный клуб), Тольятти (особая экономическая зона), Тольятти (территория опережающего развития), Академия Тольятти, Вузы Тольятти, Герб Тольятти, Гимн Тольятти, Градоначальники Тольятти, Дума Тольятти, Лада (Тольятти), Лада-Тольятти, Медгородок Тольятти, Набережная Тольятти, Памятники Тольятти, Поверхность Тольятти, Портпосёлок (Тольятти), Районы Тольятти, СИБУР Тольятти, Спорт Тольятти, Троллейбус Тольятти, Улицы Тольятти, Флаг Тольятти
2026-09-29 22:41:45.087 I/FactoidAnswerer: Factoid candidates: Тольятти, Автомобильная промышленность
2026-09-29 22:41:45.145 I/FactoidAnswerer: Factoid: no label covers [автоза, распол] in [Глава/мэр, Население, Площадь, Основан, Страна, Часовой пояс, Субъект Федерации, Городской округ, Внутреннее деление, Глава городского округа, Прежние названия, Город с, Высота центра, Тип климата, Плотность, Агломерация, Население агломерации, Национальности, Конфессии, Название жителей, Официальный язык, День города]
2026-09-29 22:41:45.145 I/FactoidAnswerer: Factoid: 'Тольятти' card has no matching field — next candidate
2026-09-29 22:41:45.165 I/FactoidAnswerer: Factoid: 'Автомобильная промышленность' has no infobox — next candidate
2026-09-29 22:41:45.165 I/FactoidAnswerer: Factoid: no candidate carried the field — falling back to RAG
2026-09-29 22:41:45.166 I/ChatVM: [PHASE] factoid=miss ms=332
2026-09-29 22:41:45.166 I/RagPromptBuilder: Query: 'какой автозавод расположен в Тольятти' -> ZIM keywords: 'автозавод расположен тольятти'
2026-09-29 22:41:45.262 I/GraphWalker: walk: 0 wikilinks in 'Заслуженный_врач_Российской_Федерации' (depth=3)
2026-09-29 22:41:45.272 I/GraphWalker: walk seed=Тольятти props=[P6, P1365, P1366, P39, P166, P26, P40, P22, P25, P3373, P50, P175, P800, P184, P802, P57, P58, P162, P36, P159, P127, P112] → 5 nodes
2026-09-29 22:41:45.273 I/RagPromptBuilder: Walker probes (entity='Тольятти', props=22): Тольятти, Илья Геннадьевич Сухих, Николай Ренц, Заслуженный врач Российской Федерации, Сергей Анташев, Сергей Андреев
2026-09-29 22:41:45.277 I/EntityTitleProbe: Title probes (10 lookups): Тольятти(1080), Автомобильная промышленность(1020)
2026-09-29 22:41:45.285 I/ZimSearcher: search('автозавод расположен тольятти') estimated=40
2026-09-29 22:41:46.181 I/ZimSearcher: search('расположен') estimated=249807
2026-09-29 22:41:46.579 I/RagPromptBuilder: Entity merge 'расположен': +20 candidates
2026-09-29 22:41:46.583 I/RagPromptBuilder: RAG: 'какой автозавод расположен в Тольятти' candidates=46
2026-09-29 22:41:46.584 I/RagPromptBuilder: Top hits: Тольятти(s=1080)[Тольятти] | Автомобильная промышленность(s=1020)[Автомобильная_промышленность] | Илья Геннадьевич Сухих(s=899)[Сухих,_Илья_Геннадьевич] | Николай Ренц(s=898)[Ренц,_Николай_Альфредович] | Сергей Анташев(s=897)[Анташев,_Сергей_Александрович]
2026-09-29 22:41:46.842 I/RagPromptBuilder: [PHASE] search=1418ms read=257ms docs=4 ctx=5094
2026-09-29 22:41:46.842 I/RagPromptBuilder: RAG prompt preview (listIntent=false): Тебе даны выдержки из Википедии. Отвечай на их основе. Ответь коротко и по существу: 1–3 предложения, только то, о чём спрашивают. Не пересказывай выдержки, не добавляй посторонние факты и не нумеруй пункты, если вопрос не про перечень. Если вопрос требует сравнения двух и более вещей — до 5 предложений. Если в выдержках совсем нет нужной информации — скажи «не знаю по приведённым выдержкам». Отвечай на русском языке.  === ВЫДЕРЖКИ ИЗ ВИКИ === === Тольятти === Карточка: Глава/мэр: Илья Геннадьев
2026-09-29 22:41:46.843 I/ChatVM: RAG ctx: 4 articles from 46 candidates
2026-09-29 22:41:46.843 I/ChatVM: Generating: 7 msgs, maxTokens=600, temp=0.7, noThink=true
2026-09-29 22:42:38.852 I/ChatVM: Reply (360 chars, 88 tok, 54019ms, prefill 2372tok/9947ms=238t/s, decode 2,1t/s): В Тольятти расположен Волжский автомобильный завод (ВАЗ), который является одним из ключевых предприятий автомобилестроения в России. Этот автозавод известен массовым выпуском легковых автомобилей мар
2026-09-29 22:42:38.853 I/ChatVM: [TURN] end path=rag total=54019ms factoid=332ms ptok=2372 gtok=88 prefill=9947ms decode=42046ms chars=360
2026-09-29 22:42:39.789 I/BenchmarkBridge: Benchmark question via intent: назови планеты Солнечной системы
2026-09-29 22:42:39.790 I/ChatVM: [TURN] begin q=назови планеты Солнечной системы
2026-09-29 22:42:39.790 I/ChatVM: [PHASE] factoid=miss ms=0
2026-09-29 22:42:39.791 I/RagPromptBuilder: Query: 'назови планеты Солнечной системы' -> ZIM keywords: 'планеты солнечной системы'
2026-09-29 22:42:39.853 I/GraphWalker: walk: 0 wikilinks in 'Вспышка_солнечной_активности' (depth=0)
2026-09-29 22:42:39.854 I/GraphWalker: walk seed=Вспышка_солнечной_активности props=[P6, P1365, P1366, P39, P166, P26, P40, P22, P25, P3373, P50, P175, P800, P184, P802, P57, P58, P162, P36, P159, P127, P112] → 0 nodes
2026-09-29 22:42:39.854 I/RagPromptBuilder: Walker probes (entity='Солнечной', props=22): Вспышка солнечной активности
2026-09-29 22:42:39.871 I/EntityTitleProbe: Title probes (29 lookups): Планеты Солнечной системы(1120), Солнечная система(1100), Солнечная(1080), Планета(1020), Система(1020)
2026-09-29 22:42:39.873 I/EntityTitleProbe: Redundant probes: Солнечная, Планета, Система
2026-09-29 22:42:39.960 I/ZimSearcher: search('планеты солнечной системы') estimated=7000
2026-09-29 22:42:40.469 I/ZimSearcher: search('солнечной') estimated=12659
2026-09-29 22:42:40.984 I/RagPromptBuilder: Entity merge 'солнечной': +13 candidates
2026-09-29 22:42:40.988 I/RagPromptBuilder: RAG: 'назови планеты Солнечной системы' candidates=35
2026-09-29 22:42:40.989 I/RagPromptBuilder: Top hits: Планеты Солнечной системы(s=1120)[Планеты_Солнечной_системы] | Солнечная система(s=1100)[Солнечная_система] | Вспышка солнечной активности(s=900)[Вспышка_солнечной_активности] | Планеты-гиганты(s=97)[Планеты-гиганты] | Планеты (сериал)(s=95)[Планеты_(сериал)]
2026-09-29 22:42:41.169 I/RagPromptBuilder: [PHASE] search=1198ms read=180ms docs=4 ctx=3312
2026-09-29 22:42:41.170 I/RagPromptBuilder: RAG prompt preview (listIntent=false): Тебе даны выдержки из Википедии. Отвечай на их основе. Ответь коротко и по существу: 1–3 предложения, только то, о чём спрашивают. Не пересказывай выдержки, не добавляй посторонние факты и не нумеруй пункты, если вопрос не про перечень. Если вопрос требует сравнения двух и более вещей — до 5 предложений. Если в выдержках совсем нет нужной информации — скажи «не знаю по приведённым выдержкам». Отвечай на русском языке.  === ВЫДЕРЖКИ ИЗ ВИКИ === === Планеты Солнечной системы === Планеты Солнечной 
2026-09-29 22:42:41.170 I/ChatVM: RAG ctx: 4 articles from 35 candidates
2026-09-29 22:42:41.170 I/ChatVM: Generating: 7 msgs, maxTokens=600, temp=0.7, noThink=true
2026-09-29 22:43:29.537 I/ChatVM: Reply (283 chars, 89 tok, 49746ms, prefill 1549tok/6482ms=239t/s, decode 2,1t/s): Солнечная система включает в себя **8 планет**, движущихся по близким к круговым орбитам: четыре планеты земной группы — Меркурий, Венера, Земля и Марс; а также четыре массивные планеты-гиганта — Юпит
2026-09-29 22:43:29.538 I/ChatVM: [TURN] end path=rag total=49746ms factoid=0ms ptok=1549 gtok=89 prefill=6482ms decode=41871ms chars=283
2026-09-29 22:43:29.631 I/BenchmarkBridge: Benchmark question via intent: кто был предшественником нынешнего мэра Тольятти
2026-09-29 22:43:29.632 I/ChatVM: [TURN] begin q=кто был предшественником нынешнего мэра Тольятти
2026-09-29 22:43:29.634 I/FactoidAnswerer: Factoid candidate: label='(by card label)' entity='Тольятти'
2026-09-29 22:43:29.678 I/EntityTitleProbe: Title probes (16 lookups): Тольятти(1080)
2026-09-29 22:43:29.740 I/ZimSearcher: suggestTitles('Тольятти'): Тольятти, Тольятти 24, Тольятти (История), Тольятти (аэродром), Тольятти (значения), Тольятти (станция), Тольятти П., Тольятти сегодня, Тольятти, Эудженио, Тольятти (речной порт), Тольятти (футбольный клуб), Тольятти (особая экономическая зона), Тольятти (территория опережающего развития), Академия Тольятти, Вузы Тольятти, Герб Тольятти, Гимн Тольятти, Градоначальники Тольятти, Дума Тольятти, Лада (Тольятти), Лада-Тольятти, Медгородок Тольятти, Набережная Тольятти, Памятники Тольятти, Поверхность Тольятти, Портпосёлок (Тольятти), Районы Тольятти, СИБУР Тольятти, Спорт Тольятти, Троллейбус Тольятти, Улицы Тольятти, Флаг Тольятти
2026-09-29 22:43:29.744 I/FactoidAnswerer: Factoid candidates: Тольятти
2026-09-29 22:43:29.828 I/FactoidAnswerer: Factoid: no label covers [предше, мэра] in [Глава/мэр, Население, Площадь, Основан, Страна, Часовой пояс, Субъект Федерации, Городской округ, Внутреннее деление, Глава городского округа, Прежние названия, Город с, Высота центра, Тип климата, Плотность, Агломерация, Население агломерации, Национальности, Конфессии, Название жителей, Официальный язык, День города]
2026-09-29 22:43:29.829 I/FactoidAnswerer: Factoid: 'Тольятти' card has no matching field — next candidate
2026-09-29 22:43:29.829 I/FactoidAnswerer: Factoid: no candidate carried the field — falling back to RAG
2026-09-29 22:43:29.829 I/ChatVM: [PHASE] factoid=miss ms=196
2026-09-29 22:43:29.830 I/RagPromptBuilder: Query: 'кто был предшественником нынешнего мэра Тольятти' -> ZIM keywords: 'предшественником нынешнего мэра тольятти'
2026-09-29 22:43:29.922 I/GraphWalker: walk seed=Тольятти props=[P6, P1365, P1366] → 4 nodes
2026-09-29 22:43:29.923 I/RagPromptBuilder: Walker probes (entity='Тольятти', props=3): Тольятти, Илья Геннадьевич Сухих, Николай Ренц, Сергей Анташев, Сергей Андреев
2026-09-29 22:43:29.931 I/EntityTitleProbe: Title probes (16 lookups): Тольятти(1080)
2026-09-29 22:43:29.943 I/ZimSearcher: search('предшественником нынешнего мэра тольятти') estimated=5
2026-09-29 22:43:30.639 I/ZimSearcher: search('предшественником') estimated=92922
2026-09-29 22:43:31.090 I/RagPromptBuilder: Entity merge 'предшественником': +20 candidates
2026-09-29 22:43:31.094 I/RagPromptBuilder: RAG: 'кто был предшественником нынешнего мэра Тольятти' candidates=30
2026-09-29 22:43:31.095 I/RagPromptBuilder: Top hits: Тольятти(s=1080)[Тольятти] | Илья Геннадьевич Сухих(s=899)[Сухих,_Илья_Геннадьевич] | Николай Ренц(s=898)[Ренц,_Николай_Альфредович] | Сергей Анташев(s=897)[Анташев,_Сергей_Александрович] | Сергей Андреев(s=896)[Андреев,_Сергей_Игоревич]
2026-09-29 22:43:31.378 I/RagPromptBuilder: [PHASE] search=1266ms read=282ms docs=3 ctx=4713
2026-09-29 22:43:31.379 I/RagPromptBuilder: RAG prompt preview (listIntent=false): Тебе даны выдержки из Википедии. Отвечай на их основе. Ответь коротко и по существу: 1–3 предложения, только то, о чём спрашивают. Не пересказывай выдержки, не добавляй посторонние факты и не нумеруй пункты, если вопрос не про перечень. Если вопрос требует сравнения двух и более вещей — до 5 предложений. Если в выдержках совсем нет нужной информации — скажи «не знаю по приведённым выдержкам». Отвечай на русском языке.  === ВЫДЕРЖКИ ИЗ ВИКИ === === Тольятти === Карточка: Глава/мэр: Илья Геннадьев
2026-09-29 22:43:31.379 I/ChatVM: RAG ctx: 3 articles from 30 candidates
2026-09-29 22:43:31.379 I/ChatVM: Generating: 7 msgs, maxTokens=600, temp=0.7, noThink=true
2026-09-29 22:44:18.729 I/ChatVM: Reply (253 chars, 79 tok, 49097ms, prefill 2306tok/9687ms=238t/s, decode 2,1t/s): Предшественником нынешнего мэра Тольятти является **Николай Ренц**, который занимал этот пост с 2021 по 2024 год. Его сменил **Илья Сухих**, вступивший в должность после выигранных выборов и утвержден
2026-09-29 22:44:18.730 I/ChatVM: [TURN] end path=rag total=49097ms factoid=196ms ptok=2306 gtok=79 prefill=9687ms decode=37646ms chars=253
2026-09-29 22:44:19.485 I/BenchmarkBridge: Benchmark question via intent: сравни население Москвы и Санкт-Петербурга
2026-09-29 22:44:19.486 I/ChatVM: [TURN] begin q=сравни население Москвы и Санкт-Петербурга
2026-09-29 22:44:19.487 I/ChatVM: [PHASE] factoid=miss ms=1
2026-09-29 22:44:19.488 I/RagPromptBuilder: Query: 'сравни население Москвы и Санкт-Петербурга' -> ZIM keywords: 'сравни население москвы санкт петербурга'
2026-09-29 22:44:20.589 I/GraphWalker: walk: 0 wikilinks in 'Генплан_Петербурга' (depth=0)
2026-09-29 22:44:20.590 I/GraphWalker: walk seed=Генплан_Петербурга props=[P6, P1365, P1366, P39, P166, P26, P40, P22, P25, P3373, P50, P175, P800, P184, P802, P57, P58, P162, P36, P159, P127, P112] → 0 nodes
2026-09-29 22:44:20.590 I/RagPromptBuilder: Walker probes (entity='Петербурга', props=22): Генплан Петербурга
2026-09-29 22:44:20.611 I/EntityTitleProbe: Title probes (23 lookups): Москва(1080), Санкт-Петербург(1070), Население Москвы(900)
2026-09-29 22:44:20.655 I/ZimSearcher: search('сравни население москвы санкт петербурга') estimated=300
2026-09-29 22:44:21.250 I/ZimSearcher: search('петербурга') estimated=115995
2026-09-29 22:44:21.783 I/RagPromptBuilder: Entity merge 'петербурга': +18 candidates
2026-09-29 22:44:21.786 I/RagPromptBuilder: RAG: 'сравни население Москвы и Санкт-Петербурга' candidates=42
2026-09-29 22:44:21.786 I/RagPromptBuilder: Top hits: Москва(s=1080)[Москва] | Санкт-Петербург(s=1070)[Санкт-Петербург] | Генплан Петербурга(s=900)[Генплан_Петербурга] | Население Москвы(s=900)[Население_Москвы] | Санкт-Петербург (телерадиокомпания)(s=99)[Санкт-Петербург_(телерадиокомпания)]
2026-09-29 22:44:22.324 I/RagPromptBuilder: [PHASE] search=2299ms read=537ms docs=3 ctx=4342
2026-09-29 22:44:22.324 I/RagPromptBuilder: RAG prompt preview (listIntent=false): Тебе даны выдержки из Википедии. Отвечай на их основе. Ответь коротко и по существу: 1–3 предложения, только то, о чём спрашивают. Не пересказывай выдержки, не добавляй посторонние факты и не нумеруй пункты, если вопрос не про перечень. Если вопрос требует сравнения двух и более вещей — до 5 предложений. Если в выдержках совсем нет нужной информации — скажи «не знаю по приведённым выдержкам». Отвечай на русском языке.  === ВЫДЕРЖКИ ИЗ ВИКИ === === Москва === Карточка: Глава/мэр: Сергей Собянин Н
2026-09-29 22:44:22.325 I/ChatVM: RAG ctx: 3 articles from 42 candidates
2026-09-29 22:44:22.325 I/ChatVM: Generating: 7 msgs, maxTokens=600, temp=0.7, noThink=true
2026-09-29 22:45:24.397 I/ChatVM: Reply (433 chars, 113 tok, 64910ms, prefill 1931tok/8109ms=238t/s, decode 2,1t/s): Москва населяет **13 274 285** человек, тогда как Санкт-Петербург — **5 652 922**. Таким образом, население Москвы в два раза больше. Также стоит отметить, что Москва является столицей России с 1478 г
2026-09-29 22:45:24.398 I/ChatVM: [TURN] end path=rag total=64910ms factoid=1ms ptok=1931 gtok=113 prefill=8109ms decode=53947ms chars=433
2026-09-29 22:45:24.537 I/BenchmarkBridge: Benchmark question via intent: почему Байкал самое глубокое озеро
2026-09-29 22:45:24.539 I/ChatVM: [TURN] begin q=почему Байкал самое глубокое озеро
2026-09-29 22:45:24.539 I/ChatVM: [PHASE] factoid=miss ms=0
2026-09-29 22:45:24.540 I/RagPromptBuilder: Query: 'почему Байкал самое глубокое озеро' -> ZIM keywords: 'байкал самое глубокое озеро'
2026-09-29 22:45:24.615 I/GraphWalker: walk: 0 wikilinks in 'Байкал' (depth=0)
2026-09-29 22:45:24.616 I/GraphWalker: walk seed=Байкал props=[P6, P1365, P1366, P39, P166, P26, P40, P22, P25, P3373, P50, P175, P800, P184, P802, P57, P58, P162, P36, P159, P127, P112] → 0 nodes
2026-09-29 22:45:24.616 I/RagPromptBuilder: Walker probes (entity='Байкал', props=22): Байкал
2026-09-29 22:45:24.637 I/EntityTitleProbe: Title probes (12 lookups): Байкал(1080), Глубокое озеро(1050), Глубокое(1030), Озеро(1030)
2026-09-29 22:45:24.640 I/EntityTitleProbe: Redundant probes: Глубокое, Озеро
2026-09-29 22:45:24.660 I/ZimSearcher: search('байкал самое глубокое озеро') estimated=200
2026-09-29 22:45:25.190 I/ZimSearcher: search('глубокое') estimated=52854
2026-09-29 22:45:25.691 I/RagPromptBuilder: Entity merge 'глубокое': +19 candidates
2026-09-29 22:45:25.695 I/RagPromptBuilder: RAG: 'почему Байкал самое глубокое озеро' candidates=39
2026-09-29 22:45:25.696 I/RagPromptBuilder: Top hits: Байкал(s=1080)[Байкал] | Глубокое озеро(s=1050)[Глубокое_озеро] | Глубокое(s=100)[Глубокое] | Глубокое (город)(s=99)[Глубокое_(город)] | Глубокое обучение(s=98)[Глубокое_обучение]
2026-09-29 22:45:25.896 I/RagPromptBuilder: [PHASE] search=1156ms read=198ms docs=4 ctx=4884
2026-09-29 22:45:25.896 I/RagPromptBuilder: RAG prompt preview (listIntent=false): Тебе даны выдержки из Википедии. Отвечай на их основе. Ответь коротко и по существу: 1–3 предложения, только то, о чём спрашивают. Не пересказывай выдержки, не добавляй посторонние факты и не нумеруй пункты, если вопрос не про перечень. Если вопрос требует сравнения двух и более вещей — до 5 предложений. Если в выдержках совсем нет нужной информации — скажи «не знаю по приведённым выдержкам». Отвечай на русском языке.  === ВЫДЕРЖКИ ИЗ ВИКИ === === Байкал === Карточка: Страна: Россия Абсолютная в
2026-09-29 22:45:25.896 I/ChatVM: RAG ctx: 4 articles from 39 candidates
2026-09-29 22:45:25.896 I/ChatVM: Generating: 7 msgs, maxTokens=600, temp=0.7, noThink=true
2026-09-29 22:46:20.237 I/ChatVM: Reply (344 chars, 92 tok, 55698ms, prefill 2345tok/10111ms=232t/s, decode 2,1t/s): Байкал является самым глубоким озером на Земле с максимальной глубиной **1642 метра**. Нижняя точка его котловины лежит на **1187 метров** ниже уровня мирового океана, что делает чашу озера также одно
2026-09-29 22:46:20.237 I/ChatVM: [TURN] end path=rag total=55698ms factoid=0ms ptok=2345 gtok=92 prefill=10111ms decode=44212ms chars=344
2026-09-29 22:46:20.510 I/BenchmarkBridge: Benchmark question via intent: как связаны Менделеев и периодическая таблица
2026-09-29 22:46:20.512 I/ChatVM: [TURN] begin q=как связаны Менделеев и периодическая таблица
2026-09-29 22:46:20.512 I/ChatVM: [PHASE] factoid=miss ms=0
2026-09-29 22:46:20.513 I/RagPromptBuilder: Query: 'как связаны Менделеев и периодическая таблица' -> ZIM keywords: 'связаны менделеев периодическая таблица'
2026-09-29 22:46:20.593 I/GraphWalker: walk seed=Менделеев,_Дмитрий_Иванович props=[P6, P1365, P1366, P39, P166, P26, P40, P22, P25, P3373, P50, P175, P800, P184, P802, P57, P58, P162, P36, P159, P127, P112] → 6 nodes
2026-09-29 22:46:20.594 I/RagPromptBuilder: Walker probes (entity='Менделеев', props=22): Менделеев, Дмитрий Иванович, Орден Святого Владимира, Кавалер ордена Святого Александра Невского, Орден Белого орла (Российская империя), Орден Святой Анны I степени, Орден Святого Станислава (Российская империя), Орден Святой Анны II степени
2026-09-29 22:46:20.628 I/EntityTitleProbe: Title probes (22 lookups): Менделеев, Дмитрий Иванович(1070), Периодическая система химических элементов(1040), Таблица(1030), Таблиц, Богуслав(1020)
2026-09-29 22:46:20.641 I/ZimSearcher: search('связаны менделеев периодическая таблица') estimated=60
2026-09-29 22:46:21.282 I/ZimSearcher: search('периодическая') estimated=24960
2026-09-29 22:46:21.810 I/RagPromptBuilder: Entity merge 'периодическая': +18 candidates
2026-09-29 22:46:21.816 I/RagPromptBuilder: RAG: 'как связаны Менделеев и периодическая таблица' candidates=46
2026-09-29 22:46:21.816 I/RagPromptBuilder: Top hits: Менделеев, Дмитрий Иванович(s=1070)[Менделеев,_Дмитрий_Иванович] | Периодическая система химических элементов(s=1040)[Периодическая_система_химических_элементов] | Таблица(s=1030)[Таблица] | Таблиц, Богуслав(s=1020)[Таблиц,_Богуслав] | Орден Святого Владимира(s=899)[Орден_Святого_Владимира]
2026-09-29 22:46:22.085 I/RagPromptBuilder: [PHASE] search=1304ms read=268ms docs=4 ctx=5006
2026-09-29 22:46:22.085 I/RagPromptBuilder: RAG prompt preview (listIntent=false): Тебе даны выдержки из Википедии. Отвечай на их основе. Ответь коротко и по существу: 1–3 предложения, только то, о чём спрашивают. Не пересказывай выдержки, не добавляй посторонние факты и не нумеруй пункты, если вопрос не про перечень. Если вопрос требует сравнения двух и более вещей — до 5 предложений. Если в выдержках совсем нет нужной информации — скажи «не знаю по приведённым выдержкам». Отвечай на русском языке.  === ВЫДЕРЖКИ ИЗ ВИКИ === === Менделеев, Дмитрий Иванович === Карточка: Дата р
2026-09-29 22:46:22.086 I/ChatVM: RAG ctx: 4 articles from 46 candidates
2026-09-29 22:46:22.086 I/ChatVM: Generating: 7 msgs, maxTokens=600, temp=0.7, noThink=true
2026-09-29 22:47:10.856 I/ChatVM: Reply (320 chars, 81 tok, 50344ms, prefill 2165tok/9385ms=231t/s, decode 2,1t/s): Дмитрий Менделеев является автором **периодической системы химических элементов**, которую он представил в 1869 году. Эта таблица стала классификацией, устанавливающей связь свойств элементов с зарядо
2026-09-29 22:47:10.860 I/ChatVM: [TURN] end path=rag total=50344ms factoid=0ms ptok=2165 gtok=81 prefill=9385ms decode=39369ms chars=320
2026-09-29 22:56:32.326 I/WikiLLMApp: ADSP_LIBRARY_PATH=/data/app/~~pCMCz2TNOf66Iv12byikIQ==/com.wikillm.android.debug-mBLsjkvbNJpRenbNNtLTOA==/lib/arm64;/vendor/lib/rfsa/adsp;/vendor/dsp/cdsp;/system/lib/rfsa/adsp
2026-09-29 22:56:32.338 I/WikiLLMApp: ReLinker.loadLibrary(zim) OK
2026-09-29 22:56:32.349 I/WikiLLMApp: ReLinker.loadLibrary(kiwix) OK
2026-09-29 22:56:32.349 I/WikiLLMApp: System.loadLibrary(zim_wrapper) OK
2026-09-29 22:56:32.350 I/WikiLLMApp: System.loadLibrary(kiwix_wrapper) OK
2026-09-29 22:56:32.463 I/ChatVM: Auto-loading last model: Qwen3.5-4B-Q4_0.gguf
2026-09-29 22:56:32.463 I/ChatVM: Loading model: Qwen3.5-4B-Q4_0.gguf (device=npu, mtp=0) (/storage/emulated/0/Android/data/com.wikillm.android.debug/files/models/unsloth/Qwen3.5-4B-GGUF/Qwen3.5-4B-Q4_0.gguf)
2026-09-29 22:56:32.632 I/ZimSearcher: openPath: /storage/emulated/0/Android/data/com.wikillm.android.debug/files/zim/wikipedia_ru_all_nopic_2026-01.zim (14671735099 bytes)
2026-09-29 22:56:32.890 I/ZimSearchHolder: ZimSearchHolder ready: wikipedia_ru_all_nopic_2026-01.zim
2026-09-29 22:56:38.579 I/ChatVM: Model loaded: Qwen3.5-4B-Q4_0.gguf
2026-09-29 22:56:41.755 I/BenchmarkBridge: Benchmark question via intent: почему Юпитер называют газовым гигантом
2026-09-29 22:56:41.759 I/ChatVM: [TURN] begin q=почему Юпитер называют газовым гигантом
2026-09-29 22:56:41.761 I/ChatVM: [PHASE] factoid=miss ms=2
2026-09-29 22:56:41.763 I/RagPromptBuilder: Query: 'почему Юпитер называют газовым гигантом' -> ZIM keywords: 'юпитер называют газовым гигантом'
2026-09-29 22:56:41.964 I/GraphWalker: walk: 0 wikilinks in 'Юпитер' (depth=0)
2026-09-29 22:56:41.965 I/GraphWalker: walk seed=Юпитер props=[P6, P1365, P1366, P39, P166, P26, P40, P22, P25, P3373, P50, P175, P800, P184, P802, P57, P58, P162, P36, P159, P127, P112] → 0 nodes
2026-09-29 22:56:41.965 I/RagPromptBuilder: Walker probes (entity='Юпитер', props=22): Юпитер
2026-09-29 22:56:41.987 I/EntityTitleProbe: Title probes (13 lookups): Юпитер(1080), Гигант(1030)
2026-09-29 22:56:42.020 I/ZimSearcher: search('юпитер называют газовым гигантом') estimated=200
2026-09-29 22:56:42.333 I/ZimSearcher: search('называют') estimated=194221
2026-09-29 22:56:42.596 I/RagPromptBuilder: Entity merge 'называют': +20 candidates
2026-09-29 22:56:42.606 I/RagPromptBuilder: RAG: 'почему Юпитер называют газовым гигантом' candidates=42
2026-09-29 22:56:42.606 I/RagPromptBuilder: Top hits: Юпитер(s=1080)[Юпитер] | Гигант(s=1030)[Гигант] | То, что называют любовью(s=98)[То,_что_называют_любовью] | Газовые гиганты(s=100)[Газовые_гиганты] | Моя так называемая жизнь(s=100)[Моя_так_называемая_жизнь]
2026-09-29 22:56:42.858 I/RagPromptBuilder: [PHASE] search=843ms read=251ms docs=4 ctx=4405
2026-09-29 22:56:42.859 I/RagPromptBuilder: RAG prompt preview (listIntent=false): Тебе даны выдержки из Википедии. Отвечай на их основе. Ответь коротко и по существу: 1–3 предложения, только то, о чём спрашивают. Не пересказывай выдержки, не добавляй посторонние факты и не нумеруй пункты, если вопрос не про перечень. Если вопрос требует сравнения двух и более вещей — до 5 предложений. Если в выдержках совсем нет нужной информации — скажи «не знаю по приведённым выдержкам». Отвечай на русском языке.  === ВЫДЕРЖКИ ИЗ ВИКИ === === Юпитер === Карточка: Перигелий: 7,405736⋅108 км 
2026-09-29 22:56:42.859 I/ChatVM: RAG ctx: 4 articles from 42 candidates
2026-09-29 22:56:42.859 I/ChatVM: Generating: 1 msgs, maxTokens=600, temp=0.7, noThink=true
2026-09-29 22:56:53.434 I/ChatVM: Reply (424 chars, 106 tok, 11675ms, prefill 1832tok/2123ms=863t/s, decode 12,6t/s): Юпитер называют **газовым гигантом**, так как он представляет собой планету, составленную преимущественно из лёгких газов — в основном водорода и гелия. Это определение напрямую вытекает из классифика
2026-09-29 22:56:53.436 I/ChatVM: [TURN] end path=rag total=11675ms factoid=2ms ptok=1832 gtok=106 prefill=2123ms decode=8431ms chars=424
2026-09-29 22:56:57.956 I/BenchmarkBridge: Benchmark question via intent: почему Юпитер называют газовым гигантом
2026-09-29 22:56:57.957 I/ChatVM: [TURN] begin q=почему Юпитер называют газовым гигантом
2026-09-29 22:56:57.958 I/ChatVM: [PHASE] factoid=miss ms=0
2026-09-29 22:56:57.958 I/RagPromptBuilder: Query: 'почему Юпитер называют газовым гигантом' -> ZIM keywords: 'юпитер называют газовым гигантом'
2026-09-29 22:56:58.042 I/GraphWalker: walk: 0 wikilinks in 'Юпитер' (depth=0)
2026-09-29 22:56:58.042 I/GraphWalker: walk seed=Юпитер props=[P6, P1365, P1366, P39, P166, P26, P40, P22, P25, P3373, P50, P175, P800, P184, P802, P57, P58, P162, P36, P159, P127, P112] → 0 nodes
2026-09-29 22:56:58.042 I/RagPromptBuilder: Walker probes (entity='Юпитер', props=22): Юпитер
2026-09-29 22:56:58.055 I/EntityTitleProbe: Title probes (13 lookups): Юпитер(1080), Гигант(1030)
2026-09-29 22:56:58.068 I/ZimSearcher: search('юпитер называют газовым гигантом') estimated=200
2026-09-29 22:56:58.379 I/ZimSearcher: search('называют') estimated=194221
2026-09-29 22:56:58.632 I/RagPromptBuilder: Entity merge 'называют': +20 candidates
2026-09-29 22:56:58.645 I/RagPromptBuilder: RAG: 'почему Юпитер называют газовым гигантом' candidates=42
2026-09-29 22:56:58.645 I/RagPromptBuilder: Top hits: Юпитер(s=1080)[Юпитер] | Гигант(s=1030)[Гигант] | То, что называют любовью(s=98)[То,_что_называют_любовью] | Газовые гиганты(s=100)[Газовые_гиганты] | Моя так называемая жизнь(s=100)[Моя_так_называемая_жизнь]
2026-09-29 22:56:58.883 I/RagPromptBuilder: [PHASE] search=688ms read=237ms docs=4 ctx=4405
2026-09-29 22:56:58.883 I/RagPromptBuilder: RAG prompt preview (listIntent=false): Тебе даны выдержки из Википедии. Отвечай на их основе. Ответь коротко и по существу: 1–3 предложения, только то, о чём спрашивают. Не пересказывай выдержки, не добавляй посторонние факты и не нумеруй пункты, если вопрос не про перечень. Если вопрос требует сравнения двух и более вещей — до 5 предложений. Если в выдержках совсем нет нужной информации — скажи «не знаю по приведённым выдержкам». Отвечай на русском языке.  === ВЫДЕРЖКИ ИЗ ВИКИ === === Юпитер === Карточка: Перигелий: 7,405736⋅108 км 
2026-09-29 22:56:58.883 I/ChatVM: RAG ctx: 4 articles from 42 candidates
2026-09-29 22:56:58.884 I/ChatVM: Generating: 1 msgs, maxTokens=600, temp=0.7, noThink=true
2026-09-29 22:57:08.665 I/ChatVM: Reply (434 chars, 99 tok, 10706ms, prefill 1832tok/2051ms=893t/s, decode 12,8t/s): Юпитер называют **газовым гигантом** из-за его уникального химического состава, состоящего преимущественно из водорода и гелия. Согласно астрономическим данным, такие планеты в Солнечной системе отлич
2026-09-29 22:57:08.668 I/ChatVM: [TURN] end path=rag total=10706ms factoid=0ms ptok=1832 gtok=99 prefill=2051ms decode=7711ms chars=434
2026-09-29 22:57:09.170 I/BenchmarkBridge: Benchmark question via intent: из чего состоит атмосфера Марса
2026-09-29 22:57:09.172 I/ChatVM: [TURN] begin q=из чего состоит атмосфера Марса
2026-09-29 22:57:09.174 I/ChatVM: [PHASE] factoid=miss ms=1
2026-09-29 22:57:09.176 I/RagPromptBuilder: Query: 'из чего состоит атмосфера Марса' -> ZIM keywords: 'чего состоит атмосфера марса'
2026-09-29 22:57:09.214 I/GraphWalker: walk: 0 wikilinks in 'Марса' (depth=0)
2026-09-29 22:57:09.215 I/GraphWalker: walk seed=Марса props=[P6, P1365, P1366, P39, P166, P26, P40, P22, P25, P3373, P50, P175, P800, P184, P802, P57, P58, P162, P36, P159, P127, P112] → 0 nodes
2026-09-29 22:57:09.215 I/RagPromptBuilder: Walker probes (entity='Марса', props=22): Марса
2026-09-29 22:57:09.237 I/EntityTitleProbe: Title probes (10 lookups): Марса(1080), Марс(1080), Атмосфера Марса(900)
2026-09-29 22:57:09.248 I/EntityTitleProbe: Top tie at 1080: Марс=658430, Марса=7479
2026-09-29 22:57:09.249 I/EntityTitleProbe: Redundant probes: Марса
2026-09-29 22:57:09.285 I/ZimSearcher: search('чего состоит атмосфера марса') estimated=300
2026-09-29 22:57:09.812 I/ZimSearcher: search('атмосфера') estimated=21862
2026-09-29 22:57:10.222 I/RagPromptBuilder: Entity merge 'атмосфера': +19 candidates
2026-09-29 22:57:10.235 I/RagPromptBuilder: RAG: 'из чего состоит атмосфера Марса' candidates=40
2026-09-29 22:57:10.236 I/RagPromptBuilder: Top hits: Марс(s=1085)[Марс] | Марса(s=900)[Марса] | Атмосфера Марса(s=900)[Атмосфера_Марса] | Атмосфера(s=100)[Атмосфера] | Атмосфера Земли(s=99)[Атмосфера_Земли]
2026-09-29 22:57:10.576 I/RagPromptBuilder: [PHASE] search=1061ms read=338ms docs=4 ctx=4482
2026-09-29 22:57:10.576 I/RagPromptBuilder: RAG prompt preview (listIntent=false): Тебе даны выдержки из Википедии. Отвечай на их основе. Ответь коротко и по существу: 1–3 предложения, только то, о чём спрашивают. Не пересказывай выдержки, не добавляй посторонние факты и не нумеруй пункты, если вопрос не про перечень. Если вопрос требует сравнения двух и более вещей — до 5 предложений. Если в выдержках совсем нет нужной информации — скажи «не знаю по приведённым выдержкам». Отвечай на русском языке.  === ВЫДЕРЖКИ ИЗ ВИКИ === === Марс === Карточка: Другие названия: Красная план
2026-09-29 22:57:10.576 I/ChatVM: RAG ctx: 4 articles from 40 candidates
2026-09-29 22:57:10.576 I/ChatVM: Generating: 3 msgs, maxTokens=600, temp=0.7, noThink=true
2026-09-29 22:57:21.270 I/ChatVM: Reply (367 chars, 107 tok, 12097ms, prefill 1929tok/2189ms=881t/s, decode 12,6t/s): Атмосфера Марса состоит в основном из углекислого газа (95,32%), с добавлением азота (2,7%) и аргона (1,6%). В ней также присутствуют кислород, водяной пар, угарный газ, неон, криптон и ксенон. Она пр
2026-09-29 22:57:21.271 I/ChatVM: [TURN] end path=rag total=12097ms factoid=1ms ptok=1929 gtok=107 prefill=2189ms decode=8484ms chars=367
2026-09-29 22:57:21.437 I/BenchmarkBridge: Benchmark question via intent: кто открыл пенициллин
2026-09-29 22:57:21.438 I/ChatVM: [TURN] begin q=кто открыл пенициллин
2026-09-29 22:57:21.439 I/ChatVM: [PHASE] factoid=miss ms=0
2026-09-29 22:57:21.440 I/ChatVM: Coreference: 'кто открыл пенициллин' + topic 'чего состоит атмосфера марса'
2026-09-29 22:57:21.441 I/RagPromptBuilder: Query: 'кто открыл пенициллин чего состоит атмосфера марса' -> ZIM keywords: 'открыл пенициллин чего состоит атмосфера марса'
2026-09-29 22:57:21.485 I/EntityTitleProbe: Title probes (18 lookups): Бензилпенициллин(1020), Марса(1030), Марс(1030)
2026-09-29 22:57:21.494 I/EntityTitleProbe: Top tie at 1030: Марс=658430, Марса=7479
2026-09-29 22:57:21.495 I/EntityTitleProbe: Redundant probes: Марса
2026-09-29 22:57:21.499 I/ZimSearcher: search('открыл пенициллин чего состоит атмосфера марса') estimated=0
2026-09-29 22:57:21.512 I/ZimSearcher: search('пенициллин') estimated=589
2026-09-29 22:57:21.723 I/RagPromptBuilder: Entity merge 'пенициллин': +19 candidates
2026-09-29 22:57:21.726 I/RagPromptBuilder: RAG: 'кто открыл пенициллин чего состоит атмосфера марса' candidates=21
2026-09-29 22:57:21.726 I/RagPromptBuilder: Top hits: Марс(s=1035)[Марс] | Бензилпенициллин(s=1020)[Бензилпенициллин] | Пенициллины(s=100)[Пенициллины] | Пенициллин (комплекс артразведки)(s=99)[Пенициллин_(комплекс_артразведки)] | Пенициллин (значения)(s=95)[Пенициллин_(значения)]
2026-09-29 22:57:22.016 I/RagPromptBuilder: [PHASE] search=287ms read=289ms docs=4 ctx=4544
2026-09-29 22:57:22.016 I/RagPromptBuilder: RAG prompt preview (listIntent=false): Тебе даны выдержки из Википедии. Отвечай на их основе. Ответь коротко и по существу: 1–3 предложения, только то, о чём спрашивают. Не пересказывай выдержки, не добавляй посторонние факты и не нумеруй пункты, если вопрос не про перечень. Если вопрос требует сравнения двух и более вещей — до 5 предложений. Если в выдержках совсем нет нужной информации — скажи «не знаю по приведённым выдержкам». Отвечай на русском языке.  === ВЫДЕРЖКИ ИЗ ВИКИ === === Марс === Карточка: Другие названия: Красная план
2026-09-29 22:57:22.016 I/ChatVM: RAG ctx: 4 articles from 21 candidates
2026-09-29 22:57:22.017 I/ChatVM: Generating: 5 msgs, maxTokens=600, temp=0.7, noThink=true
2026-09-29 22:57:30.577 I/ChatVM: Reply (241 chars, 76 tok, 9139ms, prefill 2237tok/2668ms=838t/s, decode 13,0t/s): Пенициллин открыл британский учёный **Александр Флеминг** в 1928 году, обнаружив его при работе с грибком *Penicillium*. Атмосфера Марса состоит преимущественно из углекислого газа (около 95%), а такж
2026-09-29 22:57:30.581 I/ChatVM: [TURN] end path=rag total=9139ms factoid=0ms ptok=2237 gtok=76 prefill=2668ms decode=5866ms chars=241
2026-09-29 22:57:31.648 I/BenchmarkBridge: Benchmark question via intent: что такое фотосинтез
2026-09-29 22:57:31.649 I/ChatVM: [TURN] begin q=что такое фотосинтез
2026-09-29 22:57:31.651 I/ChatVM: [PHASE] factoid=miss ms=1
2026-09-29 22:57:31.652 I/ChatVM: Coreference: 'что такое фотосинтез' + topic 'открыл пенициллин'
2026-09-29 22:57:31.653 I/RagPromptBuilder: Query: 'что такое фотосинтез открыл пенициллин' -> ZIM keywords: 'такое фотосинтез открыл пенициллин'
2026-09-29 22:57:31.699 I/EntityTitleProbe: Title probes (5 lookups): Фотосинтез(1030), Бензилпенициллин(1020)
2026-09-29 22:57:31.710 I/ZimSearcher: search('такое фотосинтез открыл пенициллин') estimated=2
2026-09-29 22:57:31.834 I/ZimSearcher: search('фотосинтез') estimated=965
2026-09-29 22:57:32.088 I/RagPromptBuilder: Entity merge 'фотосинтез': +19 candidates
2026-09-29 22:57:32.090 I/RagPromptBuilder: RAG: 'что такое фотосинтез открыл пенициллин' candidates=23
2026-09-29 22:57:32.091 I/RagPromptBuilder: Top hits: Фотосинтез(s=1030)[Фотосинтез] | Бензилпенициллин(s=1020)[Бензилпенициллин] | C4-фотосинтез(s=99)[C4-фотосинтез] | CAM-фотосинтез(s=99)[CAM-фотосинтез] | Эволюция фотосинтеза(s=99)[Эволюция_фотосинтеза]
2026-09-29 22:57:32.372 I/RagPromptBuilder: [PHASE] search=438ms read=281ms docs=4 ctx=4432
2026-09-29 22:57:32.373 I/RagPromptBuilder: RAG prompt preview (listIntent=false): Тебе даны выдержки из Википедии. Отвечай на их основе. Ответь коротко и по существу: 1–3 предложения, только то, о чём спрашивают. Не пересказывай выдержки, не добавляй посторонние факты и не нумеруй пункты, если вопрос не про перечень. Если вопрос требует сравнения двух и более вещей — до 5 предложений. Если в выдержках совсем нет нужной информации — скажи «не знаю по приведённым выдержкам». Отвечай на русском языке.  === ВЫДЕРЖКИ ИЗ ВИКИ === === Фотосинтез === Фотосинтез Фотоси́нтез (от др.-гр
2026-09-29 22:57:32.373 I/ChatVM: RAG ctx: 4 articles from 23 candidates
2026-09-29 22:57:32.373 I/ChatVM: Generating: 7 msgs, maxTokens=600, temp=0.7, noThink=true
2026-09-29 22:57:40.946 I/ChatVM: Reply (259 chars, 77 tok, 9296ms, prefill 2019tok/2414ms=836t/s, decode 12,6t/s): Фотосинтез **не открыл** пенициллин. Пенициллин — это антибиотик, открытый Александром Флемингом из зелёной плесени. Фотосинтезом занимается процесс преобразования световой энергии в химическую у раст
2026-09-29 22:57:40.947 I/ChatVM: [TURN] end path=rag total=9296ms factoid=1ms ptok=2019 gtok=77 prefill=2414ms decode=6131ms chars=259
2026-09-29 22:57:41.885 I/BenchmarkBridge: Benchmark question via intent: когда началась Вторая мировая война
2026-09-29 22:57:41.886 I/ChatVM: [TURN] begin q=когда началась Вторая мировая война
2026-09-29 22:57:41.887 I/FactoidAnswerer: Factoid candidate: label='(by card label)' entity='Вторая'
2026-09-29 22:57:41.968 I/EntityTitleProbe: Title probes (22 lookups): Вторая мировая война(1120), Вторая(1080), Мировая война(1050), Война(1030)
2026-09-29 22:57:41.970 I/EntityTitleProbe: Redundant probes: Вторая, Война
2026-09-29 22:57:43.219 I/ZimSearcher: suggestTitles('Вторая'): Вторая, Вторая Академия, Вторая Александровка, Вторая Алексеевка, Вторая Алия, Вторая Армения, Вторая Багажиашта, Вторая Бугульда, Вторая Бундеслига, Вторая Васильевка, Вторая Вилашка, Вторая Глушковская, Вторая Горка, Вторая Григорьевка, Вторая Грязучая, Вторая Дудинская, Вторая Едома, Вторая Ивановка, Вторая Ивань, Вторая Интифада, Вторая Каменка, Вторая Ключевская, Вторая Кошка, Вторая Кривка, Вторая Крутая, Вторая Куликовка, Вторая Культура, Вторая Лака, Вторая Леденгская, Вторая Луна, Вторая Малая, Вторая Медяна
2026-09-29 22:57:43.222 I/FactoidAnswerer: Factoid candidates: Вторая, Вторая мировая война, Мировая война
2026-09-29 22:57:43.229 I/FactoidAnswerer: Factoid: 'Вторая' has no infobox — next candidate
2026-09-29 22:57:43.305 I/FactoidAnswerer: Factoid: no label covers [начала, мирова, война] in [Дата, Место, Причина, Итог]
2026-09-29 22:57:43.306 I/FactoidAnswerer: Factoid: 'Вторая мировая война' card has no matching field — next candidate
2026-09-29 22:57:43.319 I/FactoidAnswerer: Factoid: 'Мировая война' has no infobox — next candidate
2026-09-29 22:57:43.319 I/FactoidAnswerer: Factoid: no candidate carried the field — falling back to RAG
2026-09-29 22:57:43.319 I/ChatVM: [PHASE] factoid=miss ms=1433
2026-09-29 22:57:43.320 I/RagPromptBuilder: Query: 'когда началась Вторая мировая война' -> ZIM keywords: 'началась вторая мировая война'
2026-09-29 22:57:43.324 I/GraphWalker: walk: 0 wikilinks in 'Вторая' (depth=0)
2026-09-29 22:57:43.324 I/GraphWalker: walk seed=Вторая props=[P6, P1365, P1366, P39, P166, P26, P40, P22, P25, P3373, P50, P175, P800, P184, P802, P57, P58, P162, P36, P159, P127, P112] → 0 nodes
2026-09-29 22:57:43.324 I/RagPromptBuilder: Walker probes (entity='Вторая', props=22): Вторая
2026-09-29 22:57:43.334 I/EntityTitleProbe: Title probes (22 lookups): Вторая мировая война(1120), Вторая(1080), Мировая война(1050), Война(1030)
2026-09-29 22:57:43.335 I/EntityTitleProbe: Redundant probes: Вторая, Война
2026-09-29 22:57:43.487 I/ZimSearcher: search('началась вторая мировая война') estimated=20000
2026-09-29 22:57:44.423 I/ZimSearcher: search('началась') estimated=467255
2026-09-29 22:57:45.273 I/RagPromptBuilder: Entity merge 'началась': +20 candidates
2026-09-29 22:57:45.278 I/RagPromptBuilder: RAG: 'когда началась Вторая мировая война' candidates=41
2026-09-29 22:57:45.279 I/RagPromptBuilder: Top hits: Вторая мировая война(s=1120)[Вторая_мировая_война] | Мировая война(s=1050)[Мировая_война] | Вторая(s=900)[Вторая] | Вторая мировая война на море(s=98)[Вторая_мировая_война_на_море] | Вторая мировая война (серия книг)(s=95)[Вторая_мировая_война_(серия_книг)]
2026-09-29 22:57:45.536 I/RagPromptBuilder: [PHASE] search=1959ms read=255ms docs=4 ctx=4313
2026-09-29 22:57:45.536 I/RagPromptBuilder: RAG prompt preview (listIntent=false): Тебе даны выдержки из Википедии. Отвечай на их основе. Ответь коротко и по существу: 1–3 предложения, только то, о чём спрашивают. Не пересказывай выдержки, не добавляй посторонние факты и не нумеруй пункты, если вопрос не про перечень. Если вопрос требует сравнения двух и более вещей — до 5 предложений. Если в выдержках совсем нет нужной информации — скажи «не знаю по приведённым выдержкам». Отвечай на русском языке.  === ВЫДЕРЖКИ ИЗ ВИКИ === === Вторая мировая война === Карточка: Дата: 1 сентя
2026-09-29 22:57:45.539 I/ChatVM: RAG ctx: 4 articles from 41 candidates
2026-09-29 22:57:45.539 I/ChatVM: Generating: 7 msgs, maxTokens=600, temp=0.7, noThink=true
2026-09-29 22:57:53.868 I/ChatVM: Reply (273 chars, 79 tok, 11981ms, prefill 1804tok/2107ms=856t/s, decode 12,7t/s): Вторая мировая война началась **1 сентября 1939 года**, когда нацистская Германия вторглась в Польшу. Этот день принято считать официальным началом глобального конфликта, который длился с 1939 по 2 се
2026-09-29 22:57:53.869 I/ChatVM: [TURN] end path=rag total=11981ms factoid=1433ms ptok=1804 gtok=79 prefill=2107ms decode=6203ms chars=273
2026-09-29 22:57:54.116 I/BenchmarkBridge: Benchmark question via intent: чем знаменит Большое красное пятно
2026-09-29 22:57:54.117 I/ChatVM: [TURN] begin q=чем знаменит Большое красное пятно
2026-09-29 22:57:54.118 I/ChatVM: [PHASE] factoid=miss ms=1
2026-09-29 22:57:54.119 I/RagPromptBuilder: Query: 'чем знаменит Большое красное пятно' -> ZIM keywords: 'чем знаменит большое красное пятно'
2026-09-29 22:57:54.153 I/GraphWalker: walk: 0 wikilinks in 'Большое' (depth=0)
2026-09-29 22:57:54.154 I/GraphWalker: walk seed=Большое props=[P6, P1365, P1366, P39, P166, P26, P40, P22, P25, P3373, P50, P175, P800, P184, P802, P57, P58, P162, P36, P159, P127, P112] → 0 nodes
2026-09-29 22:57:54.154 I/RagPromptBuilder: Walker probes (entity='Большое', props=22): Большое
2026-09-29 22:57:54.201 I/EntityTitleProbe: Title probes (28 lookups): Большое красное пятно(1120), Большое(1080), Красное(1030), Красно(1030), Пятно(1030)
2026-09-29 22:57:54.203 I/EntityTitleProbe: Redundant probes: Большое, Красное, Красно, Пятно
2026-09-29 22:57:54.228 I/ZimSearcher: search('чем знаменит большое красное пятно') estimated=200
2026-09-29 22:57:54.857 I/ZimSearcher: search('знаменит') estimated=51485
2026-09-29 22:57:55.301 I/RagPromptBuilder: Entity merge 'знаменит': +20 candidates
2026-09-29 22:57:55.311 I/RagPromptBuilder: RAG: 'чем знаменит Большое красное пятно' candidates=42
2026-09-29 22:57:55.311 I/RagPromptBuilder: Top hits: Большое красное пятно(s=1120)[Большое_красное_пятно] | Большое(s=900)[Большое] | Я почти знаменит(s=99)[Я_почти_знаменит] | Красочная жизнь(s=100)[Красочная_жизнь] | Храм иконы Божией Матери «Знамение»(s=100)[Храм_иконы_Божией_Матери_«Знамение»]
2026-09-29 22:57:55.406 I/RagPromptBuilder: [PHASE] search=1193ms read=94ms docs=4 ctx=4549
2026-09-29 22:57:55.406 I/RagPromptBuilder: RAG prompt preview (listIntent=false): Тебе даны выдержки из Википедии. Отвечай на их основе. Ответь коротко и по существу: 1–3 предложения, только то, о чём спрашивают. Не пересказывай выдержки, не добавляй посторонние факты и не нумеруй пункты, если вопрос не про перечень. Если вопрос требует сравнения двух и более вещей — до 5 предложений. Если в выдержках совсем нет нужной информации — скажи «не знаю по приведённым выдержкам». Отвечай на русском языке.  === ВЫДЕРЖКИ ИЗ ВИКИ === === Большое красное пятно === Большое красное пятно 
2026-09-29 22:57:55.406 I/ChatVM: RAG ctx: 4 articles from 42 candidates
2026-09-29 22:57:55.407 I/ChatVM: Generating: 7 msgs, maxTokens=600, temp=0.7, noThink=true
2026-09-29 22:58:04.199 I/ChatVM: Reply (296 chars, 81 tok, 10081ms, prefill 1960tok/2277ms=861t/s, decode 12,5t/s): Большое красное пятно — это самый большой атмосферный вихрь и зона высокого давления в Солнечной системе. Оно перемещается параллельно экватору Юпитера, где температура достигает 1600 К. Учёные устано
2026-09-29 22:58:04.200 I/ChatVM: [TURN] end path=rag total=10081ms factoid=1ms ptok=1960 gtok=81 prefill=2277ms decode=6487ms chars=296
2026-09-29 22:58:04.345 I/BenchmarkBridge: Benchmark question via intent: что производит АвтоВАЗ
2026-09-29 22:58:04.346 I/ChatVM: [TURN] begin q=что производит АвтоВАЗ
2026-09-29 22:58:04.347 I/FactoidAnswerer: Factoid candidate: label='(by card label)' entity='АвтоВАЗ'
2026-09-29 22:58:04.392 I/EntityTitleProbe: Title probes (2 lookups): АвтоВАЗ(1080)
2026-09-29 22:58:04.436 I/ZimSearcher: suggestTitles('АвтоВАЗ'): АВТОВАЗ, GM-АВТОВАЗ, Национальная гоночная серия "АВТОВАЗ", Технический музей ОАО "АвтоВАЗ", Эм-АВТОВАЗ Шевроле Вива, Джи Эм-АВТОВАЗ Шевроле Нива, Здание генеральной дирекции АВТОВАЗа, АВТОВАЗБАНК, АвтоВАЗагрегат
2026-09-29 22:58:04.437 I/FactoidAnswerer: Factoid candidates: АвтоВАЗ
2026-09-29 22:58:04.488 I/FactoidAnswerer: Factoid: no label covers [произв] in [Основан, Штаб-квартира, Тип, Листинг на бирже, Дата основания, Прежние названия, Основатели, Расположение, Ключевые фигуры, Отрасль, Продукция, Операционная прибыль, Чистая прибыль, Материнская компания, Дочерние компании]
2026-09-29 22:58:04.488 I/FactoidAnswerer: Factoid: 'АвтоВАЗ' card has no matching field — next candidate
2026-09-29 22:58:04.488 I/FactoidAnswerer: Factoid: no candidate carried the field — falling back to RAG
2026-09-29 22:58:04.488 I/ChatVM: [PHASE] factoid=miss ms=142
2026-09-29 22:58:04.489 I/RagPromptBuilder: Query: 'что производит АвтоВАЗ' -> ZIM keywords: 'производит автоваз'
2026-09-29 22:58:04.734 I/GraphWalker: walk seed=АвтоВАЗ props=[P6, P1365, P1366, P39, P166, P26, P40, P22, P25, P3373, P50, P175, P800, P184, P802, P57, P58, P162, P36, P159, P127, P112] → 6 nodes
2026-09-29 22:58:04.735 I/RagPromptBuilder: Walker probes (entity='АвтоВАЗ', props=22): АвтоВАЗ, Россия, Тольятти, ЦК КПСС, Совет министров СССР, Москва, Илья Геннадьевич Сухих
2026-09-29 22:58:04.739 I/EntityTitleProbe: Title probes (2 lookups): АвтоВАЗ(1080)
2026-09-29 22:58:04.755 I/ZimSearcher: search('производит автоваз') estimated=300
2026-09-29 22:58:05.247 I/ZimSearcher: search('производит') estimated=56978
2026-09-29 22:58:05.736 I/RagPromptBuilder: Entity merge 'производит': +20 candidates
2026-09-29 22:58:05.742 I/RagPromptBuilder: RAG: 'что производит АвтоВАЗ' candidates=46
2026-09-29 22:58:05.743 I/RagPromptBuilder: Top hits: АвтоВАЗ(s=1080)[АвтоВАЗ] | Россия(s=899)[Россия] | Тольятти(s=899)[Тольятти] | ЦК КПСС(s=899)[ЦК_КПСС] | Совет министров СССР(s=899)[Совет_министров_СССР]
2026-09-29 22:58:06.451 I/RagPromptBuilder: [PHASE] search=1254ms read=706ms docs=3 ctx=4806
2026-09-29 22:58:06.451 I/RagPromptBuilder: RAG prompt preview (listIntent=false): Тебе даны выдержки из Википедии. Отвечай на их основе. Ответь коротко и по существу: 1–3 предложения, только то, о чём спрашивают. Не пересказывай выдержки, не добавляй посторонние факты и не нумеруй пункты, если вопрос не про перечень. Если вопрос требует сравнения двух и более вещей — до 5 предложений. Если в выдержках совсем нет нужной информации — скажи «не знаю по приведённым выдержкам». Отвечай на русском языке.  === ВЫДЕРЖКИ ИЗ ВИКИ === === АвтоВАЗ === Карточка: Основан: 20 июля 1966 (196
2026-09-29 22:58:06.451 I/ChatVM: RAG ctx: 3 articles from 46 candidates
2026-09-29 22:58:06.451 I/ChatVM: Generating: 7 msgs, maxTokens=600, temp=0.7, noThink=true
2026-09-29 22:58:15.147 I/ChatVM: Reply (329 chars, 76 tok, 10802ms, prefill 2160tok/2615ms=826t/s, decode 12,5t/s): АвтоВАЗ производит легковые и лёгкие коммерческие автомобили под собственной торговой маркой **Lada**. Ранее, до марта 2022 года, завод также выпускал машины марки Renault (включая Datsun) и Nissan. К
2026-09-29 22:58:15.148 I/ChatVM: [TURN] end path=rag total=10802ms factoid=142ms ptok=2160 gtok=76 prefill=2615ms decode=6064ms chars=329
2026-09-29 22:58:15.575 I/BenchmarkBridge: Benchmark question via intent: какой автозавод расположен в Тольятти
2026-09-29 22:58:15.577 I/ChatVM: [TURN] begin q=какой автозавод расположен в Тольятти
2026-09-29 22:58:15.578 I/FactoidAnswerer: Factoid candidate: label='(by card label)' entity='Тольятти'
2026-09-29 22:58:15.624 I/EntityTitleProbe: Title probes (10 lookups): Тольятти(1080), Автомобильная промышленность(1020)
2026-09-29 22:58:15.838 I/ZimSearcher: suggestTitles('Тольятти'): Тольятти, Тольятти 24, Тольятти (История), Тольятти (аэродром), Тольятти (значения), Тольятти (станция), Тольятти П., Тольятти сегодня, Тольятти, Эудженио, Тольятти (речной порт), Тольятти (футбольный клуб), Тольятти (особая экономическая зона), Тольятти (территория опережающего развития), Академия Тольятти, Вузы Тольятти, Герб Тольятти, Гимн Тольятти, Градоначальники Тольятти, Дума Тольятти, Лада (Тольятти), Лада-Тольятти, Медгородок Тольятти, Набережная Тольятти, Памятники Тольятти, Поверхность Тольятти, Портпосёлок (Тольятти), Районы Тольятти, СИБУР Тольятти, Спорт Тольятти, Троллейбус Тольятти, Улицы Тольятти, Флаг Тольятти
2026-09-29 22:58:15.841 I/FactoidAnswerer: Factoid candidates: Тольятти, Автомобильная промышленность
2026-09-29 22:58:15.914 I/FactoidAnswerer: Factoid: no label covers [автоза, распол] in [Глава/мэр, Население, Площадь, Основан, Страна, Часовой пояс, Субъект Федерации, Городской округ, Внутреннее деление, Глава городского округа, Прежние названия, Город с, Высота центра, Тип климата, Плотность, Агломерация, Население агломерации, Национальности, Конфессии, Название жителей, Официальный язык, День города]
2026-09-29 22:58:15.914 I/FactoidAnswerer: Factoid: 'Тольятти' card has no matching field — next candidate
2026-09-29 22:58:15.947 I/FactoidAnswerer: Factoid: 'Автомобильная промышленность' has no infobox — next candidate
2026-09-29 22:58:15.947 I/FactoidAnswerer: Factoid: no candidate carried the field — falling back to RAG
2026-09-29 22:58:15.947 I/ChatVM: [PHASE] factoid=miss ms=370
2026-09-29 22:58:15.948 I/RagPromptBuilder: Query: 'какой автозавод расположен в Тольятти' -> ZIM keywords: 'автозавод расположен тольятти'
2026-09-29 22:58:16.069 I/GraphWalker: walk: 0 wikilinks in 'Заслуженный_врач_Российской_Федерации' (depth=3)
2026-09-29 22:58:16.083 I/GraphWalker: walk seed=Тольятти props=[P6, P1365, P1366, P39, P166, P26, P40, P22, P25, P3373, P50, P175, P800, P184, P802, P57, P58, P162, P36, P159, P127, P112] → 5 nodes
2026-09-29 22:58:16.084 I/RagPromptBuilder: Walker probes (entity='Тольятти', props=22): Тольятти, Илья Геннадьевич Сухих, Николай Ренц, Заслуженный врач Российской Федерации, Сергей Анташев, Сергей Андреев
2026-09-29 22:58:16.090 I/EntityTitleProbe: Title probes (10 lookups): Тольятти(1080), Автомобильная промышленность(1020)
2026-09-29 22:58:16.099 I/ZimSearcher: search('автозавод расположен тольятти') estimated=40
2026-09-29 22:58:17.083 I/ZimSearcher: search('расположен') estimated=249807
2026-09-29 22:58:17.526 I/RagPromptBuilder: Entity merge 'расположен': +20 candidates
2026-09-29 22:58:17.531 I/RagPromptBuilder: RAG: 'какой автозавод расположен в Тольятти' candidates=46
2026-09-29 22:58:17.532 I/RagPromptBuilder: Top hits: Тольятти(s=1080)[Тольятти] | Автомобильная промышленность(s=1020)[Автомобильная_промышленность] | Илья Геннадьевич Сухих(s=899)[Сухих,_Илья_Геннадьевич] | Николай Ренц(s=898)[Ренц,_Николай_Альфредович] | Сергей Анташев(s=897)[Анташев,_Сергей_Александрович]
2026-09-29 22:58:17.812 I/RagPromptBuilder: [PHASE] search=1584ms read=279ms docs=4 ctx=5094
2026-09-29 22:58:17.812 I/RagPromptBuilder: RAG prompt preview (listIntent=false): Тебе даны выдержки из Википедии. Отвечай на их основе. Ответь коротко и по существу: 1–3 предложения, только то, о чём спрашивают. Не пересказывай выдержки, не добавляй посторонние факты и не нумеруй пункты, если вопрос не про перечень. Если вопрос требует сравнения двух и более вещей — до 5 предложений. Если в выдержках совсем нет нужной информации — скажи «не знаю по приведённым выдержкам». Отвечай на русском языке.  === ВЫДЕРЖКИ ИЗ ВИКИ === === Тольятти === Карточка: Глава/мэр: Илья Геннадьев
2026-09-29 22:58:17.813 I/ChatVM: RAG ctx: 4 articles from 46 candidates
2026-09-29 22:58:17.813 I/ChatVM: Generating: 7 msgs, maxTokens=600, temp=0.7, noThink=true
2026-09-29 22:58:27.754 I/ChatVM: Reply (379 chars, 91 tok, 12177ms, prefill 2385tok/2851ms=837t/s, decode 12,9t/s): В Тольятти расположен **АвтоВАЗ**, который является крупнейшим автомобилестроительным предприятием России. Завод известен массовым производством легковых автомобилей марок «Жигули» и внедорожника «Нив
2026-09-29 22:58:27.756 I/ChatVM: [TURN] end path=rag total=12177ms factoid=370ms ptok=2385 gtok=91 prefill=2851ms decode=7065ms chars=379
2026-09-29 22:58:27.846 I/BenchmarkBridge: Benchmark question via intent: назови планеты Солнечной системы
2026-09-29 22:58:27.847 I/ChatVM: [TURN] begin q=назови планеты Солнечной системы
2026-09-29 22:58:27.848 I/ChatVM: [PHASE] factoid=miss ms=0
2026-09-29 22:58:27.849 I/RagPromptBuilder: Query: 'назови планеты Солнечной системы' -> ZIM keywords: 'планеты солнечной системы'
2026-09-29 22:58:27.937 I/GraphWalker: walk: 0 wikilinks in 'Вспышка_солнечной_активности' (depth=0)
2026-09-29 22:58:27.937 I/GraphWalker: walk seed=Вспышка_солнечной_активности props=[P6, P1365, P1366, P39, P166, P26, P40, P22, P25, P3373, P50, P175, P800, P184, P802, P57, P58, P162, P36, P159, P127, P112] → 0 nodes
2026-09-29 22:58:27.938 I/RagPromptBuilder: Walker probes (entity='Солнечной', props=22): Вспышка солнечной активности
2026-09-29 22:58:27.960 I/EntityTitleProbe: Title probes (29 lookups): Планеты Солнечной системы(1120), Солнечная система(1100), Солнечная(1080), Планета(1020), Система(1020)
2026-09-29 22:58:27.962 I/EntityTitleProbe: Redundant probes: Солнечная, Планета, Система
2026-09-29 22:58:28.055 I/ZimSearcher: search('планеты солнечной системы') estimated=7000
2026-09-29 22:58:28.562 I/ZimSearcher: search('солнечной') estimated=12659
2026-09-29 22:58:29.071 I/RagPromptBuilder: Entity merge 'солнечной': +13 candidates
2026-09-29 22:58:29.074 I/RagPromptBuilder: RAG: 'назови планеты Солнечной системы' candidates=35
2026-09-29 22:58:29.074 I/RagPromptBuilder: Top hits: Планеты Солнечной системы(s=1120)[Планеты_Солнечной_системы] | Солнечная система(s=1100)[Солнечная_система] | Вспышка солнечной активности(s=900)[Вспышка_солнечной_активности] | Планеты-гиганты(s=97)[Планеты-гиганты] | Планеты (сериал)(s=95)[Планеты_(сериал)]
2026-09-29 22:58:29.290 I/RagPromptBuilder: [PHASE] search=1226ms read=215ms docs=4 ctx=3312
2026-09-29 22:58:29.291 I/RagPromptBuilder: RAG prompt preview (listIntent=false): Тебе даны выдержки из Википедии. Отвечай на их основе. Ответь коротко и по существу: 1–3 предложения, только то, о чём спрашивают. Не пересказывай выдержки, не добавляй посторонние факты и не нумеруй пункты, если вопрос не про перечень. Если вопрос требует сравнения двух и более вещей — до 5 предложений. Если в выдержках совсем нет нужной информации — скажи «не знаю по приведённым выдержкам». Отвечай на русском языке.  === ВЫДЕРЖКИ ИЗ ВИКИ === === Планеты Солнечной системы === Планеты Солнечной 
2026-09-29 22:58:29.291 I/ChatVM: RAG ctx: 4 articles from 35 candidates
2026-09-29 22:58:29.291 I/ChatVM: Generating: 7 msgs, maxTokens=600, temp=0.7, noThink=true
2026-09-29 22:58:37.293 I/ChatVM: Reply (232 chars, 78 tok, 9445ms, prefill 1554tok/1786ms=870t/s, decode 12,6t/s): Солнечная система включает 8 планет: Меркурий, Венера, Земля и Марс относятся к земной группе, а Юпитер, Сатурн, Уран и Нептун — это гиганты. Все они вращаются по близким к круговым орбитам практическ
2026-09-29 22:58:37.296 I/ChatVM: [TURN] end path=rag total=9445ms factoid=0ms ptok=1554 gtok=78 prefill=1786ms decode=6193ms chars=232
2026-09-29 22:58:38.080 I/BenchmarkBridge: Benchmark question via intent: кто был предшественником нынешнего мэра Тольятти
2026-09-29 22:58:38.081 I/ChatVM: [TURN] begin q=кто был предшественником нынешнего мэра Тольятти
2026-09-29 22:58:38.082 I/FactoidAnswerer: Factoid candidate: label='(by card label)' entity='Тольятти'
2026-09-29 22:58:38.134 I/EntityTitleProbe: Title probes (16 lookups): Тольятти(1080)
2026-09-29 22:58:38.411 I/ZimSearcher: suggestTitles('Тольятти'): Тольятти, Тольятти 24, Тольятти (История), Тольятти (аэродром), Тольятти (значения), Тольятти (станция), Тольятти П., Тольятти сегодня, Тольятти, Эудженио, Тольятти (речной порт), Тольятти (футбольный клуб), Тольятти (особая экономическая зона), Тольятти (территория опережающего развития), Академия Тольятти, Вузы Тольятти, Герб Тольятти, Гимн Тольятти, Градоначальники Тольятти, Дума Тольятти, Лада (Тольятти), Лада-Тольятти, Медгородок Тольятти, Набережная Тольятти, Памятники Тольятти, Поверхность Тольятти, Портпосёлок (Тольятти), Районы Тольятти, СИБУР Тольятти, Спорт Тольятти, Троллейбус Тольятти, Улицы Тольятти, Флаг Тольятти
2026-09-29 22:58:38.414 I/FactoidAnswerer: Factoid candidates: Тольятти
2026-09-29 22:58:38.484 I/FactoidAnswerer: Factoid: no label covers [предше, мэра] in [Глава/мэр, Население, Площадь, Основан, Страна, Часовой пояс, Субъект Федерации, Городской округ, Внутреннее деление, Глава городского округа, Прежние названия, Город с, Высота центра, Тип климата, Плотность, Агломерация, Население агломерации, Национальности, Конфессии, Название жителей, Официальный язык, День города]
2026-09-29 22:58:38.484 I/FactoidAnswerer: Factoid: 'Тольятти' card has no matching field — next candidate
2026-09-29 22:58:38.484 I/FactoidAnswerer: Factoid: no candidate carried the field — falling back to RAG
2026-09-29 22:58:38.484 I/ChatVM: [PHASE] factoid=miss ms=403
2026-09-29 22:58:38.485 I/RagPromptBuilder: Query: 'кто был предшественником нынешнего мэра Тольятти' -> ZIM keywords: 'предшественником нынешнего мэра тольятти'
2026-09-29 22:58:38.590 I/GraphWalker: walk seed=Тольятти props=[P6, P1365, P1366] → 4 nodes
2026-09-29 22:58:38.591 I/RagPromptBuilder: Walker probes (entity='Тольятти', props=3): Тольятти, Илья Геннадьевич Сухих, Николай Ренц, Сергей Анташев, Сергей Андреев
2026-09-29 22:58:38.599 I/EntityTitleProbe: Title probes (16 lookups): Тольятти(1080)
2026-09-29 22:58:38.610 I/ZimSearcher: search('предшественником нынешнего мэра тольятти') estimated=5
2026-09-29 22:58:39.258 I/ZimSearcher: search('предшественником') estimated=92922
2026-09-29 22:58:39.678 I/RagPromptBuilder: Entity merge 'предшественником': +20 candidates
2026-09-29 22:58:39.682 I/RagPromptBuilder: RAG: 'кто был предшественником нынешнего мэра Тольятти' candidates=30
2026-09-29 22:58:39.682 I/RagPromptBuilder: Top hits: Тольятти(s=1080)[Тольятти] | Илья Геннадьевич Сухих(s=899)[Сухих,_Илья_Геннадьевич] | Николай Ренц(s=898)[Ренц,_Николай_Альфредович] | Сергей Анташев(s=897)[Анташев,_Сергей_Александрович] | Сергей Андреев(s=896)[Андреев,_Сергей_Игоревич]
2026-09-29 22:58:39.925 I/RagPromptBuilder: [PHASE] search=1198ms read=242ms docs=3 ctx=4713
2026-09-29 22:58:39.925 I/RagPromptBuilder: RAG prompt preview (listIntent=false): Тебе даны выдержки из Википедии. Отвечай на их основе. Ответь коротко и по существу: 1–3 предложения, только то, о чём спрашивают. Не пересказывай выдержки, не добавляй посторонние факты и не нумеруй пункты, если вопрос не про перечень. Если вопрос требует сравнения двух и более вещей — до 5 предложений. Если в выдержках совсем нет нужной информации — скажи «не знаю по приведённым выдержкам». Отвечай на русском языке.  === ВЫДЕРЖКИ ИЗ ВИКИ === === Тольятти === Карточка: Глава/мэр: Илья Геннадьев
2026-09-29 22:58:39.925 I/ChatVM: RAG ctx: 3 articles from 30 candidates
2026-09-29 22:58:39.926 I/ChatVM: Generating: 7 msgs, maxTokens=600, temp=0.7, noThink=true
2026-09-29 22:58:48.968 I/ChatVM: Reply (238 chars, 81 tok, 10886ms, prefill 2310tok/2774ms=833t/s, decode 13,0t/s): Предшественником нынешнего мэра Тольятти Илью Сухих является **Николай Ренц**. Он занимал эту должность с 2021 по 2024 год. После его отставки в ноябре 2024 года к власти пришёл Сухих, который был наз
2026-09-29 22:58:48.969 I/ChatVM: [TURN] end path=rag total=10886ms factoid=403ms ptok=2310 gtok=81 prefill=2774ms decode=6253ms chars=238
2026-09-29 22:58:49.330 I/BenchmarkBridge: Benchmark question via intent: сравни население Москвы и Санкт-Петербурга
2026-09-29 22:58:49.331 I/ChatVM: [TURN] begin q=сравни население Москвы и Санкт-Петербурга
2026-09-29 22:58:49.332 I/ChatVM: [PHASE] factoid=miss ms=1
2026-09-29 22:58:49.333 I/RagPromptBuilder: Query: 'сравни население Москвы и Санкт-Петербурга' -> ZIM keywords: 'сравни население москвы санкт петербурга'
2026-09-29 22:58:50.631 I/GraphWalker: walk: 0 wikilinks in 'Генплан_Петербурга' (depth=0)
2026-09-29 22:58:50.631 I/GraphWalker: walk seed=Генплан_Петербурга props=[P6, P1365, P1366, P39, P166, P26, P40, P22, P25, P3373, P50, P175, P800, P184, P802, P57, P58, P162, P36, P159, P127, P112] → 0 nodes
2026-09-29 22:58:50.631 I/RagPromptBuilder: Walker probes (entity='Петербурга', props=22): Генплан Петербурга
2026-09-29 22:58:50.656 I/EntityTitleProbe: Title probes (23 lookups): Москва(1080), Санкт-Петербург(1070), Население Москвы(900)
2026-09-29 22:58:50.698 I/ZimSearcher: search('сравни население москвы санкт петербурга') estimated=300
2026-09-29 22:58:51.260 I/ZimSearcher: search('петербурга') estimated=115995
2026-09-29 22:58:51.751 I/RagPromptBuilder: Entity merge 'петербурга': +18 candidates
2026-09-29 22:58:51.754 I/RagPromptBuilder: RAG: 'сравни население Москвы и Санкт-Петербурга' candidates=42
2026-09-29 22:58:51.754 I/RagPromptBuilder: Top hits: Москва(s=1080)[Москва] | Санкт-Петербург(s=1070)[Санкт-Петербург] | Генплан Петербурга(s=900)[Генплан_Петербурга] | Население Москвы(s=900)[Население_Москвы] | Санкт-Петербург (телерадиокомпания)(s=99)[Санкт-Петербург_(телерадиокомпания)]
2026-09-29 22:58:52.270 I/RagPromptBuilder: [PHASE] search=2422ms read=516ms docs=3 ctx=4342
2026-09-29 22:58:52.270 I/RagPromptBuilder: RAG prompt preview (listIntent=false): Тебе даны выдержки из Википедии. Отвечай на их основе. Ответь коротко и по существу: 1–3 предложения, только то, о чём спрашивают. Не пересказывай выдержки, не добавляй посторонние факты и не нумеруй пункты, если вопрос не про перечень. Если вопрос требует сравнения двух и более вещей — до 5 предложений. Если в выдержках совсем нет нужной информации — скажи «не знаю по приведённым выдержкам». Отвечай на русском языке.  === ВЫДЕРЖКИ ИЗ ВИКИ === === Москва === Карточка: Глава/мэр: Сергей Собянин Н
2026-09-29 22:58:52.271 I/ChatVM: RAG ctx: 3 articles from 42 candidates
2026-09-29 22:58:52.271 I/ChatVM: Generating: 7 msgs, maxTokens=600, temp=0.7, noThink=true
2026-09-29 22:59:03.544 I/ChatVM: Reply (439 chars, 113 tok, 14212ms, prefill 1925tok/2236ms=861t/s, decode 12,5t/s): Население Москвы (13 274 285 человек) значительно превышает население Санкт-Петербурга (5 652 922 человека). Таким образом, Москва почти в два с половиной раза больше по численности жителей. Также сто
2026-09-29 22:59:03.545 I/ChatVM: [TURN] end path=rag total=14212ms factoid=1ms ptok=1925 gtok=113 prefill=2236ms decode=9020ms chars=439
2026-09-29 22:59:04.616 I/BenchmarkBridge: Benchmark question via intent: почему Байкал самое глубокое озеро
2026-09-29 22:59:04.617 I/ChatVM: [TURN] begin q=почему Байкал самое глубокое озеро
2026-09-29 22:59:04.617 I/ChatVM: [PHASE] factoid=miss ms=0
2026-09-29 22:59:04.618 I/RagPromptBuilder: Query: 'почему Байкал самое глубокое озеро' -> ZIM keywords: 'байкал самое глубокое озеро'
2026-09-29 22:59:04.697 I/GraphWalker: walk: 0 wikilinks in 'Байкал' (depth=0)
2026-09-29 22:59:04.697 I/GraphWalker: walk seed=Байкал props=[P6, P1365, P1366, P39, P166, P26, P40, P22, P25, P3373, P50, P175, P800, P184, P802, P57, P58, P162, P36, P159, P127, P112] → 0 nodes
2026-09-29 22:59:04.698 I/RagPromptBuilder: Walker probes (entity='Байкал', props=22): Байкал
2026-09-29 22:59:04.725 I/EntityTitleProbe: Title probes (12 lookups): Байкал(1080), Глубокое озеро(1050), Глубокое(1030), Озеро(1030)
2026-09-29 22:59:04.727 I/EntityTitleProbe: Redundant probes: Глубокое, Озеро
2026-09-29 22:59:04.752 I/ZimSearcher: search('байкал самое глубокое озеро') estimated=200
2026-09-29 22:59:05.284 I/ZimSearcher: search('глубокое') estimated=52854
2026-09-29 22:59:05.782 I/RagPromptBuilder: Entity merge 'глубокое': +19 candidates
2026-09-29 22:59:05.787 I/RagPromptBuilder: RAG: 'почему Байкал самое глубокое озеро' candidates=39
2026-09-29 22:59:05.787 I/RagPromptBuilder: Top hits: Байкал(s=1080)[Байкал] | Глубокое озеро(s=1050)[Глубокое_озеро] | Глубокое(s=100)[Глубокое] | Глубокое (город)(s=99)[Глубокое_(город)] | Глубокое обучение(s=98)[Глубокое_обучение]
2026-09-29 22:59:05.984 I/RagPromptBuilder: [PHASE] search=1170ms read=196ms docs=4 ctx=4884
2026-09-29 22:59:05.985 I/RagPromptBuilder: RAG prompt preview (listIntent=false): Тебе даны выдержки из Википедии. Отвечай на их основе. Ответь коротко и по существу: 1–3 предложения, только то, о чём спрашивают. Не пересказывай выдержки, не добавляй посторонние факты и не нумеруй пункты, если вопрос не про перечень. Если вопрос требует сравнения двух и более вещей — до 5 предложений. Если в выдержках совсем нет нужной информации — скажи «не знаю по приведённым выдержкам». Отвечай на русском языке.  === ВЫДЕРЖКИ ИЗ ВИКИ === === Байкал === Карточка: Страна: Россия Абсолютная в
2026-09-29 22:59:05.985 I/ChatVM: RAG ctx: 4 articles from 39 candidates
2026-09-29 22:59:05.985 I/ChatVM: Generating: 7 msgs, maxTokens=600, temp=0.7, noThink=true
2026-09-29 22:59:18.232 I/ChatVM: Reply (431 chars, 118 tok, 13615ms, prefill 2336tok/2786ms=838t/s, decode 12,5t/s): Байкал является самым глубоким озером на Земле, так как его нижняя точка котловины находится на 1186–1187 метров ниже уровня Мирового океана. При высоте водной глади над уровнем моря в 456 м это делае
2026-09-29 22:59:18.234 I/ChatVM: [TURN] end path=rag total=13615ms factoid=0ms ptok=2336 gtok=118 prefill=2786ms decode=9442ms chars=431
2026-09-29 22:59:18.895 I/BenchmarkBridge: Benchmark question via intent: как связаны Менделеев и периодическая таблица
2026-09-29 22:59:18.896 I/ChatVM: [TURN] begin q=как связаны Менделеев и периодическая таблица
2026-09-29 22:59:18.896 I/ChatVM: [PHASE] factoid=miss ms=0
2026-09-29 22:59:18.898 I/RagPromptBuilder: Query: 'как связаны Менделеев и периодическая таблица' -> ZIM keywords: 'связаны менделеев периодическая таблица'
2026-09-29 22:59:18.975 I/GraphWalker: walk seed=Менделеев,_Дмитрий_Иванович props=[P6, P1365, P1366, P39, P166, P26, P40, P22, P25, P3373, P50, P175, P800, P184, P802, P57, P58, P162, P36, P159, P127, P112] → 6 nodes
2026-09-29 22:59:18.976 I/RagPromptBuilder: Walker probes (entity='Менделеев', props=22): Менделеев, Дмитрий Иванович, Орден Святого Владимира, Кавалер ордена Святого Александра Невского, Орден Белого орла (Российская империя), Орден Святой Анны I степени, Орден Святого Станислава (Российская империя), Орден Святой Анны II степени
2026-09-29 22:59:19.017 I/EntityTitleProbe: Title probes (22 lookups): Менделеев, Дмитрий Иванович(1070), Периодическая система химических элементов(1040), Таблица(1030), Таблиц, Богуслав(1020)
2026-09-29 22:59:19.031 I/ZimSearcher: search('связаны менделеев периодическая таблица') estimated=60
2026-09-29 22:59:19.677 I/ZimSearcher: search('периодическая') estimated=24960
2026-09-29 22:59:20.220 I/RagPromptBuilder: Entity merge 'периодическая': +18 candidates
2026-09-29 22:59:20.224 I/RagPromptBuilder: RAG: 'как связаны Менделеев и периодическая таблица' candidates=46
2026-09-29 22:59:20.225 I/RagPromptBuilder: Top hits: Менделеев, Дмитрий Иванович(s=1070)[Менделеев,_Дмитрий_Иванович] | Периодическая система химических элементов(s=1040)[Периодическая_система_химических_элементов] | Таблица(s=1030)[Таблица] | Таблиц, Богуслав(s=1020)[Таблиц,_Богуслав] | Орден Святого Владимира(s=899)[Орден_Святого_Владимира]
2026-09-29 22:59:20.492 I/RagPromptBuilder: [PHASE] search=1328ms read=265ms docs=4 ctx=5006
2026-09-29 22:59:20.492 I/RagPromptBuilder: RAG prompt preview (listIntent=false): Тебе даны выдержки из Википедии. Отвечай на их основе. Ответь коротко и по существу: 1–3 предложения, только то, о чём спрашивают. Не пересказывай выдержки, не добавляй посторонние факты и не нумеруй пункты, если вопрос не про перечень. Если вопрос требует сравнения двух и более вещей — до 5 предложений. Если в выдержках совсем нет нужной информации — скажи «не знаю по приведённым выдержкам». Отвечай на русском языке.  === ВЫДЕРЖКИ ИЗ ВИКИ === === Менделеев, Дмитрий Иванович === Карточка: Дата р
2026-09-29 22:59:20.492 I/ChatVM: RAG ctx: 4 articles from 46 candidates
2026-09-29 22:59:20.492 I/ChatVM: Generating: 7 msgs, maxTokens=600, temp=0.7, noThink=true
2026-09-29 22:59:32.708 I/ChatVM: Reply (469 chars, 118 tok, 13811ms, prefill 2193tok/2678ms=819t/s, decode 12,4t/s): Дмитрий Менделеев независимо от других химиков представил периодическую систему элементов в 1869 году и привел её к традиционному графическому виду. Именно ему эта система известна как «таблица Мендел
2026-09-29 22:59:32.712 I/ChatVM: [TURN] end path=rag total=13811ms factoid=0ms ptok=2193 gtok=118 prefill=2678ms decode=9521ms chars=469
2026-09-29 22:59:40.210 I/ChatVM: Loading model: QVikhr-3-4B-Instruction-Q4_0.gguf (device=npu, mtp=0) (/storage/emulated/0/Android/data/com.wikillm.android.debug/files/models/Vikhrmodels/QVikhr-3-4B-Instruction-GGUF/QVikhr-3-4B-Instruction-Q4_0.gguf)
2026-09-29 22:59:46.389 I/ChatVM: Model loaded: QVikhr-3-4B-Instruction-Q4_0.gguf
2026-09-29 22:59:49.831 I/BenchmarkBridge: Benchmark question via intent: почему Юпитер называют газовым гигантом
2026-09-29 22:59:49.832 I/ChatVM: [TURN] begin q=почему Юпитер называют газовым гигантом
2026-09-29 22:59:49.833 I/ChatVM: [PHASE] factoid=miss ms=0
2026-09-29 22:59:49.833 I/RagPromptBuilder: Query: 'почему Юпитер называют газовым гигантом' -> ZIM keywords: 'юпитер называют газовым гигантом'
2026-09-29 22:59:49.898 I/GraphWalker: walk: 0 wikilinks in 'Юпитер' (depth=0)
2026-09-29 22:59:49.898 I/GraphWalker: walk seed=Юпитер props=[P6, P1365, P1366, P39, P166, P26, P40, P22, P25, P3373, P50, P175, P800, P184, P802, P57, P58, P162, P36, P159, P127, P112] → 0 nodes
2026-09-29 22:59:49.899 I/RagPromptBuilder: Walker probes (entity='Юпитер', props=22): Юпитер
2026-09-29 22:59:49.917 I/EntityTitleProbe: Title probes (13 lookups): Юпитер(1080), Гигант(1030)
2026-09-29 22:59:49.933 I/ZimSearcher: search('юпитер называют газовым гигантом') estimated=200
2026-09-29 22:59:50.325 I/ZimSearcher: search('называют') estimated=194221
2026-09-29 22:59:50.623 I/RagPromptBuilder: Entity merge 'называют': +20 candidates
2026-09-29 22:59:50.627 I/RagPromptBuilder: RAG: 'почему Юпитер называют газовым гигантом' candidates=42
2026-09-29 22:59:50.627 I/RagPromptBuilder: Top hits: Юпитер(s=1080)[Юпитер] | Гигант(s=1030)[Гигант] | То, что называют любовью(s=98)[То,_что_называют_любовью] | Газовые гиганты(s=100)[Газовые_гиганты] | Моя так называемая жизнь(s=100)[Моя_так_называемая_жизнь]
2026-09-29 22:59:50.782 I/RagPromptBuilder: [PHASE] search=795ms read=153ms docs=4 ctx=4405
2026-09-29 22:59:50.782 I/RagPromptBuilder: RAG prompt preview (listIntent=false): Тебе даны выдержки из Википедии. Отвечай на их основе. Ответь коротко и по существу: 1–3 предложения, только то, о чём спрашивают. Не пересказывай выдержки, не добавляй посторонние факты и не нумеруй пункты, если вопрос не про перечень. Если вопрос требует сравнения двух и более вещей — до 5 предложений. Если в выдержках совсем нет нужной информации — скажи «не знаю по приведённым выдержкам». Отвечай на русском языке.  === ВЫДЕРЖКИ ИЗ ВИКИ === === Юпитер === Карточка: Перигелий: 7,405736⋅108 км 
2026-09-29 22:59:50.782 I/ChatVM: RAG ctx: 4 articles from 42 candidates
2026-09-29 22:59:50.782 I/ChatVM: Generating: 1 msgs, maxTokens=600, temp=0.7, noThink=true
2026-09-29 23:00:03.113 I/ChatVM: Reply (393 chars, 138 tok, 13280ms, prefill 2171tok/2202ms=986t/s, decode 13,7t/s): Юпитер называют газовым гигантом, потому что **состоит в основном из водорода и гелия** (90% атмосферы), как указано на странице «Газовые гиганты». Его масса — самая большая планета Солнечной системы.
2026-09-29 23:00:03.114 I/ChatVM: [TURN] end path=rag total=13280ms factoid=0ms ptok=2171 gtok=138 prefill=2202ms decode=10092ms chars=393
2026-09-29 23:00:04.128 I/BenchmarkBridge: Benchmark question via intent: из чего состоит атмосфера Марса
2026-09-29 23:00:04.129 I/ChatVM: [TURN] begin q=из чего состоит атмосфера Марса
2026-09-29 23:00:04.130 I/ChatVM: [PHASE] factoid=miss ms=0
2026-09-29 23:00:04.131 I/RagPromptBuilder: Query: 'из чего состоит атмосфера Марса' -> ZIM keywords: 'чего состоит атмосфера марса'
2026-09-29 23:00:04.155 I/GraphWalker: walk: 0 wikilinks in 'Марса' (depth=0)
2026-09-29 23:00:04.156 I/GraphWalker: walk seed=Марса props=[P6, P1365, P1366, P39, P166, P26, P40, P22, P25, P3373, P50, P175, P800, P184, P802, P57, P58, P162, P36, P159, P127, P112] → 0 nodes
2026-09-29 23:00:04.156 I/RagPromptBuilder: Walker probes (entity='Марса', props=22): Марса
2026-09-29 23:00:04.174 I/EntityTitleProbe: Title probes (10 lookups): Марса(1080), Марс(1080), Атмосфера Марса(900)
2026-09-29 23:00:04.182 I/EntityTitleProbe: Top tie at 1080: Марс=658430, Марса=7479
2026-09-29 23:00:04.183 I/EntityTitleProbe: Redundant probes: Марса
2026-09-29 23:00:04.202 I/ZimSearcher: search('чего состоит атмосфера марса') estimated=300
2026-09-29 23:00:04.660 I/ZimSearcher: search('атмосфера') estimated=21862
2026-09-29 23:00:05.023 I/RagPromptBuilder: Entity merge 'атмосфера': +19 candidates
2026-09-29 23:00:05.027 I/RagPromptBuilder: RAG: 'из чего состоит атмосфера Марса' candidates=40
2026-09-29 23:00:05.028 I/RagPromptBuilder: Top hits: Марс(s=1085)[Марс] | Марса(s=900)[Марса] | Атмосфера Марса(s=900)[Атмосфера_Марса] | Атмосфера(s=100)[Атмосфера] | Атмосфера Земли(s=99)[Атмосфера_Земли]
2026-09-29 23:00:05.260 I/RagPromptBuilder: [PHASE] search=897ms read=231ms docs=4 ctx=4482
2026-09-29 23:00:05.260 I/RagPromptBuilder: RAG prompt preview (listIntent=false): Тебе даны выдержки из Википедии. Отвечай на их основе. Ответь коротко и по существу: 1–3 предложения, только то, о чём спрашивают. Не пересказывай выдержки, не добавляй посторонние факты и не нумеруй пункты, если вопрос не про перечень. Если вопрос требует сравнения двух и более вещей — до 5 предложений. Если в выдержках совсем нет нужной информации — скажи «не знаю по приведённым выдержкам». Отвечай на русском языке.  === ВЫДЕРЖКИ ИЗ ВИКИ === === Марс === Карточка: Другие названия: Красная план
2026-09-29 23:00:05.260 I/ChatVM: RAG ctx: 4 articles from 40 candidates
2026-09-29 23:00:05.260 I/ChatVM: Generating: 3 msgs, maxTokens=600, temp=0.7, noThink=true
2026-09-29 23:00:13.409 I/ChatVM: Reply (166 chars, 77 tok, 9279ms, prefill 2431tok/2401ms=1012t/s, decode 13,5t/s): Атмосфера Марса состоит **в основном из углекислого газа (95,32%)**, с добавлениями азота (2,7%), аргона (1,6%), водяного пара (0,145%), угарного газа и других газов.
2026-09-29 23:00:13.410 I/ChatVM: [TURN] end path=rag total=9279ms factoid=0ms ptok=2431 gtok=77 prefill=2401ms decode=5721ms chars=166
2026-09-29 23:00:14.359 I/BenchmarkBridge: Benchmark question via intent: кто открыл пенициллин
2026-09-29 23:00:14.360 I/ChatVM: [TURN] begin q=кто открыл пенициллин
2026-09-29 23:00:14.361 I/ChatVM: [PHASE] factoid=miss ms=1
2026-09-29 23:00:14.362 I/ChatVM: Coreference: 'кто открыл пенициллин' + topic 'чего состоит атмосфера марса'
2026-09-29 23:00:14.362 I/RagPromptBuilder: Query: 'кто открыл пенициллин чего состоит атмосфера марса' -> ZIM keywords: 'открыл пенициллин чего состоит атмосфера марса'
2026-09-29 23:00:14.406 I/EntityTitleProbe: Title probes (18 lookups): Бензилпенициллин(1020), Марса(1030), Марс(1030)
2026-09-29 23:00:14.411 I/EntityTitleProbe: Top tie at 1030: Марс=658430, Марса=7479
2026-09-29 23:00:14.412 I/EntityTitleProbe: Redundant probes: Марса
2026-09-29 23:00:14.416 I/ZimSearcher: search('открыл пенициллин чего состоит атмосфера марса') estimated=0
2026-09-29 23:00:14.431 I/ZimSearcher: search('пенициллин') estimated=589
2026-09-29 23:00:14.655 I/RagPromptBuilder: Entity merge 'пенициллин': +19 candidates
2026-09-29 23:00:14.656 I/RagPromptBuilder: RAG: 'кто открыл пенициллин чего состоит атмосфера марса' candidates=21
2026-09-29 23:00:14.656 I/RagPromptBuilder: Top hits: Марс(s=1035)[Марс] | Бензилпенициллин(s=1020)[Бензилпенициллин] | Пенициллины(s=100)[Пенициллины] | Пенициллин (комплекс артразведки)(s=99)[Пенициллин_(комплекс_артразведки)] | Пенициллин (значения)(s=95)[Пенициллин_(значения)]
2026-09-29 23:00:14.914 I/RagPromptBuilder: [PHASE] search=294ms read=257ms docs=4 ctx=4544
2026-09-29 23:00:14.914 I/RagPromptBuilder: RAG prompt preview (listIntent=false): Тебе даны выдержки из Википедии. Отвечай на их основе. Ответь коротко и по существу: 1–3 предложения, только то, о чём спрашивают. Не пересказывай выдержки, не добавляй посторонние факты и не нумеруй пункты, если вопрос не про перечень. Если вопрос требует сравнения двух и более вещей — до 5 предложений. Если в выдержках совсем нет нужной информации — скажи «не знаю по приведённым выдержкам». Отвечай на русском языке.  === ВЫДЕРЖКИ ИЗ ВИКИ === === Марс === Карточка: Другие названия: Красная план
2026-09-29 23:00:14.915 I/ChatVM: RAG ctx: 4 articles from 21 candidates
2026-09-29 23:00:14.915 I/ChatVM: Generating: 5 msgs, maxTokens=600, temp=0.7, noThink=true
2026-09-29 23:00:22.315 I/ChatVM: Reply (149 chars, 64 tok, 7954ms, prefill 2664tok/2655ms=1003t/s, decode 13,6t/s): **Пенициллин открыл Александер Флеминг. Атмосфера Марса состоит в основном из углекислого газа (95,32%), азота и других газов с низкой концентрацией.
2026-09-29 23:00:22.316 I/ChatVM: [TURN] end path=rag total=7954ms factoid=1ms ptok=2664 gtok=64 prefill=2655ms decode=4708ms chars=149
2026-09-29 23:00:22.558 I/BenchmarkBridge: Benchmark question via intent: что такое фотосинтез
2026-09-29 23:00:22.559 I/ChatVM: [TURN] begin q=что такое фотосинтез
2026-09-29 23:00:22.560 I/ChatVM: [PHASE] factoid=miss ms=1
2026-09-29 23:00:22.561 I/ChatVM: Coreference: 'что такое фотосинтез' + topic 'открыл пенициллин'
2026-09-29 23:00:22.562 I/RagPromptBuilder: Query: 'что такое фотосинтез открыл пенициллин' -> ZIM keywords: 'такое фотосинтез открыл пенициллин'
2026-09-29 23:00:22.594 I/EntityTitleProbe: Title probes (5 lookups): Фотосинтез(1030), Бензилпенициллин(1020)
2026-09-29 23:00:22.600 I/ZimSearcher: search('такое фотосинтез открыл пенициллин') estimated=2
2026-09-29 23:00:22.749 I/ZimSearcher: search('фотосинтез') estimated=965
2026-09-29 23:00:23.044 I/RagPromptBuilder: Entity merge 'фотосинтез': +19 candidates
2026-09-29 23:00:23.046 I/RagPromptBuilder: RAG: 'что такое фотосинтез открыл пенициллин' candidates=23
2026-09-29 23:00:23.046 I/RagPromptBuilder: Top hits: Фотосинтез(s=1030)[Фотосинтез] | Бензилпенициллин(s=1020)[Бензилпенициллин] | C4-фотосинтез(s=99)[C4-фотосинтез] | CAM-фотосинтез(s=99)[CAM-фотосинтез] | Эволюция фотосинтеза(s=99)[Эволюция_фотосинтеза]
2026-09-29 23:00:23.353 I/RagPromptBuilder: [PHASE] search=484ms read=307ms docs=4 ctx=4432
2026-09-29 23:00:23.354 I/RagPromptBuilder: RAG prompt preview (listIntent=false): Тебе даны выдержки из Википедии. Отвечай на их основе. Ответь коротко и по существу: 1–3 предложения, только то, о чём спрашивают. Не пересказывай выдержки, не добавляй посторонние факты и не нумеруй пункты, если вопрос не про перечень. Если вопрос требует сравнения двух и более вещей — до 5 предложений. Если в выдержках совсем нет нужной информации — скажи «не знаю по приведённым выдержкам». Отвечай на русском языке.  === ВЫДЕРЖКИ ИЗ ВИКИ === === Фотосинтез === Фотосинтез Фотоси́нтез (от др.-гр
2026-09-29 23:00:23.354 I/ChatVM: RAG ctx: 4 articles from 23 candidates
2026-09-29 23:00:23.354 I/ChatVM: Generating: 7 msgs, maxTokens=600, temp=0.7, noThink=true
2026-09-29 23:00:31.247 I/ChatVM: Reply (210 chars, 75 tok, 8687ms, prefill 2445tok/2399ms=1019t/s, decode 13,7t/s): **Пенициллин — это антибиотик, открытый Александером Флемингом. Он не связан с фотосинтезом и не открыл его по приведённым выдержкам. Википедия упоминает другие исследования (например, позже бактериор
2026-09-29 23:00:31.249 I/ChatVM: [TURN] end path=rag total=8687ms factoid=1ms ptok=2445 gtok=75 prefill=2399ms decode=5457ms chars=210
2026-09-29 23:00:31.753 I/BenchmarkBridge: Benchmark question via intent: когда началась Вторая мировая война
2026-09-29 23:00:31.755 I/ChatVM: [TURN] begin q=когда началась Вторая мировая война
2026-09-29 23:00:31.756 I/FactoidAnswerer: Factoid candidate: label='(by card label)' entity='Вторая'
2026-09-29 23:00:31.828 I/EntityTitleProbe: Title probes (22 lookups): Вторая мировая война(1120), Вторая(1080), Мировая война(1050), Война(1030)
2026-09-29 23:00:31.830 I/EntityTitleProbe: Redundant probes: Вторая, Война
2026-09-29 23:00:33.193 I/ZimSearcher: suggestTitles('Вторая'): Вторая, Вторая Академия, Вторая Александровка, Вторая Алексеевка, Вторая Алия, Вторая Армения, Вторая Багажиашта, Вторая Бугульда, Вторая Бундеслига, Вторая Васильевка, Вторая Вилашка, Вторая Глушковская, Вторая Горка, Вторая Григорьевка, Вторая Грязучая, Вторая Дудинская, Вторая Едома, Вторая Ивановка, Вторая Ивань, Вторая Интифада, Вторая Каменка, Вторая Ключевская, Вторая Кошка, Вторая Кривка, Вторая Крутая, Вторая Куликовка, Вторая Культура, Вторая Лака, Вторая Леденгская, Вторая Луна, Вторая Малая, Вторая Медяна
2026-09-29 23:00:33.195 I/FactoidAnswerer: Factoid candidates: Вторая, Вторая мировая война, Мировая война
2026-09-29 23:00:33.204 I/FactoidAnswerer: Factoid: 'Вторая' has no infobox — next candidate
2026-09-29 23:00:33.304 I/FactoidAnswerer: Factoid: no label covers [начала, мирова, война] in [Дата, Место, Причина, Итог]
2026-09-29 23:00:33.305 I/FactoidAnswerer: Factoid: 'Вторая мировая война' card has no matching field — next candidate
2026-09-29 23:00:33.320 I/FactoidAnswerer: Factoid: 'Мировая война' has no infobox — next candidate
2026-09-29 23:00:33.320 I/FactoidAnswerer: Factoid: no candidate carried the field — falling back to RAG
2026-09-29 23:00:33.320 I/ChatVM: [PHASE] factoid=miss ms=1564
2026-09-29 23:00:33.321 I/RagPromptBuilder: Query: 'когда началась Вторая мировая война' -> ZIM keywords: 'началась вторая мировая война'
2026-09-29 23:00:33.324 I/GraphWalker: walk: 0 wikilinks in 'Вторая' (depth=0)
2026-09-29 23:00:33.324 I/GraphWalker: walk seed=Вторая props=[P6, P1365, P1366, P39, P166, P26, P40, P22, P25, P3373, P50, P175, P800, P184, P802, P57, P58, P162, P36, P159, P127, P112] → 0 nodes
2026-09-29 23:00:33.324 I/RagPromptBuilder: Walker probes (entity='Вторая', props=22): Вторая
2026-09-29 23:00:33.335 I/EntityTitleProbe: Title probes (22 lookups): Вторая мировая война(1120), Вторая(1080), Мировая война(1050), Война(1030)
2026-09-29 23:00:33.337 I/EntityTitleProbe: Redundant probes: Вторая, Война
2026-09-29 23:00:33.545 I/ZimSearcher: search('началась вторая мировая война') estimated=20000
2026-09-29 23:00:34.819 I/ZimSearcher: search('началась') estimated=467255
2026-09-29 23:00:35.897 I/RagPromptBuilder: Entity merge 'началась': +20 candidates
2026-09-29 23:00:35.900 I/RagPromptBuilder: RAG: 'когда началась Вторая мировая война' candidates=41
2026-09-29 23:00:35.900 I/RagPromptBuilder: Top hits: Вторая мировая война(s=1120)[Вторая_мировая_война] | Мировая война(s=1050)[Мировая_война] | Вторая(s=900)[Вторая] | Вторая мировая война на море(s=98)[Вторая_мировая_война_на_море] | Вторая мировая война (серия книг)(s=95)[Вторая_мировая_война_(серия_книг)]
2026-09-29 23:00:36.204 I/RagPromptBuilder: [PHASE] search=2580ms read=303ms docs=4 ctx=4313
2026-09-29 23:00:36.204 I/RagPromptBuilder: RAG prompt preview (listIntent=false): Тебе даны выдержки из Википедии. Отвечай на их основе. Ответь коротко и по существу: 1–3 предложения, только то, о чём спрашивают. Не пересказывай выдержки, не добавляй посторонние факты и не нумеруй пункты, если вопрос не про перечень. Если вопрос требует сравнения двух и более вещей — до 5 предложений. Если в выдержках совсем нет нужной информации — скажи «не знаю по приведённым выдержкам». Отвечай на русском языке.  === ВЫДЕРЖКИ ИЗ ВИКИ === === Вторая мировая война === Карточка: Дата: 1 сентя
2026-09-29 23:00:36.205 I/ChatVM: RAG ctx: 4 articles from 41 candidates
2026-09-29 23:00:36.205 I/ChatVM: Generating: 7 msgs, maxTokens=600, temp=0.7, noThink=true
2026-09-29 23:00:43.425 I/ChatVM: Reply (207 chars, 68 tok, 11669ms, prefill 2156tok/2142ms=1007t/s, decode 13,5t/s): **Вторая мировая война началась 1 сентября 1939 года. Это событие стало прямым результатом нацистской Германии, начавшей вторжение в Польшу для выполнения Версальского мирного договора (требования к н
2026-09-29 23:00:43.426 I/ChatVM: [TURN] end path=rag total=11669ms factoid=1564ms ptok=2156 gtok=68 prefill=2142ms decode=5047ms chars=207
2026-09-29 23:00:44.003 I/BenchmarkBridge: Benchmark question via intent: чем знаменит Большое красное пятно
2026-09-29 23:00:44.004 I/ChatVM: [TURN] begin q=чем знаменит Большое красное пятно
2026-09-29 23:00:44.005 I/ChatVM: [PHASE] factoid=miss ms=0
2026-09-29 23:00:44.006 I/RagPromptBuilder: Query: 'чем знаменит Большое красное пятно' -> ZIM keywords: 'чем знаменит большое красное пятно'
2026-09-29 23:00:44.020 I/GraphWalker: walk: 0 wikilinks in 'Большое' (depth=0)
2026-09-29 23:00:44.020 I/GraphWalker: walk seed=Большое props=[P6, P1365, P1366, P39, P166, P26, P40, P22, P25, P3373, P50, P175, P800, P184, P802, P57, P58, P162, P36, P159, P127, P112] → 0 nodes
2026-09-29 23:00:44.020 I/RagPromptBuilder: Walker probes (entity='Большое', props=22): Большое
2026-09-29 23:00:44.090 I/EntityTitleProbe: Title probes (28 lookups): Большое красное пятно(1120), Большое(1080), Красное(1030), Красно(1030), Пятно(1030)
2026-09-29 23:00:44.092 I/EntityTitleProbe: Redundant probes: Большое, Красное, Красно, Пятно
2026-09-29 23:00:44.123 I/ZimSearcher: search('чем знаменит большое красное пятно') estimated=200
2026-09-29 23:00:44.839 I/ZimSearcher: search('знаменит') estimated=51485
2026-09-29 23:00:45.345 I/RagPromptBuilder: Entity merge 'знаменит': +20 candidates
2026-09-29 23:00:45.350 I/RagPromptBuilder: RAG: 'чем знаменит Большое красное пятно' candidates=42
2026-09-29 23:00:45.351 I/RagPromptBuilder: Top hits: Большое красное пятно(s=1120)[Большое_красное_пятно] | Большое(s=900)[Большое] | Я почти знаменит(s=99)[Я_почти_знаменит] | Красочная жизнь(s=100)[Красочная_жизнь] | Храм иконы Божией Матери «Знамение»(s=100)[Храм_иконы_Божией_Матери_«Знамение»]
2026-09-29 23:00:45.440 I/RagPromptBuilder: [PHASE] search=1345ms read=89ms docs=4 ctx=4549
2026-09-29 23:00:45.440 I/RagPromptBuilder: RAG prompt preview (listIntent=false): Тебе даны выдержки из Википедии. Отвечай на их основе. Ответь коротко и по существу: 1–3 предложения, только то, о чём спрашивают. Не пересказывай выдержки, не добавляй посторонние факты и не нумеруй пункты, если вопрос не про перечень. Если вопрос требует сравнения двух и более вещей — до 5 предложений. Если в выдержках совсем нет нужной информации — скажи «не знаю по приведённым выдержкам». Отвечай на русском языке.  === ВЫДЕРЖКИ ИЗ ВИКИ === === Большое красное пятно === Большое красное пятно 
2026-09-29 23:00:45.441 I/ChatVM: RAG ctx: 4 articles from 42 candidates
2026-09-29 23:00:45.441 I/ChatVM: Generating: 7 msgs, maxTokens=600, temp=0.7, noThink=true
2026-09-29 23:00:52.779 I/ChatVM: Reply (204 chars, 65 tok, 8774ms, prefill 2341tok/2377ms=985t/s, decode 13,2t/s): Большое красное пятно — крупнейший атмосферный вихрь на Юпитере. Оно представляет собой постоянную зону высокого давления, создающую антициклонический шторм и изменяющее размеры и цвет за века наблюде
2026-09-29 23:00:52.781 I/ChatVM: [TURN] end path=rag total=8774ms factoid=0ms ptok=2341 gtok=65 prefill=2377ms decode=4932ms chars=204
2026-09-29 23:00:53.203 I/BenchmarkBridge: Benchmark question via intent: что производит АвтоВАЗ
2026-09-29 23:00:53.205 I/ChatVM: [TURN] begin q=что производит АвтоВАЗ
2026-09-29 23:00:53.206 I/FactoidAnswerer: Factoid candidate: label='(by card label)' entity='АвтоВАЗ'
2026-09-29 23:00:53.241 I/EntityTitleProbe: Title probes (2 lookups): АвтоВАЗ(1080)
2026-09-29 23:00:53.304 I/ZimSearcher: suggestTitles('АвтоВАЗ'): АВТОВАЗ, GM-АВТОВАЗ, Национальная гоночная серия "АВТОВАЗ", Технический музей ОАО "АвтоВАЗ", Эм-АВТОВАЗ Шевроле Вива, Джи Эм-АВТОВАЗ Шевроле Нива, Здание генеральной дирекции АВТОВАЗа, АВТОВАЗБАНК, АвтоВАЗагрегат
2026-09-29 23:00:53.305 I/FactoidAnswerer: Factoid candidates: АвтоВАЗ
2026-09-29 23:00:53.358 I/FactoidAnswerer: Factoid: no label covers [произв] in [Основан, Штаб-квартира, Тип, Листинг на бирже, Дата основания, Прежние названия, Основатели, Расположение, Ключевые фигуры, Отрасль, Продукция, Операционная прибыль, Чистая прибыль, Материнская компания, Дочерние компании]
2026-09-29 23:00:53.358 I/FactoidAnswerer: Factoid: 'АвтоВАЗ' card has no matching field — next candidate
2026-09-29 23:00:53.358 I/FactoidAnswerer: Factoid: no candidate carried the field — falling back to RAG
2026-09-29 23:00:53.359 I/ChatVM: [PHASE] factoid=miss ms=154
2026-09-29 23:00:53.359 I/RagPromptBuilder: Query: 'что производит АвтоВАЗ' -> ZIM keywords: 'производит автоваз'
2026-09-29 23:00:53.622 I/GraphWalker: walk seed=АвтоВАЗ props=[P6, P1365, P1366, P39, P166, P26, P40, P22, P25, P3373, P50, P175, P800, P184, P802, P57, P58, P162, P36, P159, P127, P112] → 6 nodes
2026-09-29 23:00:53.622 I/RagPromptBuilder: Walker probes (entity='АвтоВАЗ', props=22): АвтоВАЗ, Россия, Тольятти, ЦК КПСС, Совет министров СССР, Москва, Илья Геннадьевич Сухих
2026-09-29 23:00:53.626 I/EntityTitleProbe: Title probes (2 lookups): АвтоВАЗ(1080)
2026-09-29 23:00:53.643 I/ZimSearcher: search('производит автоваз') estimated=300
2026-09-29 23:00:54.219 I/ZimSearcher: search('производит') estimated=56978
2026-09-29 23:00:54.830 I/RagPromptBuilder: Entity merge 'производит': +20 candidates
2026-09-29 23:00:54.834 I/RagPromptBuilder: RAG: 'что производит АвтоВАЗ' candidates=46
2026-09-29 23:00:54.835 I/RagPromptBuilder: Top hits: АвтоВАЗ(s=1080)[АвтоВАЗ] | Россия(s=899)[Россия] | Тольятти(s=899)[Тольятти] | ЦК КПСС(s=899)[ЦК_КПСС] | Совет министров СССР(s=899)[Совет_министров_СССР]
2026-09-29 23:00:55.657 I/RagPromptBuilder: [PHASE] search=1476ms read=821ms docs=3 ctx=4806
2026-09-29 23:00:55.658 I/RagPromptBuilder: RAG prompt preview (listIntent=false): Тебе даны выдержки из Википедии. Отвечай на их основе. Ответь коротко и по существу: 1–3 предложения, только то, о чём спрашивают. Не пересказывай выдержки, не добавляй посторонние факты и не нумеруй пункты, если вопрос не про перечень. Если вопрос требует сравнения двух и более вещей — до 5 предложений. Если в выдержках совсем нет нужной информации — скажи «не знаю по приведённым выдержкам». Отвечай на русском языке.  === ВЫДЕРЖКИ ИЗ ВИКИ === === АвтоВАЗ === Карточка: Основан: 20 июля 1966 (196
2026-09-29 23:00:55.658 I/ChatVM: RAG ctx: 3 articles from 46 candidates
2026-09-29 23:00:55.658 I/ChatVM: Generating: 7 msgs, maxTokens=600, temp=0.7, noThink=true
2026-09-29 23:01:00.097 I/ChatVM: Reply (66 chars, 24 tok, 6892ms, prefill 2554tok/2551ms=1001t/s, decode 12,9t/s): АвтоВАЗ производит легковые автомобили и лёгкие коммерческие авто.
2026-09-29 23:01:00.098 I/ChatVM: [TURN] end path=rag total=6892ms factoid=154ms ptok=2554 gtok=24 prefill=2551ms decode=1856ms chars=66
2026-09-29 23:01:00.400 I/BenchmarkBridge: Benchmark question via intent: какой автозавод расположен в Тольятти
2026-09-29 23:01:00.401 I/ChatVM: [TURN] begin q=какой автозавод расположен в Тольятти
2026-09-29 23:01:00.402 I/FactoidAnswerer: Factoid candidate: label='(by card label)' entity='Тольятти'
2026-09-29 23:01:00.450 I/EntityTitleProbe: Title probes (10 lookups): Тольятти(1080), Автомобильная промышленность(1020)
2026-09-29 23:01:00.710 I/ZimSearcher: suggestTitles('Тольятти'): Тольятти, Тольятти 24, Тольятти (История), Тольятти (аэродром), Тольятти (значения), Тольятти (станция), Тольятти П., Тольятти сегодня, Тольятти, Эудженио, Тольятти (речной порт), Тольятти (футбольный клуб), Тольятти (особая экономическая зона), Тольятти (территория опережающего развития), Академия Тольятти, Вузы Тольятти, Герб Тольятти, Гимн Тольятти, Градоначальники Тольятти, Дума Тольятти, Лада (Тольятти), Лада-Тольятти, Медгородок Тольятти, Набережная Тольятти, Памятники Тольятти, Поверхность Тольятти, Портпосёлок (Тольятти), Районы Тольятти, СИБУР Тольятти, Спорт Тольятти, Троллейбус Тольятти, Улицы Тольятти, Флаг Тольятти
2026-09-29 23:01:00.713 I/FactoidAnswerer: Factoid candidates: Тольятти, Автомобильная промышленность
2026-09-29 23:01:00.785 I/FactoidAnswerer: Factoid: no label covers [автоза, распол] in [Глава/мэр, Население, Площадь, Основан, Страна, Часовой пояс, Субъект Федерации, Городской округ, Внутреннее деление, Глава городского округа, Прежние названия, Город с, Высота центра, Тип климата, Плотность, Агломерация, Население агломерации, Национальности, Конфессии, Название жителей, Официальный язык, День города]
2026-09-29 23:01:00.785 I/FactoidAnswerer: Factoid: 'Тольятти' card has no matching field — next candidate
2026-09-29 23:01:00.809 I/FactoidAnswerer: Factoid: 'Автомобильная промышленность' has no infobox — next candidate
2026-09-29 23:01:00.809 I/FactoidAnswerer: Factoid: no candidate carried the field — falling back to RAG
2026-09-29 23:01:00.809 I/ChatVM: [PHASE] factoid=miss ms=408
2026-09-29 23:01:00.810 I/RagPromptBuilder: Query: 'какой автозавод расположен в Тольятти' -> ZIM keywords: 'автозавод расположен тольятти'
2026-09-29 23:01:00.949 I/GraphWalker: walk: 0 wikilinks in 'Заслуженный_врач_Российской_Федерации' (depth=3)
2026-09-29 23:01:00.960 I/GraphWalker: walk seed=Тольятти props=[P6, P1365, P1366, P39, P166, P26, P40, P22, P25, P3373, P50, P175, P800, P184, P802, P57, P58, P162, P36, P159, P127, P112] → 5 nodes
2026-09-29 23:01:00.960 I/RagPromptBuilder: Walker probes (entity='Тольятти', props=22): Тольятти, Илья Геннадьевич Сухих, Николай Ренц, Заслуженный врач Российской Федерации, Сергей Анташев, Сергей Андреев
2026-09-29 23:01:00.969 I/EntityTitleProbe: Title probes (10 lookups): Тольятти(1080), Автомобильная промышленность(1020)
2026-09-29 23:01:00.979 I/ZimSearcher: search('автозавод расположен тольятти') estimated=40
2026-09-29 23:01:02.059 I/ZimSearcher: search('расположен') estimated=249807
2026-09-29 23:01:02.537 I/RagPromptBuilder: Entity merge 'расположен': +20 candidates
2026-09-29 23:01:02.542 I/RagPromptBuilder: RAG: 'какой автозавод расположен в Тольятти' candidates=46
2026-09-29 23:01:02.542 I/RagPromptBuilder: Top hits: Тольятти(s=1080)[Тольятти] | Автомобильная промышленность(s=1020)[Автомобильная_промышленность] | Илья Геннадьевич Сухих(s=899)[Сухих,_Илья_Геннадьевич] | Николай Ренц(s=898)[Ренц,_Николай_Альфредович] | Сергей Анташев(s=897)[Анташев,_Сергей_Александрович]
2026-09-29 23:01:02.857 I/RagPromptBuilder: [PHASE] search=1732ms read=314ms docs=4 ctx=5094
2026-09-29 23:01:02.857 I/RagPromptBuilder: RAG prompt preview (listIntent=false): Тебе даны выдержки из Википедии. Отвечай на их основе. Ответь коротко и по существу: 1–3 предложения, только то, о чём спрашивают. Не пересказывай выдержки, не добавляй посторонние факты и не нумеруй пункты, если вопрос не про перечень. Если вопрос требует сравнения двух и более вещей — до 5 предложений. Если в выдержках совсем нет нужной информации — скажи «не знаю по приведённым выдержкам». Отвечай на русском языке.  === ВЫДЕРЖКИ ИЗ ВИКИ === === Тольятти === Карточка: Глава/мэр: Илья Геннадьев
2026-09-29 23:01:02.858 I/ChatVM: RAG ctx: 4 articles from 46 candidates
2026-09-29 23:01:02.858 I/ChatVM: Generating: 7 msgs, maxTokens=600, temp=0.7, noThink=true
2026-09-29 23:01:07.861 I/ChatVM: Reply (58 chars, 28 tok, 7459ms, prefill 2762tok/2805ms=985t/s, decode 13,0t/s): В Тольятти расположен Автозавод «Лада Запад» (до 2019 г.).
2026-09-29 23:01:07.862 I/ChatVM: [TURN] end path=rag total=7459ms factoid=408ms ptok=2762 gtok=28 prefill=2805ms decode=2161ms chars=58
2026-09-29 23:01:08.582 I/BenchmarkBridge: Benchmark question via intent: назови планеты Солнечной системы
2026-09-29 23:01:08.583 I/ChatVM: [TURN] begin q=назови планеты Солнечной системы
2026-09-29 23:01:08.583 I/ChatVM: [PHASE] factoid=miss ms=0
2026-09-29 23:01:08.585 I/RagPromptBuilder: Query: 'назови планеты Солнечной системы' -> ZIM keywords: 'планеты солнечной системы'
2026-09-29 23:01:08.671 I/GraphWalker: walk: 0 wikilinks in 'Вспышка_солнечной_активности' (depth=0)
2026-09-29 23:01:08.671 I/GraphWalker: walk seed=Вспышка_солнечной_активности props=[P6, P1365, P1366, P39, P166, P26, P40, P22, P25, P3373, P50, P175, P800, P184, P802, P57, P58, P162, P36, P159, P127, P112] → 0 nodes
2026-09-29 23:01:08.672 I/RagPromptBuilder: Walker probes (entity='Солнечной', props=22): Вспышка солнечной активности
2026-09-29 23:01:08.697 I/EntityTitleProbe: Title probes (29 lookups): Планеты Солнечной системы(1120), Солнечная система(1100), Солнечная(1080), Планета(1020), Система(1020)
2026-09-29 23:01:08.700 I/EntityTitleProbe: Redundant probes: Солнечная, Планета, Система
2026-09-29 23:01:08.809 I/ZimSearcher: search('планеты солнечной системы') estimated=7000
2026-09-29 23:01:09.400 I/ZimSearcher: search('солнечной') estimated=12659
2026-09-29 23:01:10.003 I/RagPromptBuilder: Entity merge 'солнечной': +13 candidates
2026-09-29 23:01:10.007 I/RagPromptBuilder: RAG: 'назови планеты Солнечной системы' candidates=35
2026-09-29 23:01:10.007 I/RagPromptBuilder: Top hits: Планеты Солнечной системы(s=1120)[Планеты_Солнечной_системы] | Солнечная система(s=1100)[Солнечная_система] | Вспышка солнечной активности(s=900)[Вспышка_солнечной_активности] | Планеты-гиганты(s=97)[Планеты-гиганты] | Планеты (сериал)(s=95)[Планеты_(сериал)]
2026-09-29 23:01:10.248 I/RagPromptBuilder: [PHASE] search=1424ms read=240ms docs=4 ctx=3312
2026-09-29 23:01:10.248 I/RagPromptBuilder: RAG prompt preview (listIntent=false): Тебе даны выдержки из Википедии. Отвечай на их основе. Ответь коротко и по существу: 1–3 предложения, только то, о чём спрашивают. Не пересказывай выдержки, не добавляй посторонние факты и не нумеруй пункты, если вопрос не про перечень. Если вопрос требует сравнения двух и более вещей — до 5 предложений. Если в выдержках совсем нет нужной информации — скажи «не знаю по приведённым выдержкам». Отвечай на русском языке.  === ВЫДЕРЖКИ ИЗ ВИКИ === === Планеты Солнечной системы === Планеты Солнечной 
2026-09-29 23:01:10.249 I/ChatVM: RAG ctx: 4 articles from 35 candidates
2026-09-29 23:01:10.249 I/ChatVM: Generating: 7 msgs, maxTokens=600, temp=0.7, noThink=true
2026-09-29 23:01:15.660 I/ChatVM: Reply (115 chars, 52 tok, 7076ms, prefill 1722tok/1623ms=1061t/s, decode 13,8t/s): В Солнечной системе 8 планет: Меркурий, Венера, Земля, Марс (земная группа), а также Юпитер, Сатурн, Уран и Нептун.
2026-09-29 23:01:15.661 I/ChatVM: [TURN] end path=rag total=7076ms factoid=0ms ptok=1722 gtok=52 prefill=1623ms decode=3759ms chars=115
2026-09-29 23:01:15.759 I/BenchmarkBridge: Benchmark question via intent: кто был предшественником нынешнего мэра Тольятти
2026-09-29 23:01:15.760 I/ChatVM: [TURN] begin q=кто был предшественником нынешнего мэра Тольятти
2026-09-29 23:01:15.761 I/FactoidAnswerer: Factoid candidate: label='(by card label)' entity='Тольятти'
2026-09-29 23:01:15.814 I/EntityTitleProbe: Title probes (16 lookups): Тольятти(1080)
2026-09-29 23:01:15.967 I/ZimSearcher: suggestTitles('Тольятти'): Тольятти, Тольятти 24, Тольятти (История), Тольятти (аэродром), Тольятти (значения), Тольятти (станция), Тольятти П., Тольятти сегодня, Тольятти, Эудженио, Тольятти (речной порт), Тольятти (футбольный клуб), Тольятти (особая экономическая зона), Тольятти (территория опережающего развития), Академия Тольятти, Вузы Тольятти, Герб Тольятти, Гимн Тольятти, Градоначальники Тольятти, Дума Тольятти, Лада (Тольятти), Лада-Тольятти, Медгородок Тольятти, Набережная Тольятти, Памятники Тольятти, Поверхность Тольятти, Портпосёлок (Тольятти), Районы Тольятти, СИБУР Тольятти, Спорт Тольятти, Троллейбус Тольятти, Улицы Тольятти, Флаг Тольятти
2026-09-29 23:01:15.971 I/FactoidAnswerer: Factoid candidates: Тольятти
2026-09-29 23:01:16.048 I/FactoidAnswerer: Factoid: no label covers [предше, мэра] in [Глава/мэр, Население, Площадь, Основан, Страна, Часовой пояс, Субъект Федерации, Городской округ, Внутреннее деление, Глава городского округа, Прежние названия, Город с, Высота центра, Тип климата, Плотность, Агломерация, Население агломерации, Национальности, Конфессии, Название жителей, Официальный язык, День города]
2026-09-29 23:01:16.048 I/FactoidAnswerer: Factoid: 'Тольятти' card has no matching field — next candidate
2026-09-29 23:01:16.048 I/FactoidAnswerer: Factoid: no candidate carried the field — falling back to RAG
2026-09-29 23:01:16.048 I/ChatVM: [PHASE] factoid=miss ms=288
2026-09-29 23:01:16.049 I/RagPromptBuilder: Query: 'кто был предшественником нынешнего мэра Тольятти' -> ZIM keywords: 'предшественником нынешнего мэра тольятти'
2026-09-29 23:01:16.146 I/GraphWalker: walk seed=Тольятти props=[P6, P1365, P1366] → 4 nodes
2026-09-29 23:01:16.146 I/RagPromptBuilder: Walker probes (entity='Тольятти', props=3): Тольятти, Илья Геннадьевич Сухих, Николай Ренц, Сергей Анташев, Сергей Андреев
2026-09-29 23:01:16.155 I/EntityTitleProbe: Title probes (16 lookups): Тольятти(1080)
2026-09-29 23:01:16.168 I/ZimSearcher: search('предшественником нынешнего мэра тольятти') estimated=5
2026-09-29 23:01:16.990 I/ZimSearcher: search('предшественником') estimated=92922
2026-09-29 23:01:17.522 I/RagPromptBuilder: Entity merge 'предшественником': +20 candidates
2026-09-29 23:01:17.525 I/RagPromptBuilder: RAG: 'кто был предшественником нынешнего мэра Тольятти' candidates=30
2026-09-29 23:01:17.526 I/RagPromptBuilder: Top hits: Тольятти(s=1080)[Тольятти] | Илья Геннадьевич Сухих(s=899)[Сухих,_Илья_Геннадьевич] | Николай Ренц(s=898)[Ренц,_Николай_Альфредович] | Сергей Анташев(s=897)[Анташев,_Сергей_Александрович] | Сергей Андреев(s=896)[Андреев,_Сергей_Игоревич]
2026-09-29 23:01:17.815 I/RagPromptBuilder: [PHASE] search=1477ms read=287ms docs=3 ctx=4713
2026-09-29 23:01:17.815 I/RagPromptBuilder: RAG prompt preview (listIntent=false): Тебе даны выдержки из Википедии. Отвечай на их основе. Ответь коротко и по существу: 1–3 предложения, только то, о чём спрашивают. Не пересказывай выдержки, не добавляй посторонние факты и не нумеруй пункты, если вопрос не про перечень. Если вопрос требует сравнения двух и более вещей — до 5 предложений. Если в выдержках совсем нет нужной информации — скажи «не знаю по приведённым выдержкам». Отвечай на русском языке.  === ВЫДЕРЖКИ ИЗ ВИКИ === === Тольятти === Карточка: Глава/мэр: Илья Геннадьев
2026-09-29 23:01:17.815 I/ChatVM: RAG ctx: 3 articles from 30 candidates
2026-09-29 23:01:17.816 I/ChatVM: Generating: 7 msgs, maxTokens=600, temp=0.7, noThink=true
2026-09-29 23:01:23.119 I/ChatVM: Reply (65 chars, 33 tok, 7358ms, prefill 2615tok/2690ms=972t/s, decode 12,8t/s): Предшественник нынешнего мэра Тольятти Ильи Сухих — Николай Ренц.
2026-09-29 23:01:23.120 I/ChatVM: [TURN] end path=rag total=7358ms factoid=288ms ptok=2615 gtok=33 prefill=2690ms decode=2585ms chars=65
2026-09-29 23:01:23.950 I/BenchmarkBridge: Benchmark question via intent: сравни население Москвы и Санкт-Петербурга
2026-09-29 23:01:23.952 I/ChatVM: [TURN] begin q=сравни население Москвы и Санкт-Петербурга
2026-09-29 23:01:23.952 I/ChatVM: [PHASE] factoid=miss ms=0
2026-09-29 23:01:23.954 I/RagPromptBuilder: Query: 'сравни население Москвы и Санкт-Петербурга' -> ZIM keywords: 'сравни население москвы санкт петербурга'
2026-09-29 23:01:25.455 I/GraphWalker: walk: 0 wikilinks in 'Генплан_Петербурга' (depth=0)
2026-09-29 23:01:25.455 I/GraphWalker: walk seed=Генплан_Петербурга props=[P6, P1365, P1366, P39, P166, P26, P40, P22, P25, P3373, P50, P175, P800, P184, P802, P57, P58, P162, P36, P159, P127, P112] → 0 nodes
2026-09-29 23:01:25.455 I/RagPromptBuilder: Walker probes (entity='Петербурга', props=22): Генплан Петербурга
2026-09-29 23:01:25.482 I/EntityTitleProbe: Title probes (23 lookups): Москва(1080), Санкт-Петербург(1070), Население Москвы(900)
2026-09-29 23:01:25.535 I/ZimSearcher: search('сравни население москвы санкт петербурга') estimated=300
2026-09-29 23:01:26.185 I/ZimSearcher: search('петербурга') estimated=115995
2026-09-29 23:01:26.764 I/RagPromptBuilder: Entity merge 'петербурга': +18 candidates
2026-09-29 23:01:26.767 I/RagPromptBuilder: RAG: 'сравни население Москвы и Санкт-Петербурга' candidates=42
2026-09-29 23:01:26.768 I/RagPromptBuilder: Top hits: Москва(s=1080)[Москва] | Санкт-Петербург(s=1070)[Санкт-Петербург] | Генплан Петербурга(s=900)[Генплан_Петербурга] | Население Москвы(s=900)[Население_Москвы] | Санкт-Петербург (телерадиокомпания)(s=99)[Санкт-Петербург_(телерадиокомпания)]
2026-09-29 23:01:27.358 I/RagPromptBuilder: [PHASE] search=2815ms read=590ms docs=3 ctx=4342
2026-09-29 23:01:27.358 I/RagPromptBuilder: RAG prompt preview (listIntent=false): Тебе даны выдержки из Википедии. Отвечай на их основе. Ответь коротко и по существу: 1–3 предложения, только то, о чём спрашивают. Не пересказывай выдержки, не добавляй посторонние факты и не нумеруй пункты, если вопрос не про перечень. Если вопрос требует сравнения двух и более вещей — до 5 предложений. Если в выдержках совсем нет нужной информации — скажи «не знаю по приведённым выдержкам». Отвечай на русском языке.  === ВЫДЕРЖКИ ИЗ ВИКИ === === Москва === Карточка: Глава/мэр: Сергей Собянин Н
2026-09-29 23:01:27.359 I/ChatVM: RAG ctx: 3 articles from 42 candidates
2026-09-29 23:01:27.359 I/ChatVM: Generating: 7 msgs, maxTokens=600, temp=0.7, noThink=true
2026-09-29 23:01:33.990 I/ChatVM: Reply (150 chars, 60 tok, 10038ms, prefill 2088tok/2099ms=995t/s, decode 13,3t/s): Население Москвы — ~13,2 млн (2025), Санкт-Петербурга — 5,65 млн. Мэр Москве — Сергей Собянин; мэром Петербурга назначен Александр Беглов в 2019 году.
2026-09-29 23:01:33.993 I/ChatVM: [TURN] end path=rag total=10038ms factoid=0ms ptok=2088 gtok=60 prefill=2099ms decode=4499ms chars=150
2026-09-29 23:01:34.162 I/BenchmarkBridge: Benchmark question via intent: почему Байкал самое глубокое озеро
2026-09-29 23:01:34.164 I/ChatVM: [TURN] begin q=почему Байкал самое глубокое озеро
2026-09-29 23:01:34.164 I/ChatVM: [PHASE] factoid=miss ms=0
2026-09-29 23:01:34.165 I/RagPromptBuilder: Query: 'почему Байкал самое глубокое озеро' -> ZIM keywords: 'байкал самое глубокое озеро'
2026-09-29 23:01:34.249 I/GraphWalker: walk: 0 wikilinks in 'Байкал' (depth=0)
2026-09-29 23:01:34.249 I/GraphWalker: walk seed=Байкал props=[P6, P1365, P1366, P39, P166, P26, P40, P22, P25, P3373, P50, P175, P800, P184, P802, P57, P58, P162, P36, P159, P127, P112] → 0 nodes
2026-09-29 23:01:34.249 I/RagPromptBuilder: Walker probes (entity='Байкал', props=22): Байкал
2026-09-29 23:01:34.276 I/EntityTitleProbe: Title probes (12 lookups): Байкал(1080), Глубокое озеро(1050), Глубокое(1030), Озеро(1030)
2026-09-29 23:01:34.278 I/EntityTitleProbe: Redundant probes: Глубокое, Озеро
2026-09-29 23:01:34.306 I/ZimSearcher: search('байкал самое глубокое озеро') estimated=200
2026-09-29 23:01:34.931 I/ZimSearcher: search('глубокое') estimated=52854
2026-09-29 23:01:35.520 I/RagPromptBuilder: Entity merge 'глубокое': +19 candidates
2026-09-29 23:01:35.523 I/RagPromptBuilder: RAG: 'почему Байкал самое глубокое озеро' candidates=39
2026-09-29 23:01:35.523 I/RagPromptBuilder: Top hits: Байкал(s=1080)[Байкал] | Глубокое озеро(s=1050)[Глубокое_озеро] | Глубокое(s=100)[Глубокое] | Глубокое (город)(s=99)[Глубокое_(город)] | Глубокое обучение(s=98)[Глубокое_обучение]
2026-09-29 23:01:35.732 I/RagPromptBuilder: [PHASE] search=1358ms read=208ms docs=4 ctx=4884
2026-09-29 23:01:35.733 I/RagPromptBuilder: RAG prompt preview (listIntent=false): Тебе даны выдержки из Википедии. Отвечай на их основе. Ответь коротко и по существу: 1–3 предложения, только то, о чём спрашивают. Не пересказывай выдержки, не добавляй посторонние факты и не нумеруй пункты, если вопрос не про перечень. Если вопрос требует сравнения двух и более вещей — до 5 предложений. Если в выдержках совсем нет нужной информации — скажи «не знаю по приведённым выдержкам». Отвечай на русском языке.  === ВЫДЕРЖКИ ИЗ ВИКИ === === Байкал === Карточка: Страна: Россия Абсолютная в
2026-09-29 23:01:35.733 I/ChatVM: RAG ctx: 4 articles from 39 candidates
2026-09-29 23:01:35.733 I/ChatVM: Generating: 7 msgs, maxTokens=600, temp=0.7, noThink=true
2026-09-29 23:01:47.694 I/ChatVM: Reply (332 chars, 117 tok, 13530ms, prefill 2710tok/2780ms=975t/s, decode 12,8t/s): Байкал — самое глубокое озеро на Земле, так как его нижняя точка находится ниже уровня мирового океана. По данным Википедии, дно Байкала в самом глубоком месте лежит на 1186 м под уровнем Мирового оке
2026-09-29 23:01:47.695 I/ChatVM: [TURN] end path=rag total=13530ms factoid=0ms ptok=2710 gtok=117 prefill=2780ms decode=9150ms chars=332
2026-09-29 23:01:48.459 I/BenchmarkBridge: Benchmark question via intent: как связаны Менделеев и периодическая таблица
2026-09-29 23:01:48.461 I/ChatVM: [TURN] begin q=как связаны Менделеев и периодическая таблица
2026-09-29 23:01:48.461 I/ChatVM: [PHASE] factoid=miss ms=0
2026-09-29 23:01:48.462 I/RagPromptBuilder: Query: 'как связаны Менделеев и периодическая таблица' -> ZIM keywords: 'связаны менделеев периодическая таблица'
2026-09-29 23:01:48.548 I/GraphWalker: walk seed=Менделеев,_Дмитрий_Иванович props=[P6, P1365, P1366, P39, P166, P26, P40, P22, P25, P3373, P50, P175, P800, P184, P802, P57, P58, P162, P36, P159, P127, P112] → 6 nodes
2026-09-29 23:01:48.549 I/RagPromptBuilder: Walker probes (entity='Менделеев', props=22): Менделеев, Дмитрий Иванович, Орден Святого Владимира, Кавалер ордена Святого Александра Невского, Орден Белого орла (Российская империя), Орден Святой Анны I степени, Орден Святого Станислава (Российская империя), Орден Святой Анны II степени
2026-09-29 23:01:48.590 I/EntityTitleProbe: Title probes (22 lookups): Менделеев, Дмитрий Иванович(1070), Периодическая система химических элементов(1040), Таблица(1030), Таблиц, Богуслав(1020)
2026-09-29 23:01:48.607 I/ZimSearcher: search('связаны менделеев периодическая таблица') estimated=60
2026-09-29 23:01:49.355 I/ZimSearcher: search('периодическая') estimated=24960
2026-09-29 23:01:49.983 I/RagPromptBuilder: Entity merge 'периодическая': +18 candidates
2026-09-29 23:01:49.988 I/RagPromptBuilder: RAG: 'как связаны Менделеев и периодическая таблица' candidates=46
2026-09-29 23:01:49.988 I/RagPromptBuilder: Top hits: Менделеев, Дмитрий Иванович(s=1070)[Менделеев,_Дмитрий_Иванович] | Периодическая система химических элементов(s=1040)[Периодическая_система_химических_элементов] | Таблица(s=1030)[Таблица] | Таблиц, Богуслав(s=1020)[Таблиц,_Богуслав] | Орден Святого Владимира(s=899)[Орден_Святого_Владимира]
2026-09-29 23:01:50.290 I/RagPromptBuilder: [PHASE] search=1526ms read=301ms docs=4 ctx=5006
2026-09-29 23:01:50.291 I/RagPromptBuilder: RAG prompt preview (listIntent=false): Тебе даны выдержки из Википедии. Отвечай на их основе. Ответь коротко и по существу: 1–3 предложения, только то, о чём спрашивают. Не пересказывай выдержки, не добавляй посторонние факты и не нумеруй пункты, если вопрос не про перечень. Если вопрос требует сравнения двух и более вещей — до 5 предложений. Если в выдержках совсем нет нужной информации — скажи «не знаю по приведённым выдержкам». Отвечай на русском языке.  === ВЫДЕРЖКИ ИЗ ВИКИ === === Менделеев, Дмитрий Иванович === Карточка: Дата р
2026-09-29 23:01:50.291 I/ChatVM: RAG ctx: 4 articles from 46 candidates
2026-09-29 23:01:50.291 I/ChatVM: Generating: 7 msgs, maxTokens=600, temp=0.7, noThink=true
2026-09-29 23:01:58.666 I/ChatVM: Reply (269 chars, 76 tok, 10206ms, prefill 2477tok/2507ms=988t/s, decode 13,0t/s): Дмитрий Менделеев создал периодическую таблицу химических элементов, ставшую основой классификации веществ. Его работа включала систематизацию свойств и массы элементов (1869), а также предсказание су
2026-09-29 23:01:58.667 I/ChatVM: [TURN] end path=rag total=10206ms factoid=0ms ptok=2477 gtok=76 prefill=2507ms decode=5838ms chars=269
