
===== PROMPT 2026-09-07 07:34:56.190 q=почему Байкал самое глубокое озеро =====
--- system (390 chars) ---
Ты — полезный ассистент. Отвечай содержательно и на русском языке. Если не знаешь точно — напиши «не знаю» вместо догадок. Не повторяй одну и ту же мысль или слово.

Дай развёрнутый, законченный ответ объёмом примерно 400 слов (не обрывай на полуслове). Структурируй ответ в Markdown: короткие абзацы, при необходимости подзаголовки (##), маркированные списки и **жирным** выделяй ключевое.
--- msg[0] user (5235 chars) ---
Тебе даны выдержки из Википедии. Отвечай на их основе. Ответь коротко и по существу: 1–3 предложения, только то, о чём спрашивают. Не пересказывай выдержки, не добавляй посторонние факты и не нумеруй пункты, если вопрос не про перечень. Если вопрос требует сравнения двух и более вещей — до 5 предложений. Если в выдержках совсем нет нужной информации — скажи «не знаю по приведённым выдержкам». Отвечай на русском языке.

=== ВЫДЕРЖКИ ИЗ ВИКИ ===
=== Байкал ===
Карточка:
Страна: Россия
Абсолютная высота: 456—457 м
Размеры: 636 × 79,5 км
Площадь: 31 722 км²
Объём: 23 615,39 км³
Береговая линия: 2000 км
Наибольшая глубина: 1642 м
Средняя глубина: 744,4 м
Тип минерализации: Пресное
Солёность: 0,120 ‰
Прозрачность: 40 м
Площадь бассейна: 571 000 км²
Байкал Байка́л (бур. Байгал далай) — озеро тектонического происхождения в южной части Восточной Сибири площадью 31 722 км². Самое глубокое озеро на планете, крупнейший природный резервуар пресной воды и самое большое по площади пресноводное озеро Евразии. … Дно Байкала в самой глубокой его части на 1187 метров ниже уровня Мирового океана. … Глубины См. также: Список глубочайших озёр мира и Список глубочайших озёр России Байкал — самое глубокое озеро на Земле. … Если учесть, что водная гладь озера находится на высоте 456 м над уровнем моря, то нижняя точка котловины лежит на 1186 м ниже уровня мирового океана, что делает чашу Байкала также одной из самых глубоких материковых впадин. … Самый крупный из них — Ольхон (71 км в длину и 12 км в ширину, расположен почти в центре озера у его западного побережья, площадь — 729 км², по другим данным — 700 км²). … В частности, деятельность грязевых вулканов на дне озера позволяет учёным предполагать, что современной береговой линии Байкала всего лишь 8 тысяч лет, а глубоководной части — 150 тысяч лет.

=== Глубокое озеро ===
Глубокое озеро Глубо́кое о́зеро: Беларусь Глубокое озеро — озеро в Полоцком районе Витебской области. Россия Карелия Глубокое озеро — озеро в Кемском районе Республики Карелии. Глубокое — озеро в Лоухском районе Республики Карелии. Красноярский край Глубокое озеро — крупное озеро на севере Красноярского края, в 55 км к востоку от Норильска, бассейн Пясины. Другое название озера — Омук-Кюёль. Глубокое озеро — озеро на севере Красноярского края, на Лишнем острове в архипелаге Северная Земля. Координаты: 79°11′27″ с. ш. 103°21′00″ в. д.. Ленинградская область Глубокое озеро — одно из самых больших озёр на Карельском перешейке, в Выборгском районе Ленинградской области, бассейн реки Вуоксы. Глубокое озеро — озеро в Кингисеппском районе Ленинградской области, бассейн реки Хаболовки. Московская область Глубокое озеро — озеро в Рузском районе Московской области, бассейн Истры. Глубокое озеро — озеро в Шатурском районе на востоке Московской области. … См. также Глубокое (значения) Deep Lake (англ.) Байкал — самое глубокое озеро на Земле.

=== Самоа ===
Карточка:
Столица: Апиа
Валюта: самоанская тала
Часовой пояс: UTC+13
Дата независимости: 1 января 1962 года (от Новой Зеландии)
Официальные языки: самоанский и английский
Форма правления: парламентская республика
О ле Ао О ле Мало: Туималеалиифано Ваалетоа Суалауви
Премьер-министр: Лааули Леуатеа Шмидт
• Всего: 2832 км² (166-я в мире)
• % водной поверхности: 0,3
• Оценка: 205 557 чел. (176-е)
• Плотность: 70 чел./км²
Самоа Не следует путать с Американским Самоа — владением США в восточной части архипелага Самоа. Само́а (самоан. Sāmoa, англ. Samoa [səˈmoʊə]), официальное название — Незави́симое госуда́рство Само́а (самоан. Malo Sa’oloto Tuto’atasi o Samoa, англ. … Вершины на двух крупных островах прорезаны глубокими ущельями, в которых расположены широкие долины. … Самоа в XX веке 29 августа 1914 года новозеландский отряд численностью 1374 человека с целью захвата германской радиостанции высадился на Уполу. Не получив отпора от немцев, новозеландцы быстро овладели островами. … Приблизительно пятая часть населения Самоа умерла в результате эпидемии гриппа 1918—1919 годов — отчасти из-за того, что новозеландские власти не смогли обеспечить карантин. В начале 1920-х жители Западного Самоа основали патриотическую организацию «Мау» («Мнение») с лозунгом «Самоа для самоанцев», представлявшую собой ненасильственное народное движение против плохого обращения новозеландской администрации с народом Самоа.

=== Само ===
Карточка:
Дата рождения: не ранее 558 и не позднее 623
Дата смерти: 658
Место рождения: Санс, Франция
Рождение: не ранее 558 и не позднее 623 Санс, Франция или county of Sundgau
Деятельность: правительство
Само Са́мо (ум. в 658) — первый известный по имени славянский князь, основатель государства Само. Биография Согласно хронике Фредегара, Само был франкским торговцем из Сенонской области. Он возглавил восстание славян (венедов) против Аварского каганата, был избран королём (военным вождем) и, в итоге, выиграл войну. В хронике Фредегара это событие относится к 623 году. Гипотезу о франкском происхождении Само поддерживают не все источники. Так поздняя традиция, записанная в созданном около 870 года в Баварии тексте «Обращение баваров и хорутан» (лат. «Conversio Bagoariorum et Carantanorum»), называет Само славянином: «Во времена 

=== КОНЕЦ ВЫДЕРЖЕК ===

Вопрос: почему Байкал самое глубокое озеро
===== REPLY 2026-09-07 07:35:27.143 q=почему Байкал самое глубокое озеро 128tok 32748ms =====
Байкал считается самым глубоким озером мира, так как его самая глубокая точка находится на **1642 метра** ниже уровня моря. Это делает дно Байкала материковой впадиной глубже других известных геологических формаций (включая Марианскую/Филиппинский желобки). Его объём воды — 23 600 км³ — соответствует мировому рекам Миссисипи и Нилу вместе взятых за месяц.

===== PROMPT 2026-09-07 07:35:31.214 q=почему Байкал самое глубокое озеро =====
--- system (390 chars) ---
Ты — полезный ассистент. Отвечай содержательно и на русском языке. Если не знаешь точно — напиши «не знаю» вместо догадок. Не повторяй одну и ту же мысль или слово.

Дай развёрнутый, законченный ответ объёмом примерно 400 слов (не обрывай на полуслове). Структурируй ответ в Markdown: короткие абзацы, при необходимости подзаголовки (##), маркированные списки и **жирным** выделяй ключевое.
--- msg[0] user (34 chars) ---
почему Байкал самое глубокое озеро
--- msg[1] assistant (357 chars) ---
Байкал считается самым глубоким озером мира, так как его самая глубокая точка находится на **1642 метра** ниже уровня моря. Это делает дно Байкала материковой впадиной глубже других известных геологических формаций (включая Марианскую/Филиппинский желобки). Его объём воды — 23 600 км³ — соответствует мировому рекам Миссисипи и Нилу вместе взятых за месяц.
--- msg[2] user (5235 chars) ---
Тебе даны выдержки из Википедии. Отвечай на их основе. Ответь коротко и по существу: 1–3 предложения, только то, о чём спрашивают. Не пересказывай выдержки, не добавляй посторонние факты и не нумеруй пункты, если вопрос не про перечень. Если вопрос требует сравнения двух и более вещей — до 5 предложений. Если в выдержках совсем нет нужной информации — скажи «не знаю по приведённым выдержкам». Отвечай на русском языке.

=== ВЫДЕРЖКИ ИЗ ВИКИ ===
=== Байкал ===
Карточка:
Страна: Россия
Абсолютная высота: 456—457 м
Размеры: 636 × 79,5 км
Площадь: 31 722 км²
Объём: 23 615,39 км³
Береговая линия: 2000 км
Наибольшая глубина: 1642 м
Средняя глубина: 744,4 м
Тип минерализации: Пресное
Солёность: 0,120 ‰
Прозрачность: 40 м
Площадь бассейна: 571 000 км²
Байкал Байка́л (бур. Байгал далай) — озеро тектонического происхождения в южной части Восточной Сибири площадью 31 722 км². Самое глубокое озеро на планете, крупнейший природный резервуар пресной воды и самое большое по площади пресноводное озеро Евразии. … Дно Байкала в самой глубокой его части на 1187 метров ниже уровня Мирового океана. … Глубины См. также: Список глубочайших озёр мира и Список глубочайших озёр России Байкал — самое глубокое озеро на Земле. … Если учесть, что водная гладь озера находится на высоте 456 м над уровнем моря, то нижняя точка котловины лежит на 1186 м ниже уровня мирового океана, что делает чашу Байкала также одной из самых глубоких материковых впадин. … Самый крупный из них — Ольхон (71 км в длину и 12 км в ширину, расположен почти в центре озера у его западного побережья, площадь — 729 км², по другим данным — 700 км²). … В частности, деятельность грязевых вулканов на дне озера позволяет учёным предполагать, что современной береговой линии Байкала всего лишь 8 тысяч лет, а глубоководной части — 150 тысяч лет.

=== Глубокое озеро ===
Глубокое озеро Глубо́кое о́зеро: Беларусь Глубокое озеро — озеро в Полоцком районе Витебской области. Россия Карелия Глубокое озеро — озеро в Кемском районе Республики Карелии. Глубокое — озеро в Лоухском районе Республики Карелии. Красноярский край Глубокое озеро — крупное озеро на севере Красноярского края, в 55 км к востоку от Норильска, бассейн Пясины. Другое название озера — Омук-Кюёль. Глубокое озеро — озеро на севере Красноярского края, на Лишнем острове в архипелаге Северная Земля. Координаты: 79°11′27″ с. ш. 103°21′00″ в. д.. Ленинградская область Глубокое озеро — одно из самых больших озёр на Карельском перешейке, в Выборгском районе Ленинградской области, бассейн реки Вуоксы. Глубокое озеро — озеро в Кингисеппском районе Ленинградской области, бассейн реки Хаболовки. Московская область Глубокое озеро — озеро в Рузском районе Московской области, бассейн Истры. Глубокое озеро — озеро в Шатурском районе на востоке Московской области. … См. также Глубокое (значения) Deep Lake (англ.) Байкал — самое глубокое озеро на Земле.

=== Самоа ===
Карточка:
Столица: Апиа
Валюта: самоанская тала
Часовой пояс: UTC+13
Дата независимости: 1 января 1962 года (от Новой Зеландии)
Официальные языки: самоанский и английский
Форма правления: парламентская республика
О ле Ао О ле Мало: Туималеалиифано Ваалетоа Суалауви
Премьер-министр: Лааули Леуатеа Шмидт
• Всего: 2832 км² (166-я в мире)
• % водной поверхности: 0,3
• Оценка: 205 557 чел. (176-е)
• Плотность: 70 чел./км²
Самоа Не следует путать с Американским Самоа — владением США в восточной части архипелага Самоа. Само́а (самоан. Sāmoa, англ. Samoa [səˈmoʊə]), официальное название — Незави́симое госуда́рство Само́а (самоан. Malo Sa’oloto Tuto’atasi o Samoa, англ. … Вершины на двух крупных островах прорезаны глубокими ущельями, в которых расположены широкие долины. … Самоа в XX веке 29 августа 1914 года новозеландский отряд численностью 1374 человека с целью захвата германской радиостанции высадился на Уполу. Не получив отпора от немцев, новозеландцы быстро овладели островами. … Приблизительно пятая часть населения Самоа умерла в результате эпидемии гриппа 1918—1919 годов — отчасти из-за того, что новозеландские власти не смогли обеспечить карантин. В начале 1920-х жители Западного Самоа основали патриотическую организацию «Мау» («Мнение») с лозунгом «Самоа для самоанцев», представлявшую собой ненасильственное народное движение против плохого обращения новозеландской администрации с народом Самоа.

=== Само ===
Карточка:
Дата рождения: не ранее 558 и не позднее 623
Дата смерти: 658
Место рождения: Санс, Франция
Рождение: не ранее 558 и не позднее 623 Санс, Франция или county of Sundgau
Деятельность: правительство
Само Са́мо (ум. в 658) — первый известный по имени славянский князь, основатель государства Само. Биография Согласно хронике Фредегара, Само был франкским торговцем из Сенонской области. Он возглавил восстание славян (венедов) против Аварского каганата, был избран королём (военным вождем) и, в итоге, выиграл войну. В хронике Фредегара это событие относится к 623 году. Гипотезу о франкском происхождении Само поддерживают не все источники. Так поздняя традиция, записанная в созданном около 870 года в Баварии тексте «Обращение баваров и хорутан» (лат. «Conversio Bagoariorum et Carantanorum»), называет Само славянином: «Во времена 

=== КОНЕЦ ВЫДЕРЖЕК ===

Вопрос: почему Байкал самое глубокое озеро
===== REPLY 2026-09-07 07:35:52.528 q=почему Байкал самое глубокое озеро 93tok 22278ms =====
Байкал — самое глубокое озеро на Земле, так как его дно лежит **1642 м** ниже уровня Мирового океана. Это делает материковую впадину Байкала одной из самых глобальных по объёму (в 8 раз больше Марианского желоба) и природных формаций с пресной водой

===== PROMPT 2026-09-07 07:35:56.819 q=почему Байкал самое глубокое озеро =====
--- system (390 chars) ---
Ты — полезный ассистент. Отвечай содержательно и на русском языке. Если не знаешь точно — напиши «не знаю» вместо догадок. Не повторяй одну и ту же мысль или слово.

Дай развёрнутый, законченный ответ объёмом примерно 400 слов (не обрывай на полуслове). Структурируй ответ в Markdown: короткие абзацы, при необходимости подзаголовки (##), маркированные списки и **жирным** выделяй ключевое.
--- msg[0] user (34 chars) ---
почему Байкал самое глубокое озеро
--- msg[1] assistant (357 chars) ---
Байкал считается самым глубоким озером мира, так как его самая глубокая точка находится на **1642 метра** ниже уровня моря. Это делает дно Байкала материковой впадиной глубже других известных геологических формаций (включая Марианскую/Филиппинский желобки). Его объём воды — 23 600 км³ — соответствует мировому рекам Миссисипи и Нилу вместе взятых за месяц.
--- msg[2] user (34 chars) ---
почему Байкал самое глубокое озеро
--- msg[3] assistant (249 chars) ---
Байкал — самое глубокое озеро на Земле, так как его дно лежит **1642 м** ниже уровня Мирового океана. Это делает материковую впадину Байкала одной из самых глобальных по объёму (в 8 раз больше Марианского желоба) и природных формаций с пресной водой
--- msg[4] user (5235 chars) ---
Тебе даны выдержки из Википедии. Отвечай на их основе. Ответь коротко и по существу: 1–3 предложения, только то, о чём спрашивают. Не пересказывай выдержки, не добавляй посторонние факты и не нумеруй пункты, если вопрос не про перечень. Если вопрос требует сравнения двух и более вещей — до 5 предложений. Если в выдержках совсем нет нужной информации — скажи «не знаю по приведённым выдержкам». Отвечай на русском языке.

=== ВЫДЕРЖКИ ИЗ ВИКИ ===
=== Байкал ===
Карточка:
Страна: Россия
Абсолютная высота: 456—457 м
Размеры: 636 × 79,5 км
Площадь: 31 722 км²
Объём: 23 615,39 км³
Береговая линия: 2000 км
Наибольшая глубина: 1642 м
Средняя глубина: 744,4 м
Тип минерализации: Пресное
Солёность: 0,120 ‰
Прозрачность: 40 м
Площадь бассейна: 571 000 км²
Байкал Байка́л (бур. Байгал далай) — озеро тектонического происхождения в южной части Восточной Сибири площадью 31 722 км². Самое глубокое озеро на планете, крупнейший природный резервуар пресной воды и самое большое по площади пресноводное озеро Евразии. … Дно Байкала в самой глубокой его части на 1187 метров ниже уровня Мирового океана. … Глубины См. также: Список глубочайших озёр мира и Список глубочайших озёр России Байкал — самое глубокое озеро на Земле. … Если учесть, что водная гладь озера находится на высоте 456 м над уровнем моря, то нижняя точка котловины лежит на 1186 м ниже уровня мирового океана, что делает чашу Байкала также одной из самых глубоких материковых впадин. … Самый крупный из них — Ольхон (71 км в длину и 12 км в ширину, расположен почти в центре озера у его западного побережья, площадь — 729 км², по другим данным — 700 км²). … В частности, деятельность грязевых вулканов на дне озера позволяет учёным предполагать, что современной береговой линии Байкала всего лишь 8 тысяч лет, а глубоководной части — 150 тысяч лет.

=== Глубокое озеро ===
Глубокое озеро Глубо́кое о́зеро: Беларусь Глубокое озеро — озеро в Полоцком районе Витебской области. Россия Карелия Глубокое озеро — озеро в Кемском районе Республики Карелии. Глубокое — озеро в Лоухском районе Республики Карелии. Красноярский край Глубокое озеро — крупное озеро на севере Красноярского края, в 55 км к востоку от Норильска, бассейн Пясины. Другое название озера — Омук-Кюёль. Глубокое озеро — озеро на севере Красноярского края, на Лишнем острове в архипелаге Северная Земля. Координаты: 79°11′27″ с. ш. 103°21′00″ в. д.. Ленинградская область Глубокое озеро — одно из самых больших озёр на Карельском перешейке, в Выборгском районе Ленинградской области, бассейн реки Вуоксы. Глубокое озеро — озеро в Кингисеппском районе Ленинградской области, бассейн реки Хаболовки. Московская область Глубокое озеро — озеро в Рузском районе Московской области, бассейн Истры. Глубокое озеро — озеро в Шатурском районе на востоке Московской области. … См. также Глубокое (значения) Deep Lake (англ.) Байкал — самое глубокое озеро на Земле.

=== Самоа ===
Карточка:
Столица: Апиа
Валюта: самоанская тала
Часовой пояс: UTC+13
Дата независимости: 1 января 1962 года (от Новой Зеландии)
Официальные языки: самоанский и английский
Форма правления: парламентская республика
О ле Ао О ле Мало: Туималеалиифано Ваалетоа Суалауви
Премьер-министр: Лааули Леуатеа Шмидт
• Всего: 2832 км² (166-я в мире)
• % водной поверхности: 0,3
• Оценка: 205 557 чел. (176-е)
• Плотность: 70 чел./км²
Самоа Не следует путать с Американским Самоа — владением США в восточной части архипелага Самоа. Само́а (самоан. Sāmoa, англ. Samoa [səˈmoʊə]), официальное название — Незави́симое госуда́рство Само́а (самоан. Malo Sa’oloto Tuto’atasi o Samoa, англ. … Вершины на двух крупных островах прорезаны глубокими ущельями, в которых расположены широкие долины. … Самоа в XX веке 29 августа 1914 года новозеландский отряд численностью 1374 человека с целью захвата германской радиостанции высадился на Уполу. Не получив отпора от немцев, новозеландцы быстро овладели островами. … Приблизительно пятая часть населения Самоа умерла в результате эпидемии гриппа 1918—1919 годов — отчасти из-за того, что новозеландские власти не смогли обеспечить карантин. В начале 1920-х жители Западного Самоа основали патриотическую организацию «Мау» («Мнение») с лозунгом «Самоа для самоанцев», представлявшую собой ненасильственное народное движение против плохого обращения новозеландской администрации с народом Самоа.

=== Само ===
Карточка:
Дата рождения: не ранее 558 и не позднее 623
Дата смерти: 658
Место рождения: Санс, Франция
Рождение: не ранее 558 и не позднее 623 Санс, Франция или county of Sundgau
Деятельность: правительство
Само Са́мо (ум. в 658) — первый известный по имени славянский князь, основатель государства Само. Биография Согласно хронике Фредегара, Само был франкским торговцем из Сенонской области. Он возглавил восстание славян (венедов) против Аварского каганата, был избран королём (военным вождем) и, в итоге, выиграл войну. В хронике Фредегара это событие относится к 623 году. Гипотезу о франкском происхождении Само поддерживают не все источники. Так поздняя традиция, записанная в созданном около 870 года в Баварии тексте «Обращение баваров и хорутан» (лат. «Conversio Bagoariorum et Carantanorum»), называет Само славянином: «Во времена 

=== КОНЕЦ ВЫДЕРЖЕК ===

Вопрос: почему Байкал самое глубокое озеро
===== REPLY 2026-09-07 07:36:16.702 q=почему Байкал самое глубокое озеро 80tok 20777ms =====
Байкал — самое глубокое озеро на Земле, так как его дно лежит **1642 м** ниже уровня Мирового океана. Это делает материковую впадину Байкала одной из самых глобальных по объёму и природных формаций с пресной водой

===== PROMPT 2026-09-07 07:36:22.401 q=почему Байкал самое глубокое озеро =====
--- system (390 chars) ---
Ты — полезный ассистент. Отвечай содержательно и на русском языке. Если не знаешь точно — напиши «не знаю» вместо догадок. Не повторяй одну и ту же мысль или слово.

Дай развёрнутый, законченный ответ объёмом примерно 400 слов (не обрывай на полуслове). Структурируй ответ в Markdown: короткие абзацы, при необходимости подзаголовки (##), маркированные списки и **жирным** выделяй ключевое.
--- msg[0] user (34 chars) ---
почему Байкал самое глубокое озеро
--- msg[1] assistant (357 chars) ---
Байкал считается самым глубоким озером мира, так как его самая глубокая точка находится на **1642 метра** ниже уровня моря. Это делает дно Байкала материковой впадиной глубже других известных геологических формаций (включая Марианскую/Филиппинский желобки). Его объём воды — 23 600 км³ — соответствует мировому рекам Миссисипи и Нилу вместе взятых за месяц.
--- msg[2] user (34 chars) ---
почему Байкал самое глубокое озеро
--- msg[3] assistant (249 chars) ---
Байкал — самое глубокое озеро на Земле, так как его дно лежит **1642 м** ниже уровня Мирового океана. Это делает материковую впадину Байкала одной из самых глобальных по объёму (в 8 раз больше Марианского желоба) и природных формаций с пресной водой
--- msg[4] user (34 chars) ---
почему Байкал самое глубокое озеро
--- msg[5] assistant (213 chars) ---
Байкал — самое глубокое озеро на Земле, так как его дно лежит **1642 м** ниже уровня Мирового океана. Это делает материковую впадину Байкала одной из самых глобальных по объёму и природных формаций с пресной водой
--- msg[6] user (5235 chars) ---
Тебе даны выдержки из Википедии. Отвечай на их основе. Ответь коротко и по существу: 1–3 предложения, только то, о чём спрашивают. Не пересказывай выдержки, не добавляй посторонние факты и не нумеруй пункты, если вопрос не про перечень. Если вопрос требует сравнения двух и более вещей — до 5 предложений. Если в выдержках совсем нет нужной информации — скажи «не знаю по приведённым выдержкам». Отвечай на русском языке.

=== ВЫДЕРЖКИ ИЗ ВИКИ ===
=== Байкал ===
Карточка:
Страна: Россия
Абсолютная высота: 456—457 м
Размеры: 636 × 79,5 км
Площадь: 31 722 км²
Объём: 23 615,39 км³
Береговая линия: 2000 км
Наибольшая глубина: 1642 м
Средняя глубина: 744,4 м
Тип минерализации: Пресное
Солёность: 0,120 ‰
Прозрачность: 40 м
Площадь бассейна: 571 000 км²
Байкал Байка́л (бур. Байгал далай) — озеро тектонического происхождения в южной части Восточной Сибири площадью 31 722 км². Самое глубокое озеро на планете, крупнейший природный резервуар пресной воды и самое большое по площади пресноводное озеро Евразии. … Дно Байкала в самой глубокой его части на 1187 метров ниже уровня Мирового океана. … Глубины См. также: Список глубочайших озёр мира и Список глубочайших озёр России Байкал — самое глубокое озеро на Земле. … Если учесть, что водная гладь озера находится на высоте 456 м над уровнем моря, то нижняя точка котловины лежит на 1186 м ниже уровня мирового океана, что делает чашу Байкала также одной из самых глубоких материковых впадин. … Самый крупный из них — Ольхон (71 км в длину и 12 км в ширину, расположен почти в центре озера у его западного побережья, площадь — 729 км², по другим данным — 700 км²). … В частности, деятельность грязевых вулканов на дне озера позволяет учёным предполагать, что современной береговой линии Байкала всего лишь 8 тысяч лет, а глубоководной части — 150 тысяч лет.

=== Глубокое озеро ===
Глубокое озеро Глубо́кое о́зеро: Беларусь Глубокое озеро — озеро в Полоцком районе Витебской области. Россия Карелия Глубокое озеро — озеро в Кемском районе Республики Карелии. Глубокое — озеро в Лоухском районе Республики Карелии. Красноярский край Глубокое озеро — крупное озеро на севере Красноярского края, в 55 км к востоку от Норильска, бассейн Пясины. Другое название озера — Омук-Кюёль. Глубокое озеро — озеро на севере Красноярского края, на Лишнем острове в архипелаге Северная Земля. Координаты: 79°11′27″ с. ш. 103°21′00″ в. д.. Ленинградская область Глубокое озеро — одно из самых больших озёр на Карельском перешейке, в Выборгском районе Ленинградской области, бассейн реки Вуоксы. Глубокое озеро — озеро в Кингисеппском районе Ленинградской области, бассейн реки Хаболовки. Московская область Глубокое озеро — озеро в Рузском районе Московской области, бассейн Истры. Глубокое озеро — озеро в Шатурском районе на востоке Московской области. … См. также Глубокое (значения) Deep Lake (англ.) Байкал — самое глубокое озеро на Земле.

=== Самоа ===
Карточка:
Столица: Апиа
Валюта: самоанская тала
Часовой пояс: UTC+13
Дата независимости: 1 января 1962 года (от Новой Зеландии)
Официальные языки: самоанский и английский
Форма правления: парламентская республика
О ле Ао О ле Мало: Туималеалиифано Ваалетоа Суалауви
Премьер-министр: Лааули Леуатеа Шмидт
• Всего: 2832 км² (166-я в мире)
• % водной поверхности: 0,3
• Оценка: 205 557 чел. (176-е)
• Плотность: 70 чел./км²
Самоа Не следует путать с Американским Самоа — владением США в восточной части архипелага Самоа. Само́а (самоан. Sāmoa, англ. Samoa [səˈmoʊə]), официальное название — Незави́симое госуда́рство Само́а (самоан. Malo Sa’oloto Tuto’atasi o Samoa, англ. … Вершины на двух крупных островах прорезаны глубокими ущельями, в которых расположены широкие долины. … Самоа в XX веке 29 августа 1914 года новозеландский отряд численностью 1374 человека с целью захвата германской радиостанции высадился на Уполу. Не получив отпора от немцев, новозеландцы быстро овладели островами. … Приблизительно пятая часть населения Самоа умерла в результате эпидемии гриппа 1918—1919 годов — отчасти из-за того, что новозеландские власти не смогли обеспечить карантин. В начале 1920-х жители Западного Самоа основали патриотическую организацию «Мау» («Мнение») с лозунгом «Самоа для самоанцев», представлявшую собой ненасильственное народное движение против плохого обращения новозеландской администрации с народом Самоа.

=== Само ===
Карточка:
Дата рождения: не ранее 558 и не позднее 623
Дата смерти: 658
Место рождения: Санс, Франция
Рождение: не ранее 558 и не позднее 623 Санс, Франция или county of Sundgau
Деятельность: правительство
Само Са́мо (ум. в 658) — первый известный по имени славянский князь, основатель государства Само. Биография Согласно хронике Фредегара, Само был франкским торговцем из Сенонской области. Он возглавил восстание славян (венедов) против Аварского каганата, был избран королём (военным вождем) и, в итоге, выиграл войну. В хронике Фредегара это событие относится к 623 году. Гипотезу о франкском происхождении Само поддерживают не все источники. Так поздняя традиция, записанная в созданном около 870 года в Баварии тексте «Обращение баваров и хорутан» (лат. «Conversio Bagoariorum et Carantanorum»), называет Само славянином: «Во времена 

=== КОНЕЦ ВЫДЕРЖЕК ===

Вопрос: почему Байкал самое глубокое озеро
===== REPLY 2026-09-07 07:36:42.508 q=почему Байкал самое глубокое озеро 80tok 20954ms =====
Байкал считается самым глубоким озером на Земле, так как его дно лежит **1642 м ниже уровня Мирового океана**. Это делает материковую впадину Байкала одной из самых глобальных по объёму и природных формаций с пресной водой

===== PROMPT 2026-09-07 07:36:48.000 q=почему Байкал самое глубокое озеро =====
--- system (390 chars) ---
Ты — полезный ассистент. Отвечай содержательно и на русском языке. Если не знаешь точно — напиши «не знаю» вместо догадок. Не повторяй одну и ту же мысль или слово.

Дай развёрнутый, законченный ответ объёмом примерно 400 слов (не обрывай на полуслове). Структурируй ответ в Markdown: короткие абзацы, при необходимости подзаголовки (##), маркированные списки и **жирным** выделяй ключевое.
--- msg[0] user (34 chars) ---
почему Байкал самое глубокое озеро
--- msg[1] assistant (249 chars) ---
Байкал — самое глубокое озеро на Земле, так как его дно лежит **1642 м** ниже уровня Мирового океана. Это делает материковую впадину Байкала одной из самых глобальных по объёму (в 8 раз больше Марианского желоба) и природных формаций с пресной водой
--- msg[2] user (34 chars) ---
почему Байкал самое глубокое озеро
--- msg[3] assistant (213 chars) ---
Байкал — самое глубокое озеро на Земле, так как его дно лежит **1642 м** ниже уровня Мирового океана. Это делает материковую впадину Байкала одной из самых глобальных по объёму и природных формаций с пресной водой
--- msg[4] user (34 chars) ---
почему Байкал самое глубокое озеро
--- msg[5] assistant (222 chars) ---
Байкал считается самым глубоким озером на Земле, так как его дно лежит **1642 м ниже уровня Мирового океана**. Это делает материковую впадину Байкала одной из самых глобальных по объёму и природных формаций с пресной водой
--- msg[6] user (5235 chars) ---
Тебе даны выдержки из Википедии. Отвечай на их основе. Ответь коротко и по существу: 1–3 предложения, только то, о чём спрашивают. Не пересказывай выдержки, не добавляй посторонние факты и не нумеруй пункты, если вопрос не про перечень. Если вопрос требует сравнения двух и более вещей — до 5 предложений. Если в выдержках совсем нет нужной информации — скажи «не знаю по приведённым выдержкам». Отвечай на русском языке.

=== ВЫДЕРЖКИ ИЗ ВИКИ ===
=== Байкал ===
Карточка:
Страна: Россия
Абсолютная высота: 456—457 м
Размеры: 636 × 79,5 км
Площадь: 31 722 км²
Объём: 23 615,39 км³
Береговая линия: 2000 км
Наибольшая глубина: 1642 м
Средняя глубина: 744,4 м
Тип минерализации: Пресное
Солёность: 0,120 ‰
Прозрачность: 40 м
Площадь бассейна: 571 000 км²
Байкал Байка́л (бур. Байгал далай) — озеро тектонического происхождения в южной части Восточной Сибири площадью 31 722 км². Самое глубокое озеро на планете, крупнейший природный резервуар пресной воды и самое большое по площади пресноводное озеро Евразии. … Дно Байкала в самой глубокой его части на 1187 метров ниже уровня Мирового океана. … Глубины См. также: Список глубочайших озёр мира и Список глубочайших озёр России Байкал — самое глубокое озеро на Земле. … Если учесть, что водная гладь озера находится на высоте 456 м над уровнем моря, то нижняя точка котловины лежит на 1186 м ниже уровня мирового океана, что делает чашу Байкала также одной из самых глубоких материковых впадин. … Самый крупный из них — Ольхон (71 км в длину и 12 км в ширину, расположен почти в центре озера у его западного побережья, площадь — 729 км², по другим данным — 700 км²). … В частности, деятельность грязевых вулканов на дне озера позволяет учёным предполагать, что современной береговой линии Байкала всего лишь 8 тысяч лет, а глубоководной части — 150 тысяч лет.

=== Глубокое озеро ===
Глубокое озеро Глубо́кое о́зеро: Беларусь Глубокое озеро — озеро в Полоцком районе Витебской области. Россия Карелия Глубокое озеро — озеро в Кемском районе Республики Карелии. Глубокое — озеро в Лоухском районе Республики Карелии. Красноярский край Глубокое озеро — крупное озеро на севере Красноярского края, в 55 км к востоку от Норильска, бассейн Пясины. Другое название озера — Омук-Кюёль. Глубокое озеро — озеро на севере Красноярского края, на Лишнем острове в архипелаге Северная Земля. Координаты: 79°11′27″ с. ш. 103°21′00″ в. д.. Ленинградская область Глубокое озеро — одно из самых больших озёр на Карельском перешейке, в Выборгском районе Ленинградской области, бассейн реки Вуоксы. Глубокое озеро — озеро в Кингисеппском районе Ленинградской области, бассейн реки Хаболовки. Московская область Глубокое озеро — озеро в Рузском районе Московской области, бассейн Истры. Глубокое озеро — озеро в Шатурском районе на востоке Московской области. … См. также Глубокое (значения) Deep Lake (англ.) Байкал — самое глубокое озеро на Земле.

=== Самоа ===
Карточка:
Столица: Апиа
Валюта: самоанская тала
Часовой пояс: UTC+13
Дата независимости: 1 января 1962 года (от Новой Зеландии)
Официальные языки: самоанский и английский
Форма правления: парламентская республика
О ле Ао О ле Мало: Туималеалиифано Ваалетоа Суалауви
Премьер-министр: Лааули Леуатеа Шмидт
• Всего: 2832 км² (166-я в мире)
• % водной поверхности: 0,3
• Оценка: 205 557 чел. (176-е)
• Плотность: 70 чел./км²
Самоа Не следует путать с Американским Самоа — владением США в восточной части архипелага Самоа. Само́а (самоан. Sāmoa, англ. Samoa [səˈmoʊə]), официальное название — Незави́симое госуда́рство Само́а (самоан. Malo Sa’oloto Tuto’atasi o Samoa, англ. … Вершины на двух крупных островах прорезаны глубокими ущельями, в которых расположены широкие долины. … Самоа в XX веке 29 августа 1914 года новозеландский отряд численностью 1374 человека с целью захвата германской радиостанции высадился на Уполу. Не получив отпора от немцев, новозеландцы быстро овладели островами. … Приблизительно пятая часть населения Самоа умерла в результате эпидемии гриппа 1918—1919 годов — отчасти из-за того, что новозеландские власти не смогли обеспечить карантин. В начале 1920-х жители Западного Самоа основали патриотическую организацию «Мау» («Мнение») с лозунгом «Самоа для самоанцев», представлявшую собой ненасильственное народное движение против плохого обращения новозеландской администрации с народом Самоа.

=== Само ===
Карточка:
Дата рождения: не ранее 558 и не позднее 623
Дата смерти: 658
Место рождения: Санс, Франция
Рождение: не ранее 558 и не позднее 623 Санс, Франция или county of Sundgau
Деятельность: правительство
Само Са́мо (ум. в 658) — первый известный по имени славянский князь, основатель государства Само. Биография Согласно хронике Фредегара, Само был франкским торговцем из Сенонской области. Он возглавил восстание славян (венедов) против Аварского каганата, был избран королём (военным вождем) и, в итоге, выиграл войну. В хронике Фредегара это событие относится к 623 году. Гипотезу о франкском происхождении Само поддерживают не все источники. Так поздняя традиция, записанная в созданном около 870 года в Баварии тексте «Обращение баваров и хорутан» (лат. «Conversio Bagoariorum et Carantanorum»), называет Само славянином: «Во времена 

=== КОНЕЦ ВЫДЕРЖЕК ===

Вопрос: почему Байкал самое глубокое озеро
===== REPLY 2026-09-07 07:37:08.106 q=почему Байкал самое глубокое озеро 80tok 20958ms =====
Байкал считается самым глубоким озером на Земле, так как его дно лежит **1642 м ниже уровня Мирового океана**. Это делает материковую впадину Байкала одной из самых глобальных по объёму и природных формаций с пресной водой

===== PROMPT 2026-09-07 11:38:32.806 q=почему Юпитер называют газовым гигантом =====
--- system (390 chars) ---
Ты — полезный ассистент. Отвечай содержательно и на русском языке. Если не знаешь точно — напиши «не знаю» вместо догадок. Не повторяй одну и ту же мысль или слово.

Дай развёрнутый, законченный ответ объёмом примерно 400 слов (не обрывай на полуслове). Структурируй ответ в Markdown: короткие абзацы, при необходимости подзаголовки (##), маркированные списки и **жирным** выделяй ключевое.
--- msg[0] user (34 chars) ---
почему Байкал самое глубокое озеро
--- msg[1] assistant (213 chars) ---
Байкал — самое глубокое озеро на Земле, так как его дно лежит **1642 м** ниже уровня Мирового океана. Это делает материковую впадину Байкала одной из самых глобальных по объёму и природных формаций с пресной водой
--- msg[2] user (34 chars) ---
почему Байкал самое глубокое озеро
--- msg[3] assistant (222 chars) ---
Байкал считается самым глубоким озером на Земле, так как его дно лежит **1642 м ниже уровня Мирового океана**. Это делает материковую впадину Байкала одной из самых глобальных по объёму и природных формаций с пресной водой
--- msg[4] user (34 chars) ---
почему Байкал самое глубокое озеро
--- msg[5] assistant (222 chars) ---
Байкал считается самым глубоким озером на Земле, так как его дно лежит **1642 м ниже уровня Мирового океана**. Это делает материковую впадину Байкала одной из самых глобальных по объёму и природных формаций с пресной водой
--- msg[6] user (4924 chars) ---
Тебе даны выдержки из Википедии. Отвечай на их основе. Ответь коротко и по существу: 1–3 предложения, только то, о чём спрашивают. Не пересказывай выдержки, не добавляй посторонние факты и не нумеруй пункты, если вопрос не про перечень. Если вопрос требует сравнения двух и более вещей — до 5 предложений. Если в выдержках совсем нет нужной информации — скажи «не знаю по приведённым выдержкам». Отвечай на русском языке.

=== ВЫДЕРЖКИ ИЗ ВИКИ ===
=== Юпитер ===
Карточка:
Перигелий: 7,405736⋅108 км (4,950429 а. e.)
Афелий: 8,165208⋅108 км (5,458104 а. e.)
Большая полуось ( a): 7,785472⋅108 км (5,204267 а. e.)
Эксцентриситет орбиты (e): 0,048775
Сидерический период обращения: 4332,589 дня (11,8618 года)
Синодический период обращения: 398,88 дня
Орбитальная скорость (v): 13,07 км/с (средн.)
Наклонение (i): 1,304° (относительно эклиптики) 6,09° (относительно солнечного экватора)
Долгота восходящего узла (Ω): 100,55615°
Аргумент перицентра (ω): 275,066°
Чей спутник: Солнце
Спутники: 95
Юпитер Юпи́тер — самая большая планета в Солнечной системе, пятая по удалённости от Солнца. Наряду с Сатурном Юпитер классифицируется как газовый гигант. … Примечательным образованием в атмосфере является Большое красное пятно — гигантский шторм, известный с XIX (а возможно, и с XVII) века. … Юпитер среди планет Солнечной системы Масса Юпитер — самая большая планета Солнечной системы, газовый гигант. … Это позволяет выжить части из них при наличии опасных конвекторных потоков, способных унести синкеров в горячие нижние слои атмосферы; Флоатеры (англ. floater — «поплавок») — гигантские (величиной с земной город) организмы, подобные воздушным шарам. … Концентрация инертных газов, аргона, криптона и ксенона, превышает их количество на Солнце (см. таблицу), а концентрация неона явно меньше. … Учёные-планетологи из Калифорнийского университета Мона Делитски вместе с Кевином Бейтсом утверждают, что превращение углеродной сажи в графит, а затем в алмаз очень вероятно на газовых гигантах Сатурне и Юпитере. … Модель показывает, что расстояние между Солнцем и газовым гигантом сократится с 765 до 500 млн км.

=== Гигант ===
Гигант Гига́нт — объект, обладающий большими размерами. Гигантизм — очень большой рост, возникающий при избыточной секреции гормона роста. Мифология Гиганты — в древнегреческой мифологии великаны, родственные богам существа. Ётуны — в германо-скандинавской мифологии великаны (турсы) семейства Гримтурсенов, дети Имира. Гиганты — у ацтеков сыновья Тлальтекутли. Гиганты — в Библии люди необыкновенного телосложения. Гиганты — в эзотеризме существа других планов существования. Астрономия Звёзды: Гигант — тип звёзд со значительно бо́льшим радиусом и высокой светимостью, чем у звёзд главной последовательности. Красный гигант — категория звёзд поздних спектральных классов с высокой светимостью и протяжёнными оболочками. Голубой гигант — категория звёзд спектрального класса O или B. Сверхгигант — одни из самых массивных звёзд. Гипергигант — самые мощные, самые тяжёлые, самые яркие и одновременно самые редкие и короткоживущие сверхгиганты. … Планеты: Газовый гигант — планета, имеющая значительную долю газа в своём составе (в основном водорода и гелия).

=== То, что называют любовью ===
Карточка:
Режиссёр: Питер Богданович
Продюсер: Джон Дэвис
Жанр: мелодрама
Дата публикации: 1993
В главных ролях: Ривер Феникс Дермот Малруни Сандра Буллок Саманта Мэтис
Оператор: Питер Джеймс
Композитор: Дж. Марк Росвэлл
Кинокомпания: Paramount Pictures
Длительность: 110 мин
Бюджет: 14 млн.$
Сборы: 1 029 721$
Страна: США
То, что называют любовью «То, что называют любовью» (англ. The Thing Called Love, альтернативный перевод — «Вот такая любовь») — американская мелодрама 1993 года. Сюжет Молодая начинающая певица Миранда Пресли (не родственница певца) переезжает после смерти отца, огромного поклонника Элвиса, из Нью-Йорка в Нэшвилл. Она очень амбициозна, пишет песни, играет на гитаре и хочет стать знаменитой певицей. В Нэшвилле она попадает в известный паб «Синяя Птица» (который на самом деле существует и чья хозяйка играет саму себя в фильме), где каждую неделю проходят отборочные прослушивания молодых исполнителей. Паб славится тем, что многие певцы, начинавшие там свою карьеру, в дальнейшем становились знаменитыми кантри-звёздами. В пабе Миранда знакомится с более талантливым, чем она, но чрезмерно надутым и угрюмым пессимистом Джеймсом Райтом (Ривер Феникс), который однако, в отличие от неё, сразу получает работу певца и завоёвывает её любовь. Там же происходит встреча Миранды с Линдой Лу Линдон (Сандра Буллок), приятной девушкой, которой не везёт ни в любви со своим парнем Билли, ни в карьере. Линда влюбляется в героя Де

=== Газовые гиганты ===
Газовые гиганты Га́зовые гига́нты — планеты-гиганты, состоящие в основном из водорода и гелия. … В Солнечной системе к газовым гигантам относят Юпитер и Сатурн.

=== КОНЕЦ ВЫДЕРЖЕК ===

Вопрос: почему Юпитер называют газовым гигантом
===== REPLY 2026-09-07 11:38:51.813 q=почему Юпитер называют газовым гигантом 82tok 20332ms =====
Юпитер называют газовым гигантом, так как его состав в основном — **водород и гелий** (около 90% массы), что характерно для планет-гигантов. Его размер также значительно превышает земной радиус, делая его одним из самых крупных объектов Солнечной системы.

===== PROMPT 2026-09-07 11:38:53.165 q=из чего состоит атмосфера Марса =====
--- system (390 chars) ---
Ты — полезный ассистент. Отвечай содержательно и на русском языке. Если не знаешь точно — напиши «не знаю» вместо догадок. Не повторяй одну и ту же мысль или слово.

Дай развёрнутый, законченный ответ объёмом примерно 400 слов (не обрывай на полуслове). Структурируй ответ в Markdown: короткие абзацы, при необходимости подзаголовки (##), маркированные списки и **жирным** выделяй ключевое.
--- msg[0] user (34 chars) ---
почему Байкал самое глубокое озеро
--- msg[1] assistant (222 chars) ---
Байкал считается самым глубоким озером на Земле, так как его дно лежит **1642 м ниже уровня Мирового океана**. Это делает материковую впадину Байкала одной из самых глобальных по объёму и природных формаций с пресной водой
--- msg[2] user (34 chars) ---
почему Байкал самое глубокое озеро
--- msg[3] assistant (222 chars) ---
Байкал считается самым глубоким озером на Земле, так как его дно лежит **1642 м ниже уровня Мирового океана**. Это делает материковую впадину Байкала одной из самых глобальных по объёму и природных формаций с пресной водой
--- msg[4] user (39 chars) ---
почему Юпитер называют газовым гигантом
--- msg[5] assistant (255 chars) ---
Юпитер называют газовым гигантом, так как его состав в основном — **водород и гелий** (около 90% массы), что характерно для планет-гигантов. Его размер также значительно превышает земной радиус, делая его одним из самых крупных объектов Солнечной системы.
--- msg[6] user (4993 chars) ---
Тебе даны выдержки из Википедии. Отвечай на их основе. Ответь коротко и по существу: 1–3 предложения, только то, о чём спрашивают. Не пересказывай выдержки, не добавляй посторонние факты и не нумеруй пункты, если вопрос не про перечень. Если вопрос требует сравнения двух и более вещей — до 5 предложений. Если в выдержках совсем нет нужной информации — скажи «не знаю по приведённым выдержкам». Отвечай на русском языке.

=== ВЫДЕРЖКИ ИЗ ВИКИ ===
=== Марс ===
Карточка:
Другие названия: Красная планета
Перигелий: 2,06655⋅108 км 1,381 а. e.
Афелий: 2,49232⋅108 км 1,666 а. e.
Большая полуось ( a): 2,2794382⋅108 км 1,523662 а. e. 1,524 земной
Эксцентриситет орбиты (e): 0,0933941
Сидерический период обращения: (продолжительность года) 686,98 земных суток 1,8808476 земного года
Синодический период обращения: 779,94 земных суток
Орбитальная скорость (v): 24,13 км/с (средн.) 24,077 км/с
Наклонение (i): 1,85061° (относительно плоскости эклиптики) 5,65° (относительно солнечного экватора)
Долгота восходящего узла (Ω): 49,57854°
Аргумент перицентра (ω): 286,46230°
Чей спутник: Солнца
Марс Марс — четвёртая по удалённости от Солнца и седьмая по размеру планета Солнечной системы. Наряду с Меркурием, Венерой и Землёй принадлежит к семейству планет земной группы. Названа в честь Марса — древнеримского бога войны, соответствующего древнегреческому Аресу. Из-за красноватого оттенка поверхности, придаваемого ей минералом маггемитом — γ-оксидом железа(III), Марс называют Красной планетой. Марс хорошо виден с Земли невооружённым глазом. … Атмосфера и климат Основные статьи: Атмосфера Марса и Климат Марса Атмосфера Марса, состоящая в основном из углекислого газа, очень разрежена. … Согласно современным данным от 2004 года, атмосфера Марса состоит на 95,32 % из углекислого газа; также в ней содержится 2,7 % азота, 1,6 % аргона, 0,145 % кислорода, 210 ppm водяного пара, 0,08 % угарного газа, оксид азота (NO) — 100 ppm, неон (Ne) — 2,5 ppm, полутяжёлая вода водород-дейтерий-кислород (HDO) 0,85 ppm, криптон (Kr) 0,3 ppm, ксенон (Xe) — 0,08 ppm (состав приведён в объёмных долях). … Зимой 20—30 % всей атмосферы намораживается на полярной шапке, состоящей из углекислоты.

=== Марса ===
Марса Марса: Марса — муниципалитет в Испании, входит в провинцию Таррагона в составе автономного сообщества Каталония. Марса — город на Мальте. «Марса» — мальтийский футбольный клуб. Марса (фр. Marsaz) — коммуна во Франции, департамент Дром. Марса (фр. Marsa) — коммуна во Франции, департамент Од. Марса (фр. Marsat) — коммуна во Франции, департамент Пюи-де-Дом. См. также Ла-Марса Ла-Марса (футбольный клуб) Марса-Алам Марса-Брега Примечания Проект «Страницы значений» Эта статья взята у (из) Википедия. Текст лицензируется по Creative Commons Attribution-Share Alike 4.0. К медиа файлам могут применятся дополнительные условия.

=== Атмосфера Марса ===
Атмосфера Марса Атмосфера Марса — газовая оболочка, окружающая планету Марс. Существенно отличается от земной атмосферы как по химическому составу, так и по физическим параметрам. Давление у поверхности составляет в среднем 0,6 кПа или 6 мбар (1/170 от земного, или равно земному на высоте почти 35 км от поверхности Земли). … Марс имеет очень слабое магнитное поле (по сравнению с земным) и в 2,6 раза более слабое по сравнению с земным притяжение, вследствие чего солнечный ветер вызывает диссипацию атмосферных газов в космос со скоростью около 100 граммов в секунду (менее 9 тонн в день), в зависимости от текущей солнечной активности и расстояния от Солнца. … Для неё свойственен рост температуры с высотой до максимального значения (200—350 K), после чего она остаётся постоянной до верхней границы (200 км). … Она состоит из лёгких веществ — водорода, углерода, кислорода, — которые появляются в результате фотохимических реакций в нижележащей ионосфере, например, диссоциативной рекомбинации O2+ с электронами. … Атмосфера Марса сама по себе не ядовита и состоит из химически инертных газов.

=== Атмосфера ===
Атмосфера Эта статья — о газовой оболочке планет. Об атмосфере Земли см. атмосфера Земли; о внешней оболочке звёзд см. Звёздная атмосфера; о других значения термина см. Атмосфера (значения). Атмосфе́ра (от др.-греч. ἀτμός — «пар» и σφαῖρα — «сфера») — газовая оболочка небесного тела, удерживаемая около него гравитацией. Поскольку не существует резкой границы между атмосферой и межпланетным пространством, то обычно атмосферой принято считать область вокруг небесного тела, в которой газовая среда вращается вместе с ним как единое целое. Толщина атмосферы некоторых планет, состоящих в основном из газов (газовые планеты), может быть очень большой. Атмосфера Земли содержит кислород, используемый большинством живых организмов для дыхания, и диоксид углерода, потребляемый растениями и цианобактериями в процессе фотосинтеза. … Атмосферы Венеры и Марса в основном состоят из диоксида углерода с небольшими добавлениями азота, аргона, кислорода и других газов.

=== КОНЕЦ ВЫДЕРЖЕК ===

Вопрос: из чего состоит атмосфера Марса
===== REPLY 2026-09-07 11:39:08.286 q=из чего состоит атмосфера Марса 52tok 16282ms =====
Атмосфера Марса состоит в основном из **углекислого газа (CO₂)** — 95,32%, а также содержит водород, углерод и кислород.

===== PROMPT 2026-09-07 11:39:08.950 q=кто открыл пенициллин =====
--- system (390 chars) ---
Ты — полезный ассистент. Отвечай содержательно и на русском языке. Если не знаешь точно — напиши «не знаю» вместо догадок. Не повторяй одну и ту же мысль или слово.

Дай развёрнутый, законченный ответ объёмом примерно 400 слов (не обрывай на полуслове). Структурируй ответ в Markdown: короткие абзацы, при необходимости подзаголовки (##), маркированные списки и **жирным** выделяй ключевое.
--- msg[0] user (34 chars) ---
почему Байкал самое глубокое озеро
--- msg[1] assistant (222 chars) ---
Байкал считается самым глубоким озером на Земле, так как его дно лежит **1642 м ниже уровня Мирового океана**. Это делает материковую впадину Байкала одной из самых глобальных по объёму и природных формаций с пресной водой
--- msg[2] user (39 chars) ---
почему Юпитер называют газовым гигантом
--- msg[3] assistant (255 chars) ---
Юпитер называют газовым гигантом, так как его состав в основном — **водород и гелий** (около 90% массы), что характерно для планет-гигантов. Его размер также значительно превышает земной радиус, делая его одним из самых крупных объектов Солнечной системы.
--- msg[4] user (31 chars) ---
из чего состоит атмосфера Марса
--- msg[5] assistant (120 chars) ---
Атмосфера Марса состоит в основном из **углекислого газа (CO₂)** — 95,32%, а также содержит водород, углерод и кислород.
--- msg[6] user (5037 chars) ---
Тебе даны выдержки из Википедии. Отвечай на их основе. Ответь коротко и по существу: 1–3 предложения, только то, о чём спрашивают. Не пересказывай выдержки, не добавляй посторонние факты и не нумеруй пункты, если вопрос не про перечень. Если вопрос требует сравнения двух и более вещей — до 5 предложений. Если в выдержках совсем нет нужной информации — скажи «не знаю по приведённым выдержкам». Отвечай на русском языке.

=== ВЫДЕРЖКИ ИЗ ВИКИ ===
=== Марс ===
Карточка:
Другие названия: Красная планета
Перигелий: 2,06655⋅108 км 1,381 а. e.
Афелий: 2,49232⋅108 км 1,666 а. e.
Большая полуось ( a): 2,2794382⋅108 км 1,523662 а. e. 1,524 земной
Эксцентриситет орбиты (e): 0,0933941
Сидерический период обращения: (продолжительность года) 686,98 земных суток 1,8808476 земного года
Синодический период обращения: 779,94 земных суток
Орбитальная скорость (v): 24,13 км/с (средн.) 24,077 км/с
Наклонение (i): 1,85061° (относительно плоскости эклиптики) 5,65° (относительно солнечного экватора)
Долгота восходящего узла (Ω): 49,57854°
Аргумент перицентра (ω): 286,46230°
Чей спутник: Солнца
Марс Марс — четвёртая по удалённости от Солнца и седьмая по размеру планета Солнечной системы. Наряду с Меркурием, Венерой и Землёй принадлежит к семейству планет земной группы. Названа в честь Марса — древнеримского бога войны, соответствующего древнегреческому Аресу. Из-за красноватого оттенка поверхности, придаваемого ей минералом маггемитом — γ-оксидом железа(III), Марс называют Красной планетой. Марс хорошо виден с Земли невооружённым глазом. … Атмосфера и климат Основные статьи: Атмосфера Марса и Климат Марса Атмосфера Марса, состоящая в основном из углекислого газа, очень разрежена. … Согласно современным данным от 2004 года, атмосфера Марса состоит на 95,32 % из углекислого газа; также в ней содержится 2,7 % азота, 1,6 % аргона, 0,145 % кислорода, 210 ppm водяного пара, 0,08 % угарного газа, оксид азота (NO) — 100 ppm, неон (Ne) — 2,5 ppm, полутяжёлая вода водород-дейтерий-кислород (HDO) 0,85 ppm, криптон (Kr) 0,3 ppm, ксенон (Xe) — 0,08 ppm (состав приведён в объёмных долях). … Зимой 20—30 % всей атмосферы намораживается на полярной шапке, состоящей из углекислоты.

=== Марса ===
Марса Марса: Марса — муниципалитет в Испании, входит в провинцию Таррагона в составе автономного сообщества Каталония. Марса — город на Мальте. «Марса» — мальтийский футбольный клуб. Марса (фр. Marsaz) — коммуна во Франции, департамент Дром. Марса (фр. Marsa) — коммуна во Франции, департамент Од. Марса (фр. Marsat) — коммуна во Франции, департамент Пюи-де-Дом. См. также Ла-Марса Ла-Марса (футбольный клуб) Марса-Алам Марса-Брега Примечания Проект «Страницы значений» Эта статья взята у (из) Википедия. Текст лицензируется по Creative Commons Attribution-Share Alike 4.0. К медиа файлам могут применятся дополнительные условия.

=== Бензилпенициллин ===
Карточка:
ИЮПАК: 3,3-диметил-7-оксо-6-[(2-фенилацетил)амино]-4-тиа-1-азабицикло[3.2.0]гептан-2-карбоновая кислота
Брутто-формула: C16H18N2O4S
Молярная масса: 334,39012 г/моль
CAS: 61-33-6
PubChem: 5904
DrugBank: DB01053
АТХ: S01AA14, J01CE01
Бензилпенициллин Запрос «Пенициллин» перенаправляется сюда; см. также другие значения. Бензи́лпеницилли́н (пенициллин G (PCN G) или просто пенициллин (PCN)) — N-фенилацетамид 6-аминопенициллановой кислоты. Антибиотик, получаемый из плесневого гриба пеницилла (грибов рода лат. Penicillium: лат. Penicillium chrysogenum, лат. Penicillium notatum и других). … Открытие Александра Флеминга Сын фермера-овцевода из Эршира, Александер Флеминг, работал клерком в лондонском Сити, пока в возрасте 20 лет не получил небольшое наследство. В 1901 году он поступил в Медицинскую школу при больнице Святой Марии. … В 1918 году Флеминг вернулся в больницу Святой Марии. … В своей исследовательской работе Флеминг во многом опирался на открытия Пастера, сделанные им в конце 70-х годов прошлого века. … Дата обращения: 21 марта 2022. … Дата обращения: 21 марта 2022. … Сборник материалов V Всероссийской научно-практической конференции «Медицинские музеи России: состояние и перспективы развития». — Москва, 5—6 апреля 2018. — [Архивировано 6 марта 2019 года.] Мадхаван Г.

=== Пенициллины ===
Пенициллины Пеницилли́ны (от лат. Penicillium — «пеницилл», от лат. penicillum — «кисть») — антимикробные препараты, относящиеся к классу β-лактамных антибиотиков. Были открыты Александром Флемингом в 1928 году. Природным продуцентом пенициллинов являются грибы рода Penicillium, наиболее активный из природных пенициллинов — бензилпенициллин, применяющийся с 1940-х годов. Главным компонентом всех пенициллинов служит 6-АПК (6-аминопенициллановая кислота), состоящая из β-лактама и тиазолидинового кольца. Все пенициллины различаются лишь по строению радикала. Классификация В настоящее время все пенициллины подразделяются на 4 группы или поколения: К первой группе относят: пенициллины естественного происхождения (синтезированы грибами) бензилпенициллин и феноксиметилпенициллин.

=== КОНЕЦ ВЫДЕРЖЕК ===

Вопрос: кто открыл пенициллин чего состоит атмосфера марса
===== REPLY 2026-09-07 11:39:23.980 q=кто открыл пенициллин 49tok 15530ms =====
Александер Флеминг открыл пенициллин. Атмосфера Марса состоит в основном из **углекислого газа (CO₂)** — 95,32%.

===== PROMPT 2026-09-07 11:39:25.435 q=что такое фотосинтез =====
--- system (390 chars) ---
Ты — полезный ассистент. Отвечай содержательно и на русском языке. Если не знаешь точно — напиши «не знаю» вместо догадок. Не повторяй одну и ту же мысль или слово.

Дай развёрнутый, законченный ответ объёмом примерно 400 слов (не обрывай на полуслове). Структурируй ответ в Markdown: короткие абзацы, при необходимости подзаголовки (##), маркированные списки и **жирным** выделяй ключевое.
--- msg[0] user (39 chars) ---
почему Юпитер называют газовым гигантом
--- msg[1] assistant (255 chars) ---
Юпитер называют газовым гигантом, так как его состав в основном — **водород и гелий** (около 90% массы), что характерно для планет-гигантов. Его размер также значительно превышает земной радиус, делая его одним из самых крупных объектов Солнечной системы.
--- msg[2] user (31 chars) ---
из чего состоит атмосфера Марса
--- msg[3] assistant (120 chars) ---
Атмосфера Марса состоит в основном из **углекислого газа (CO₂)** — 95,32%, а также содержит водород, углерод и кислород.
--- msg[4] user (21 chars) ---
кто открыл пенициллин
--- msg[5] assistant (112 chars) ---
Александер Флеминг открыл пенициллин. Атмосфера Марса состоит в основном из **углекислого газа (CO₂)** — 95,32%.
--- msg[6] user (4950 chars) ---
Тебе даны выдержки из Википедии. Отвечай на их основе. Ответь коротко и по существу: 1–3 предложения, только то, о чём спрашивают. Не пересказывай выдержки, не добавляй посторонние факты и не нумеруй пункты, если вопрос не про перечень. Если вопрос требует сравнения двух и более вещей — до 5 предложений. Если в выдержках совсем нет нужной информации — скажи «не знаю по приведённым выдержкам». Отвечай на русском языке.

=== ВЫДЕРЖКИ ИЗ ВИКИ ===
=== Фотосинтез ===
Фотосинтез Фотоси́нтез (от др.-греч. φῶς — «свет» и σύνθεσις — «соединённый», «складной», «связывание», «синтез») — сложный химический процесс преобразования энергии видимого света (в некоторых случаях инфракрасного излучения) в энергию химических связей органических веществ при участии фотосинтетических пигментов (хлорофилл у растений, бактериохлорофилл у бактерий и бактериородопсин у архей). … Открытие у галофильных архей Дитер Остерхельт (Dieter Oesterhelt) и Уолтер Стокениус (Walther Stoeckenius) идентифицировали в «пурпурных мембранах» представителя галофильных архей Halobacterium salinarium (прежнее название Н. halobium) белок, который позже был назван бактериородопсином. … Однако поддержание устьиц в открытом состоянии при высокой температуре приводит к усилению испарения воды, что приводит к водному дефициту и также снижает продуктивность фотосинтеза.

=== Бензилпенициллин ===
Карточка:
ИЮПАК: 3,3-диметил-7-оксо-6-[(2-фенилацетил)амино]-4-тиа-1-азабицикло[3.2.0]гептан-2-карбоновая кислота
Брутто-формула: C16H18N2O4S
Молярная масса: 334,39012 г/моль
CAS: 61-33-6
PubChem: 5904
DrugBank: DB01053
АТХ: S01AA14, J01CE01
Бензилпенициллин Запрос «Пенициллин» перенаправляется сюда; см. также другие значения. … Таким образом по молекулярной структуре пенициллин — это кислота, из которой получают различные соли (натриевую, калиевую, новокаиновую и другие). … Пенициллиновые антибиотики имеют важное историческое значение, так как они являются первыми эффективными лекарствами против многих тяжёлых заболеваний и, в частности, сифилиса, а также инфекций, вызываемых стафилококками и стрептококками. … Как и другие β-лактамы, пенициллины не только препятствуют размножению клеток бактерий, в том числе и цианобактерий, но также препятствуют делению хлоропластов мхов. … Тартаковский сообщил, что вещество, выделяемое зелёной плесенью, подавляет развитие возбудителя куриной холеры. … Открытие Александра Флеминга Сын фермера-овцевода из Эршира, Александер Флеминг, работал клерком в лондонском Сити, пока в возрасте 20 лет не получил небольшое наследство. … В своей исследовательской работе Флеминг во многом опирался на открытия Пастера, сделанные им в конце 70-х годов прошлого века.

=== C4-фотосинтез ===
C4-фотосинтез C4-фотосинтез, или цикл Хэтча — Слэка, — путь связывания углерода, характерный для высших растений, первым продуктом которого является четырёхуглеродная щавелевоуксусная кислота, а не трёхуглеродная 3-фосфоглицериновая кислота, как у большинства растений с обычным C3-фотосинтезом. По своей сути C4-фотосинтез представляет собой модификацию обычного C3-фотосинтеза и появился в процессе эволюции значительно позже последнего. … Образовавшийся в результате реакции оксалоацетат превращается в малат или аспартат и в таком виде транспортируется в клетки обкладки проводящего пучка, где в результате декарбоксилирования высвобождается CO2, поступающий в восстановительный пентозофосфатный цикл. … В течение следующих четырёх лет Хэтч и Слэк проделали большую работу по расшифровке C4-пути: они постулировали и подтвердили роль ФЕП-карбоксилазы в первичной фиксации CO2, ими была открыта растительная пируватфосфатдикиназа, несколько ранее обнаруженная у бактерий, а также ранее неизвестная НАДФ-зависимая малатдегидрогеназа.

=== CAM-фотосинтез ===
CAM-фотосинтез Термин «CAM» имеет также другие значения. … В то время как большинство растений поглощают CO2 в течение светового дня, в ходе полного цикла CAM-фотосинтеза днём устьица растения остаются закрытыми, чтобы уменьшить транспирацию, но открываются ночью, позволяя углекислому газу диффундировать в клетки листа. … История открытия Первые упоминания о необычном метаболизме толстянковых можно отнести ко временам Древнего Рима, уже тогда люди заметили, что некоторые домашние растения в утренние часы имеют кислый вкус. … В период около 1804 года швейцарский химик Теодор де Соссюр поместил стебли кактуса опунция в атмосферу с повышенным содержанием CO2 (7 %) в отсутствие света, после чего наблюдал поглощение как O2, так и CO2. … Основываясь на открытой ранее гетеротрофной фиксации CO2 по пути Вуда — Льюнгдаля, Мейрион и его студенты предположили, что нечто подобное могло бы объяснить ночное поглощение CO2 в ходе кислотного метаболизма толстянковых. … Окончательная цифра может оказаться ещё больше, поскольку процесс описания флоры ещё не завершён, и новые виды соответствующих таксонов открывают каждый год.

=== КОНЕЦ ВЫДЕРЖЕК ===

Вопрос: что такое фотосинтез открыл пенициллин
===== REPLY 2026-09-07 11:39:42.083 q=что такое фотосинтез 68tok 17188ms =====
Фотосинтез и пенициллин — разные явления. Фотосинтезом занялся Дитер Остерхельт, а не пенициллином. Вопрос некорректный: **не знаю** по приведённым выдержкам.

===== PROMPT 2026-09-07 11:39:45.622 q=когда началась Вторая мировая война =====
--- system (390 chars) ---
Ты — полезный ассистент. Отвечай содержательно и на русском языке. Если не знаешь точно — напиши «не знаю» вместо догадок. Не повторяй одну и ту же мысль или слово.

Дай развёрнутый, законченный ответ объёмом примерно 400 слов (не обрывай на полуслове). Структурируй ответ в Markdown: короткие абзацы, при необходимости подзаголовки (##), маркированные списки и **жирным** выделяй ключевое.
--- msg[0] user (31 chars) ---
из чего состоит атмосфера Марса
--- msg[1] assistant (120 chars) ---
Атмосфера Марса состоит в основном из **углекислого газа (CO₂)** — 95,32%, а также содержит водород, углерод и кислород.
--- msg[2] user (21 chars) ---
кто открыл пенициллин
--- msg[3] assistant (112 chars) ---
Александер Флеминг открыл пенициллин. Атмосфера Марса состоит в основном из **углекислого газа (CO₂)** — 95,32%.
--- msg[4] user (20 chars) ---
что такое фотосинтез
--- msg[5] assistant (158 chars) ---
Фотосинтез и пенициллин — разные явления. Фотосинтезом занялся Дитер Остерхельт, а не пенициллином. Вопрос некорректный: **не знаю** по приведённым выдержкам.
--- msg[6] user (4593 chars) ---
Тебе даны выдержки из Википедии. Отвечай на их основе. Ответь коротко и по существу: 1–3 предложения, только то, о чём спрашивают. Не пересказывай выдержки, не добавляй посторонние факты и не нумеруй пункты, если вопрос не про перечень. Если вопрос требует сравнения двух и более вещей — до 5 предложений. Если в выдержках совсем нет нужной информации — скажи «не знаю по приведённым выдержкам». Отвечай на русском языке.

=== ВЫДЕРЖКИ ИЗ ВИКИ ===
=== Вторая мировая война ===
Карточка:
Дата: 1 сентября 1939 — 2 сентября 1945 (6 лет 1 день)
Место: Евразия, Африка, Мировой океан
Причина: Тяжёлые для Германии условия Версальского мирного договора 1919 года Империализм и милитаризм великих держав мира, в том числе немецкие наци
Итог: Победа антигитлеровской коалиции; капитуляция Германии, Японии и их союзников Оккупация немецких территорий и их разделение между победителя
Вторая мировая война Втора́я мирова́я война́ (ВМВ; 1 сентября 1939 — 2 сентября 1945) — война двух мировых военно-политических коалиций, ставшая крупнейшим вооружённым конфликтом в истории человечества. В этой войне участвовали 62 государства из 74 существовавших на тот момент (80 % населения Земного шара). Боевые действия велись на территории Евразии и Африки и в водах всех океанов. Это единственный конфликт, в котором было применено ядерное оружие. В результате войны погибло более 70 миллионов человек, большинство из которых — мирные жители. Началом Второй мировой войны считается 1 сентября 1939 года, когда нацистская Германия начала вторжение в Польшу. … Для Германии, бывшей до того дня в области международной политики вне закона, эта договорённость имела принципиальное значение, поскольку тем самым она начала возвращаться в число признанных международным сообществом государств.

=== Вторая ===
Вторая Втора́я — многозначный термин. Реки Вторая (Шидс) — река в Краснодарском крае, приток Абина. Вторая — река в Свердловской области, впадает в Верх-Нейвинский пруд. Вторая — река в Томской области, приток Косца. Вторая — река в Тюменской области, левый приток Тямки. Вторая — река в Тюменской области, правый приток Тямки. Судна «Вторая» — парусная шхуна Сибирской флотилии Российской империи. См. также Второй Вторые Примечания Проект «Страницы значений» Эта статья взята у (из) Википедия. Текст лицензируется по Creative Commons Attribution-Share Alike 4.0. К медиа файлам могут применятся дополнительные условия.

=== Мировая война ===
Мировая война Мирова́я война́ — термин, обычно используемый для обозначения вооружённых конфликтов планетарного масштаба, беспрецедентных по событиям и количеству жертв. Общепринято мировыми войнами называют два конфликта — Первую мировую войну (1914—1918) и Вторую мировую войну (1939—1945). … Характерным признаком мировой войны является то, что мирный договор, подписываемый после её окончания, становится фундаментальной основой мировых международных отношений в послевоенный период (как Версальский мир после Первой мировой войны, Ялтинские и Потсдамские соглашения после Второй мировой войны). … С точки зрения технологической истории человечества, масштабы Первой мировой войны стали возможны благодаря достижениям второй промышленной революции и возникшей в результате глобализации, которая позволила проецировать глобальную мощь и массовое производство военной техники. … Вторая мировая война Основная статья: Вторая мировая война Вторая мировая война случилась в 1939—1945 годах.

=== Война ===
Война Фрагмент Стелы коршунов: тяжёлая пехота шумеров на марше. Ок. 2500 г. до н. э. Часть гобелена из Байё, эпизод Битвы при Гастингсе (1066 г.): норманнская тяжёлая кавалерия атакует саксонскую стену щитов Отечественная война 1812 года: Наполеон и его войска, отступающие от Москвы Битва на Сомме, 1916 г. … Это, а также то, что благодаря промышленной революции появилась возможность формировать огромные добровольческие и сформированные на основе воинской повинности армии, перевозить их на фронт, обеспечивать оружием, обмундированием и продовольствием, во второй половине XIX века способствовало развитию тенденций тотальной войны, проявившихся с наибольшей силой во время Первой мировой войны и Второй мировой войны. В конце Второй мировой войны было применено ядерное оружие. … Предположение о взаимных расчётах прибылей и затрат выглядит сомнительно — например, в случаях геноцида во время Второй мировой войны, когда слабой стороне не оставляли никакой альтернативы. … В Первой мировой войне участвовало свыше 70 миллионов человек, во Второй мировой войне — около 110 миллионов.

=== КОНЕЦ ВЫДЕРЖЕК ===

Вопрос: когда началась Вторая мировая война
===== REPLY 2026-09-07 11:39:56.115 q=когда началась Вторая мировая война 37tok 13744ms =====
Вторая мировая война началась 1 сентября 1939 года, когда нацистская Германия начала вторжение в Польшу.

===== PROMPT 2026-09-07 11:39:57.719 q=чем знаменит Большое красное пятно =====
--- system (390 chars) ---
Ты — полезный ассистент. Отвечай содержательно и на русском языке. Если не знаешь точно — напиши «не знаю» вместо догадок. Не повторяй одну и ту же мысль или слово.

Дай развёрнутый, законченный ответ объёмом примерно 400 слов (не обрывай на полуслове). Структурируй ответ в Markdown: короткие абзацы, при необходимости подзаголовки (##), маркированные списки и **жирным** выделяй ключевое.
--- msg[0] user (21 chars) ---
кто открыл пенициллин
--- msg[1] assistant (112 chars) ---
Александер Флеминг открыл пенициллин. Атмосфера Марса состоит в основном из **углекислого газа (CO₂)** — 95,32%.
--- msg[2] user (20 chars) ---
что такое фотосинтез
--- msg[3] assistant (158 chars) ---
Фотосинтез и пенициллин — разные явления. Фотосинтезом занялся Дитер Остерхельт, а не пенициллином. Вопрос некорректный: **не знаю** по приведённым выдержкам.
--- msg[4] user (35 chars) ---
когда началась Вторая мировая война
--- msg[5] assistant (104 chars) ---
Вторая мировая война началась 1 сентября 1939 года, когда нацистская Германия начала вторжение в Польшу.
--- msg[6] user (4735 chars) ---
Тебе даны выдержки из Википедии. Отвечай на их основе. Ответь коротко и по существу: 1–3 предложения, только то, о чём спрашивают. Не пересказывай выдержки, не добавляй посторонние факты и не нумеруй пункты, если вопрос не про перечень. Если вопрос требует сравнения двух и более вещей — до 5 предложений. Если в выдержках совсем нет нужной информации — скажи «не знаю по приведённым выдержкам». Отвечай на русском языке.

=== ВЫДЕРЖКИ ИЗ ВИКИ ===
=== Большое красное пятно ===
Большое красное пятно Большое красное пятно (БКП) — самый большой атмосферный вихрь в Солнечной системе: постоянная зона высокого давления, создающая антициклонический шторм на планете Юпитер. Пятно меняется в размерах и изменяет свой цвет на протяжении нескольких веков наблюдений. БКП перемещается параллельно экватору планеты, а газ внутри него вращается против часовой стрелки с периодом оборота около шести земных суток. В начале наблюдений БКП имело размеры около 40 тысяч километров в длину (50 000 — по другим данным) и 13 тысяч километров в ширину. … Исследование при помощи спектрометра SpeX на телескопе IRTF показало, что наибольший разогрев верхних слоёв атмосферы Юпитера происходит именно над БКП, где температура достигает 1600 К (на несколько сот градусов выше, чем в других регионах планеты). … Атмосферные гравитационные волны При изучении Большого красного пятна Юпитера с помощью орбитального телескопа James Webb (JWST) выяснилось, что верхние слои атмосферы планеты в окрестностях пятна устроены значительно сложнее, чем считалось ранее.

=== Большое ===
Большое Большо́е — топоним: Населённые пункты Казахстан Большое — село в Фёдоровском районе Костанайской области. Россия Большое — село в Красненском районе Белгородской области. Большое — село в Прохоровском районе Белгородской области. Большое — село в Чернянском районе Белгородской области. Большое — село в Вологодском районе Вологодской области. Большое — деревня в Лухском районе Ивановской области, упразднена в 2002 году. Большое — деревня в Южском районе Ивановской области. Большое — деревня в Сладковском районе Тюменской области. Озёра Казахстан Большое — озеро в Восточно-Казахстанской области. Большое — озеро в Пресногорьковском сельском округе Узункольского района Костанайской области. Большое — озеро в Узункольском сельском округе Узункольского района Костанайской области. Россия Вологодская область Большое озеро — в Вытегорском районе. Камчатский край Большое озеро — в Усть-Большерецком районе. Карелия Большое озеро — в Беломорском районе. Большое озеро — в Калевальском районе. Большое озеро (Шурвяярви) — в Калевальском районе. … Красноярский край Большое озеро — в Абанском районе.

=== Красное ===
Красное Красное — топоним. Городище Красное — городище в Обуховском районе Киевской области. Железная дорога Красное — станция Московской железной дороги в Красненском районе Смоленской области. Населённые пункты Беларусь Брестская область Красное — деревня в Ивановском районе. Красное — деревня в Пружанском районе. Витебская область Красное — деревня в Докшицком районе. Красное — деревня в Миорском районе. Красное — деревня в Ушачском районе. Красное — деревня в Шарковщинском районе. Гомельская область Красное — агрогородок в Брагинском районе. Красное — агрогородок в Гомельском районе. Красное — упразднённый посёлок в Чечерском районе. Гродненская область Красное — деревня в Берестовицком районе. Красное — агрогородок в Красненском сельсовете Кореличского района. Красное — деревня в Циринском сельсовете Кореличского района. Красное — деревня в Сморгонском районе. Красное — деревня в Щучинском районе. Минская область Красное — деревня в Дмитровичском сельсовете Березинского района. Красное — деревня в Капланецком сельсовете Березинского района. Красное — деревня в Борисовском районе. Красное — деревня в Дзе

=== Красно ===
Красно Красно — топоним: в Белоруссии Красно — озеро в Полоцком районе Витебской области в России Красно́ — село в Вачском районе Нижегородской области (в прошлом село Загаринской волости Муромского уезда) Красно — прежнее название села Красново в Вачском районе Нижегородской области (в прошлом село Красно Казаковского прихода Муромского уезда) в Словакии Красно — деревня в районе Партизанске в Словении Красно — село в общине Брда в Хорватии Красно (Хорватия) в Чехии Красно — город в районе Соколов в Украина - деревня в Чернобыльском районе Украины. См. также Красно-над-Кисуцоу — город в Словакии Красно-Градиште Красново Красное Красный Примечания Проект «Страницы значений» Эта статья взята у (из) Википедия. Текст лицензируется по Creative Commons Attribution-Share Alike 4.0. К медиа файлам могут применятся дополнительные условия.

=== КОНЕЦ ВЫДЕРЖЕК ===

Вопрос: чем знаменит Большое красное пятно
===== REPLY 2026-09-07 11:40:13.229 q=чем знаменит Большое красное пятно 67tok 16429ms =====
Большое красное пятно (Юпитер) — это атмосферный вихрь, размером до 160 тыс. км² с температурой на высоте 4295 К и интенсивным гравитационными волнами.

===== PROMPT 2026-09-07 11:40:15.828 q=что производит АвтоВАЗ =====
--- system (390 chars) ---
Ты — полезный ассистент. Отвечай содержательно и на русском языке. Если не знаешь точно — напиши «не знаю» вместо догадок. Не повторяй одну и ту же мысль или слово.

Дай развёрнутый, законченный ответ объёмом примерно 400 слов (не обрывай на полуслове). Структурируй ответ в Markdown: короткие абзацы, при необходимости подзаголовки (##), маркированные списки и **жирным** выделяй ключевое.
--- msg[0] user (20 chars) ---
что такое фотосинтез
--- msg[1] assistant (158 chars) ---
Фотосинтез и пенициллин — разные явления. Фотосинтезом занялся Дитер Остерхельт, а не пенициллином. Вопрос некорректный: **не знаю** по приведённым выдержкам.
--- msg[2] user (35 chars) ---
когда началась Вторая мировая война
--- msg[3] assistant (104 chars) ---
Вторая мировая война началась 1 сентября 1939 года, когда нацистская Германия начала вторжение в Польшу.
--- msg[4] user (34 chars) ---
чем знаменит Большое красное пятно
--- msg[5] assistant (151 chars) ---
Большое красное пятно (Юпитер) — это атмосферный вихрь, размером до 160 тыс. км² с температурой на высоте 4295 К и интенсивным гравитационными волнами.
--- msg[6] user (5308 chars) ---
Тебе даны выдержки из Википедии. Отвечай на их основе. Ответь коротко и по существу: 1–3 предложения, только то, о чём спрашивают. Не пересказывай выдержки, не добавляй посторонние факты и не нумеруй пункты, если вопрос не про перечень. Если вопрос требует сравнения двух и более вещей — до 5 предложений. Если в выдержках совсем нет нужной информации — скажи «не знаю по приведённым выдержкам». Отвечай на русском языке.

=== ВЫДЕРЖКИ ИЗ ВИКИ ===
=== АвтоВАЗ ===
Карточка:
Основан: 20 июля 1966 (1966-07-20)
Штаб-квартира: Россия, Тольятти
Тип: Акционерное общество
Листинг на бирже: MCX: AVAZ MCX: AVAZP
Прежние названия: Волжский автомобильный завод (1966—1971) Волжское объединение по производству легковых автомобилей «АВТОВАЗ» (с 1972 имени 50-летия СССР) (1
Основатели: ЦК КПСС и Совет министров СССР
Ключевые фигуры: Максим Соколов (президент)
Отрасль: автомобильная промышленность (МСОК: 2910)
Продукция: Легковые автомобили и Лёгкие коммерческие автомобили
Операционная прибыль: 257 млрд ₽ (2020)
Чистая прибыль: 742 млн ₽ (2020)
Материнская компания: ООО «Лада Авто Холдинг» (ФГУП «НАМИ» 100%)
АвтоВАЗ Запрос «ВАЗ» перенаправляется сюда; см. также другие значения. АвтоВАЗ — советская и российская автомобилестроительная компания. Крупнейший производитель легковых автомобилей в Восточной Европе. Завод основан в 1966 году в городе Тольятти, где находятся штаб-квартира и основное производство. … Производит автомобили под собственной торговой маркой Lada, до марта 2022 года также выпускал автомобили марки Nissan, Renault и Datsun. Кроме того, АвтоВАЗ поставляет другим производителям машинокомплекты для выпуска автомобилей марки Lada и их модификаций. … С 5 марта 2022 года вынужден приостановить производство машин на заводе в Тольятти из-за военного вторжения России на Украину, вызвавшего отсутствие комплектующих. Через месяц производство восстановлено. 16 мая 2022 года, после ухода компании Renault из России, завод передан НАМИ. … Советское государство ещё в конце 1950-х пыталось исправить ситуацию, поручив создать и запустить в производство по-настоящему «народный автомобиль». … Изучались автомобильные производства Федеративной Республики Германия (Фольксваген), Франции (Рено) и Италии (Фиат).

=== Россия ===
(найдено по P159 (штаб-квартира) из «АвтоВАЗ»)
Карточка:
Столица: Москва
Валюта: российский рубль, ₽ (RUB, 1991—1998 гг. — RUR)
Часовой пояс: UTC+2 — UTC+12, см. Время в России
• 862: Северная Русь
• 882: Киевская Русь
• XII—XVI века: Русские княжества
• 1478: Русское государство
• 22 октября (2 ноября) 1721: Российская империя
• 1 (14) сентября 1917: Российская республика
• 25 октября (7 ноября) 1917: РСФСР
• 23 сентября 1918: Российское государство
• 30 декабря 1922: СССР
Россия Запросы «РФ» и «Российская Федерация» перенаправляются сюда; см. также другие значения терминов РФ и Российская Федерация. Росси́я, или Росси́йская Федера́ция (сокр. РФ), — государство в Восточной Европе и Северной Азии. Россия — крупнейшее государство в мире, её территория в международно признанных границах составляет 17 098 246 км2. Население страны вместе с аннексированным Крымом, захваченным Россией в 2014 году и международно признаваемым территорией Украины, составляет 146 119 928 человек (2025; 9-е место в мире). Столица — Москва. … В структуре водопользования преобладают производственные нужды. … Если довоенный объём промышленного производства Российской империи в 1913 году составлял 50 % от немецкого и французского, 20 % английского и по разным оценкам 10—15 % американского, то к 1941 году было построено 9 тыс. заводов, к концу второй пятилетки, через 14 лет после окончания Гражданской войны, СССР вышел по объёму промышленного производства на второе место в мире, уступая лишь США, достигнув 10 % всего мирового промышленного производства.

=== Тольятти ===
(найдено по P159 (штаб-квартира) из «АвтоВАЗ»)
Карточка:
Глава/мэр: Илья Геннадьевич Сухих
Население: 662 683 человека (2025)
Площадь: 314,78 км²
Основан: 1737 год
Страна: Россия
Часовой пояс: UTC+4:00
Субъект Федерации: Самарская область
Городской округ: Тольятти
Внутреннее деление: 3 района
Прежние названия: до 1964 — Ставрополь
Город с: 1780 года
Высота центра: 90 м
Тольятти Эта статья — о городе в Самарской области, именовавшемся Ставрополем до 1964 года. О городе, краевом центре на Северном Кавказе см. Ставрополь; о других значениях термина «Ставрополь» см. Ставрополь (значения). Толья́тти (до 1964 года Ста́врополь, от греч. Σταυρούπολη, дословно — «Город креста»; встречаются и другие названия: Ста́врополь-на-Во́лге или Ста́врополь-Во́лжский) — город в Самарской области России, административный центр Ставропольского района, будучи городом областного значения, образует муниципальное образование городской округ Тольятти с единственным населённым пунктом в его составе. Входит в Самарско-Тольяттинскую агломерацию. … Бо́льшая часть населения современного Тольятти исторически была тесно связана с производством на «АвтоВАЗе» и его поставщиках. … До 2016 года действовали местные банки «ФИА БАНК» и «ЭЛ Банк» Анатолия Волошина и Александра Носорева, а также завод по производству молочных продуктов компании Danone и завод «АвтоВАЗагрегат». … Производство Автомобильная промышленность Градообразующим предприятием является «АвтоВАЗ».

=== КОНЕЦ ВЫДЕРЖЕК ===

Вопрос: что производит АвтоВАЗ
===== REPLY 2026-09-07 11:40:29.961 q=что производит АвтоВАЗ 48tok 15722ms =====
АвтоВАЗ производит легковые автомобили под брендом Lada, а также коммерческие автомобили. До 2022 года выпускал марки Nissan и Renault (Datsun).

===== PROMPT 2026-09-07 11:40:32.357 q=какой автозавод расположен в Тольятти =====
--- system (390 chars) ---
Ты — полезный ассистент. Отвечай содержательно и на русском языке. Если не знаешь точно — напиши «не знаю» вместо догадок. Не повторяй одну и ту же мысль или слово.

Дай развёрнутый, законченный ответ объёмом примерно 400 слов (не обрывай на полуслове). Структурируй ответ в Markdown: короткие абзацы, при необходимости подзаголовки (##), маркированные списки и **жирным** выделяй ключевое.
--- msg[0] user (35 chars) ---
когда началась Вторая мировая война
--- msg[1] assistant (104 chars) ---
Вторая мировая война началась 1 сентября 1939 года, когда нацистская Германия начала вторжение в Польшу.
--- msg[2] user (34 chars) ---
чем знаменит Большое красное пятно
--- msg[3] assistant (151 chars) ---
Большое красное пятно (Юпитер) — это атмосферный вихрь, размером до 160 тыс. км² с температурой на высоте 4295 К и интенсивным гравитационными волнами.
--- msg[4] user (22 chars) ---
что производит АвтоВАЗ
--- msg[5] assistant (144 chars) ---
АвтоВАЗ производит легковые автомобили под брендом Lada, а также коммерческие автомобили. До 2022 года выпускал марки Nissan и Renault (Datsun).
--- msg[6] user (5611 chars) ---
Тебе даны выдержки из Википедии. Отвечай на их основе. Ответь коротко и по существу: 1–3 предложения, только то, о чём спрашивают. Не пересказывай выдержки, не добавляй посторонние факты и не нумеруй пункты, если вопрос не про перечень. Если вопрос требует сравнения двух и более вещей — до 5 предложений. Если в выдержках совсем нет нужной информации — скажи «не знаю по приведённым выдержкам». Отвечай на русском языке.

=== ВЫДЕРЖКИ ИЗ ВИКИ ===
=== Тольятти ===
Карточка:
Глава/мэр: Илья Геннадьевич Сухих
Население: 662 683 человека (2025)
Площадь: 314,78 км²
Основан: 1737 год
Страна: Россия
Часовой пояс: UTC+4:00
Субъект Федерации: Самарская область
Городской округ: Тольятти
Внутреннее деление: 3 района
Прежние названия: до 1964 — Ставрополь
Город с: 1780 года
Высота центра: 90 м
Тольятти Эта статья — о городе в Самарской области, именовавшемся Ставрополем до 1964 года. О городе, краевом центре на Северном Кавказе см. Ставрополь; о других значениях термина «Ставрополь» см. Ставрополь (значения). … Расположен на левом берегу реки Волги напротив Жигулей. … Город протянулся вдоль реки Волги примерно на 30 км и состоит из трёх районов: Автозаводского, Центрального и Комсомольского. … Физико-географическая характеристика Географическое положение Тольятти расположен в среднем течении реки Волги на её левом берегу в 70 км вверх по течению от Самары. Город располагается в пределах степного плато, на левом берегу Куйбышевского водохранилища к северу от Самарской Луки на территории с координатами 53°28’ (полуостров Копылово) — 53°35’ (промзона Автозаводского района) северной широты (около 17,5 км) и 49°12’ (промзона Автозаводского района) — 49°54’ (микрорайон Поволжский) восточной долготы (около 39 км). … К северу и западу от города расположены сельскохозяйственные поля. … Также в городе расположены автозаводы «Лада Запад Тольятти» (до 2019 г.

=== Автомобильная промышленность ===
Автомобильная промышленность Автомоби́льная промы́шленность (автомобилестрое́ние) — отрасль промышленности, осуществляющая производство безрельсовых транспортных средств (например, автомобилей, мотоциклов и повозок), преимущественно с двигателями внутреннего сгорания (ДВС). … Во время Великой Отечественной войны автозавод ЗИС был эвакуирован в тыл, где на базе его оборудования были созданы новые автомобилестроительные предприятия УльЗИС и УралЗИС. … Волжского автомобильного завода (ВАЗ) в Тольятти и развёртыванием массового выпуска на его мощностях (660—730 тыс.) легковых автомобилей марок Жигули и Нива первых внедорожников, что стало достаточно передовым и для Европы. … Кардинальное обновление производственных программ российских автозаводов оказалось практически невозможным из-за слабой финансовой системы (дороговизна кредитов) и чрезмерного давления на производство расходов по социальной сфере, доставшейся автопрому со времен СССР, а также морального старения и физического износа оказавшихся избыточными производственных мощностей.

=== Илья Геннадьевич Сухих ===
(найдено по P6 (глава) из «Тольятти»)
Карточка:
Дата рождения: 16 марта 1984(1984-03-16)
Место рождения: Жигулёвск, Куйбышевская область, РСФСР, СССР
Партия: Единая Россия
Образование: Тольяттинская государственная академия сервиса
Супруг(а): Сухих Юлия Михайловна
Дети: двое
Губернатор: Вячеслав Федорищев
Предшественник: Николай Ренц
Рождение: 16 марта 1984(1984-03-16) (41 год) Жигулёвск, Куйбышевская область, РСФСР, СССР
Профессия: экономист
Сухих, Илья Геннадьевич Илья Геннадьевич Сухих (род. 16 марта 1984, Жигулёвск, Куйбышевская область, РСФСР СССР) — глава города Жигулёвск (2021—2024), врио главы города Тольятти с 23 ноября 2024. С 18 марта 2025 года глава города Тольятти. Биография Родился 16 марта 1984 года в городе Жигулёвске Куйбышевской области. В 2005 году окончил Тольяттинскую государственную академию сервиса по специальности «Финансы и кредит», квалификация: «Экономист». 2005—2007 гг. — мастер интегрального производства, инженер по учету материалов аккумуляторного завода ЗАО «АКОМ» в Жигулёвске. 2007—2010 гг. — ведущий специалист отдела продаж, начальник отдела продаж и логистики ООО «Энерготехмаш» («Акрон Холдинг»). 2010–2013 гг. — директор ООО «Алюпроэкспорт» (Жигулёвск). 2014—2019 гг. — руководитель отдела закупок и логистики ТД «ЭТМ» (Тольятти), директор по развитию ПКФ «Алюминий ВПК» (Москва). 2019—2021 гг. — коммерческий директор ООО «Энерготехмаш» («Акрон Холдинг»). 2021—2024 гг. — глава города Жигулёвск.

=== Николай Ренц ===
(найдено по P1365 (предшественник) из «Сухих, Илья Геннадьевич»)
Карточка:
Дата рождения: 12 марта 1956(1956-03-12) (69 лет)
Место рождения: Темиртау, Карагандинская область, Казахская ССР, СССР
Партия: 1. КПСС 2. Единая Россия
Образование: Куйбышевский медицинский институт
Супруг(а): Галина Александровна Ренц
Дети: Николай, Александр
Губернатор: Дмитрий Азаров Вячеслав Федорищев
Предшественник: Сергей Анташев
Преемник: Илья Сухих
Рождение: 12 марта 1956(1956-03-12) (69 лет) Темиртау, Карагандинская область, Казахская ССР, СССР
Учёная степень: Кандидат медицинских наук
Профессия: врач-педиатр
Ренц, Николай Альфредович Ренц Николай Альфредович (род. 12 марта 1956, Темиртау, Карагандинская область) — заслуженный врач Российской Федерации, главный врач клинической больницы № 5 (Медгородок) (2007—2021), депутат Самарской губернской думы (1994—2021), глава городского округа Тольятти (2021—2024), член партии «Единая Россия». … В 1989—1990 годах главный врач Тольяттинской городской детской больницы № 1. В 1990 году депутат Тольяттинского городского Совета народных депутатов.

=== КОНЕЦ ВЫДЕРЖЕК ===

Вопрос: какой автозавод расположен в Тольятти
===== REPLY 2026-09-07 11:40:43.080 q=какой автозавод расположен в Тольятти 21tok 12410ms =====
Автозавод «Лада Запад Тольятти» расположен в городе.

===== PROMPT 2026-09-07 11:40:45.105 q=назови планеты Солнечной системы =====
--- system (390 chars) ---
Ты — полезный ассистент. Отвечай содержательно и на русском языке. Если не знаешь точно — напиши «не знаю» вместо догадок. Не повторяй одну и ту же мысль или слово.

Дай развёрнутый, законченный ответ объёмом примерно 400 слов (не обрывай на полуслове). Структурируй ответ в Markdown: короткие абзацы, при необходимости подзаголовки (##), маркированные списки и **жирным** выделяй ключевое.
--- msg[0] user (34 chars) ---
чем знаменит Большое красное пятно
--- msg[1] assistant (151 chars) ---
Большое красное пятно (Юпитер) — это атмосферный вихрь, размером до 160 тыс. км² с температурой на высоте 4295 К и интенсивным гравитационными волнами.
--- msg[2] user (22 chars) ---
что производит АвтоВАЗ
--- msg[3] assistant (144 chars) ---
АвтоВАЗ производит легковые автомобили под брендом Lada, а также коммерческие автомобили. До 2022 года выпускал марки Nissan и Renault (Datsun).
--- msg[4] user (37 chars) ---
какой автозавод расположен в Тольятти
--- msg[5] assistant (52 chars) ---
Автозавод «Лада Запад Тольятти» расположен в городе.
--- msg[6] user (3628 chars) ---
Тебе даны выдержки из Википедии. Отвечай на их основе. Ответь коротко и по существу: 1–3 предложения, только то, о чём спрашивают. Не пересказывай выдержки, не добавляй посторонние факты и не нумеруй пункты, если вопрос не про перечень. Если вопрос требует сравнения двух и более вещей — до 5 предложений. Если в выдержках совсем нет нужной информации — скажи «не знаю по приведённым выдержкам». Отвечай на русском языке.

=== ВЫДЕРЖКИ ИЗ ВИКИ ===
=== Планеты Солнечной системы ===
Планеты Солнечной системы

=== Солнечная система ===
Солнечная система Со́лнечная систе́ма — планетная система, включающая в себя центральную звезду Солнце и все естественные космические объекты на гелиоцентрических орбитах. Она сформировалась путём гравитационного сжатия газопылевого облака примерно 4,57 млрд лет назад. … Бо́льшая часть её приходится на Солнце; оставшаяся часть практически полностью содержится в восьми отдалённых друг от друга планетах, имеющих близкие к круговым орбиты, лежащие почти в одной плоскости — плоскости эклиптики. Из-за этого наблюдается противоречащее ожидаемому распределение момента импульса между Солнцем и планетами (так называемая «проблема моментов»): всего 2 % общего момента системы приходится на долю Солнца, масса которого в ~740 раз больше общей массы планет, а остальные 98 % — на ~0,001 общей массы Солнечной системы. Четыре ближайшие к Солнцу планеты, называемые планетами земной группы, — Меркурий, Венера, Земля и Марс — состоят в основном из силикатов и металлов. Четыре более удалённые от Солнца планеты, называемые планетами-гигантами, — Юпитер, Сатурн, Уран и Нептун — намного более массивны, чем планеты земной группы.

=== Солнечная ===
Солнечная Солнечная — многозначный термин: Топоним Беларусь Солнечная — деревня в Дрибинском районе Могилёвской области. Россия Солнечная — деревня в Альменевском районе Курганской области. Солнечная — деревня в Боровичском районе Новгородской области. Солнечная — деревня в Ярцевском районе Смоленской области. Станции Солнечная — железнодорожная станция Киевского направления МЖД и МЦД-4. Солнечная — станция метротрамвая в Кривом Роге. См. также Солнечная активность Солнечная аллея Солнечная батарея Солнечная вспышка Солнечная Долина Солнечная корона Солнечная печь Солнечная радиация Солнечная система Солнечная улица Солнечная электростанция Солнечная энергетика Примечания Проект «Страницы значений» Эта статья взята у (из) Википедия. Текст лицензируется по Creative Commons Attribution-Share Alike 4.0. К медиа файлам могут применятся дополнительные условия.

=== Планета ===
Планета Запрос «Планеты» перенаправляется сюда; см. также другие значения. … С рассветом космической эры близкие наблюдения позволили обнаружить и на других планетах Солнечной системы вулканическую деятельность, тектонические процессы, ураганы и даже присутствие воды. … Согласно определению Международного астрономического союза, в Солнечной системе 8 планет. … В Солнечной системе также есть по крайней мере 5 карликовых планет: Плутон (до 2006 года считавшийся девятой планетой), Макемаке, Хаумеа, Эрида и Церера. … Начиная с 1992 года, с открытием сотен планет вокруг других звёзд, названных экзопланетами, стало понятным, что планеты можно обнаружить в Галактике везде, и они имеют много общего с планетами Солнечной системы. … До сих пор не до конца ясно, напоминают ли открытые экзопланеты газовые гиганты и планеты земной группы Солнечной системы, или же они не совсем похожи, и некоторые из них относятся к доселе теоретическим типам, как, например, аммиачные гиганты или углеродные планеты.

=== КОНЕЦ ВЫДЕРЖЕК ===

Вопрос: назови планеты Солнечной системы
===== REPLY 2026-09-07 11:40:57.639 q=назови планеты Солнечной системы 61tok 13586ms =====
В Солнечной системе 8 планет: Меркурий, Венера, Земля, Марс (планеты земной группы), а также Юпитер, Сатурн, Уран и Нептун (гиганты).

===== PROMPT 2026-09-07 11:40:59.683 q=кто был предшественником нынешнего мэра Тольятти =====
--- system (390 chars) ---
Ты — полезный ассистент. Отвечай содержательно и на русском языке. Если не знаешь точно — напиши «не знаю» вместо догадок. Не повторяй одну и ту же мысль или слово.

Дай развёрнутый, законченный ответ объёмом примерно 400 слов (не обрывай на полуслове). Структурируй ответ в Markdown: короткие абзацы, при необходимости подзаголовки (##), маркированные списки и **жирным** выделяй ключевое.
--- msg[0] user (22 chars) ---
что производит АвтоВАЗ
--- msg[1] assistant (144 chars) ---
АвтоВАЗ производит легковые автомобили под брендом Lada, а также коммерческие автомобили. До 2022 года выпускал марки Nissan и Renault (Datsun).
--- msg[2] user (37 chars) ---
какой автозавод расположен в Тольятти
--- msg[3] assistant (52 chars) ---
Автозавод «Лада Запад Тольятти» расположен в городе.
--- msg[4] user (32 chars) ---
назови планеты Солнечной системы
--- msg[5] assistant (133 chars) ---
В Солнечной системе 8 планет: Меркурий, Венера, Земля, Марс (планеты земной группы), а также Юпитер, Сатурн, Уран и Нептун (гиганты).
--- msg[6] user (5241 chars) ---
Тебе даны выдержки из Википедии. Отвечай на их основе. Ответь коротко и по существу: 1–3 предложения, только то, о чём спрашивают. Не пересказывай выдержки, не добавляй посторонние факты и не нумеруй пункты, если вопрос не про перечень. Если вопрос требует сравнения двух и более вещей — до 5 предложений. Если в выдержках совсем нет нужной информации — скажи «не знаю по приведённым выдержкам». Отвечай на русском языке.

=== ВЫДЕРЖКИ ИЗ ВИКИ ===
=== Тольятти ===
Карточка:
Глава/мэр: Илья Геннадьевич Сухих
Население: 662 683 человека (2025)
Площадь: 314,78 км²
Основан: 1737 год
Страна: Россия
Часовой пояс: UTC+4:00
Субъект Федерации: Самарская область
Городской округ: Тольятти
Внутреннее деление: 3 района
Прежние названия: до 1964 — Ставрополь
Город с: 1780 года
Высота центра: 90 м
Тольятти Эта статья — о городе в Самарской области, именовавшемся Ставрополем до 1964 года. О городе, краевом центре на Северном Кавказе см. Ставрополь; о других значениях термина «Ставрополь» см. Ставрополь (значения). Толья́тти (до 1964 года Ста́врополь, от греч. Σταυρούπολη, дословно — «Город креста»; встречаются и другие названия: Ста́врополь-на-Во́лге или Ста́врополь-Во́лжский) — город в Самарской области России, административный центр Ставропольского района, будучи городом областного значения, образует муниципальное образование городской округ Тольятти с единственным населённым пунктом в его составе. … Районами города руководят назначаемые мэром его заместители. … По инициативе мэра города Сергея Жилкина были шаги по создания городского телевидения. … ВАЗ-ТВ (ООО «Лада Медиа)» на территории Автозаводского района Тольятти поглотила на территории района частные кабельные сети в 7-8 квартале «Кварц ТВ», в 5-4 квартале «Приоритет ТВ», в 2-квартале «Партнёр ТВ», последней которой стал в 15 и 16 кварталах «Молодёжный телевизионный канал» МТК брата бывшего мэра города Сергея Жилкина.

=== Илья Геннадьевич Сухих ===
(найдено по P6 (глава) из «Тольятти»)
Карточка:
Дата рождения: 16 марта 1984(1984-03-16)
Место рождения: Жигулёвск, Куйбышевская область, РСФСР, СССР
Партия: Единая Россия
Образование: Тольяттинская государственная академия сервиса
Супруг(а): Сухих Юлия Михайловна
Дети: двое
Губернатор: Вячеслав Федорищев
Предшественник: Николай Ренц
Рождение: 16 марта 1984(1984-03-16) (41 год) Жигулёвск, Куйбышевская область, РСФСР, СССР
Профессия: экономист
Сухих, Илья Геннадьевич Илья Геннадьевич Сухих (род. 16 марта 1984, Жигулёвск, Куйбышевская область, РСФСР СССР) — глава города Жигулёвск (2021—2024), врио главы города Тольятти с 23 ноября 2024. С 18 марта 2025 года глава города Тольятти. … В 2005 году окончил Тольяттинскую государственную академию сервиса по специальности «Финансы и кредит», квалификация: «Экономист». 2005—2007 гг. — мастер интегрального производства, инженер по учету материалов аккумуляторного завода ЗАО «АКОМ» в Жигулёвске. 2007—2010 гг. — ведущий специалист отдела продаж, начальник отдела продаж и логистики ООО «Энерготехмаш» («Акрон Холдинг»). 2010–2013 гг. — директор ООО «Алюпроэкспорт» (Жигулёвск). 2014—2019 гг. — руководитель отдела закупок и логистики ТД «ЭТМ» (Тольятти), директор по развитию ПКФ «Алюминий ВПК» (Москва). 2019—2021 гг. — коммерческий директор ООО «Энерготехмаш» («Акрон Холдинг»). 2021—2024 гг. — глава города Жигулёвск. … Примечания Биография Сухих Илья Геннадьевич 1 2 «Мэр есть!» Депутаты выбрали нового главу Тольятти (рус.). 63.ру (18 марта 2025).

=== Николай Ренц ===
(найдено по P1365 (предшественник) из «Сухих, Илья Геннадьевич»)
Карточка:
Дата рождения: 12 марта 1956(1956-03-12) (69 лет)
Место рождения: Темиртау, Карагандинская область, Казахская ССР, СССР
Партия: 1. КПСС 2. Единая Россия
Образование: Куйбышевский медицинский институт
Супруг(а): Галина Александровна Ренц
Дети: Николай, Александр
Губернатор: Дмитрий Азаров Вячеслав Федорищев
Предшественник: Сергей Анташев
Преемник: Илья Сухих
Рождение: 12 марта 1956(1956-03-12) (69 лет) Темиртау, Карагандинская область, Казахская ССР, СССР
Учёная степень: Кандидат медицинских наук
Профессия: врач-педиатр
Ренц, Николай Альфредович Ренц Николай Альфредович (род. 12 марта 1956, Темиртау, Карагандинская область) — заслуженный врач Российской Федерации, главный врач клинической больницы № 5 (Медгородок) (2007—2021), депутат Самарской губернской думы (1994—2021), глава городского округа Тольятти (2021—2024), член партии «Единая Россия». … В 2000—2007 годах первый заместитель мэра городского округа Тольятти Н. … В 2004 году были задержаны двое организаторов подготовки к покушению на убийство Николая Ренца, в связи с профессиональной его деятельностью на посту заместителя мэра Тольятти, заказчиком выступил Сергей Свитинский приемный сын Анатолия Степанова. … В 2021 году на Выборах в Государственную думу по результату электронного внутрипартийного голосования Единой России набрал рекордное количество электронных 248863 голосов и был утверждён вторым номером в региональном партийном списке после губернатора Дмитрия Азарова, кандидатом в депутаты Государственной Думы. 7 июня 2021 года назначил руководителя департамента городского хозяйства Вадима Ерина первым заместителем главы городского округа Тольятти.

=== КОНЕЦ ВЫДЕРЖЕК ===

Вопрос: кто был предшественником нынешнего мэра Тольятти
===== REPLY 2026-09-07 11:41:12.194 q=кто был предшественником нынешнего мэра Тольятти 33tok 13730ms =====
Предшественник нынешнего мэра Тольятти Ильи Сухих — Николай Ренц.

===== PROMPT 2026-09-07 11:41:15.605 q=сравни население Москвы и Санкт-Петербурга =====
--- system (390 chars) ---
Ты — полезный ассистент. Отвечай содержательно и на русском языке. Если не знаешь точно — напиши «не знаю» вместо догадок. Не повторяй одну и ту же мысль или слово.

Дай развёрнутый, законченный ответ объёмом примерно 400 слов (не обрывай на полуслове). Структурируй ответ в Markdown: короткие абзацы, при необходимости подзаголовки (##), маркированные списки и **жирным** выделяй ключевое.
--- msg[0] user (37 chars) ---
какой автозавод расположен в Тольятти
--- msg[1] assistant (52 chars) ---
Автозавод «Лада Запад Тольятти» расположен в городе.
--- msg[2] user (32 chars) ---
назови планеты Солнечной системы
--- msg[3] assistant (133 chars) ---
В Солнечной системе 8 планет: Меркурий, Венера, Земля, Марс (планеты земной группы), а также Юпитер, Сатурн, Уран и Нептун (гиганты).
--- msg[4] user (48 chars) ---
кто был предшественником нынешнего мэра Тольятти
--- msg[5] assistant (65 chars) ---
Предшественник нынешнего мэра Тольятти Ильи Сухих — Николай Ренц.
--- msg[6] user (4864 chars) ---
Тебе даны выдержки из Википедии. Отвечай на их основе. Ответь коротко и по существу: 1–3 предложения, только то, о чём спрашивают. Не пересказывай выдержки, не добавляй посторонние факты и не нумеруй пункты, если вопрос не про перечень. Если вопрос требует сравнения двух и более вещей — до 5 предложений. Если в выдержках совсем нет нужной информации — скажи «не знаю по приведённым выдержкам». Отвечай на русском языке.

=== ВЫДЕРЖКИ ИЗ ВИКИ ===
=== Москва ===
Карточка:
Глава/мэр: Сергей Собянин
Население: 13 274 285 человек (2025)
Площадь: 2561,5 км²
Основан: неизвестно; городское поселение на территории Кремля с XI века
Страна: Россия
Часовой пояс: UTC+3:00
Статус: столица, город федерального значения
Субъект Федерации: Москва
Внутреннее деление: 12 административных округов, в которые входят 132 района; 132 муниципальных образования (131 муниципальный округ и 1 городской округ)
Первое упоминание: 1147 год
Прежние названия: Кучково
Столица России с: 1478 года[a]
Москва Москва́ (МФА: [mɐˈs̪kvä] произношениео файле) — столица России, город федерального значения, административный центр Центрального федерального округа и центр Московской области, в состав которой не входит. … Середина XVII века Стрелецкий бунт. 1698 год Российская империя После потери столичного статуса В 1712 году статус столицы России был передан Санкт-Петербургу. В 1728 при Петре II в Москву был перенесён императорский двор, который находился здесь до 1732 года, когда Анна Иоанновна вернула его обратно в Санкт-Петербург. … В 1851 году было открыто железнодорожное сообщение Москвы с Санкт-Петербургом. … Федеральные органы власти Основные статьи: Дом Правительства Российской Федерации и Государственная дума В Москве как в городе, наделённом Конституцией РФ столичными функциями, находятся законодательные, исполнительные и судебные федеральные органы власти страны, за исключением Конституционного суда РФ, который с 2008 года располагается в Санкт-Петербурге. … Плотность населения Москвы в старых границах сравнима с Тегераном, Киншасой, Манилой и меньше плотности населения Мумбаи, Боготы, Лимы.

=== Санкт-Петербург ===
Карточка:
Глава/мэр: Александр Беглов
Население: 5 652 922 человека (2025)
Площадь: 1439 км²
Основан: 16 мая 1703
Страна: Россия
Часовой пояс: UTC+3:00
Статус: Город федерального значения
Субъект Федерации: Санкт-Петербург
Внутреннее деление: 18 районов, 111 муниципальных образований (81 округ, 21 посёлок и 9 городов[a]).
Прежние названия: до 1914 — Санкт-Петербург до 1924 — Петроград до 1991 — Ленинград [b]
Высота центра: 1—5 м
Тип климата: умеренный морской
Санкт-Петербург Запросы «Ленинград», «Петроград» и «Петербург» перенаправляются сюда; см. также другие значения терминов Ленинград, Петроград и Петербург. Санкт-Петербу́рг (сокр. … Питер) — второй по численности населения город России. … Население: 5 652 922 (2025) человека. Санкт-Петербург — самый северный в мире город с населением более миллиона человек. … Среди городов, полностью расположенных в Европе, он является третьим по населению (уступая лишь Москве и Лондону), а также первым по численности жителей городом, не являющимся столицей. Инновационный сценарий «Стратегия развития Санкт‑Петербурга до 2030 года» предполагает, что к 2030 году население составит 5,9 миллиона человек. … Площадь города 1439 км2, после расширения территории Москвы 1 июля 2012 года Санкт-Петербург является вторым по площади и населению городом страны. … Санкт-Петербург находится в часовой зоне МСК (московское время). … К концу XVIII века население города составило 220 тысяч человек и обогнало по численности Москву, в нём действовало более 60 православных и 15 иноверческих церквей.

=== Генплан Петербурга ===
Генеральный план Санкт-Петербурга Генеральный план Санкт-Петербурга — документ, определяющий будущее развитие города Санкт-Петербурга. … По мнению историков, стихийная застройка Санкт-Петербурга продолжалась до 19 мая 1712 года, когда Пётр I своим указом перенёс столицу из Москвы в Санкт-Петербург. … Это был первый путь в новую столицу, и уже после её постройки с 1712 года по указанию Петра I началось строительство столичного тракта между Москвой и Санкт-Петербургом, который взял на себя часть пассажирских и грузовых перевозок того времени. … Он дал ему звание генерал-архитектора с жалованьем в пять тысяч рублей (для сравнения — жалование Трезини за всю его карьеру в России никогда не превышало одной тысячи рублей в год). 9 августа 1716 года губернатор Александр Меншиков собрал в Канцелярии городовых дел Доменико Трезини, Бартоломео Карло Растрелли, Георга Матарнови, Иоганна Браунштейна, Жана-Батиста Леблона и других, дабы объявить волю Петра — чтобы «онаго Леблона были послушны». … Новым этапом в 1762—1796 годах стала деятельность Комиссии о каменных строениях Санкт-Петербурга и Москвы.

=== КОНЕЦ ВЫДЕРЖЕК ===

Вопрос: сравни население Москвы и Санкт-Петербурга
===== REPLY 2026-09-07 11:41:28.954 q=сравни население Москвы и Санкт-Петербурга 51tok 16091ms =====
Население Москвы — 13,27 млн человек (на 2025 год), Санкт-Петербурга — 5,65 млн. Москва вдвое больше по населению и является столицей России.

===== PROMPT 2026-09-07 11:41:30.478 q=почему Байкал самое глубокое озеро =====
--- system (390 chars) ---
Ты — полезный ассистент. Отвечай содержательно и на русском языке. Если не знаешь точно — напиши «не знаю» вместо догадок. Не повторяй одну и ту же мысль или слово.

Дай развёрнутый, законченный ответ объёмом примерно 400 слов (не обрывай на полуслове). Структурируй ответ в Markdown: короткие абзацы, при необходимости подзаголовки (##), маркированные списки и **жирным** выделяй ключевое.
--- msg[0] user (32 chars) ---
назови планеты Солнечной системы
--- msg[1] assistant (133 chars) ---
В Солнечной системе 8 планет: Меркурий, Венера, Земля, Марс (планеты земной группы), а также Юпитер, Сатурн, Уран и Нептун (гиганты).
--- msg[2] user (48 chars) ---
кто был предшественником нынешнего мэра Тольятти
--- msg[3] assistant (65 chars) ---
Предшественник нынешнего мэра Тольятти Ильи Сухих — Николай Ренц.
--- msg[4] user (42 chars) ---
сравни население Москвы и Санкт-Петербурга
--- msg[5] assistant (141 chars) ---
Население Москвы — 13,27 млн человек (на 2025 год), Санкт-Петербурга — 5,65 млн. Москва вдвое больше по населению и является столицей России.
--- msg[6] user (5235 chars) ---
Тебе даны выдержки из Википедии. Отвечай на их основе. Ответь коротко и по существу: 1–3 предложения, только то, о чём спрашивают. Не пересказывай выдержки, не добавляй посторонние факты и не нумеруй пункты, если вопрос не про перечень. Если вопрос требует сравнения двух и более вещей — до 5 предложений. Если в выдержках совсем нет нужной информации — скажи «не знаю по приведённым выдержкам». Отвечай на русском языке.

=== ВЫДЕРЖКИ ИЗ ВИКИ ===
=== Байкал ===
Карточка:
Страна: Россия
Абсолютная высота: 456—457 м
Размеры: 636 × 79,5 км
Площадь: 31 722 км²
Объём: 23 615,39 км³
Береговая линия: 2000 км
Наибольшая глубина: 1642 м
Средняя глубина: 744,4 м
Тип минерализации: Пресное
Солёность: 0,120 ‰
Прозрачность: 40 м
Площадь бассейна: 571 000 км²
Байкал Байка́л (бур. Байгал далай) — озеро тектонического происхождения в южной части Восточной Сибири площадью 31 722 км². Самое глубокое озеро на планете, крупнейший природный резервуар пресной воды и самое большое по площади пресноводное озеро Евразии. … Дно Байкала в самой глубокой его части на 1187 метров ниже уровня Мирового океана. … Глубины См. также: Список глубочайших озёр мира и Список глубочайших озёр России Байкал — самое глубокое озеро на Земле. … Если учесть, что водная гладь озера находится на высоте 456 м над уровнем моря, то нижняя точка котловины лежит на 1186 м ниже уровня мирового океана, что делает чашу Байкала также одной из самых глубоких материковых впадин. … Самый крупный из них — Ольхон (71 км в длину и 12 км в ширину, расположен почти в центре озера у его западного побережья, площадь — 729 км², по другим данным — 700 км²). … В частности, деятельность грязевых вулканов на дне озера позволяет учёным предполагать, что современной береговой линии Байкала всего лишь 8 тысяч лет, а глубоководной части — 150 тысяч лет.

=== Глубокое озеро ===
Глубокое озеро Глубо́кое о́зеро: Беларусь Глубокое озеро — озеро в Полоцком районе Витебской области. Россия Карелия Глубокое озеро — озеро в Кемском районе Республики Карелии. Глубокое — озеро в Лоухском районе Республики Карелии. Красноярский край Глубокое озеро — крупное озеро на севере Красноярского края, в 55 км к востоку от Норильска, бассейн Пясины. Другое название озера — Омук-Кюёль. Глубокое озеро — озеро на севере Красноярского края, на Лишнем острове в архипелаге Северная Земля. Координаты: 79°11′27″ с. ш. 103°21′00″ в. д.. Ленинградская область Глубокое озеро — одно из самых больших озёр на Карельском перешейке, в Выборгском районе Ленинградской области, бассейн реки Вуоксы. Глубокое озеро — озеро в Кингисеппском районе Ленинградской области, бассейн реки Хаболовки. Московская область Глубокое озеро — озеро в Рузском районе Московской области, бассейн Истры. Глубокое озеро — озеро в Шатурском районе на востоке Московской области. … См. также Глубокое (значения) Deep Lake (англ.) Байкал — самое глубокое озеро на Земле.

=== Самоа ===
Карточка:
Столица: Апиа
Валюта: самоанская тала
Часовой пояс: UTC+13
Дата независимости: 1 января 1962 года (от Новой Зеландии)
Официальные языки: самоанский и английский
Форма правления: парламентская республика
О ле Ао О ле Мало: Туималеалиифано Ваалетоа Суалауви
Премьер-министр: Лааули Леуатеа Шмидт
• Всего: 2832 км² (166-я в мире)
• % водной поверхности: 0,3
• Оценка: 205 557 чел. (176-е)
• Плотность: 70 чел./км²
Самоа Не следует путать с Американским Самоа — владением США в восточной части архипелага Самоа. Само́а (самоан. Sāmoa, англ. Samoa [səˈmoʊə]), официальное название — Незави́симое госуда́рство Само́а (самоан. Malo Sa’oloto Tuto’atasi o Samoa, англ. … Вершины на двух крупных островах прорезаны глубокими ущельями, в которых расположены широкие долины. … Самоа в XX веке 29 августа 1914 года новозеландский отряд численностью 1374 человека с целью захвата германской радиостанции высадился на Уполу. Не получив отпора от немцев, новозеландцы быстро овладели островами. … Приблизительно пятая часть населения Самоа умерла в результате эпидемии гриппа 1918—1919 годов — отчасти из-за того, что новозеландские власти не смогли обеспечить карантин. В начале 1920-х жители Западного Самоа основали патриотическую организацию «Мау» («Мнение») с лозунгом «Самоа для самоанцев», представлявшую собой ненасильственное народное движение против плохого обращения новозеландской администрации с народом Самоа.

=== Само ===
Карточка:
Дата рождения: не ранее 558 и не позднее 623
Дата смерти: 658
Место рождения: Санс, Франция
Рождение: не ранее 558 и не позднее 623 Санс, Франция или county of Sundgau
Деятельность: правительство
Само Са́мо (ум. в 658) — первый известный по имени славянский князь, основатель государства Само. Биография Согласно хронике Фредегара, Само был франкским торговцем из Сенонской области. Он возглавил восстание славян (венедов) против Аварского каганата, был избран королём (военным вождем) и, в итоге, выиграл войну. В хронике Фредегара это событие относится к 623 году. Гипотезу о франкском происхождении Само поддерживают не все источники. Так поздняя традиция, записанная в созданном около 870 года в Баварии тексте «Обращение баваров и хорутан» (лат. «Conversio Bagoariorum et Carantanorum»), называет Само славянином: «Во времена 

=== КОНЕЦ ВЫДЕРЖЕК ===

Вопрос: почему Байкал самое глубокое озеро
===== REPLY 2026-09-07 11:41:58.698 q=почему Байкал самое глубокое озеро 128tok 29387ms =====
Байкал считается самым глубоким озером на Земле, так как его наибольшая глобальная глиняная (глубина в водной глади) составляет 1642 метра. Дно Байкала находится на высоте 1308 м ниже уровня Мирового океана, что делает чашу бассейна одной из самых глубоких материковых впадин по дну и объёму воды — рекордное значение среди пресноводных экземпляров.

===== PROMPT 2026-09-07 11:42:00.276 q=как связаны Менделеев и периодическая таблица =====
--- system (390 chars) ---
Ты — полезный ассистент. Отвечай содержательно и на русском языке. Если не знаешь точно — напиши «не знаю» вместо догадок. Не повторяй одну и ту же мысль или слово.

Дай развёрнутый, законченный ответ объёмом примерно 400 слов (не обрывай на полуслове). Структурируй ответ в Markdown: короткие абзацы, при необходимости подзаголовки (##), маркированные списки и **жирным** выделяй ключевое.
--- msg[0] user (48 chars) ---
кто был предшественником нынешнего мэра Тольятти
--- msg[1] assistant (65 chars) ---
Предшественник нынешнего мэра Тольятти Ильи Сухих — Николай Ренц.
--- msg[2] user (42 chars) ---
сравни население Москвы и Санкт-Петербурга
--- msg[3] assistant (141 chars) ---
Население Москвы — 13,27 млн человек (на 2025 год), Санкт-Петербурга — 5,65 млн. Москва вдвое больше по населению и является столицей России.
--- msg[4] user (34 chars) ---
почему Байкал самое глубокое озеро
--- msg[5] assistant (349 chars) ---
Байкал считается самым глубоким озером на Земле, так как его наибольшая глобальная глиняная (глубина в водной глади) составляет 1642 метра. Дно Байкала находится на высоте 1308 м ниже уровня Мирового океана, что делает чашу бассейна одной из самых глубоких материковых впадин по дну и объёму воды — рекордное значение среди пресноводных экземпляров.
--- msg[6] user (5531 chars) ---
Тебе даны выдержки из Википедии. Отвечай на их основе. Ответь коротко и по существу: 1–3 предложения, только то, о чём спрашивают. Не пересказывай выдержки, не добавляй посторонние факты и не нумеруй пункты, если вопрос не про перечень. Если вопрос требует сравнения двух и более вещей — до 5 предложений. Если в выдержках совсем нет нужной информации — скажи «не знаю по приведённым выдержкам». Отвечай на русском языке.

=== ВЫДЕРЖКИ ИЗ ВИКИ ===
=== Менделеев, Дмитрий Иванович ===
Карточка:
Дата рождения: 27 января (8 февраля) 1834 […]
Дата смерти: 20 января (2 февраля) 1907 […] (72 года)
Место рождения: Тобольск, Российская империя
Место смерти: Санкт-Петербург, Санкт-Петербургская губерния, Российская империя […]
Образование: Главный педагогический институт (1855)
Род занятий: химик
Награды: Демидовская премия (1862) Медаль Дэви (1882) Фарадеевская лекция (1889) Медаль Копли (1905)
Научный руководитель: А. А. Воскресенский
Страна: Российская империя
Род деятельности: химик, физик, преподаватель университета, экономист
Научная сфера: химия, физика, экономика, геология, метрология
Место работы: Санкт-Петербургский университет
Менделеев, Дмитрий Иванович Запрос «Менделеев» перенаправляется сюда; см. также другие значения. … Как станет видно из дальнейшего, он тесным образом связан с основополагающими компонентами мировоззрения учёного, охватывающими сферы от изоморфизма и «основ химии» до базиса периодического закона, от постижения природы растворов до взглядов, касающихся вопросов строения веществ. … На похоронах Менделеева студенты-технологи, провожая его в последний путь, несли в руках большую доску, на которой была изображена периодическая таблица химических элементов (журнал «Вестник знания», 1907). «Это было лучшим венком и лучшим украшением на похоронах учёного, трудившегося всю жизнь для своей страны» В День российской науки 8 февраля 2019 года в Уральском федеральном университете представили Периодическую таблицу химических элементов с полной информацией о каждом элементе в QR-кодах. … На стене соседнего здания — мозаичное панно с изображением периодической таблицы элементов (художник В.

=== Периодическая система химических элементов ===
Периодическая система химических элементов Запрос «Периодическая система» перенаправляется сюда; см. также другие значения. Периоди́ческая систе́ма хими́ческих элеме́нтов (также известна как табли́ца Менделе́ева) — классификация химических элементов, устанавливающая зависимость различных свойств элементов от заряда их атомного ядра. Периодическая таблица была представлена независимо и почти одинаково двумя химиками в 1869 году: сначала русским Дмитрием Менделеевым (1834 - 1907), а через несколько месяцев немцем Лотаром Мейером и приведена к традиционному графическому виду в 1871 году. … В 1866 году свой вариант периодической системы предложил химик и музыкант Джон Александр Ньюлендс, модель которого («закон октав») внешне немного напоминала менделеевскую, но была скомпрометирована настойчивыми попытками автора найти в таблице мистическую музыкальную гармонию. … Согласно окончательной хронологии первых публикаций Таблицы Менделеева, впервые Таблица была опубликована 14-15 марта (26-27 марта) 1869 года в 1-м издании учебника Менделеева «Основы Химии» (ч. 1, вып. 2).

=== Таблица ===
Таблица Таблица (из лат. tabula — доска) — способ структурирования данных. Представляет собой распределение данных по однотипным строкам и столбцам (графам). Таблицы широко используются в различных исследованиях и анализе данных. Таблицы также встречаются в СМИ, в рукописных материалах, в компьютерных программах и в дорожных знаках, а также в составлении спортивных таблиц. … Таблица возраста (только имена) + 1 2 3 Олег Воронков Олег Котов Олег Сахаров Олег Александр Власов Александр Тимченко Александр Лядов Александр Вадим Степанов Вадим Кравченко Вадим Гуляев Вадим Применение Публикация перекрёстные ссылки Математика арифметика (таблица умножения) логика (таблица истинности) Естественные науки химия (периодическая таблица) океанография (таблица приливов) Информационные технологии Таблицы используются как и в программах, так и в их разработке.

=== Таблиц, Богуслав ===
Карточка:
Дата рождения: 6 сентября 1769(1769-09-06) […]
Дата смерти: 21 января 1832(1832-01-21) (62 года)
Место рождения: Ческе Брезово, Полтар, Банска-Бистрицкий край, Словакия
Место смерти: Костолне Моравце, Крупина, Хонт, Королевство Венгрия, Австрийская империя
Образование: Йенский университет (1788)
Род занятий: поэт
Имя при рождении: словац. Bohuslav Tablic
Род деятельности: поэт, переводчик, писатель, историк, лютеранский пастор
Язык произведений: Чешский, словацкий
Таблиц, Богуслав Богуслав Та́блиц (словац. Bohuslav Tablic (Tablicz); 6 сентября 1769, Ческе Брезово, Словакия — 21 января 1832, Костолне Моравце, Словакия) — чешско-словацкий писатель, священник, деятель возрождения словаков-лютеран, подобно тому как Бернолак является деятелем возрождения словаков-католиков. Таблиц учредил в Пресбурге «Общество чешско-словацкой литературы и языка» с целью издавать на понятном народу чешском языке простонародные и школьные книги. Учреждение этого общества было причиной если не процветания словацкой литературы, то появления в пресбургском лицее кафедры словацкого языка, для чего общество собрало большой капитал. Занять кафедру приглашен был Юрай Палкович. Общество скоро распалось, но кафедра продолжала существовать. Молодёжь имела возможность слушать историю своего н

=== КОНЕЦ ВЫДЕРЖЕК ===

Вопрос: как связаны Менделеев и периодическая таблица
===== REPLY 2026-09-07 11:42:17.994 q=как связаны Менделеев и периодическая таблица 70tok 18969ms =====
Менделеев, основатель периодической таблицы химических элементов, предложил свою систему в 1869 году. Его работа легла в основу классификации веществ по свойствам и атомной структуре, что стало фундаментом современной химии.
